{"type":"FeatureCollection","name":"hidrografia","features":[
{"type":"Feature","properties":{"name":"Cór. Sem Denominação"},"geometry":{"type":"LineString","coordinates":[[-52.086299,-23.517613],[-52.086147,-23.517754],[-52.085991,-23.517962],[-52.085938,-23.518069],[-52.085832,-23.518258],[-52.085619,-23.518636],[-52.085539,-23.518811],[-52.08546,-23.518938],[-52.085413,-23.519037],[-52.085395,-23.519086],[-52.08538,-23.519127],[-52.085362,-23.519195],[-52.085357,-23.519275],[-52.085399,-23.519541],[-52.085404,-23.519663],[-52.085387,-23.519764],[-52.085353,-23.519835],[-52.085295,-23.519916],[-52.085223,-23.519993],[-52.085134,-23.520089],[-52.085095,-23.520131],[-52.084894,-23.520432],[-52.08486,-23.520474],[-52.084774,-23.520541],[-52.084681,-23.520593],[-52.084609,-23.520646],[-52.084509,-23.52069],[-52.084398,-23.520724],[-52.084297,-23.520737],[-52.084243,-23.520754],[-52.084201,-23.520769],[-52.084169,-23.520795],[-52.084115,-23.520846],[-52.084073,-23.520866],[-52.084019,-23.52088],[-52.083974,-23.520905],[-52.083919,-23.520966],[-52.08387,-23.521016],[-52.083822,-23.521045],[-52.083727,-23.521101],[-52.083667,-23.521149],[-52.083617,-23.521166],[-52.083558,-23.521198],[-52.083485,-23.521237],[-52.083447,-23.521252],[-52.083427,-23.521282],[-52.083362,-23.52134],[-52.083278,-23.521394],[-52.083224,-23.521431],[-52.083148,-23.521462],[-52.083122,-23.521485],[-52.083083,-23.521526],[-52.083022,-23.521531],[-52.082978,-23.521542],[-52.082895,-23.521575],[-52.082794,-23.521627],[-52.082753,-23.52167],[-52.082699,-23.521684],[-52.082641,-23.521684],[-52.082575,-23.521696],[-52.082504,-23.521736],[-52.082432,-23.521775],[-52.082382,-23.521813],[-52.082329,-23.521829],[-52.082263,-23.521838],[-52.082228,-23.521843],[-52.082204,-23.521854],[-52.082188,-23.521871],[-52.082161,-23.521888],[-52.082114,-23.521901],[-52.082073,-23.52191],[-52.082052,-23.521938],[-52.082022,-23.521953],[-52.081936,-23.521986],[-52.081871,-23.522],[-52.081791,-23.522046],[-52.081708,-23.522069],[-52.081654,-23.522098],[-52.081568,-23.522114],[-52.081514,-23.522128],[-52.081456,-23.522143],[-52.081368,-23.522149],[-52.081316,-23.522139],[-52.081254,-23.522138],[-52.081176,-23.52215],[-52.081108,-23.522149],[-52.081078,-23.52214],[-52.081041,-23.52213],[-52.080989,-23.522138],[-52.080961,-23.522154],[-52.080915,-23.522169],[-52.080856,-23.52215],[-52.080799,-23.52215],[-52.080764,-23.522156],[-52.080735,-23.522163],[-52.080653,-23.522176],[-52.080586,-23.522194],[-52.08054,-23.522221],[-52.080416,-23.522279],[-52.080231,-23.522376],[-52.080153,-23.522417],[-52.079932,-23.522511],[-52.079804,-23.52253],[-52.079704,-23.522547],[-52.079526,-23.522565],[-52.079437,-23.522565],[-52.079132,-23.522572],[-52.078851,-23.522595],[-52.078702,-23.52262],[-52.078596,-23.522648],[-52.07805,-23.522877],[-52.07796,-23.522901],[-52.077864,-23.522926],[-52.077813,-23.522927],[-52.077783,-23.522924],[-52.077732,-23.522918],[-52.077677,-23.522908],[-52.077636,-23.522902],[-52.07759,-23.522909],[-52.077523,-23.522915],[-52.077455,-23.522913],[-52.077405,-23.522907],[-52.077311,-23.5229],[-52.077205,-23.522902],[-52.077126,-23.522906],[-52.077048,-23.522899],[-52.07688,-23.522904],[-52.076732,-23.522922]]}},
{"type":"Feature","properties":{"name":"Cór. Mandacaru"},"geometry":{"type":"MultiLineString","coordinates":[[[-51.949593,-23.412113],[-51.949507,-23.410705],[-51.949506,-23.410518],[-51.949464,-23.41018],[-51.9494,-23.40981],[-51.94932,-23.409485],[-51.949165,-23.409018],[-51.949085,-23.408844],[-51.948907,-23.40839],[-51.948849,-23.408188],[-51.948778,-23.407913],[-51.948755,-23.407791],[-51.948736,-23.407682],[-51.948709,-23.407531],[-51.948699,-23.407478],[-51.948693,-23.407451],[-51.948673,-23.407427],[-51.948632,-23.407409],[-51.948581,-23.407371],[-51.948564,-23.407309],[-51.948562,-23.407271],[-51.948566,-23.407216],[-51.948564,-23.407112],[-51.948563,-23.40704],[-51.948545,-23.406967],[-51.948517,-23.406901],[-51.948496,-23.406827],[-51.948486,-23.406738],[-51.948493,-23.406593],[-51.948481,-23.406447],[-51.948499,-23.406311],[-51.948519,-23.406206],[-51.948515,-23.406115],[-51.948505,-23.405967],[-51.948489,-23.405858],[-51.94847,-23.405725],[-51.948467,-23.405673],[-51.948496,-23.405621],[-51.948525,-23.405571],[-51.948593,-23.405228],[-51.948616,-23.405103],[-51.94862,-23.405059],[-51.948599,-23.40488],[-51.948609,-23.404766],[-51.948625,-23.404666],[-51.948625,-23.404593],[-51.948625,-23.40453],[-51.948644,-23.404461],[-51.94869,-23.404403],[-51.948719,-23.40435],[-51.948729,-23.404317],[-51.948723,-23.404242],[-51.948712,-23.404152],[-51.948686,-23.404006],[-51.94863,-23.403806],[-51.948569,-23.403557],[-51.948543,-23.403492],[-51.948517,-23.403425],[-51.94848,-23.403363],[-51.948438,-23.403291],[-51.948417,-23.403236],[-51.948412,-23.403181],[-51.948416,-23.403117],[-51.948428,-23.403048],[-51.948454,-23.402933],[-51.948465,-23.402861],[-51.948456,-23.402788],[-51.948446,-23.402721],[-51.948421,-23.402679],[-51.948391,-23.402645],[-51.948363,-23.402621],[-51.948347,-23.402575],[-51.948337,-23.402542],[-51.948334,-23.402494],[-51.948339,-23.402469],[-51.94837,-23.402384],[-51.948407,-23.402298],[-51.94842,-23.402181],[-51.948421,-23.402055],[-51.948414,-23.401917],[-51.948409,-23.401722],[-51.948397,-23.401596],[-51.948378,-23.401511],[-51.948318,-23.40141],[-51.948284,-23.401319],[-51.948246,-23.401208],[-51.948216,-23.401105],[-51.948193,-23.401002],[-51.948188,-23.400676],[-51.94816,-23.400594],[-51.948096,-23.400492],[-51.948058,-23.400438],[-51.948003,-23.400375],[-51.947945,-23.400314],[-51.947825,-23.400226],[-51.94778,-23.400174],[-51.947753,-23.400104],[-51.94774,-23.399991],[-51.947645,-23.399587],[-51.947599,-23.399443],[-51.947557,-23.399263],[-51.947374,-23.398949],[-51.947336,-23.398815],[-51.947306,-23.39874],[-51.947266,-23.398678],[-51.946834,-23.39813],[-51.946738,-23.398002],[-51.946659,-23.397906],[-51.946605,-23.397831],[-51.946521,-23.397744],[-51.946474,-23.397707],[-51.946368,-23.397658],[-51.946315,-23.397632],[-51.946276,-23.397602],[-51.946133,-23.397403],[-51.946028,-23.397277],[-51.945937,-23.397186],[-51.945824,-23.397027],[-51.945629,-23.396789],[-51.945508,-23.396586],[-51.945374,-23.39639],[-51.945175,-23.396103],[-51.944975,-23.39584],[-51.944633,-23.395406],[-51.944011,-23.394776]],[[-51.944011,-23.394775],[-51.943969,-23.394672],[-51.943928,-23.394571],[-51.943883,-23.394497],[-51.943858,-23.394447],[-51.943845,-23.394369],[-51.943829,-23.394315],[-51.943752,-23.39419],[-51.9437,-23.394091],[-51.943681,-23.394036],[-51.943633,-23.393968],[-51.943648,-23.393912],[-51.94365,-23.393859],[-51.943533,-23.393518],[-51.943507,-23.393294],[-51.943466,-23.393147],[-51.943397,-23.393052],[-51.943359,-23.392978],[-51.943345,-23.392938],[-51.943354,-23.392817],[-51.943378,-23.392651],[-51.943414,-23.392463],[-51.94345,-23.392247],[-51.943463,-23.392181],[-51.943456,-23.392133],[-51.943409,-23.392068],[-51.943384,-23.391979],[-51.943391,-23.391934],[-51.943408,-23.391891],[-51.94345,-23.391868],[-51.943557,-23.391863],[-51.943647,-23.391864],[-51.943785,-23.391876],[-51.943902,-23.39187],[-51.943954,-23.391864],[-51.943987,-23.391839],[-51.944007,-23.39176],[-51.94404,-23.391643],[-51.944041,-23.391489],[-51.94401,-23.391348],[-51.944041,-23.3912],[-51.944162,-23.390752],[-51.944322,-23.390242],[-51.944518,-23.38977],[-51.944568,-23.38951],[-51.944562,-23.389316],[-51.944561,-23.38916],[-51.94458,-23.389057],[-51.944623,-23.388973],[-51.944665,-23.388927],[-51.944716,-23.388864],[-51.944736,-23.388808],[-51.944757,-23.388721],[-51.944764,-23.388605],[-51.944783,-23.388493],[-51.944812,-23.388404],[-51.944851,-23.388332],[-51.944911,-23.388269],[-51.944975,-23.388208],[-51.945011,-23.388149],[-51.945016,-23.388096],[-51.945026,-23.388007],[-51.94505,-23.387928],[-51.945116,-23.387762],[-51.945159,-23.38764],[-51.945227,-23.387499],[-51.945294,-23.387385],[-51.945356,-23.387288],[-51.945445,-23.387151],[-51.945561,-23.386972],[-51.945672,-23.386792],[-51.945704,-23.386739],[-51.945726,-23.386679],[-51.945737,-23.386604],[-51.945733,-23.386529],[-51.945729,-23.386471],[-51.945737,-23.386397],[-51.94576,-23.386329],[-51.945789,-23.386269],[-51.945835,-23.386208],[-51.945981,-23.386089],[-51.946019,-23.386066],[-51.946101,-23.386041],[-51.946158,-23.386028],[-51.946226,-23.38601],[-51.946287,-23.385997],[-51.94632,-23.385995],[-51.946364,-23.385993],[-51.946441,-23.385983],[-51.946534,-23.385947],[-51.946609,-23.385914],[-51.946686,-23.385864],[-51.946771,-23.385797],[-51.946831,-23.38572],[-51.946872,-23.385637],[-51.946915,-23.385501],[-51.946998,-23.385273],[-51.947015,-23.385184],[-51.947042,-23.385076],[-51.94704,-23.384978],[-51.947056,-23.384871],[-51.947103,-23.384794],[-51.947159,-23.38473],[-51.947199,-23.384653],[-51.947226,-23.384612],[-51.947348,-23.384196],[-51.947438,-23.383928],[-51.947444,-23.383853],[-51.947434,-23.383757],[-51.947434,-23.383632],[-51.947432,-23.383518],[-51.947439,-23.383421],[-51.947451,-23.383328],[-51.947504,-23.383068],[-51.947629,-23.382388],[-51.947715,-23.382168],[-51.947758,-23.382093],[-51.947822,-23.38193],[-51.947903,-23.381751],[-51.947931,-23.381664],[-51.947972,-23.381536],[-51.948022,-23.381438],[-51.948078,-23.381374],[-51.948149,-23.381299],[-51.94818,-23.381238],[-51.94823,-23.381137],[-51.948266,-23.381064],[-51.948286,-23.381025],[-51.948293,-23.380981],[-51.948274,-23.380891],[-51.948227,-23.38077],[-51.948214,-23.380733],[-51.948216,-23.38072],[-51.948229,-23.380711],[-51.948253,-23.380707],[-51.948353,-23.380709],[-51.948386,-23.380706],[-51.948422,-23.380695],[-51.948452,-23.38067],[-51.948475,-23.380644],[-51.948485,-23.380615],[-51.948489,-23.38057],[-51.948487,-23.380529],[-51.948435,-23.380298],[-51.948403,-23.380164],[-51.94838,-23.380109],[-51.94836,-23.380041],[-51.948359,-23.379991],[-51.948378,-23.379924],[-51.948396,-23.379868],[-51.948505,-23.379534],[-51.948607,-23.379223],[-51.948638,-23.379164],[-51.948651,-23.379153],[-51.948669,-23.379149],[-51.948708,-23.379159],[-51.94877,-23.379139],[-51.948812,-23.37911],[-51.94884,-23.379079],[-51.948871,-23.379048],[-51.948894,-23.378996],[-51.948885,-23.378964],[-51.948858,-23.378939],[-51.948808,-23.378901],[-51.948786,-23.378863],[-51.948804,-23.378816],[-51.948836,-23.378767],[-51.948949,-23.378543],[-51.949069,-23.378252],[-51.949095,-23.37812],[-51.949083,-23.377964],[-51.949062,-23.377875],[-51.949042,-23.377795],[-51.949007,-23.377697],[-51.948975,-23.377633],[-51.948962,-23.377541],[-51.948978,-23.377453],[-51.949014,-23.377334],[-51.94905,-23.377253],[-51.94911,-23.377107],[-51.949184,-23.377013],[-51.949207,-23.376978],[-51.949233,-23.376957],[-51.949278,-23.376939],[-51.94931,-23.376936],[-51.94933,-23.376927],[-51.949339,-23.376908],[-51.949335,-23.376874],[-51.949337,-23.376816],[-51.94936,-23.376773],[-51.949447,-23.376658],[-51.949452,-23.376631],[-51.949444,-23.376596],[-51.949434,-23.37656],[-51.949406,-23.376513],[-51.949369,-23.376465],[-51.949356,-23.376437],[-51.949348,-23.376402],[-51.94932,-23.376316],[-51.949322,-23.376214],[-51.949331,-23.376125],[-51.949366,-23.376042],[-51.94944,-23.375917],[-51.949484,-23.375859],[-51.949506,-23.37579],[-51.949505,-23.375742],[-51.949497,-23.375698],[-51.949494,-23.375644],[-51.949504,-23.375591],[-51.949678,-23.375163],[-51.9497,-23.375111],[-51.949715,-23.375075],[-51.949727,-23.374983],[-51.94973,-23.374799],[-51.949756,-23.374579],[-51.949787,-23.3744],[-51.949873,-23.374125],[-51.949924,-23.37391],[-51.949938,-23.373771],[-51.949922,-23.373628],[-51.949856,-23.373475],[-51.949778,-23.373283],[-51.949771,-23.373215],[-51.949783,-23.373103],[-51.949804,-23.373037],[-51.949826,-23.373004],[-51.949857,-23.372977],[-51.949874,-23.372944],[-51.949877,-23.372896],[-51.949869,-23.372871],[-51.949837,-23.372852],[-51.949808,-23.372813],[-51.949804,-23.372736],[-51.949853,-23.372645],[-51.949902,-23.372566],[-51.94996,-23.372479],[-51.950023,-23.372401],[-51.950087,-23.372296],[-51.950118,-23.372197],[-51.950112,-23.37207],[-51.95008,-23.371912],[-51.950069,-23.371839],[-51.950073,-23.371793],[-51.950087,-23.371751],[-51.950129,-23.371657],[-51.950205,-23.371572],[-51.950334,-23.371451],[-51.950373,-23.371419],[-51.950402,-23.371379],[-51.950422,-23.371301],[-51.95043,-23.371193],[-51.95043,-23.371149],[-51.950441,-23.371116],[-51.950473,-23.371092],[-51.950518,-23.371063],[-51.950545,-23.37104],[-51.950571,-23.371009],[-51.950586,-23.370973],[-51.950584,-23.370919],[-51.950521,-23.370795],[-51.950494,-23.370742],[-51.950475,-23.370686],[-51.950475,-23.370634],[-51.950485,-23.370591],[-51.950516,-23.370562],[-51.95063,-23.3705],[-51.950694,-23.370466],[-51.950713,-23.370448],[-51.950726,-23.370421],[-51.950738,-23.370372],[-51.950758,-23.370291],[-51.950771,-23.370255],[-51.950787,-23.370212],[-51.950795,-23.370143],[-51.950789,-23.370073],[-51.950783,-23.369996],[-51.950788,-23.369952],[-51.950793,-23.369933],[-51.950805,-23.369912],[-51.950843,-23.369885],[-51.950917,-23.369823],[-51.950955,-23.369779],[-51.95101,-23.3697],[-51.951041,-23.369615],[-51.951078,-23.369481],[-51.951129,-23.369316],[-51.951136,-23.369222],[-51.951179,-23.369154],[-51.951203,-23.369112],[-51.951256,-23.36907],[-51.951283,-23.369018],[-51.951284,-23.368985],[-51.951278,-23.368956],[-51.951246,-23.368899],[-51.95123,-23.368821],[-51.95122,-23.368675],[-51.951238,-23.368593],[-51.951267,-23.36853],[-51.951342,-23.368434],[-51.951378,-23.368406],[-51.951402,-23.368368],[-51.951417,-23.368278],[-51.951426,-23.368162],[-51.951382,-23.367981],[-51.951388,-23.367917],[-51.951406,-23.367859],[-51.95146,-23.367767],[-51.951506,-23.367694],[-51.951543,-23.367603],[-51.951556,-23.367563],[-51.951564,-23.367517],[-51.951552,-23.367377],[-51.951556,-23.367251],[-51.951627,-23.367067],[-51.95166,-23.366918],[-51.951676,-23.366844],[-51.951722,-23.366718],[-51.951777,-23.366624],[-51.951811,-23.366501],[-51.951834,-23.366452],[-51.951894,-23.366361],[-51.951953,-23.366248],[-51.951974,-23.366113],[-51.951972,-23.365851],[-51.951975,-23.365741],[-51.951988,-23.36563],[-51.952005,-23.365509],[-51.952014,-23.365396],[-51.952026,-23.365346],[-51.952063,-23.365313],[-51.952108,-23.365289],[-51.952158,-23.365269],[-51.952205,-23.365218],[-51.952252,-23.365126],[-51.952294,-23.365031],[-51.952298,-23.364961],[-51.95227,-23.364844],[-51.952256,-23.364763],[-51.952257,-23.364678],[-51.952269,-23.364588],[-51.952321,-23.36448],[-51.952397,-23.364356],[-51.95251,-23.364174],[-51.952611,-23.364009],[-51.952844,-23.363707],[-51.952942,-23.363559],[-51.953088,-23.363336],[-51.953119,-23.363293],[-51.953125,-23.363257],[-51.953121,-23.363172],[-51.9531,-23.363121],[-51.953055,-23.36305],[-51.953035,-23.363009],[-51.953027,-23.362954],[-51.953034,-23.362908],[-51.953061,-23.362854],[-51.953115,-23.362796],[-51.953136,-23.362776],[-51.953147,-23.362764],[-51.953148,-23.362746],[-51.95314,-23.36268],[-51.953142,-23.362654],[-51.953158,-23.362621],[-51.953203,-23.362572],[-51.953243,-23.362555],[-51.953288,-23.362525],[-51.9533,-23.362514],[-51.953305,-23.362496],[-51.953307,-23.362478],[-51.953302,-23.362457],[-51.953293,-23.362364],[-51.953293,-23.362241],[-51.953332,-23.362119],[-51.953401,-23.361903],[-51.95365,-23.361353],[-51.953787,-23.361132],[-51.953936,-23.36089],[-51.954084,-23.360482],[-51.954145,-23.360261],[-51.954163,-23.360207],[-51.954195,-23.360141],[-51.954246,-23.360053],[-51.954278,-23.360009],[-51.954304,-23.359971],[-51.954333,-23.359925],[-51.954346,-23.359884],[-51.954352,-23.359845],[-51.954351,-23.359807],[-51.954344,-23.359786],[-51.954347,-23.359757],[-51.954351,-23.359744],[-51.954369,-23.359733],[-51.954405,-23.359724],[-51.954471,-23.359707],[-51.954526,-23.359665],[-51.954549,-23.359566],[-51.954558,-23.359487],[-51.954578,-23.359417],[-51.954606,-23.359347],[-51.954642,-23.359268],[-51.954678,-23.359177],[-51.95473,-23.359074],[-51.954906,-23.358834],[-51.955022,-23.358703],[-51.955259,-23.358428],[-51.955383,-23.35831],[-51.955485,-23.358192],[-51.955548,-23.358091],[-51.95556,-23.358038],[-51.95555,-23.357978],[-51.95549,-23.357904],[-51.955436,-23.357858],[-51.955425,-23.357815],[-51.955441,-23.357768],[-51.95548,-23.357716],[-51.955704,-23.357503],[-51.95585,-23.357404],[-51.956003,-23.357318],[-51.956066,-23.357263],[-51.956149,-23.357132],[-51.956183,-23.357049],[-51.956193,-23.357002],[-51.956189,-23.356863],[-51.956194,-23.356729],[-51.956222,-23.356588],[-51.956257,-23.356458],[-51.956295,-23.356335],[-51.956331,-23.356203],[-51.956396,-23.356061],[-51.956454,-23.355949],[-51.956518,-23.355833],[-51.956866,-23.35534],[-51.957061,-23.35503],[-51.957146,-23.354857],[-51.957233,-23.354714],[-51.95729,-23.354637],[-51.957367,-23.354553],[-51.957575,-23.354355],[-51.957661,-23.354272],[-51.957725,-23.354233],[-51.957857,-23.354144],[-51.957949,-23.354095],[-51.958013,-23.354037],[-51.958061,-23.353977],[-51.958106,-23.353876],[-51.958122,-23.353837],[-51.958135,-23.353775],[-51.958149,-23.353653],[-51.958201,-23.353491],[-51.958271,-23.353275],[-51.958313,-23.353096],[-51.958379,-23.352913],[-51.958466,-23.352669]]]}},
{"type":"Feature","properties":{"name":"Cór. Sem Denominação"},"geometry":{"type":"LineString","coordinates":[[-52.023695,-23.515514],[-52.023774,-23.515469],[-52.023831,-23.515431],[-52.023867,-23.5154],[-52.023882,-23.515376],[-52.023887,-23.515347],[-52.023885,-23.515326],[-52.023879,-23.515307],[-52.023839,-23.515267],[-52.023821,-23.515221],[-52.02382,-23.5152],[-52.02383,-23.515175],[-52.023906,-23.515089],[-52.023981,-23.515023],[-52.023984,-23.514987],[-52.024037,-23.514874],[-52.024293,-23.514563],[-52.02445,-23.514443],[-52.024602,-23.514359],[-52.024721,-23.514304],[-52.024857,-23.514259],[-52.025109,-23.514146],[-52.025713,-23.513942],[-52.026297,-23.513661],[-52.026561,-23.513507],[-52.027226,-23.51291],[-52.02754,-23.512653],[-52.027763,-23.512513],[-52.028009,-23.512389],[-52.028315,-23.512287],[-52.028649,-23.51222],[-52.029048,-23.512088],[-52.029259,-23.511964],[-52.029441,-23.511858],[-52.030104,-23.511584]]}},
{"type":"Feature","properties":{"name":"Rib. Maringá"},"geometry":{"type":"MultiLineString","coordinates":[[[-51.967994,-23.401438],[-51.967802,-23.401032],[-51.967708,-23.400841],[-51.967636,-23.400572],[-51.967625,-23.400517],[-51.967619,-23.400473],[-51.96761,-23.400436],[-51.967591,-23.4004],[-51.967562,-23.400378],[-51.967519,-23.400352],[-51.967448,-23.400286],[-51.967354,-23.400203],[-51.967302,-23.400169],[-51.967257,-23.400117],[-51.967239,-23.40007],[-51.967236,-23.400016],[-51.967252,-23.399902],[-51.967248,-23.399848],[-51.96723,-23.399803],[-51.967169,-23.399724],[-51.967111,-23.39965],[-51.967032,-23.399565],[-51.966989,-23.399508],[-51.966956,-23.399465],[-51.966915,-23.399414],[-51.966881,-23.399367],[-51.966829,-23.399267],[-51.966788,-23.399159],[-51.966745,-23.399041],[-51.966638,-23.398857],[-51.966503,-23.398632],[-51.966444,-23.398527],[-51.96638,-23.398415],[-51.966297,-23.398267],[-51.966216,-23.398123],[-51.966086,-23.397948],[-51.966036,-23.397881],[-51.965978,-23.397702],[-51.965931,-23.397607],[-51.965894,-23.397492],[-51.965847,-23.397393],[-51.965786,-23.397245],[-51.965675,-23.397065],[-51.96556,-23.396883],[-51.965405,-23.39667],[-51.965266,-23.39647],[-51.965229,-23.396404],[-51.965223,-23.396355],[-51.965221,-23.396312],[-51.965211,-23.396247],[-51.965186,-23.396188],[-51.965126,-23.396114],[-51.965064,-23.396071],[-51.965009,-23.396022],[-51.964983,-23.395981],[-51.964974,-23.39595],[-51.964973,-23.39592],[-51.964966,-23.395891],[-51.964956,-23.395869],[-51.96485,-23.395565],[-51.964808,-23.395336],[-51.964761,-23.395079],[-51.964684,-23.39481],[-51.964585,-23.394462],[-51.964484,-23.394197],[-51.964418,-23.393976],[-51.964386,-23.393781],[-51.964346,-23.393612],[-51.964301,-23.393423],[-51.964304,-23.393233],[-51.96432,-23.393021],[-51.964332,-23.392927],[-51.964342,-23.392892],[-51.96437,-23.392848],[-51.964414,-23.392819],[-51.964459,-23.392781],[-51.964499,-23.392714],[-51.964542,-23.392599],[-51.964574,-23.392541],[-51.964615,-23.392476],[-51.964655,-23.392397],[-51.964688,-23.39229],[-51.964728,-23.392172],[-51.964761,-23.392082],[-51.964785,-23.391941],[-51.964835,-23.391763],[-51.964853,-23.39161],[-51.964859,-23.39153],[-51.964874,-23.391437],[-51.96488,-23.391416],[-51.96489,-23.391398],[-51.964911,-23.391373],[-51.96497,-23.391316],[-51.96499,-23.391289],[-51.965002,-23.391258],[-51.965011,-23.391197],[-51.96504,-23.391],[-51.96503,-23.39084],[-51.965039,-23.390777],[-51.965043,-23.3907],[-51.965071,-23.390612],[-51.965113,-23.39053],[-51.965184,-23.390445],[-51.965229,-23.390396],[-51.965265,-23.390368],[-51.965311,-23.39032],[-51.965417,-23.390188],[-51.965502,-23.390089],[-51.96558,-23.389993],[-51.965667,-23.389858],[-51.965709,-23.389763],[-51.965785,-23.389629],[-51.965865,-23.389479],[-51.965934,-23.38933],[-51.965973,-23.389209],[-51.96603,-23.388852],[-51.966087,-23.388695],[-51.966129,-23.388566],[-51.96619,-23.388439],[-51.966279,-23.388293],[-51.966325,-23.388191],[-51.966373,-23.388054],[-51.966396,-23.387928],[-51.966396,-23.387817],[-51.966402,-23.387724],[-51.966424,-23.387648],[-51.96648,-23.387508],[-51.966908,-23.386812],[-51.966962,-23.386581],[-51.967016,-23.38635],[-51.967051,-23.386199],[-51.967115,-23.386047],[-51.967179,-23.385892],[-51.967269,-23.385634],[-51.967346,-23.38544],[-51.967378,-23.385348],[-51.967432,-23.385204],[-51.967451,-23.385143],[-51.967452,-23.3851],[-51.967448,-23.385048],[-51.967433,-23.384991],[-51.967436,-23.384943],[-51.967444,-23.384911],[-51.967462,-23.384875],[-51.96749,-23.384834],[-51.967609,-23.384704],[-51.967645,-23.38465],[-51.967672,-23.384597],[-51.967699,-23.384551],[-51.967731,-23.384466],[-51.96776,-23.384404],[-51.967802,-23.384341],[-51.967821,-23.384305],[-51.967846,-23.38426],[-51.967859,-23.384233],[-51.967866,-23.384199],[-51.967869,-23.384091],[-51.967871,-23.384053],[-51.967877,-23.384024],[-51.967892,-23.383973],[-51.967919,-23.383905],[-51.967945,-23.383804],[-51.967962,-23.383743],[-51.967986,-23.383677],[-51.968012,-23.383625],[-51.968102,-23.38353],[-51.968166,-23.383453],[-51.968249,-23.383355],[-51.968302,-23.38329],[-51.968342,-23.383243],[-51.968415,-23.383137],[-51.968433,-23.383119],[-51.968503,-23.383051],[-51.968577,-23.382951],[-51.968643,-23.382861],[-51.968697,-23.38278],[-51.968752,-23.382713],[-51.968784,-23.382658],[-51.968816,-23.382628],[-51.968857,-23.382586],[-51.96888,-23.382558],[-51.968907,-23.382527],[-51.968925,-23.382485],[-51.96895,-23.38245],[-51.968971,-23.38243],[-51.969012,-23.382392],[-51.969066,-23.382349],[-51.969094,-23.38232],[-51.969117,-23.382289],[-51.969146,-23.382238],[-51.969167,-23.382198],[-51.969197,-23.382137],[-51.969213,-23.382094],[-51.969233,-23.382039],[-51.969282,-23.381954],[-51.96938,-23.38184],[-51.969406,-23.381815],[-51.969446,-23.381791],[-51.969519,-23.381743],[-51.969567,-23.381711],[-51.969619,-23.381689],[-51.969669,-23.381676],[-51.969788,-23.381645],[-51.96994,-23.381613],[-51.97009,-23.381626],[-51.970216,-23.381656],[-51.970329,-23.381651],[-51.970425,-23.381613],[-51.970509,-23.381573],[-51.970612,-23.38152],[-51.97072,-23.381453],[-51.970773,-23.381406],[-51.970831,-23.381345],[-51.970909,-23.381274],[-51.970999,-23.381204],[-51.971053,-23.381126],[-51.971145,-23.380922],[-51.971166,-23.38078],[-51.971171,-23.380564],[-51.971186,-23.380317],[-51.971172,-23.380113],[-51.971131,-23.379922],[-51.97108,-23.379735],[-51.97085,-23.379084],[-51.970811,-23.378947],[-51.970768,-23.378778],[-51.970647,-23.378524],[-51.970561,-23.378337],[-51.970461,-23.378229],[-51.970414,-23.378059],[-51.970425,-23.377892],[-51.97041,-23.377751],[-51.970352,-23.377537],[-51.970288,-23.377337],[-51.970156,-23.377072],[-51.970037,-23.376903],[-51.969969,-23.376792],[-51.969875,-23.376635],[-51.969795,-23.376512],[-51.969736,-23.376428],[-51.969661,-23.376316],[-51.969578,-23.376216],[-51.96955,-23.376178],[-51.969536,-23.376132],[-51.969528,-23.376076],[-51.96955,-23.375976],[-51.969562,-23.375881],[-51.969552,-23.375775],[-51.969551,-23.375708],[-51.969531,-23.375636],[-51.969493,-23.375565],[-51.969471,-23.375472],[-51.969458,-23.375379],[-51.969434,-23.375253],[-51.969391,-23.37513],[-51.969367,-23.375023],[-51.969302,-23.374877],[-51.969267,-23.374763],[-51.969251,-23.374641],[-51.969211,-23.374522],[-51.969146,-23.374412],[-51.969075,-23.374314],[-51.969016,-23.374215],[-51.968912,-23.373976],[-51.968792,-23.373742],[-51.968666,-23.373506],[-51.968593,-23.373349],[-51.968541,-23.373201],[-51.968503,-23.373117],[-51.968478,-23.373065],[-51.968423,-23.37297],[-51.968346,-23.37286],[-51.968269,-23.37274],[-51.968199,-23.372643],[-51.968172,-23.372591],[-51.968154,-23.372511],[-51.968097,-23.37237],[-51.968025,-23.372229],[-51.967982,-23.372141],[-51.967952,-23.372029],[-51.967914,-23.371939],[-51.967829,-23.371839],[-51.967765,-23.371702],[-51.96769,-23.371552],[-51.967629,-23.37137],[-51.967578,-23.371276],[-51.967498,-23.37117],[-51.967421,-23.371082],[-51.967355,-23.370957],[-51.967302,-23.370865],[-51.967273,-23.370751],[-51.967222,-23.370628],[-51.967161,-23.370501],[-51.967099,-23.370405],[-51.967047,-23.370325],[-51.967007,-23.370268],[-51.966946,-23.37021],[-51.966912,-23.370154],[-51.966895,-23.370089],[-51.966906,-23.369959],[-51.966893,-23.369865],[-51.966864,-23.369771],[-51.966825,-23.369606],[-51.966778,-23.36943],[-51.966661,-23.369111],[-51.96654,-23.368662],[-51.966476,-23.368426],[-51.966425,-23.368239],[-51.966404,-23.368105],[-51.96638,-23.367867],[-51.966377,-23.367744],[-51.966332,-23.367569],[-51.966272,-23.367315],[-51.966194,-23.367107],[-51.966084,-23.366838],[-51.965903,-23.366449],[-51.965798,-23.366245],[-51.965694,-23.366101],[-51.965589,-23.365939],[-51.965363,-23.365527],[-51.965224,-23.365304],[-51.964943,-23.364924],[-51.964837,-23.364762],[-51.964795,-23.364682],[-51.964753,-23.364581],[-51.964707,-23.364404],[-51.964666,-23.364308],[-51.964632,-23.364244],[-51.96458,-23.364151],[-51.964526,-23.364068],[-51.964485,-23.364007],[-51.964381,-23.363861],[-51.964259,-23.363647],[-51.964146,-23.363332],[-51.964063,-23.363102],[-51.964018,-23.362975],[-51.963777,-23.362348],[-51.963682,-23.362063],[-51.963637,-23.361978],[-51.963542,-23.361801],[-51.963484,-23.361636],[-51.963444,-23.361501],[-51.963356,-23.361328],[-51.963183,-23.360892],[-51.963047,-23.360558],[-51.962981,-23.360329],[-51.962757,-23.359729],[-51.962536,-23.359135],[-51.962215,-23.358287]],[[-51.962215,-23.358286],[-51.962166,-23.358155],[-51.962077,-23.357974],[-51.961851,-23.357677],[-51.961508,-23.35718],[-51.961383,-23.357025],[-51.961227,-23.356831],[-51.961062,-23.356579],[-51.960731,-23.356128],[-51.960665,-23.356039],[-51.96061,-23.355948],[-51.960574,-23.355867],[-51.960511,-23.355734],[-51.960402,-23.355528],[-51.960373,-23.355463],[-51.960289,-23.35533],[-51.960115,-23.35512],[-51.96004,-23.355002],[-51.959976,-23.354911],[-51.959877,-23.354783],[-51.959769,-23.354667],[-51.959492,-23.354291],[-51.95939,-23.354099],[-51.959317,-23.353985],[-51.959242,-23.353842],[-51.959182,-23.353747],[-51.95911,-23.353614],[-51.959065,-23.353545],[-51.959022,-23.353492],[-51.958969,-23.353438],[-51.95895,-23.353417],[-51.958928,-23.3534],[-51.958894,-23.353387],[-51.958862,-23.353368],[-51.958823,-23.35334],[-51.958796,-23.353304],[-51.958781,-23.353264],[-51.958722,-23.353127],[-51.958659,-23.352998],[-51.958581,-23.352841],[-51.958466,-23.352671],[-51.958423,-23.352564],[-51.958391,-23.352492],[-51.958343,-23.352409],[-51.958287,-23.352282],[-51.958214,-23.352141],[-51.958149,-23.352003],[-51.958053,-23.351759],[-51.957988,-23.351601],[-51.957824,-23.351176],[-51.957643,-23.350794],[-51.957446,-23.350384],[-51.957203,-23.349734],[-51.957072,-23.349408],[-51.956901,-23.348996],[-51.956817,-23.348792],[-51.956771,-23.348724],[-51.956731,-23.348668],[-51.956646,-23.348591],[-51.95656,-23.348507],[-51.956433,-23.348382],[-51.956261,-23.348211],[-51.956052,-23.34797],[-51.955863,-23.347747],[-51.955686,-23.347545],[-51.955497,-23.347318],[-51.955315,-23.347085],[-51.955217,-23.346972],[-51.955152,-23.346892],[-51.954853,-23.346573],[-51.954758,-23.346462],[-51.954653,-23.346338],[-51.954557,-23.346254],[-51.954486,-23.346196],[-51.954407,-23.346145],[-51.954298,-23.346091],[-51.954198,-23.346054],[-51.954084,-23.346023],[-51.953943,-23.346003],[-51.953758,-23.345995],[-51.953548,-23.345991],[-51.953462,-23.345989],[-51.953245,-23.345979],[-51.953074,-23.345972],[-51.95293,-23.345962],[-51.952788,-23.345952],[-51.952723,-23.345941],[-51.95262,-23.345926],[-51.952498,-23.345919],[-51.952367,-23.345922],[-51.952225,-23.345932],[-51.952111,-23.345944],[-51.951966,-23.345962],[-51.951812,-23.345974],[-51.951505,-23.345978],[-51.951294,-23.345981],[-51.950762,-23.345989],[-51.95048,-23.346003],[-51.950363,-23.346001],[-51.950202,-23.345993],[-51.949994,-23.34597],[-51.949906,-23.345959],[-51.949822,-23.34594],[-51.949774,-23.34592],[-51.949702,-23.345868],[-51.949643,-23.345822],[-51.949547,-23.345752],[-51.949435,-23.345678],[-51.949326,-23.345613],[-51.949231,-23.345571],[-51.949135,-23.345528],[-51.948881,-23.345422],[-51.948656,-23.345309],[-51.948491,-23.345212],[-51.948371,-23.345122],[-51.948277,-23.345063],[-51.948145,-23.345006],[-51.947915,-23.344927],[-51.947756,-23.344854],[-51.947448,-23.344713],[-51.947247,-23.344604],[-51.947108,-23.344528],[-51.946931,-23.344419],[-51.946783,-23.344339],[-51.94667,-23.34429],[-51.946575,-23.344262],[-51.94648,-23.344214],[-51.946434,-23.344191],[-51.94637,-23.344151],[-51.946328,-23.344107],[-51.946277,-23.344054],[-51.946187,-23.343976],[-51.946107,-23.343928],[-51.946002,-23.343866],[-51.945944,-23.343843],[-51.945901,-23.343809],[-51.945865,-23.343742],[-51.945838,-23.343664],[-51.945818,-23.343544],[-51.945804,-23.343482],[-51.945793,-23.343448],[-51.945771,-23.343406],[-51.945698,-23.343338],[-51.945593,-23.343213],[-51.9455,-23.34308],[-51.945458,-23.343007],[-51.945421,-23.342945],[-51.945302,-23.342775],[-51.945092,-23.342486],[-51.945007,-23.342376],[-51.944918,-23.342256],[-51.944815,-23.342116],[-51.94476,-23.342042],[-51.944619,-23.341867],[-51.944567,-23.341816],[-51.944475,-23.341768],[-51.94438,-23.341722],[-51.944218,-23.341632],[-51.944069,-23.341565],[-51.94397,-23.341526],[-51.943844,-23.341487],[-51.943763,-23.341462],[-51.943723,-23.341445],[-51.943686,-23.341431],[-51.943654,-23.341416],[-51.943577,-23.341376],[-51.943534,-23.341349],[-51.943493,-23.341327],[-51.943463,-23.341313],[-51.943399,-23.341301],[-51.943368,-23.341294],[-51.943302,-23.341293],[-51.943229,-23.341304],[-51.94316,-23.341316],[-51.943115,-23.341319],[-51.943071,-23.341313],[-51.943007,-23.341294],[-51.942921,-23.341273],[-51.942841,-23.341257],[-51.9428,-23.341245],[-51.942762,-23.341233],[-51.942703,-23.341218],[-51.942643,-23.341211],[-51.942606,-23.34121],[-51.942574,-23.341214],[-51.942526,-23.341211],[-51.942475,-23.341205],[-51.942349,-23.341182],[-51.942237,-23.341155],[-51.942145,-23.341134],[-51.94203,-23.341107],[-51.941975,-23.341094],[-51.941938,-23.34108],[-51.941899,-23.341065],[-51.941862,-23.341053],[-51.941778,-23.341036],[-51.941724,-23.341024],[-51.941619,-23.340996],[-51.941479,-23.340961],[-51.941385,-23.340942],[-51.941238,-23.340914],[-51.941098,-23.340884],[-51.940991,-23.340866],[-51.940895,-23.340847],[-51.940776,-23.340824],[-51.940641,-23.340797],[-51.940493,-23.340759],[-51.940322,-23.340737],[-51.940222,-23.340736],[-51.940173,-23.34074],[-51.940115,-23.340749],[-51.940043,-23.340771],[-51.939948,-23.340803],[-51.939816,-23.340859],[-51.939629,-23.340952],[-51.939469,-23.341019],[-51.939251,-23.341103],[-51.938913,-23.341247],[-51.938795,-23.341288],[-51.938589,-23.341366],[-51.938347,-23.341483],[-51.938029,-23.341625],[-51.937875,-23.341713],[-51.937471,-23.341913],[-51.937231,-23.342028],[-51.937118,-23.342082],[-51.937012,-23.342132],[-51.936864,-23.342202],[-51.93656,-23.342321],[-51.936354,-23.342401],[-51.936196,-23.342462],[-51.935956,-23.342558],[-51.935706,-23.342619],[-51.935554,-23.342629],[-51.93541,-23.342634],[-51.935243,-23.342627],[-51.935095,-23.342612],[-51.934789,-23.342557],[-51.934548,-23.342505],[-51.934381,-23.342473],[-51.93424,-23.342468],[-51.934071,-23.342476],[-51.933838,-23.342493],[-51.93371,-23.342501],[-51.933575,-23.34249],[-51.933382,-23.342449],[-51.93318,-23.342386],[-51.932993,-23.342346],[-51.93293,-23.342323],[-51.93285,-23.342271],[-51.932778,-23.342211],[-51.932723,-23.342153],[-51.932646,-23.342068],[-51.932606,-23.342022],[-51.932568,-23.341988],[-51.932392,-23.341818],[-51.932349,-23.341779],[-51.932259,-23.341698],[-51.932197,-23.341641],[-51.932156,-23.341615],[-51.932105,-23.341558],[-51.932073,-23.341524],[-51.932057,-23.341489],[-51.932053,-23.341465],[-51.932034,-23.341435],[-51.931992,-23.341408],[-51.931938,-23.341379],[-51.931897,-23.341349],[-51.931879,-23.341318],[-51.931874,-23.341289],[-51.931863,-23.341264],[-51.931828,-23.341239],[-51.931749,-23.34118],[-51.931666,-23.341122],[-51.931605,-23.341087],[-51.931564,-23.341046],[-51.931533,-23.340989],[-51.931464,-23.340922],[-51.931392,-23.340852],[-51.93132,-23.340792],[-51.93121,-23.340702],[-51.931101,-23.340628],[-51.931072,-23.340599],[-51.931034,-23.340561],[-51.930989,-23.340515],[-51.930915,-23.340459],[-51.930841,-23.340421],[-51.930765,-23.340368],[-51.930714,-23.3403],[-51.930672,-23.340249],[-51.930521,-23.3401],[-51.930435,-23.339879],[-51.9304,-23.339737],[-51.930378,-23.339485],[-51.930387,-23.339286],[-51.930398,-23.339051],[-51.930401,-23.338844],[-51.930388,-23.338749],[-51.930363,-23.338692],[-51.930303,-23.338618],[-51.930213,-23.338525],[-51.930086,-23.338404],[-51.929945,-23.338259],[-51.929822,-23.338166],[-51.929719,-23.338101],[-51.929594,-23.338054],[-51.92944,-23.337999],[-51.929285,-23.337934],[-51.929119,-23.337841],[-51.929064,-23.337805],[-51.92902,-23.337765],[-51.928884,-23.33763],[-51.928818,-23.337559],[-51.928763,-23.337474],[-51.928704,-23.337359],[-51.928647,-23.337219],[-51.928599,-23.337093],[-51.928548,-23.336989],[-51.928491,-23.336903],[-51.928435,-23.336827],[-51.928345,-23.336719],[-51.928249,-23.336635],[-51.928186,-23.336573],[-51.928133,-23.336537],[-51.928069,-23.336502],[-51.92799,-23.336479],[-51.927919,-23.336447],[-51.927858,-23.336425],[-51.927781,-23.336378],[-51.927715,-23.336329],[-51.927591,-23.336238],[-51.927418,-23.336134],[-51.927262,-23.336031],[-51.927086,-23.335957],[-51.926884,-23.33588],[-51.926729,-23.335795],[-51.926606,-23.3357],[-51.926533,-23.335611],[-51.926495,-23.335569],[-51.926435,-23.335544],[-51.926315,-23.335534],[-51.926228,-23.335559],[-51.92615,-23.335607],[-51.926032,-23.335703],[-51.925917,-23.335847],[-51.925856,-23.335984],[-51.925825,-23.336143],[-51.925838,-23.33621],[-51.925844,-23.336272],[-51.925832,-23.336355],[-51.9258,-23.336428],[-51.925754,-23.336512],[-51.925711,-23.336604],[-51.92565,-23.336722],[-51.925604,-23.336778],[-51.925555,-23.336831],[-51.925497,-23.33684],[-51.925427,-23.336828],[-51.925293,-23.336771],[-51.925214,-23.33673],[-51.925155,-23.336692],[-51.925077,-23.336639],[-51.92503,-23.336621],[-51.924992,-23.336615],[-51.924915,-23.336634],[-51.924823,-23.336668],[-51.924742,-23.336713],[-51.924603,-23.336787],[-51.924485,-23.336871],[-51.924301,-23.33703],[-51.924252,-23.337061],[-51.924222,-23.337095],[-51.924166,-23.337168],[-51.924109,-23.337233],[-51.924068,-23.337277],[-51.924028,-23.337308],[-51.92399,-23.337338],[-51.923938,-23.337375],[-51.923899,-23.337401],[-51.923863,-23.337423],[-51.92378,-23.337453],[-51.923731,-23.337466],[-51.923605,-23.337486],[-51.923474,-23.337499],[-51.923352,-23.337509],[-51.923097,-23.337522],[-51.92292,-23.337526],[-51.922763,-23.337543],[-51.922687,-23.337574],[-51.922614,-23.337587],[-51.922559,-23.337587],[-51.922497,-23.33759],[-51.9224,-23.337594],[-51.922276,-23.337598],[-51.922152,-23.337601],[-51.922005,-23.337589],[-51.921902,-23.337561],[-51.921817,-23.337528],[-51.921733,-23.337486],[-51.921699,-23.337464],[-51.921663,-23.337429],[-51.921613,-23.337382],[-51.921536,-23.337312],[-51.921495,-23.337274],[-51.921481,-23.337257],[-51.921472,-23.337231],[-51.92147,-23.33715],[-51.921458,-23.337106],[-51.92143,-23.33706],[-51.921363,-23.33693],[-51.921287,-23.336819],[-51.921186,-23.336739],[-51.9211,-23.336656],[-51.920995,-23.336541],[-51.920862,-23.336415],[-51.920785,-23.336333],[-51.920621,-23.336166],[-51.920578,-23.336138],[-51.920539,-23.336122],[-51.920331,-23.336042],[-51.92018,-23.33597],[-51.920038,-23.3359],[-51.919989,-23.335871],[-51.919893,-23.335815],[-51.919738,-23.335709],[-51.919556,-23.335585],[-51.919404,-23.335486],[-51.919185,-23.335367],[-51.91898,-23.335237],[-51.918811,-23.335157],[-51.918652,-23.335075],[-51.918524,-23.335009],[-51.918412,-23.334947],[-51.918223,-23.334834],[-51.918125,-23.334775],[-51.918073,-23.334735],[-51.917986,-23.334667],[-51.917915,-23.334601],[-51.917873,-23.334563],[-51.917773,-23.33447],[-51.917535,-23.334216],[-51.917489,-23.334162],[-51.917385,-23.334083],[-51.917331,-23.334014],[-51.917277,-23.333943],[-51.917209,-23.333881],[-51.917168,-23.333817],[-51.917143,-23.333771],[-51.9171,-23.333721],[-51.917057,-23.333683],[-51.916988,-23.333636],[-51.916882,-23.333521],[-51.916816,-23.333458],[-51.91673,-23.333352],[-51.916619,-23.333212],[-51.916537,-23.333079],[-51.916469,-23.332996],[-51.916435,-23.332931],[-51.916414,-23.332846],[-51.916387,-23.332752],[-51.916353,-23.332646],[-51.916319,-23.332525],[-51.916309,-23.332464],[-51.916301,-23.332398],[-51.916288,-23.332322],[-51.91628,-23.332271],[-51.916249,-23.332169],[-51.9162,-23.332069],[-51.916145,-23.331947],[-51.916115,-23.33183],[-51.916077,-23.331744],[-51.916034,-23.331635],[-51.915996,-23.331518],[-51.91593,-23.331358],[-51.915833,-23.331077],[-51.91579,-23.330926],[-51.91576,-23.330784],[-51.915751,-23.330697],[-51.915749,-23.330577],[-51.915759,-23.330519],[-51.915779,-23.330492],[-51.915816,-23.330479],[-51.915874,-23.330468],[-51.915929,-23.330431],[-51.915972,-23.330395],[-51.916015,-23.33033],[-51.916049,-23.330258],[-51.916141,-23.33],[-51.916207,-23.329796],[-51.916325,-23.329496],[-51.916429,-23.32923],[-51.916499,-23.32905],[-51.916609,-23.32887],[-51.916691,-23.328693],[-51.916767,-23.328489],[-51.916866,-23.328214],[-51.916978,-23.3279],[-51.917074,-23.327517],[-51.917098,-23.327355],[-51.917092,-23.327187],[-51.91707,-23.327056],[-51.917041,-23.326951],[-51.916999,-23.326868],[-51.916947,-23.326765],[-51.916884,-23.326648],[-51.916806,-23.326568],[-51.916722,-23.326489],[-51.916637,-23.326435],[-51.916522,-23.326383],[-51.916359,-23.326319],[-51.916224,-23.326237],[-51.916099,-23.326132],[-51.915951,-23.326025],[-51.915821,-23.325945],[-51.915699,-23.325881],[-51.915588,-23.325795],[-51.915503,-23.325644],[-51.915464,-23.325585],[-51.915434,-23.3255],[-51.915407,-23.325387],[-51.915392,-23.32533],[-51.915358,-23.325274],[-51.915296,-23.325199],[-51.915227,-23.325115],[-51.915145,-23.325004],[-51.915033,-23.32485],[-51.914857,-23.324666],[-51.914713,-23.324474],[-51.914653,-23.324386],[-51.914585,-23.324222],[-51.914437,-23.323993],[-51.914324,-23.323795],[-51.914185,-23.323574],[-51.914064,-23.323408],[-51.913943,-23.323254],[-51.91378,-23.32301],[-51.913633,-23.322788],[-51.913478,-23.322535],[-51.91333,-23.322234],[-51.913288,-23.322133],[-51.913251,-23.322053],[-51.913232,-23.321997],[-51.913233,-23.321923],[-51.913262,-23.321853],[-51.913344,-23.321716],[-51.913384,-23.321642],[-51.913413,-23.321588],[-51.913464,-23.321519],[-51.913501,-23.321446],[-51.913539,-23.321357],[-51.913547,-23.321297],[-51.913534,-23.321252],[-51.913501,-23.321193],[-51.913362,-23.320905],[-51.913269,-23.320685],[-51.913209,-23.320531],[-51.913088,-23.320219],[-51.913015,-23.32003],[-51.912925,-23.319832],[-51.912796,-23.319566],[-51.91275,-23.319449],[-51.9127,-23.319335],[-51.912643,-23.319218],[-51.912502,-23.319012],[-51.912453,-23.31896],[-51.912405,-23.31891],[-51.912346,-23.318876],[-51.91228,-23.318855],[-51.912176,-23.31884],[-51.912051,-23.318834],[-51.91188,-23.318826],[-51.911812,-23.318813],[-51.91175,-23.318791],[-51.911589,-23.318729],[-51.911433,-23.318642],[-51.911345,-23.318566],[-51.911244,-23.318504],[-51.911109,-23.31846],[-51.910982,-23.318394],[-51.910781,-23.318265],[-51.910718,-23.318226],[-51.910656,-23.318167],[-51.910589,-23.318071],[-51.910541,-23.317976],[-51.910481,-23.317828],[-51.910412,-23.317635],[-51.910379,-23.317526],[-51.910369,-23.317437],[-51.910356,-23.317337],[-51.910342,-23.317],[-51.910373,-23.316811],[-51.910422,-23.316654],[-51.910549,-23.316108],[-51.910676,-23.315713],[-51.910789,-23.31524],[-51.910894,-23.314833],[-51.911136,-23.313749],[-51.911207,-23.313356],[-51.911276,-23.312924],[-51.911357,-23.312448],[-51.911426,-23.312167],[-51.911483,-23.311955],[-51.91158,-23.311535],[-51.911674,-23.311049],[-51.91174,-23.310693],[-51.911853,-23.310144],[-51.911869,-23.310087],[-51.911892,-23.309951],[-51.911931,-23.309777],[-51.911982,-23.309637],[-51.912021,-23.309556],[-51.912061,-23.309476],[-51.912082,-23.309402],[-51.912087,-23.309375],[-51.912096,-23.309268],[-51.912099,-23.309121],[-51.91209,-23.308956],[-51.912085,-23.308802],[-51.912123,-23.308662],[-51.912199,-23.308454],[-51.912291,-23.308285],[-51.912318,-23.308188],[-51.91233,-23.308058],[-51.912352,-23.307589],[-51.91239,-23.307456],[-51.912516,-23.307165],[-51.912579,-23.306992],[-51.912603,-23.306871],[-51.912602,-23.306709],[-51.912609,-23.306544],[-51.91262,-23.306394],[-51.912655,-23.306234],[-51.912688,-23.306117],[-51.912737,-23.306002],[-51.912787,-23.30588],[-51.912844,-23.305686],[-51.912885,-23.305485],[-51.912935,-23.305226],[-51.912985,-23.304818],[-51.91302,-23.30471],[-51.913073,-23.304606],[-51.913127,-23.304469],[-51.913153,-23.30438],[-51.913156,-23.304229],[-51.913173,-23.304007],[-51.913221,-23.303758],[-51.913298,-23.303368],[-51.913401,-23.302797],[-51.913458,-23.302445],[-51.913492,-23.302238],[-51.913529,-23.302047],[-51.913683,-23.301472],[-51.913828,-23.301068],[-51.913875,-23.300931],[-51.91391,-23.300838],[-51.913958,-23.300757],[-51.914048,-23.30067],[-51.914164,-23.300523],[-51.914269,-23.300391],[-51.914369,-23.300273],[-51.914494,-23.300129],[-51.914593,-23.299979],[-51.91475,-23.299775],[-51.914808,-23.299694],[-51.914933,-23.299535],[-51.915064,-23.299361],[-51.91518,-23.299226],[-51.915351,-23.299097],[-51.915489,-23.29897],[-51.915569,-23.298844],[-51.91569,-23.298656],[-51.915773,-23.2985],[-51.915879,-23.298278],[-51.915949,-23.298128],[-51.91606,-23.297904],[-51.916108,-23.297814],[-51.916165,-23.297607],[-51.916252,-23.297374],[-51.916328,-23.29713],[-51.916385,-23.296928],[-51.916445,-23.296645],[-51.916508,-23.296428],[-51.916551,-23.296293],[-51.916616,-23.296078],[-51.916738,-23.295822],[-51.916825,-23.295584],[-51.916879,-23.295424],[-51.916962,-23.295108],[-51.917076,-23.294759],[-51.917232,-23.294274],[-51.917289,-23.294081],[-51.917358,-23.293901],[-51.917445,-23.2937],[-51.917518,-23.293574],[-51.917595,-23.293408],[-51.917625,-23.293243],[-51.917677,-23.293017],[-51.917733,-23.292683],[-51.917805,-23.292427],[-51.91786,-23.292331],[-51.91793,-23.292223],[-51.917958,-23.292123],[-51.918001,-23.291965],[-51.918035,-23.291725],[-51.91806,-23.291489],[-51.918087,-23.291243],[-51.91811,-23.290966],[-51.918114,-23.290733],[-51.918115,-23.290576],[-51.91811,-23.290417],[-51.918087,-23.290208],[-51.918053,-23.28997],[-51.918044,-23.289801],[-51.918058,-23.289736],[-51.918107,-23.28966],[-51.918142,-23.289627],[-51.918224,-23.289586],[-51.918317,-23.289567],[-51.918398,-23.289551],[-51.918493,-23.289556],[-51.918586,-23.289568],[-51.918723,-23.289588],[-51.918789,-23.289578],[-51.918823,-23.289565],[-51.91885,-23.289533],[-51.91889,-23.289462],[-51.918961,-23.289238],[-51.918982,-23.289175],[-51.919008,-23.289129],[-51.919051,-23.289086],[-51.919101,-23.289042],[-51.919146,-23.289015],[-51.919203,-23.288984],[-51.919313,-23.288937],[-51.91957,-23.288857],[-51.9198,-23.288775],[-51.920024,-23.288695],[-51.920176,-23.288601],[-51.920274,-23.28854],[-51.920385,-23.288471],[-51.920542,-23.288373],[-51.920671,-23.288301],[-51.920768,-23.288275],[-51.920865,-23.28823],[-51.921048,-23.288084],[-51.921201,-23.287975],[-51.921255,-23.287942],[-51.921297,-23.287896],[-51.921329,-23.28783],[-51.921371,-23.287652],[-51.921404,-23.287501],[-51.92144,-23.287407],[-51.921507,-23.287323],[-51.921573,-23.28727],[-51.921612,-23.28726],[-51.921646,-23.28726],[-51.921757,-23.287269],[-51.921871,-23.28724],[-51.921974,-23.287165],[-51.92202,-23.287079],[-51.92204,-23.287026],[-51.922103,-23.286942]]]}},
{"type":"Feature","properties":{"name":"Cór. Tari"},"geometry":{"type":"LineString","coordinates":[[-52.07679,-23.511028],[-52.076648,-23.511128],[-52.076507,-23.511198],[-52.076303,-23.511356],[-52.075962,-23.511752],[-52.075549,-23.512139],[-52.075435,-23.512317],[-52.075213,-23.512466],[-52.075145,-23.51253],[-52.075077,-23.512635],[-52.074977,-23.512712],[-52.074857,-23.512762],[-52.07473,-23.512821],[-52.074602,-23.512906],[-52.074476,-23.512972],[-52.074406,-23.512991],[-52.0743,-23.512989],[-52.074194,-23.512999],[-52.074124,-23.513025],[-52.074057,-23.513066],[-52.074013,-23.513117],[-52.073975,-23.513155],[-52.073948,-23.513196],[-52.073911,-23.513277],[-52.07388,-23.513329],[-52.073806,-23.513382],[-52.073732,-23.513401],[-52.073668,-23.513407],[-52.073645,-23.513419],[-52.073637,-23.513458],[-52.073634,-23.513511],[-52.073569,-23.513629],[-52.073568,-23.513687],[-52.073566,-23.513752],[-52.073551,-23.513853],[-52.073537,-23.513905],[-52.073506,-23.513956],[-52.073437,-23.514003],[-52.073333,-23.514051],[-52.073212,-23.514079],[-52.073148,-23.514087],[-52.073107,-23.514086],[-52.07307,-23.514077],[-52.073031,-23.514063],[-52.073009,-23.51407],[-52.07298,-23.51412],[-52.072968,-23.514205],[-52.072945,-23.514235],[-52.072915,-23.514243],[-52.072866,-23.51423],[-52.072807,-23.514214],[-52.072758,-23.514191],[-52.072729,-23.514163],[-52.072672,-23.514113],[-52.072617,-23.514085],[-52.072588,-23.514084],[-52.072566,-23.514092],[-52.072493,-23.514121],[-52.072391,-23.514193],[-52.07235,-23.514234],[-52.072304,-23.514261],[-52.072166,-23.514296],[-52.072077,-23.514347],[-52.071997,-23.514446],[-52.071936,-23.514499],[-52.071883,-23.514527],[-52.071865,-23.51456],[-52.071849,-23.514589],[-52.071792,-23.514601],[-52.071751,-23.514614],[-52.0717,-23.514673],[-52.071615,-23.514718],[-52.071562,-23.514754],[-52.071472,-23.514838],[-52.071448,-23.514881],[-52.071442,-23.514935],[-52.071439,-23.515056],[-52.071432,-23.515099],[-52.07141,-23.515125],[-52.07136,-23.51519],[-52.071274,-23.515265],[-52.071148,-23.51533],[-52.071042,-23.515401],[-52.070904,-23.515494],[-52.070552,-23.515727],[-52.070366,-23.515892],[-52.07026,-23.516015],[-52.070176,-23.516109],[-52.07009,-23.516199],[-52.069915,-23.516326],[-52.069797,-23.516421],[-52.069676,-23.516519],[-52.069606,-23.516573],[-52.069518,-23.51669],[-52.06946,-23.516807],[-52.069389,-23.516913],[-52.069317,-23.516989],[-52.069187,-23.517047],[-52.068978,-23.517098],[-52.068852,-23.517156],[-52.068722,-23.51726],[-52.068572,-23.517405],[-52.068492,-23.517449],[-52.068386,-23.517534],[-52.068248,-23.517645],[-52.068146,-23.51776],[-52.06809,-23.517823],[-52.06801,-23.517867],[-52.067883,-23.517882],[-52.067713,-23.517851],[-52.067516,-23.517824],[-52.067292,-23.517721],[-52.067094,-23.517672],[-52.066887,-23.517642],[-52.066315,-23.51756],[-52.065948,-23.517523],[-52.065628,-23.51749],[-52.065518,-23.517492],[-52.065256,-23.517526],[-52.064972,-23.517645],[-52.064632,-23.517807],[-52.06451,-23.517869],[-52.064349,-23.517963],[-52.06423,-23.518028],[-52.064145,-23.518032],[-52.064056,-23.518066],[-52.063913,-23.518114],[-52.063831,-23.51817],[-52.063788,-23.518222],[-52.063751,-23.518261],[-52.063672,-23.51828],[-52.063613,-23.518256],[-52.063507,-23.518258],[-52.063383,-23.518235],[-52.063342,-23.518212],[-52.063272,-23.518207],[-52.063224,-23.51817],[-52.063163,-23.518114],[-52.063137,-23.51805],[-52.063102,-23.517938],[-52.063041,-23.517893],[-52.062896,-23.517835],[-52.062782,-23.517821],[-52.062653,-23.517837],[-52.062546,-23.517859],[-52.062458,-23.517847],[-52.062391,-23.517849],[-52.062293,-23.517842],[-52.062193,-23.51784],[-52.06213,-23.517843],[-52.062081,-23.517868],[-52.062003,-23.517927],[-52.061919,-23.518002],[-52.061815,-23.518118],[-52.061693,-23.518249],[-52.061577,-23.518372],[-52.061519,-23.518435],[-52.061462,-23.518506],[-52.061335,-23.518661],[-52.061258,-23.518751],[-52.061127,-23.518901],[-52.060944,-23.519109],[-52.060844,-23.519231],[-52.06077,-23.519292],[-52.060692,-23.519389],[-52.060659,-23.519423],[-52.060596,-23.519497],[-52.060531,-23.519632],[-52.060469,-23.519747],[-52.060392,-23.519869],[-52.060379,-23.519923],[-52.060363,-23.519964],[-52.060324,-23.520015],[-52.060259,-23.520101],[-52.060159,-23.520213],[-52.060051,-23.520342],[-52.059957,-23.520444],[-52.059874,-23.520536],[-52.059809,-23.520602],[-52.059719,-23.520707],[-52.059614,-23.52083],[-52.05952,-23.52094],[-52.059485,-23.520992],[-52.059438,-23.521037],[-52.059386,-23.521078],[-52.059343,-23.521153],[-52.059324,-23.521191],[-52.059299,-23.521213],[-52.05923,-23.52124],[-52.059191,-23.521269],[-52.059178,-23.521315],[-52.059163,-23.521358],[-52.059163,-23.521361]]}},
{"type":"Feature","properties":{"name":"Cór. Moscados"},"geometry":{"type":"MultiLineString","coordinates":[[[-51.920987,-23.438906],[-51.921009,-23.43898],[-51.921024,-23.439049],[-51.921036,-23.439181],[-51.921025,-23.439299],[-51.920928,-23.439476],[-51.920845,-23.439681],[-51.92082,-23.43976],[-51.920808,-23.43985],[-51.920809,-23.439916],[-51.920834,-23.440013],[-51.920842,-23.440208],[-51.920827,-23.440304],[-51.92078,-23.440427],[-51.920743,-23.440514],[-51.920709,-23.440567],[-51.920664,-23.440616],[-51.920604,-23.440663],[-51.920578,-23.440716],[-51.920562,-23.440839],[-51.920547,-23.440983],[-51.920552,-23.441053],[-51.920557,-23.441125],[-51.920557,-23.441221],[-51.920526,-23.441281],[-51.920492,-23.441313],[-51.92048,-23.441345],[-51.920478,-23.441363],[-51.920493,-23.441403],[-51.920496,-23.441501],[-51.920492,-23.441565],[-51.920517,-23.441721],[-51.920516,-23.441869],[-51.920517,-23.441995],[-51.920521,-23.44212],[-51.920516,-23.442285],[-51.920461,-23.442427],[-51.920372,-23.442545],[-51.920338,-23.442626],[-51.920335,-23.442677],[-51.920343,-23.442738],[-51.920358,-23.442795],[-51.920388,-23.442885],[-51.920404,-23.442939],[-51.92041,-23.44299],[-51.920389,-23.443073],[-51.920385,-23.443126],[-51.920391,-23.443169],[-51.920417,-23.443296],[-51.920444,-23.443439],[-51.920532,-23.443686],[-51.920537,-23.443728],[-51.920535,-23.44377],[-51.920535,-23.443837],[-51.920549,-23.443887],[-51.920547,-23.444049],[-51.920583,-23.44428],[-51.920581,-23.444382],[-51.920595,-23.444443],[-51.92064,-23.444602],[-51.920917,-23.445132],[-51.920988,-23.445307],[-51.921094,-23.445583],[-51.921132,-23.445679],[-51.921147,-23.445756],[-51.921154,-23.44589],[-51.921164,-23.446014],[-51.921197,-23.44614],[-51.921252,-23.446288],[-51.9213,-23.446378],[-51.921347,-23.446441],[-51.921403,-23.446482],[-51.921478,-23.446525],[-51.921537,-23.446579],[-51.921576,-23.446638],[-51.921598,-23.446696],[-51.921617,-23.446795],[-51.921634,-23.446838],[-51.921666,-23.446877],[-51.921774,-23.446989],[-51.921815,-23.44704],[-51.921829,-23.447087],[-51.921831,-23.447144],[-51.921848,-23.447204],[-51.921879,-23.447248],[-51.921996,-23.447386],[-51.922057,-23.447472],[-51.922142,-23.447572],[-51.922249,-23.447684],[-51.922319,-23.447766],[-51.922351,-23.447799],[-51.922386,-23.447837],[-51.922416,-23.447911],[-51.922418,-23.447968],[-51.922433,-23.448019],[-51.922463,-23.448068],[-51.922491,-23.448102],[-51.922651,-23.44825],[-51.922742,-23.448356],[-51.922798,-23.448468],[-51.922855,-23.448553],[-51.922904,-23.448608],[-51.922919,-23.448664],[-51.922946,-23.44872],[-51.922997,-23.448788],[-51.923053,-23.448837],[-51.923164,-23.44891],[-51.923313,-23.449068],[-51.92344,-23.449247],[-51.923561,-23.449418],[-51.923661,-23.449568],[-51.923691,-23.44962],[-51.92369,-23.449629],[-51.923706,-23.449674],[-51.923712,-23.449786],[-51.923699,-23.449883],[-51.92372,-23.449962],[-51.923759,-23.45003],[-51.923819,-23.450115],[-51.923892,-23.450191],[-51.923952,-23.450242],[-51.924015,-23.450287],[-51.924382,-23.450444],[-51.924436,-23.450475],[-51.924483,-23.450517],[-51.924523,-23.45057],[-51.924557,-23.450633],[-51.924592,-23.450738],[-51.924609,-23.450868],[-51.924604,-23.450941],[-51.924614,-23.451015],[-51.92464,-23.451096],[-51.924726,-23.45122],[-51.924905,-23.451502],[-51.92495,-23.451562],[-51.925013,-23.451626],[-51.9251,-23.451703],[-51.925185,-23.451784],[-51.925261,-23.451841],[-51.925338,-23.45188],[-51.925424,-23.4519],[-51.925518,-23.451923],[-51.925636,-23.451976],[-51.925707,-23.451999],[-51.925794,-23.452059],[-51.925844,-23.452105],[-51.925921,-23.452149],[-51.925977,-23.452183],[-51.926096,-23.452256],[-51.926192,-23.452319],[-51.926316,-23.452377],[-51.926534,-23.452494],[-51.926686,-23.452583],[-51.926778,-23.452674],[-51.92682,-23.45273],[-51.926843,-23.452761],[-51.926866,-23.452801],[-51.926912,-23.452851],[-51.926963,-23.452887],[-51.927024,-23.452902],[-51.927088,-23.452964],[-51.927165,-23.453041],[-51.927261,-23.453149],[-51.927344,-23.453231],[-51.92754,-23.453413],[-51.927581,-23.453438],[-51.927636,-23.453448],[-51.927653,-23.453466],[-51.927668,-23.453494],[-51.927705,-23.453521],[-51.927782,-23.45357],[-51.927829,-23.453604],[-51.927909,-23.453684],[-51.928014,-23.453757],[-51.928117,-23.45381],[-51.928341,-23.45388],[-51.92857,-23.453953],[-51.928674,-23.453986],[-51.928788,-23.454035],[-51.9289,-23.454079],[-51.929068,-23.45413],[-51.929266,-23.454157],[-51.929445,-23.454185],[-51.929597,-23.454226],[-51.929932,-23.454346],[-51.930264,-23.454447],[-51.930479,-23.454489],[-51.930743,-23.454541],[-51.931059,-23.454737],[-51.931154,-23.454806],[-51.931237,-23.454858],[-51.931262,-23.45489],[-51.931273,-23.454921],[-51.93129,-23.454971],[-51.931318,-23.455096],[-51.931361,-23.455222],[-51.931378,-23.455272],[-51.931408,-23.455306],[-51.931471,-23.455352],[-51.931577,-23.4554],[-51.931616,-23.455413],[-51.931837,-23.455501],[-51.932064,-23.455601],[-51.932429,-23.455758],[-51.932506,-23.455796],[-51.932605,-23.455869],[-51.932684,-23.455939],[-51.93273,-23.456004],[-51.932742,-23.45603],[-51.932747,-23.456061],[-51.932762,-23.456163],[-51.93277,-23.456292],[-51.932759,-23.456384],[-51.932738,-23.456423],[-51.932694,-23.456511],[-51.932672,-23.456592]],[[-51.92906,-23.429254],[-51.92885,-23.429591],[-51.928758,-23.429798],[-51.928664,-23.429973],[-51.928496,-23.430222],[-51.92843,-23.430311],[-51.928375,-23.43037],[-51.928301,-23.430481],[-51.928116,-23.430701],[-51.927972,-23.430875],[-51.927827,-23.431106],[-51.927703,-23.431271],[-51.92744,-23.431594],[-51.927361,-23.43172],[-51.927288,-23.431832],[-51.927251,-23.431885],[-51.92718,-23.432035],[-51.926991,-23.432156],[-51.926851,-23.432249],[-51.926811,-23.432298],[-51.926811,-23.432417],[-51.926742,-23.432496],[-51.926647,-23.432625],[-51.926499,-23.432792],[-51.926353,-23.432955],[-51.926246,-23.433131],[-51.926106,-23.433274],[-51.925917,-23.43344],[-51.925802,-23.43352],[-51.925687,-23.433712],[-51.925521,-23.433855],[-51.925362,-23.434005],[-51.925257,-23.434144],[-51.925174,-23.43426],[-51.925088,-23.434403],[-51.925003,-23.434506],[-51.924882,-23.434616],[-51.924774,-23.434711],[-51.924635,-23.43485],[-51.92452,-23.434898],[-51.924511,-23.434904],[-51.9245,-23.43491],[-51.924446,-23.434945],[-51.924348,-23.434988],[-51.924269,-23.435028],[-51.924198,-23.435085],[-51.924143,-23.435182],[-51.924126,-23.435228],[-51.924097,-23.435277],[-51.924046,-23.435333],[-51.923944,-23.435444],[-51.92383,-23.435552],[-51.923755,-23.435565],[-51.92373,-23.435586],[-51.923716,-23.435605],[-51.923687,-23.435651],[-51.923623,-23.43568],[-51.923581,-23.435696],[-51.923546,-23.435724],[-51.923488,-23.435781],[-51.923449,-23.435839],[-51.923431,-23.435916],[-51.923403,-23.436046],[-51.923366,-23.436115],[-51.923325,-23.436155],[-51.923237,-23.43624],[-51.923123,-23.436308],[-51.922988,-23.436389],[-51.922873,-23.436453],[-51.922772,-23.436535],[-51.922719,-23.436625],[-51.922698,-23.436698],[-51.922626,-23.436792],[-51.922478,-23.436923],[-51.922371,-23.436992],[-51.922228,-23.43708],[-51.922107,-23.437172],[-51.921714,-23.437493],[-51.921612,-23.437627],[-51.921576,-23.43769],[-51.92155,-23.437752],[-51.921537,-23.437824],[-51.921527,-23.437901],[-51.921481,-23.437982],[-51.921432,-23.438098],[-51.921395,-23.438216],[-51.921382,-23.438291],[-51.92136,-23.43835],[-51.921319,-23.43842],[-51.921282,-23.438471],[-51.921152,-23.438718],[-51.921096,-23.438817],[-51.921059,-23.438841],[-51.921026,-23.438874],[-51.920989,-23.438906]]]}},
{"type":"Feature","properties":{"name":"Cór. do Merlo"},"geometry":{"type":"LineString","coordinates":[[-51.915296,-23.43418],[-51.91557,-23.434182],[-51.915667,-23.434188],[-51.915684,-23.434193],[-51.915697,-23.434204],[-51.915705,-23.434224],[-51.915716,-23.434235],[-51.91574,-23.434248],[-51.915768,-23.434255],[-51.915822,-23.434279],[-51.91589,-23.434311],[-51.915954,-23.434329],[-51.916101,-23.434372],[-51.916183,-23.434433],[-51.916243,-23.434526],[-51.916277,-23.434618],[-51.916367,-23.434717],[-51.916473,-23.434785],[-51.916567,-23.434805],[-51.916799,-23.4348],[-51.916891,-23.434815],[-51.916994,-23.434866],[-51.917148,-23.434983],[-51.917183,-23.435011],[-51.917604,-23.435353],[-51.917866,-23.435556],[-51.918083,-23.435708],[-51.918277,-23.435809],[-51.918486,-23.435908],[-51.918705,-23.436023],[-51.918889,-23.436091],[-51.91895,-23.436121],[-51.919039,-23.436186],[-51.919109,-23.436257],[-51.919159,-23.436285],[-51.919188,-23.436313],[-51.9192,-23.436341],[-51.919214,-23.436394],[-51.919223,-23.436427],[-51.919239,-23.43645],[-51.919284,-23.436497],[-51.919334,-23.436539],[-51.919381,-23.436572],[-51.919497,-23.436662],[-51.919574,-23.436735],[-51.919715,-23.436899],[-51.919827,-23.437053],[-51.919956,-23.437185],[-51.920076,-23.437273],[-51.920163,-23.437334],[-51.92024,-23.437378],[-51.920287,-23.437394],[-51.920362,-23.437399],[-51.920454,-23.437408],[-51.920546,-23.437437],[-51.920582,-23.437463],[-51.920621,-23.437504],[-51.920663,-23.437589],[-51.920707,-23.437666],[-51.920767,-23.437749],[-51.920802,-23.437843],[-51.920827,-23.438074],[-51.920926,-23.438495],[-51.92096,-23.438652],[-51.920969,-23.438782],[-51.920987,-23.438906]]}},
{"type":"Feature","properties":{"name":"Cór. Sem Denominação"},"geometry":{"type":"LineString","coordinates":[[-51.860271,-23.345112],[-51.860699,-23.344903],[-51.861025,-23.344716],[-51.861386,-23.34449],[-51.861702,-23.344342],[-51.862228,-23.344106],[-51.862673,-23.343862],[-51.862877,-23.343689],[-51.862987,-23.343571],[-51.863093,-23.343466],[-51.863149,-23.343422],[-51.863234,-23.343388],[-51.86341,-23.343373],[-51.863726,-23.343353],[-51.864021,-23.343298],[-51.864214,-23.343242],[-51.864374,-23.343176],[-51.864564,-23.343068],[-51.864722,-23.342934],[-51.865043,-23.34258],[-51.865332,-23.34233],[-51.865662,-23.342189],[-51.865977,-23.341985],[-51.866325,-23.341813]]}},
{"type":"Feature","properties":{"name":"Cór. Nepal"},"geometry":{"type":"LineString","coordinates":[[-52.053812,-23.418526],[-52.054005,-23.418374],[-52.054214,-23.41818],[-52.054371,-23.417967],[-52.054457,-23.417781],[-52.054806,-23.416954]]}},
{"type":"Feature","properties":{"name":"Cór. Torto"},"geometry":{"type":"LineString","coordinates":[[-51.980417,-23.514906],[-51.980475,-23.514596],[-51.980499,-23.514475],[-51.980521,-23.514323],[-51.980534,-23.514114],[-51.980545,-23.51389],[-51.980552,-23.513749],[-51.980564,-23.513434],[-51.980603,-23.513114],[-51.980658,-23.51284],[-51.980732,-23.512615],[-51.980775,-23.512464],[-51.980882,-23.512268],[-51.981031,-23.512043],[-51.98116,-23.51184],[-51.98125,-23.511616],[-51.981374,-23.511328],[-51.981895,-23.509852],[-51.981967,-23.50958],[-51.982101,-23.50914],[-51.982246,-23.508671],[-51.982312,-23.508474],[-51.982353,-23.508251],[-51.982413,-23.507846],[-51.982452,-23.507617],[-51.982452,-23.507616],[-51.982513,-23.507254],[-51.982575,-23.506928],[-51.982686,-23.506696],[-51.982838,-23.50641],[-51.982906,-23.506216],[-51.983045,-23.505805],[-51.983226,-23.505107],[-51.983356,-23.504607],[-51.983416,-23.503985]]}},
{"type":"Feature","properties":{"name":"Cór. Piracauba"},"geometry":{"type":"LineString","coordinates":[[-52.046414,-23.438885],[-52.046481,-23.438758],[-52.046504,-23.438618],[-52.046567,-23.438412],[-52.046664,-23.438253],[-52.04674,-23.438121],[-52.046808,-23.438015],[-52.046904,-23.437858],[-52.047047,-23.437656],[-52.047161,-23.437448],[-52.047231,-23.43732],[-52.047275,-23.437149],[-52.047265,-23.436997],[-52.047234,-23.436859],[-52.047259,-23.436719],[-52.047287,-23.43663],[-52.0473,-23.436533],[-52.047292,-23.436429],[-52.047282,-23.4363],[-52.04727,-23.436079],[-52.047287,-23.435863],[-52.047285,-23.435683],[-52.04728,-23.435528],[-52.047278,-23.435304],[-52.047292,-23.435],[-52.047281,-23.434894],[-52.047271,-23.434826],[-52.047241,-23.434748],[-52.047253,-23.434682],[-52.047272,-23.434638],[-52.047285,-23.43459],[-52.0473,-23.434522],[-52.047284,-23.434485],[-52.047264,-23.434461],[-52.047251,-23.434417],[-52.047236,-23.434323],[-52.047223,-23.434219],[-52.047218,-23.43407],[-52.047198,-23.433928],[-52.047195,-23.433808],[-52.04719,-23.433712],[-52.047181,-23.433644],[-52.04716,-23.433569],[-52.047149,-23.433495],[-52.047157,-23.433443],[-52.047179,-23.433398],[-52.047208,-23.433352],[-52.047201,-23.433306],[-52.047204,-23.433277],[-52.047233,-23.433248],[-52.047284,-23.433244],[-52.047334,-23.433251],[-52.047396,-23.433262],[-52.047424,-23.433267],[-52.047444,-23.433264],[-52.04746,-23.433251],[-52.047474,-23.433227],[-52.047489,-23.433201],[-52.047499,-23.433171],[-52.047512,-23.433111],[-52.047522,-23.433045],[-52.047525,-23.433005],[-52.047524,-23.432968],[-52.047523,-23.432935],[-52.04753,-23.432896],[-52.047549,-23.432857],[-52.047578,-23.432805],[-52.047595,-23.432771],[-52.047626,-23.432718],[-52.04765,-23.432683],[-52.047671,-23.432644],[-52.047675,-23.432613],[-52.047675,-23.432576],[-52.04768,-23.432532],[-52.047685,-23.432504],[-52.047694,-23.432464],[-52.047706,-23.432421],[-52.047722,-23.432377],[-52.047737,-23.432337],[-52.04776,-23.432278],[-52.047771,-23.432246],[-52.047779,-23.432221],[-52.047772,-23.432199],[-52.047726,-23.432182],[-52.04768,-23.432156],[-52.047634,-23.432122],[-52.047582,-23.432075],[-52.047548,-23.432022],[-52.047526,-23.431988],[-52.047509,-23.431941],[-52.047482,-23.431894],[-52.047444,-23.431839],[-52.047411,-23.431791],[-52.047384,-23.431762],[-52.047354,-23.431731],[-52.047327,-23.431703],[-52.047304,-23.431679],[-52.047297,-23.431659],[-52.047296,-23.431636],[-52.0473,-23.431611],[-52.047309,-23.43159],[-52.047324,-23.431566],[-52.047326,-23.431544],[-52.047327,-23.431517],[-52.047321,-23.431485],[-52.047316,-23.43147],[-52.047305,-23.431456],[-52.047289,-23.431448],[-52.047278,-23.431444],[-52.047269,-23.43144],[-52.047259,-23.431431],[-52.04725,-23.431419],[-52.047237,-23.431397],[-52.047224,-23.431373],[-52.047208,-23.431356],[-52.047187,-23.431343],[-52.047165,-23.431318],[-52.047158,-23.431297],[-52.047154,-23.431271],[-52.047155,-23.43124],[-52.047159,-23.431221],[-52.047161,-23.431204],[-52.047163,-23.431194],[-52.047167,-23.431186],[-52.047174,-23.431165],[-52.047197,-23.431143],[-52.047241,-23.431136],[-52.04726,-23.431135],[-52.047284,-23.431128],[-52.047302,-23.431119],[-52.047325,-23.431102],[-52.047358,-23.431077],[-52.047389,-23.431052],[-52.047428,-23.431018],[-52.047479,-23.430935],[-52.04753,-23.430876],[-52.047584,-23.430838],[-52.0476,-23.430822],[-52.047608,-23.430811],[-52.047613,-23.430786],[-52.047627,-23.430727],[-52.04765,-23.430681],[-52.04766,-23.430645],[-52.047656,-23.430621],[-52.047644,-23.430601],[-52.047621,-23.43059],[-52.047592,-23.430575],[-52.047566,-23.430564],[-52.047538,-23.430543],[-52.047518,-23.430521],[-52.047507,-23.430491],[-52.047499,-23.430459],[-52.047496,-23.430409],[-52.047502,-23.430367],[-52.047512,-23.430326],[-52.047525,-23.430294],[-52.04766,-23.430213],[-52.04772,-23.430148],[-52.047768,-23.430086],[-52.0478,-23.430028],[-52.047845,-23.429982],[-52.047872,-23.429942],[-52.047899,-23.429904],[-52.047903,-23.429871],[-52.047888,-23.429842],[-52.047858,-23.429819],[-52.047811,-23.429772],[-52.04778,-23.429724],[-52.047773,-23.429688],[-52.047771,-23.429644],[-52.047786,-23.429615],[-52.047821,-23.429581],[-52.047872,-23.429551],[-52.047917,-23.429513],[-52.047947,-23.429459],[-52.047973,-23.429396],[-52.047986,-23.429334],[-52.047992,-23.429294],[-52.048001,-23.429248],[-52.048009,-23.429197],[-52.048011,-23.429145],[-52.048014,-23.429098],[-52.047991,-23.429016],[-52.047983,-23.428951],[-52.047982,-23.428904],[-52.047992,-23.428865],[-52.048,-23.428832],[-52.048012,-23.428781],[-52.048068,-23.428753],[-52.048108,-23.428742],[-52.048173,-23.428716],[-52.048258,-23.428648],[-52.048325,-23.428593],[-52.048343,-23.428549],[-52.048344,-23.428443],[-52.048322,-23.428328],[-52.048318,-23.428238],[-52.048314,-23.428153],[-52.048312,-23.428094],[-52.04833,-23.428045],[-52.048399,-23.427939],[-52.048449,-23.427855],[-52.048477,-23.427769],[-52.048521,-23.427696],[-52.048544,-23.427645],[-52.048539,-23.42759],[-52.048518,-23.427538],[-52.048488,-23.4275],[-52.048457,-23.427462],[-52.048396,-23.427404],[-52.048356,-23.42737],[-52.048334,-23.427353],[-52.048326,-23.427337],[-52.048326,-23.427322],[-52.048326,-23.427289],[-52.048337,-23.42725],[-52.048332,-23.427214],[-52.048309,-23.427171],[-52.048279,-23.427124],[-52.048251,-23.42706],[-52.04822,-23.426991],[-52.048197,-23.426942],[-52.048183,-23.42689],[-52.048171,-23.42682],[-52.048161,-23.426758],[-52.048151,-23.426729],[-52.048148,-23.4267],[-52.048151,-23.426666],[-52.048169,-23.426575],[-52.048183,-23.426511],[-52.048191,-23.42647],[-52.048189,-23.426436],[-52.048156,-23.426389],[-52.048118,-23.426363],[-52.048073,-23.426328],[-52.048052,-23.426277],[-52.048056,-23.426216],[-52.048102,-23.426147],[-52.048141,-23.42613],[-52.048163,-23.426107],[-52.048167,-23.426042],[-52.048125,-23.425835],[-52.048106,-23.425662],[-52.04807,-23.425453],[-52.048052,-23.425284],[-52.048048,-23.425166],[-52.048051,-23.425113],[-52.048043,-23.424832],[-52.048007,-23.424493],[-52.047994,-23.424157],[-52.047999,-23.424078],[-52.047992,-23.424017],[-52.047961,-23.423942],[-52.047938,-23.423882],[-52.047932,-23.42383],[-52.04792,-23.423773],[-52.047894,-23.423635],[-52.047862,-23.423502],[-52.047845,-23.423396],[-52.047838,-23.423307],[-52.047838,-23.423211],[-52.047826,-23.423066],[-52.047809,-23.422945],[-52.047804,-23.422798],[-52.0478,-23.422639],[-52.047782,-23.422462],[-52.047775,-23.422328],[-52.047781,-23.422246],[-52.04777,-23.422192],[-52.047745,-23.422152],[-52.047688,-23.422101],[-52.047603,-23.422077],[-52.047373,-23.422063],[-52.047226,-23.42204],[-52.047051,-23.422012],[-52.046947,-23.42196],[-52.046838,-23.42191],[-52.046749,-23.421859],[-52.046672,-23.42179],[-52.046616,-23.421746],[-52.04659,-23.421709],[-52.046582,-23.421667],[-52.046576,-23.421645],[-52.04656,-23.42163],[-52.046526,-23.421619],[-52.046473,-23.421606],[-52.046455,-23.421593],[-52.04644,-23.421574],[-52.046379,-23.421476],[-52.046322,-23.421393],[-52.046301,-23.421374],[-52.046285,-23.421363],[-52.046256,-23.421356],[-52.04622,-23.421357],[-52.046181,-23.421365],[-52.046134,-23.421376],[-52.046117,-23.421383],[-52.046072,-23.421387],[-52.046041,-23.421384],[-52.046025,-23.421376],[-52.046019,-23.421359],[-52.046003,-23.421203],[-52.045994,-23.421183],[-52.045972,-23.421164],[-52.045933,-23.421138],[-52.045886,-23.42112],[-52.045844,-23.421114],[-52.04579,-23.421119],[-52.045736,-23.421129],[-52.045677,-23.421149],[-52.045628,-23.421166],[-52.045583,-23.421182],[-52.045542,-23.421186],[-52.045512,-23.42117],[-52.045497,-23.421151],[-52.045483,-23.421121],[-52.045471,-23.421097],[-52.04545,-23.421053],[-52.045427,-23.421022],[-52.045387,-23.421004],[-52.045301,-23.420983],[-52.045248,-23.420989],[-52.045199,-23.421021],[-52.045162,-23.421066],[-52.045139,-23.421113],[-52.045105,-23.421135],[-52.04502,-23.421149],[-52.044959,-23.421158],[-52.044897,-23.421151],[-52.044816,-23.421111],[-52.044769,-23.421043],[-52.04473,-23.420925],[-52.044711,-23.420799],[-52.044712,-23.420733],[-52.044711,-23.420646],[-52.044704,-23.420583],[-52.044667,-23.420532],[-52.04459,-23.420462],[-52.044477,-23.420385],[-52.044421,-23.420347],[-52.044393,-23.420307],[-52.044369,-23.420254],[-52.044336,-23.420228],[-52.044284,-23.420223],[-52.044228,-23.420233],[-52.044164,-23.420251],[-52.04411,-23.420266],[-52.044049,-23.420263],[-52.043987,-23.420238],[-52.043883,-23.420172],[-52.043779,-23.420099],[-52.043671,-23.420035],[-52.043567,-23.419987],[-52.043527,-23.41994],[-52.043509,-23.419874],[-52.043506,-23.419767],[-52.043494,-23.41971],[-52.043504,-23.419647],[-52.043533,-23.419598],[-52.043548,-23.419553],[-52.04355,-23.419521],[-52.043516,-23.419448],[-52.043467,-23.419366],[-52.043428,-23.419296],[-52.043414,-23.419245],[-52.0434,-23.419188],[-52.043358,-23.419101],[-52.043343,-23.419043],[-52.043339,-23.418984],[-52.043364,-23.418927],[-52.043408,-23.418871],[-52.043502,-23.418808],[-52.043546,-23.418755],[-52.043592,-23.418661],[-52.043627,-23.418514],[-52.043636,-23.418393],[-52.043637,-23.418301],[-52.043641,-23.418237],[-52.043658,-23.418192],[-52.043672,-23.418168],[-52.043711,-23.418149],[-52.043805,-23.418125],[-52.043892,-23.418123],[-52.044014,-23.418103],[-52.044076,-23.418076],[-52.044109,-23.418026],[-52.04411,-23.417956],[-52.044078,-23.417862],[-52.044059,-23.417803],[-52.04405,-23.417735],[-52.044056,-23.417658],[-52.044078,-23.417585],[-52.044108,-23.417529],[-52.044142,-23.417481],[-52.044165,-23.417434],[-52.044165,-23.4174],[-52.044134,-23.417368],[-52.04409,-23.417347],[-52.044047,-23.41734],[-52.044001,-23.417321],[-52.043957,-23.417288],[-52.043936,-23.417269],[-52.043932,-23.417249],[-52.043939,-23.417217],[-52.043956,-23.417174],[-52.043992,-23.417116],[-52.044001,-23.417075],[-52.044002,-23.417036],[-52.044011,-23.417008],[-52.044038,-23.416985],[-52.044072,-23.416971],[-52.04411,-23.416961],[-52.044145,-23.416958],[-52.044208,-23.416954],[-52.044253,-23.416946],[-52.044283,-23.416925],[-52.044301,-23.41689],[-52.044305,-23.416858],[-52.044297,-23.416828],[-52.044272,-23.416805],[-52.044191,-23.416787],[-52.044095,-23.416777],[-52.044022,-23.416764],[-52.043955,-23.416752],[-52.043907,-23.416731],[-52.043884,-23.416715],[-52.043876,-23.416705],[-52.04387,-23.416689],[-52.043873,-23.416672],[-52.043889,-23.416653],[-52.043949,-23.416613],[-52.044028,-23.416556],[-52.044095,-23.416494],[-52.044132,-23.416454],[-52.044148,-23.416428],[-52.04416,-23.41638],[-52.044176,-23.416336],[-52.044207,-23.416297],[-52.044233,-23.416275],[-52.044246,-23.416233],[-52.044248,-23.416207],[-52.044239,-23.41619],[-52.044238,-23.416173],[-52.044245,-23.416154],[-52.044275,-23.416139],[-52.044307,-23.41612],[-52.044358,-23.416097],[-52.04439,-23.416067],[-52.044406,-23.416011],[-52.044412,-23.415961],[-52.044397,-23.415895],[-52.044392,-23.415808],[-52.044388,-23.415709],[-52.044415,-23.415625],[-52.044456,-23.415575],[-52.04451,-23.415534],[-52.044614,-23.415478],[-52.044762,-23.415354],[-52.044904,-23.415254],[-52.045032,-23.41521],[-52.045293,-23.415194],[-52.045406,-23.415176],[-52.045559,-23.41512],[-52.045669,-23.415025],[-52.045763,-23.414919],[-52.045875,-23.414789],[-52.046015,-23.414589],[-52.046061,-23.414489],[-52.046121,-23.414414],[-52.046159,-23.414358],[-52.04617,-23.414312],[-52.046142,-23.414269],[-52.046068,-23.414213],[-52.046035,-23.414177],[-52.046019,-23.414147],[-52.04603,-23.414106],[-52.046053,-23.414061],[-52.046088,-23.414006],[-52.046206,-23.41386],[-52.046244,-23.413765],[-52.046267,-23.413687],[-52.046297,-23.413556],[-52.04631,-23.413454],[-52.046291,-23.413302],[-52.046278,-23.413166],[-52.046276,-23.413054],[-52.046292,-23.412925],[-52.046317,-23.41282],[-52.046326,-23.412762],[-52.046332,-23.412718],[-52.046346,-23.412676],[-52.046358,-23.412612],[-52.046368,-23.412542],[-52.046362,-23.412461],[-52.046344,-23.412401],[-52.046323,-23.412314],[-52.046329,-23.412216],[-52.046368,-23.412087],[-52.046394,-23.411967],[-52.046387,-23.411892],[-52.046365,-23.411831],[-52.046375,-23.411729],[-52.046393,-23.411709],[-52.04643,-23.41169],[-52.04648,-23.411689],[-52.046503,-23.411668],[-52.046506,-23.411629],[-52.046522,-23.411534],[-52.046494,-23.411438],[-52.046442,-23.411234],[-52.046397,-23.411037],[-52.046386,-23.410959],[-52.046409,-23.410884],[-52.046468,-23.410763],[-52.046476,-23.410564],[-52.046445,-23.410488],[-52.046382,-23.410418],[-52.04633,-23.410322],[-52.046168,-23.410138],[-52.046062,-23.409926],[-52.046009,-23.4097],[-52.045922,-23.409357],[-52.045905,-23.409144],[-52.045795,-23.408894],[-52.045683,-23.408608],[-52.045555,-23.408352],[-52.045462,-23.408054],[-52.045386,-23.407843],[-52.045349,-23.407697],[-52.045244,-23.407563],[-52.045218,-23.407441],[-52.045243,-23.407324],[-52.045234,-23.407245],[-52.045188,-23.407163],[-52.045156,-23.407043],[-52.045122,-23.406887],[-52.045075,-23.406784],[-52.04501,-23.406704],[-52.044958,-23.40661],[-52.044957,-23.406469],[-52.044964,-23.406387],[-52.044987,-23.405816],[-52.044986,-23.405438],[-52.044963,-23.405288],[-52.044702,-23.40489],[-52.04457,-23.404641],[-52.044436,-23.404372],[-52.044365,-23.40416],[-52.044323,-23.403965],[-52.044314,-23.403823],[-52.044313,-23.403682],[-52.044353,-23.40358],[-52.044392,-23.403467],[-52.044422,-23.403385],[-52.044409,-23.403305],[-52.044357,-23.403208],[-52.044299,-23.403125],[-52.044195,-23.402975],[-52.04414,-23.402869],[-52.044114,-23.402771],[-52.044081,-23.402681],[-52.044049,-23.402557],[-52.044037,-23.40249],[-52.044054,-23.402372],[-52.043762,-23.402122],[-52.043333,-23.40186],[-52.043152,-23.401746],[-52.043071,-23.401651],[-52.043002,-23.401453],[-52.042863,-23.401212],[-52.042712,-23.401049],[-52.042543,-23.40088],[-52.042231,-23.400648],[-52.041976,-23.400388],[-52.041766,-23.40007],[-52.041611,-23.399721],[-52.041448,-23.399369],[-52.041292,-23.399128],[-52.041201,-23.398978],[-52.041158,-23.398915],[-52.041107,-23.398842],[-52.041074,-23.398813],[-52.041048,-23.398768],[-52.041044,-23.398728],[-52.041063,-23.398655],[-52.041056,-23.39859],[-52.041033,-23.398555],[-52.040984,-23.398527],[-52.040938,-23.39851],[-52.040911,-23.398477],[-52.040887,-23.398419],[-52.040877,-23.398256],[-52.040864,-23.398172],[-52.040836,-23.398086],[-52.040775,-23.397996],[-52.04071,-23.397918],[-52.040612,-23.397832],[-52.040563,-23.397743],[-52.040517,-23.397688],[-52.040464,-23.397635],[-52.040253,-23.397493],[-52.040176,-23.397422],[-52.04012,-23.397362],[-52.040069,-23.397274],[-52.040036,-23.397202],[-52.040014,-23.397106],[-52.040005,-23.397027],[-52.040019,-23.396947],[-52.04003,-23.39688],[-52.040056,-23.396825],[-52.040045,-23.396765],[-52.040016,-23.396694],[-52.039965,-23.396492],[-52.039955,-23.396361],[-52.039952,-23.396297],[-52.039951,-23.396227],[-52.039964,-23.396148],[-52.039997,-23.396077],[-52.040055,-23.395991],[-52.040165,-23.395849],[-52.040254,-23.395669],[-52.040302,-23.395526],[-52.040358,-23.395454],[-52.040445,-23.395375],[-52.040593,-23.395301],[-52.041069,-23.39514],[-52.041146,-23.395094],[-52.041213,-23.395017],[-52.041297,-23.39482],[-52.041342,-23.39466],[-52.041393,-23.394518],[-52.0415,-23.394324],[-52.041647,-23.394066],[-52.041738,-23.393871],[-52.04178,-23.393779],[-52.041808,-23.393681],[-52.041832,-23.393425],[-52.041915,-23.393183],[-52.042025,-23.392924],[-52.042155,-23.39273],[-52.042293,-23.392575],[-52.042412,-23.392439],[-52.042508,-23.392349],[-52.042692,-23.39218],[-52.0429,-23.392043],[-52.042976,-23.391975],[-52.043075,-23.39187],[-52.043151,-23.39177],[-52.043189,-23.391685],[-52.043254,-23.391538],[-52.043307,-23.3914],[-52.043333,-23.391294],[-52.043359,-23.391081],[-52.043384,-23.390797],[-52.04337,-23.390612],[-52.043355,-23.390423],[-52.043347,-23.390317],[-52.043368,-23.390227],[-52.043394,-23.390179],[-52.04344,-23.39013],[-52.043492,-23.390058],[-52.043519,-23.390002],[-52.043546,-23.389935],[-52.043566,-23.389876],[-52.043606,-23.389812],[-52.043656,-23.38977],[-52.043706,-23.389727],[-52.043778,-23.38967],[-52.043873,-23.389561],[-52.044023,-23.389415],[-52.044041,-23.389373],[-52.044054,-23.389341],[-52.044068,-23.389196],[-52.044066,-23.38906],[-52.044026,-23.388949],[-52.043913,-23.388795],[-52.043784,-23.388526],[-52.043719,-23.388211],[-52.043747,-23.387964],[-52.043774,-23.387679],[-52.043786,-23.387472],[-52.043719,-23.387333],[-52.043572,-23.387071],[-52.043463,-23.386757],[-52.043377,-23.386392],[-52.043337,-23.386249],[-52.04324,-23.386037],[-52.043219,-23.38591],[-52.043238,-23.38575],[-52.043285,-23.38558],[-52.043285,-23.385437],[-52.043264,-23.385299],[-52.043239,-23.385144],[-52.043216,-23.384927],[-52.043198,-23.384774],[-52.043162,-23.384692],[-52.043109,-23.384618],[-52.043018,-23.384456],[-52.042763,-23.384015],[-52.042524,-23.383741],[-52.042441,-23.383618],[-52.042344,-23.383458],[-52.042303,-23.383296],[-52.042286,-23.383179],[-52.042235,-23.383051],[-52.042088,-23.382781],[-52.041942,-23.382579],[-52.041758,-23.382387],[-52.04158,-23.382097],[-52.041473,-23.381992],[-52.041407,-23.381868],[-52.041346,-23.381764],[-52.041268,-23.38157],[-52.041209,-23.381425],[-52.041153,-23.381307],[-52.041011,-23.381081],[-52.040887,-23.380877],[-52.040829,-23.380746],[-52.040684,-23.380519],[-52.040531,-23.380227],[-52.040425,-23.380117],[-52.040346,-23.379945],[-52.04029,-23.379733],[-52.040197,-23.379471]]}},
{"type":"Feature","properties":{"name":"Cór. Pixiricussu"},"geometry":{"type":"LineString","coordinates":[[-52.019825,-23.396455],[-52.019908,-23.395996],[-52.02001,-23.395745],[-52.0202,-23.395451],[-52.020311,-23.395288],[-52.020404,-23.39519],[-52.020492,-23.395121],[-52.02082,-23.394951],[-52.021169,-23.394788],[-52.021489,-23.39468],[-52.021811,-23.394604],[-52.021961,-23.394549],[-52.022076,-23.394508],[-52.022149,-23.394485],[-52.022228,-23.394427],[-52.022278,-23.394353],[-52.022349,-23.394266],[-52.022531,-23.39397],[-52.022578,-23.393907],[-52.022619,-23.393834],[-52.022649,-23.393694],[-52.022639,-23.393541],[-52.022618,-23.393434],[-52.022623,-23.393332],[-52.022638,-23.393233],[-52.022666,-23.393081],[-52.022705,-23.392926],[-52.022755,-23.392764],[-52.022822,-23.392618],[-52.022883,-23.392484],[-52.023039,-23.392239],[-52.023151,-23.392039],[-52.023299,-23.391643],[-52.023351,-23.391437]]}},
{"type":"Feature","properties":{"name":"Cór. Sem Denominação"},"geometry":{"type":"LineString","coordinates":[[-51.856552,-23.322663],[-51.856538,-23.322819],[-51.856535,-23.322862],[-51.856517,-23.3229],[-51.856475,-23.322987],[-51.856383,-23.323179],[-51.856123,-23.323537],[-51.855929,-23.323865],[-51.855874,-23.3242],[-51.855878,-23.324391],[-51.855936,-23.324635],[-51.856141,-23.325102],[-51.856244,-23.325403],[-51.856247,-23.325531],[-51.856241,-23.325918],[-51.856243,-23.326337],[-51.856117,-23.326779],[-51.856061,-23.326989],[-51.855956,-23.327272],[-51.855933,-23.327379],[-51.855912,-23.327481],[-51.855877,-23.32761],[-51.855859,-23.327727],[-51.855925,-23.327868],[-51.85601,-23.327958],[-51.856112,-23.328085],[-51.856247,-23.328205],[-51.856372,-23.328373],[-51.856545,-23.328547],[-51.856745,-23.328682],[-51.856934,-23.328784]]}},
{"type":"Feature","properties":{"name":"Cór. Sem Denominação"},"geometry":{"type":"LineString","coordinates":[[-51.924874,-23.371581],[-51.925118,-23.37141],[-51.925434,-23.371245],[-51.925805,-23.371113],[-51.925977,-23.371039],[-51.926171,-23.370931],[-51.926438,-23.370752],[-51.926567,-23.370636],[-51.926699,-23.370544],[-51.926784,-23.370464],[-51.92687,-23.370398]]}},
{"type":"Feature","properties":{"name":"Cór. Xaréu"},"geometry":{"type":"LineString","coordinates":[[-52.035563,-23.38811],[-52.035616,-23.387888],[-52.035706,-23.387457]]}},
{"type":"Feature","properties":{"name":"Cór. Myosótis"},"geometry":{"type":"LineString","coordinates":[[-51.932778,-23.342211],[-51.932669,-23.342296],[-51.932591,-23.342395],[-51.932532,-23.34248],[-51.932391,-23.342578],[-51.932248,-23.342757],[-51.931955,-23.343013],[-51.931871,-23.343102],[-51.93183,-23.34315],[-51.931786,-23.343205],[-51.931542,-23.343506],[-51.931473,-23.343664],[-51.931405,-23.343804],[-51.931381,-23.343881],[-51.931381,-23.343955],[-51.93139,-23.344006],[-51.931437,-23.344095],[-51.931441,-23.344137],[-51.931435,-23.344173],[-51.931418,-23.344214],[-51.931393,-23.344267],[-51.931347,-23.344369],[-51.931315,-23.344459],[-51.93129,-23.344555],[-51.931254,-23.344618],[-51.931196,-23.344718],[-51.931191,-23.344792],[-51.931222,-23.344855],[-51.931266,-23.344882],[-51.931293,-23.344934],[-51.931292,-23.345015],[-51.93128,-23.345138],[-51.931291,-23.345214],[-51.931296,-23.345371],[-51.931284,-23.345489],[-51.931275,-23.345658],[-51.931286,-23.345761],[-51.931318,-23.345825],[-51.931359,-23.345869],[-51.931446,-23.345878],[-51.931547,-23.34586],[-51.931637,-23.345877],[-51.931651,-23.345901],[-51.931652,-23.345961],[-51.931625,-23.346026],[-51.931591,-23.346108],[-51.931539,-23.346198],[-51.931518,-23.346319],[-51.931529,-23.346414],[-51.931527,-23.346493],[-51.931518,-23.346558],[-51.931483,-23.346627],[-51.931442,-23.346708],[-51.931425,-23.346776],[-51.931429,-23.346824],[-51.931432,-23.346874],[-51.931426,-23.346921],[-51.931439,-23.346965],[-51.931482,-23.347033],[-51.931501,-23.347066],[-51.931501,-23.347108],[-51.931494,-23.347164],[-51.931472,-23.347248],[-51.931448,-23.347312],[-51.931421,-23.347423],[-51.931391,-23.347512],[-51.931376,-23.347584],[-51.931355,-23.347639],[-51.931336,-23.347692],[-51.931319,-23.347759],[-51.931313,-23.347861],[-51.931319,-23.347886],[-51.931339,-23.347919],[-51.931356,-23.347964],[-51.931357,-23.348006],[-51.931349,-23.348034],[-51.931324,-23.348063],[-51.931253,-23.348122],[-51.931224,-23.348161],[-51.931214,-23.348224],[-51.93119,-23.348376],[-51.93118,-23.34851],[-51.931191,-23.348613],[-51.931209,-23.348713],[-51.931197,-23.348791],[-51.931158,-23.348868],[-51.931111,-23.348908],[-51.931075,-23.348962],[-51.930953,-23.349398],[-51.930919,-23.349617],[-51.930911,-23.34973],[-51.930891,-23.349839],[-51.930856,-23.349931],[-51.930832,-23.349991],[-51.930828,-23.350046],[-51.930831,-23.350171],[-51.930833,-23.350241],[-51.930811,-23.350292],[-51.930785,-23.350336],[-51.930778,-23.350364],[-51.930781,-23.350426],[-51.930768,-23.350486],[-51.930736,-23.350556],[-51.930725,-23.350604],[-51.930724,-23.350647],[-51.930745,-23.350684],[-51.930806,-23.350735],[-51.930813,-23.350754],[-51.930813,-23.350779],[-51.930803,-23.350822],[-51.930788,-23.350908],[-51.930768,-23.350959],[-51.930731,-23.350994],[-51.930654,-23.351031],[-51.930627,-23.351048],[-51.93058,-23.351097],[-51.930529,-23.351175],[-51.93046,-23.35131],[-51.930431,-23.351365],[-51.930397,-23.351481],[-51.930365,-23.351674],[-51.93032,-23.35189],[-51.930189,-23.352151],[-51.929834,-23.353019],[-51.929803,-23.353166],[-51.929812,-23.353285],[-51.92983,-23.353405],[-51.929821,-23.353534],[-51.929746,-23.353656],[-51.929675,-23.35378],[-51.929625,-23.354013],[-51.929587,-23.3542],[-51.92952,-23.354354],[-51.929486,-23.354493],[-51.929482,-23.35461],[-51.929473,-23.354821],[-51.929456,-23.355053],[-51.929449,-23.355245],[-51.929451,-23.355341],[-51.929462,-23.355435],[-51.929473,-23.355525],[-51.929488,-23.355562],[-51.92951,-23.355586],[-51.929536,-23.35561],[-51.929554,-23.355649],[-51.929564,-23.355731],[-51.929566,-23.355797],[-51.929525,-23.355871],[-51.929519,-23.355952],[-51.929509,-23.356068],[-51.929503,-23.356144],[-51.929505,-23.356231],[-51.929549,-23.356333],[-51.929555,-23.356405],[-51.929546,-23.356473],[-51.929519,-23.356578],[-51.929493,-23.356712],[-51.929491,-23.356873],[-51.929496,-23.357021],[-51.929497,-23.357131],[-51.929487,-23.357214],[-51.929457,-23.357292],[-51.929443,-23.35735],[-51.929451,-23.357415],[-51.929474,-23.35749],[-51.929518,-23.357542],[-51.929553,-23.357574],[-51.929597,-23.357615],[-51.929619,-23.357658],[-51.929629,-23.357708],[-51.929628,-23.357787],[-51.92961,-23.357889],[-51.929578,-23.357969],[-51.929508,-23.358045],[-51.929486,-23.358096],[-51.929469,-23.358135],[-51.929471,-23.358163],[-51.929489,-23.358181],[-51.929524,-23.35821],[-51.929575,-23.358262],[-51.929619,-23.358335],[-51.929637,-23.358394],[-51.929634,-23.358454],[-51.92963,-23.358539],[-51.929623,-23.358599],[-51.929599,-23.358652],[-51.929568,-23.358684],[-51.929522,-23.358696],[-51.929425,-23.358695],[-51.929361,-23.358699],[-51.929301,-23.358732],[-51.929271,-23.358787],[-51.929265,-23.358896],[-51.92928,-23.359023],[-51.929292,-23.359187],[-51.929266,-23.359311],[-51.929281,-23.359397],[-51.929352,-23.3595],[-51.929402,-23.359596],[-51.92942,-23.359735],[-51.929417,-23.35988],[-51.929348,-23.360076],[-51.92925,-23.36034],[-51.929217,-23.36049],[-51.929199,-23.360607],[-51.929164,-23.360728],[-51.929154,-23.360801],[-51.929156,-23.360874],[-51.929178,-23.360994],[-51.929158,-23.361103],[-51.929165,-23.361184],[-51.929214,-23.361295],[-51.929263,-23.36139],[-51.92928,-23.361458],[-51.929282,-23.36152],[-51.929264,-23.361602],[-51.929245,-23.361666],[-51.929211,-23.361733],[-51.929172,-23.36178],[-51.929121,-23.361809],[-51.929067,-23.361828],[-51.928993,-23.361844],[-51.928931,-23.361857],[-51.928844,-23.361865],[-51.928788,-23.361867],[-51.928726,-23.361889],[-51.928602,-23.361937],[-51.928532,-23.361955],[-51.928417,-23.361985],[-51.928277,-23.362022],[-51.928169,-23.362045],[-51.92811,-23.362059],[-51.928056,-23.362076],[-51.927995,-23.362114],[-51.927949,-23.362175],[-51.927901,-23.362261],[-51.927912,-23.362268],[-51.92782,-23.362376],[-51.927758,-23.362468],[-51.927718,-23.362557],[-51.927705,-23.362632],[-51.927699,-23.362727],[-51.927691,-23.362829],[-51.92767,-23.36291],[-51.927637,-23.362974],[-51.927618,-23.363015],[-51.927591,-23.363073],[-51.927566,-23.363126],[-51.927546,-23.363171],[-51.927551,-23.363219],[-51.927565,-23.363268],[-51.927593,-23.363311],[-51.927657,-23.363355],[-51.927706,-23.363389],[-51.927712,-23.363425],[-51.927695,-23.363449],[-51.927664,-23.363471],[-51.927613,-23.363513],[-51.927551,-23.363607],[-51.927484,-23.363709],[-51.927438,-23.363819],[-51.927424,-23.36389],[-51.927385,-23.364113],[-51.927349,-23.364212],[-51.927297,-23.364284],[-51.927262,-23.364346],[-51.927245,-23.364419],[-51.927238,-23.364791],[-51.927176,-23.364973],[-51.927109,-23.365138],[-51.927044,-23.365398],[-51.927024,-23.365579],[-51.927017,-23.365733],[-51.926964,-23.365883],[-51.926942,-23.366064],[-51.926938,-23.366163],[-51.926927,-23.366219],[-51.926904,-23.366281],[-51.926863,-23.366393],[-51.926802,-23.366556],[-51.926769,-23.366674],[-51.926755,-23.366762],[-51.92675,-23.366911],[-51.926751,-23.367047],[-51.926757,-23.367152],[-51.926758,-23.367242],[-51.926742,-23.367347],[-51.926723,-23.367557],[-51.926732,-23.367655],[-51.926737,-23.367773],[-51.926726,-23.367898],[-51.92672,-23.368094]]}},
{"type":"Feature","properties":{"name":"Rib. Pinguim"},"geometry":{"type":"LineString","coordinates":[[-51.996409,-23.553418],[-51.99649,-23.553381],[-51.996556,-23.553378],[-51.996656,-23.55339],[-51.996765,-23.553404],[-51.996833,-23.553406],[-51.996908,-23.553386],[-51.996995,-23.553335],[-51.997046,-23.553287],[-51.997076,-23.553227],[-51.997082,-23.553142],[-51.997067,-23.553079],[-51.997037,-23.553018],[-51.996997,-23.552969],[-51.996948,-23.55294],[-51.996892,-23.552921],[-51.996844,-23.552927],[-51.99676,-23.552944],[-51.996696,-23.552966],[-51.996664,-23.552974],[-51.996628,-23.552963],[-51.996598,-23.55294],[-51.996581,-23.5529],[-51.996579,-23.552847],[-51.996592,-23.55279],[-51.996619,-23.552748],[-51.996657,-23.552683],[-51.996709,-23.552607],[-51.996732,-23.552528],[-51.996745,-23.552445],[-51.996783,-23.552327],[-51.996834,-23.552212],[-51.99688,-23.552088],[-51.996905,-23.552004],[-51.996926,-23.551916],[-51.99696,-23.551828],[-51.997005,-23.551751],[-51.997044,-23.551651],[-51.997095,-23.551569],[-51.99714,-23.55152],[-51.997177,-23.551507],[-51.99722,-23.55151],[-51.997277,-23.551538],[-51.997334,-23.551568],[-51.997383,-23.551576],[-51.997464,-23.551574],[-51.997519,-23.551561],[-51.997606,-23.551545],[-51.997721,-23.551507],[-51.997802,-23.551456],[-51.997891,-23.551391],[-51.997947,-23.551333],[-51.997982,-23.55124],[-51.997983,-23.551136],[-51.997956,-23.551031],[-51.997903,-23.550926],[-51.997866,-23.550865],[-51.997805,-23.550832],[-51.99773,-23.550807],[-51.997646,-23.550754],[-51.997569,-23.550728],[-51.997522,-23.550695],[-51.997506,-23.550655],[-51.997509,-23.550628],[-51.997518,-23.550573],[-51.997537,-23.550549],[-51.997571,-23.550537],[-51.997599,-23.550528],[-51.99769,-23.55052],[-51.997753,-23.55052],[-51.997815,-23.550518],[-51.997875,-23.550503],[-51.997954,-23.550461],[-51.998009,-23.550424],[-51.998067,-23.550357],[-51.998092,-23.550297],[-51.998116,-23.550221],[-51.998128,-23.550152],[-51.998129,-23.5501],[-51.998124,-23.550054],[-51.998102,-23.550024],[-51.998074,-23.550015],[-51.998008,-23.550002],[-51.997911,-23.550013],[-51.997758,-23.550038],[-51.997657,-23.550047],[-51.997505,-23.55004],[-51.997323,-23.550009],[-51.997193,-23.549969],[-51.997006,-23.549877],[-51.996917,-23.549793],[-51.996887,-23.549751],[-51.996863,-23.549675],[-51.996854,-23.549579],[-51.996857,-23.549498],[-51.996867,-23.549406],[-51.99691,-23.549301],[-51.996965,-23.549187],[-51.997008,-23.549097],[-51.997055,-23.549013],[-51.997086,-23.548926],[-51.997098,-23.548854],[-51.997088,-23.548778],[-51.997068,-23.548679],[-51.997054,-23.548586],[-51.997042,-23.548496],[-51.997041,-23.548434],[-51.99703,-23.548308],[-51.997042,-23.548174],[-51.997065,-23.548088],[-51.997111,-23.54797],[-51.997196,-23.54786],[-51.997262,-23.547785],[-51.997294,-23.54773],[-51.997328,-23.547643],[-51.997361,-23.547556],[-51.997378,-23.547488],[-51.997374,-23.547405],[-51.997338,-23.547323],[-51.997257,-23.547205],[-51.997199,-23.547115],[-51.997149,-23.547028],[-51.997133,-23.546988],[-51.997111,-23.546962],[-51.997077,-23.546946],[-51.997047,-23.546942],[-51.997021,-23.546947],[-51.996982,-23.546984],[-51.996954,-23.547017],[-51.996874,-23.547137],[-51.996808,-23.547225],[-51.996728,-23.547301],[-51.996629,-23.547384],[-51.996585,-23.547413],[-51.99648,-23.547456],[-51.99641,-23.54749],[-51.996313,-23.547551],[-51.99619,-23.547579],[-51.996078,-23.547582],[-51.995971,-23.547568],[-51.995893,-23.547536],[-51.995808,-23.547491],[-51.99574,-23.547441],[-51.995685,-23.547394],[-51.995647,-23.547333],[-51.995622,-23.547251],[-51.995598,-23.547167],[-51.995562,-23.54708],[-51.995525,-23.54703],[-51.995493,-23.547006],[-51.995461,-23.546992],[-51.995408,-23.546995],[-51.995369,-23.547015],[-51.995296,-23.547069],[-51.99526,-23.547114],[-51.995185,-23.547215],[-51.995115,-23.547309],[-51.995016,-23.547439],[-51.994883,-23.547632],[-51.99483,-23.547778],[-51.994803,-23.547839],[-51.994749,-23.547929],[-51.994718,-23.547959],[-51.994685,-23.547969],[-51.994654,-23.547961],[-51.99459,-23.547964],[-51.994528,-23.547979],[-51.994451,-23.548031],[-51.994388,-23.548074],[-51.994304,-23.548129],[-51.994242,-23.54818],[-51.994179,-23.548232],[-51.99414,-23.548297],[-51.994097,-23.54836],[-51.994051,-23.548432],[-51.994016,-23.548517],[-51.993982,-23.548593],[-51.993946,-23.548689],[-51.993904,-23.548737],[-51.993864,-23.548752],[-51.993783,-23.548751],[-51.993724,-23.548734],[-51.993606,-23.548695],[-51.993516,-23.548663],[-51.993454,-23.54863],[-51.993412,-23.548627],[-51.993382,-23.548637],[-51.993348,-23.54867],[-51.993312,-23.548715],[-51.993267,-23.54879],[-51.993208,-23.54887],[-51.993149,-23.548958],[-51.993063,-23.549057],[-51.992973,-23.549148],[-51.992908,-23.549211],[-51.992848,-23.549257],[-51.992807,-23.549284],[-51.992778,-23.549296],[-51.992734,-23.549303],[-51.992674,-23.549286],[-51.992634,-23.549251],[-51.99257,-23.549174],[-51.992513,-23.549054],[-51.992501,-23.548998],[-51.992454,-23.548905],[-51.992405,-23.548817],[-51.992314,-23.548695],[-51.992225,-23.548578],[-51.992136,-23.548461],[-51.992065,-23.548337],[-51.992007,-23.548224],[-51.991932,-23.548088],[-51.991886,-23.548002],[-51.991841,-23.547931],[-51.99178,-23.547868],[-51.991718,-23.547841],[-51.991654,-23.547832],[-51.991554,-23.547845],[-51.991503,-23.547884],[-51.991424,-23.547963],[-51.99134,-23.548079],[-51.991263,-23.548193],[-51.991188,-23.548315],[-51.991131,-23.548431],[-51.99108,-23.548492],[-51.99104,-23.548517],[-51.991011,-23.54852],[-51.990966,-23.548499],[-51.990929,-23.548419],[-51.990892,-23.548335],[-51.990864,-23.548212],[-51.990858,-23.548115],[-51.990843,-23.547947],[-51.990845,-23.547831],[-51.990822,-23.547714],[-51.99078,-23.547626],[-51.990738,-23.547543],[-51.990714,-23.547456],[-51.990721,-23.547388],[-51.990745,-23.547308],[-51.990816,-23.547208],[-51.990892,-23.547139],[-51.990914,-23.547113],[-51.99092,-23.547072],[-51.990909,-23.547006],[-51.990877,-23.546936],[-51.990788,-23.546833],[-51.990721,-23.54676],[-51.990655,-23.546692],[-51.99062,-23.546655],[-51.990587,-23.546635],[-51.990559,-23.546626],[-51.99051,-23.546628],[-51.990438,-23.546646],[-51.990269,-23.546701],[-51.990149,-23.546742],[-51.99,-23.546782],[-51.989928,-23.546808],[-51.989855,-23.546827],[-51.989784,-23.546831],[-51.989705,-23.546821],[-51.989658,-23.546804],[-51.989623,-23.546776],[-51.989588,-23.546731],[-51.989557,-23.546656],[-51.98954,-23.546595],[-51.989539,-23.54653],[-51.989553,-23.546466],[-51.989607,-23.546361],[-51.989659,-23.546275],[-51.989664,-23.546222],[-51.989647,-23.546173],[-51.989609,-23.546114],[-51.989592,-23.546044],[-51.989591,-23.545986],[-51.989602,-23.545946],[-51.989637,-23.54592],[-51.989675,-23.54591],[-51.989745,-23.54592],[-51.989815,-23.545922],[-51.989919,-23.545931],[-51.990005,-23.545922],[-51.990123,-23.545916],[-51.990206,-23.54589],[-51.990285,-23.545847],[-51.990359,-23.54578],[-51.990415,-23.545707],[-51.990448,-23.545663],[-51.990518,-23.545609],[-51.990586,-23.545565],[-51.990681,-23.545501],[-51.990733,-23.545449],[-51.990787,-23.545372],[-51.990838,-23.545279],[-51.990912,-23.545125],[-51.990975,-23.54498],[-51.991025,-23.544889],[-51.991079,-23.544785],[-51.991157,-23.54466],[-51.991218,-23.544533],[-51.991262,-23.544424],[-51.991272,-23.54432],[-51.991254,-23.544254],[-51.991238,-23.544188],[-51.991227,-23.544082],[-51.991232,-23.543968],[-51.991229,-23.54382],[-51.991203,-23.543664],[-51.991186,-23.543565],[-51.991166,-23.543441],[-51.991145,-23.543365],[-51.991108,-23.54331],[-51.991058,-23.543252],[-51.990952,-23.54312],[-51.990909,-23.543059],[-51.990879,-23.542987],[-51.990867,-23.542925],[-51.990861,-23.542857],[-51.990861,-23.542798],[-51.990856,-23.542763],[-51.990839,-23.542736],[-51.99079,-23.542691],[-51.990716,-23.542659],[-51.990639,-23.54262],[-51.990586,-23.542588],[-51.990521,-23.542565],[-51.99046,-23.542553],[-51.990399,-23.542542],[-51.99034,-23.542512],[-51.990273,-23.542492],[-51.990223,-23.542473],[-51.990143,-23.54246],[-51.99006,-23.542449],[-51.989969,-23.542438],[-51.989909,-23.542434],[-51.989815,-23.542447],[-51.989736,-23.542481],[-51.989675,-23.542533],[-51.989641,-23.542586],[-51.989605,-23.542623],[-51.98957,-23.542668],[-51.989556,-23.542714],[-51.989555,-23.542749],[-51.98956,-23.542809],[-51.989572,-23.542873],[-51.989593,-23.542937],[-51.989627,-23.543024],[-51.989659,-23.543097],[-51.989702,-23.543153],[-51.989714,-23.543182],[-51.989719,-23.543225],[-51.989705,-23.54325],[-51.989676,-23.543267],[-51.989624,-23.543271],[-51.989564,-23.543266],[-51.989485,-23.543243],[-51.989407,-23.543211],[-51.989348,-23.543167],[-51.98927,-23.543112],[-51.989176,-23.54305],[-51.989058,-23.542967],[-51.98895,-23.542891],[-51.988865,-23.542805],[-51.988812,-23.54272],[-51.988722,-23.542593],[-51.988658,-23.542518],[-51.988621,-23.542436],[-51.988602,-23.542344],[-51.988592,-23.54222],[-51.988586,-23.542148],[-51.988574,-23.542055],[-51.988529,-23.541981],[-51.988472,-23.541929],[-51.988407,-23.541888],[-51.988332,-23.541871],[-51.988259,-23.541869],[-51.988143,-23.541892],[-51.988055,-23.541947],[-51.987957,-23.542024],[-51.987907,-23.542063],[-51.987846,-23.542097],[-51.987784,-23.542133],[-51.987718,-23.542166],[-51.987655,-23.542176],[-51.9876,-23.542159],[-51.987455,-23.542088],[-51.987297,-23.542012],[-51.987198,-23.54195],[-51.987098,-23.541883],[-51.987001,-23.541849],[-51.986921,-23.541843],[-51.986833,-23.541866],[-51.986782,-23.541897],[-51.986734,-23.541952],[-51.986697,-23.542049],[-51.986669,-23.542172],[-51.986634,-23.54229],[-51.986576,-23.542425],[-51.986496,-23.542552],[-51.986423,-23.542639],[-51.986354,-23.542684],[-51.986235,-23.54272],[-51.986113,-23.542749],[-51.985978,-23.542737],[-51.985866,-23.542686],[-51.985771,-23.542615],[-51.985692,-23.542552],[-51.985604,-23.542478],[-51.985527,-23.542401],[-51.985493,-23.542348],[-51.985484,-23.542292],[-51.985494,-23.542224],[-51.985527,-23.542135],[-51.985565,-23.54203],[-51.985583,-23.541951],[-51.985585,-23.541859],[-51.985581,-23.541774],[-51.985563,-23.541699],[-51.985537,-23.541667],[-51.985453,-23.541615],[-51.985395,-23.541559],[-51.985366,-23.541498],[-51.985359,-23.541441],[-51.985374,-23.541379],[-51.985407,-23.541276],[-51.985455,-23.541212],[-51.985499,-23.541181],[-51.985543,-23.541157],[-51.985595,-23.541123],[-51.98563,-23.541077],[-51.985654,-23.541027],[-51.985684,-23.54096],[-51.985706,-23.540874],[-51.985708,-23.540783],[-51.985704,-23.540678],[-51.98569,-23.540544],[-51.985672,-23.54042],[-51.985654,-23.540262],[-51.985653,-23.540195],[-51.985652,-23.540124],[-51.985636,-23.540063],[-51.985591,-23.54],[-51.985524,-23.539932],[-51.985454,-23.539858],[-51.985368,-23.539796],[-51.985325,-23.539748],[-51.985298,-23.539681],[-51.985302,-23.53963],[-51.985322,-23.539594],[-51.985367,-23.539559],[-51.985445,-23.539509],[-51.985486,-23.539471],[-51.985501,-23.539418],[-51.985498,-23.539332],[-51.985486,-23.539244],[-51.985452,-23.539195],[-51.98538,-23.539153],[-51.985225,-23.539075],[-51.98503,-23.539008],[-51.98482,-23.538918],[-51.984674,-23.538863],[-51.984565,-23.538809],[-51.984403,-23.538708],[-51.984294,-23.538652],[-51.984211,-23.538602],[-51.984146,-23.538555],[-51.984102,-23.538498],[-51.984092,-23.538449],[-51.984102,-23.538409],[-51.984134,-23.538374],[-51.984178,-23.538338],[-51.9843,-23.538253],[-51.984371,-23.538197],[-51.984448,-23.538125],[-51.984498,-23.538063],[-51.984532,-23.538007],[-51.984549,-23.537909],[-51.984539,-23.537827],[-51.984504,-23.53776],[-51.984459,-23.537698],[-51.984414,-23.537664],[-51.984386,-23.537643],[-51.984364,-23.537637],[-51.984328,-23.537632],[-51.984251,-23.537642],[-51.984199,-23.537651],[-51.984136,-23.537663],[-51.984068,-23.537671],[-51.984001,-23.537675],[-51.983927,-23.537679],[-51.983858,-23.537688],[-51.983784,-23.5377],[-51.983726,-23.537717],[-51.983649,-23.537741],[-51.983561,-23.537762],[-51.983475,-23.537788],[-51.983408,-23.53781],[-51.983331,-23.537846],[-51.983263,-23.537881],[-51.983205,-23.537905],[-51.983131,-23.537925],[-51.983045,-23.53794],[-51.982971,-23.537941],[-51.982885,-23.537928],[-51.982809,-23.537904],[-51.98274,-23.537854],[-51.982691,-23.537795],[-51.982674,-23.537744],[-51.982672,-23.537694],[-51.982678,-23.537647],[-51.982684,-23.5376],[-51.982679,-23.537573],[-51.982659,-23.537553],[-51.982603,-23.537521],[-51.982504,-23.537484],[-51.98241,-23.537465],[-51.982335,-23.537447],[-51.982251,-23.53742],[-51.982179,-23.537391],[-51.982119,-23.537365],[-51.982074,-23.537334],[-51.982017,-23.537283],[-51.981966,-23.5372],[-51.981897,-23.537124],[-51.981804,-23.53704],[-51.981703,-23.536976],[-51.981627,-23.536942],[-51.981537,-23.536923],[-51.981471,-23.536929],[-51.981392,-23.536957],[-51.981339,-23.537011],[-51.981302,-23.537057],[-51.98124,-23.537086],[-51.981157,-23.537115],[-51.981,-23.537116],[-51.980914,-23.537094],[-51.980848,-23.537061],[-51.980793,-23.536997],[-51.98078,-23.53692],[-51.980815,-23.536826],[-51.980854,-23.536733],[-51.980934,-23.536615],[-51.98102,-23.536493],[-51.981081,-23.536397],[-51.981139,-23.536304],[-51.981202,-23.53621],[-51.981235,-23.536132],[-51.981245,-23.536042],[-51.981244,-23.535952],[-51.981208,-23.535864],[-51.981114,-23.535739],[-51.981055,-23.535632],[-51.981023,-23.535548],[-51.981014,-23.535445],[-51.98103,-23.535368],[-51.98105,-23.535267],[-51.981101,-23.535119],[-51.981162,-23.53502],[-51.981255,-23.534954],[-51.981336,-23.534896],[-51.981447,-23.5348],[-51.981564,-23.534694],[-51.981655,-23.534571],[-51.981716,-23.534487],[-51.981742,-23.5344],[-51.981727,-23.534314],[-51.98169,-23.534271],[-51.981633,-23.534244],[-51.981534,-23.534222],[-51.98143,-23.53424],[-51.981308,-23.534288],[-51.981126,-23.534372],[-51.980984,-23.534432],[-51.980837,-23.534467],[-51.980744,-23.534495],[-51.980625,-23.534523],[-51.980523,-23.534508],[-51.980452,-23.534468],[-51.980356,-23.534385],[-51.980291,-23.53429],[-51.980243,-23.534185],[-51.980173,-23.534057],[-51.980087,-23.533937],[-51.979998,-23.533859],[-51.979964,-23.533795],[-51.979942,-23.533682],[-51.979942,-23.53356],[-51.979964,-23.533468],[-51.980029,-23.533381],[-51.980089,-23.533324],[-51.980138,-23.533249],[-51.980146,-23.533166],[-51.980108,-23.533069],[-51.980038,-23.532921],[-51.980025,-23.532817],[-51.980045,-23.532689],[-51.980063,-23.532569],[-51.980039,-23.532475],[-51.979977,-23.532414],[-51.979868,-23.532344],[-51.979781,-23.532286],[-51.979741,-23.5322],[-51.979749,-23.532125],[-51.979779,-23.531984],[-51.979782,-23.531873],[-51.979742,-23.531768],[-51.979654,-23.531676],[-51.979558,-23.531604],[-51.979462,-23.531563],[-51.979386,-23.531565],[-51.97928,-23.53161],[-51.979204,-23.531658],[-51.97913,-23.531693],[-51.979024,-23.53173],[-51.97896,-23.531744],[-51.978908,-23.531744],[-51.978873,-23.531725],[-51.978831,-23.531678],[-51.978811,-23.531584],[-51.978805,-23.531489],[-51.97883,-23.53133],[-51.978873,-23.531209],[-51.978922,-23.531096],[-51.979014,-23.53099],[-51.979117,-23.5309],[-51.979177,-23.53085],[-51.979251,-23.530714],[-51.979333,-23.530558],[-51.979443,-23.530366],[-51.979519,-23.530221],[-51.979609,-23.530073],[-51.97965,-23.529988],[-51.979666,-23.52991],[-51.979663,-23.529832],[-51.97964,-23.529753],[-51.979585,-23.529683],[-51.979572,-23.529597],[-51.979586,-23.529526],[-51.979644,-23.529444],[-51.979732,-23.529367],[-51.979821,-23.529274],[-51.979895,-23.529209],[-51.979969,-23.529174],[-51.980036,-23.529172],[-51.980081,-23.529196],[-51.980146,-23.529247],[-51.980248,-23.529335],[-51.98033,-23.529392],[-51.980469,-23.529431],[-51.980602,-23.529451],[-51.980749,-23.529462],[-51.980851,-23.529469],[-51.98094,-23.529472],[-51.981004,-23.529471],[-51.981062,-23.529465],[-51.981097,-23.529448],[-51.981113,-23.529408],[-51.981105,-23.529368],[-51.981078,-23.529337],[-51.981067,-23.52931],[-51.981077,-23.529255],[-51.981134,-23.529176],[-51.981215,-23.529103],[-51.981308,-23.529028],[-51.981392,-23.528958],[-51.981452,-23.528887],[-51.981501,-23.528826],[-51.981519,-23.52877],[-51.98151,-23.528707],[-51.98146,-23.528639],[-51.981358,-23.528557],[-51.981247,-23.528464],[-51.981185,-23.528371],[-51.981155,-23.528291],[-51.981129,-23.528194],[-51.981145,-23.528088],[-51.98119,-23.52801],[-51.981281,-23.527925],[-51.981367,-23.52784],[-51.981445,-23.527765],[-51.981513,-23.5277],[-51.981602,-23.527621],[-51.981678,-23.527548],[-51.981754,-23.527484],[-51.981808,-23.527449],[-51.981901,-23.527407],[-51.981986,-23.527357],[-51.982052,-23.527304],[-51.982109,-23.527262],[-51.982169,-23.527222],[-51.982234,-23.52716],[-51.982238,-23.527108],[-51.982235,-23.527049],[-51.982222,-23.526988],[-51.982189,-23.526931],[-51.982134,-23.526868],[-51.982084,-23.526808],[-51.982029,-23.526762],[-51.981973,-23.526731],[-51.981915,-23.52671],[-51.981844,-23.526696],[-51.981768,-23.526685],[-51.981714,-23.526658],[-51.981669,-23.526631],[-51.981641,-23.526598],[-51.981614,-23.526538],[-51.981587,-23.526484],[-51.981555,-23.526444],[-51.981543,-23.526377],[-51.981515,-23.526287],[-51.981512,-23.526242],[-51.981511,-23.526174],[-51.981516,-23.526085],[-51.981528,-23.525929],[-51.981539,-23.525811],[-51.981571,-23.525735],[-51.981612,-23.525637],[-51.981628,-23.525541],[-51.98167,-23.525434],[-51.981712,-23.525372],[-51.981727,-23.525324],[-51.981732,-23.525225],[-51.981736,-23.525128],[-51.981749,-23.525061],[-51.981775,-23.525],[-51.981808,-23.524923],[-51.981824,-23.52479],[-51.981829,-23.524718],[-51.981822,-23.52462],[-51.981811,-23.524567],[-51.981786,-23.524508],[-51.98172,-23.524417],[-51.981645,-23.524328],[-51.981615,-23.524295],[-51.98157,-23.524259],[-51.981357,-23.524038],[-51.981298,-23.523954],[-51.981238,-23.523884],[-51.981165,-23.52379],[-51.981114,-23.52371],[-51.981051,-23.52362],[-51.980999,-23.523541],[-51.980977,-23.52346],[-51.980988,-23.523375],[-51.980996,-23.523311],[-51.981023,-23.523202],[-51.981084,-23.523119],[-51.981113,-23.523081],[-51.981154,-23.52298],[-51.981203,-23.522841],[-51.981231,-23.522732],[-51.981249,-23.52264],[-51.98128,-23.522576],[-51.98134,-23.522508],[-51.981409,-23.522462],[-51.98149,-23.52242],[-51.981597,-23.522398],[-51.981681,-23.522378],[-51.981773,-23.522365],[-51.98183,-23.522362],[-51.981896,-23.522365],[-51.981962,-23.522375],[-51.982014,-23.522378],[-51.982051,-23.522373],[-51.982086,-23.52235],[-51.982132,-23.522312],[-51.982189,-23.522259],[-51.982229,-23.522217],[-51.982249,-23.522171],[-51.98226,-23.522106],[-51.982226,-23.522041],[-51.982186,-23.521963],[-51.982156,-23.521875],[-51.98213,-23.521767],[-51.98212,-23.521681],[-51.982102,-23.521567],[-51.982092,-23.521416],[-51.982094,-23.521309],[-51.982115,-23.521176],[-51.982157,-23.521011],[-51.982206,-23.520879],[-51.982255,-23.520731],[-51.982308,-23.52062],[-51.982375,-23.520532],[-51.982432,-23.520489],[-51.982511,-23.520445],[-51.982656,-23.520372],[-51.982835,-23.52028],[-51.982954,-23.520203],[-51.983068,-23.52011],[-51.983162,-23.520024],[-51.983246,-23.519939],[-51.983326,-23.519868],[-51.983397,-23.519793],[-51.983454,-23.519715],[-51.983534,-23.519627],[-51.983583,-23.519562],[-51.9836,-23.519513],[-51.983604,-23.519465],[-51.983598,-23.519435],[-51.983579,-23.519426],[-51.983525,-23.519424],[-51.983399,-23.519433],[-51.983319,-23.519435],[-51.983196,-23.519428],[-51.983117,-23.519406],[-51.983019,-23.519378],[-51.982945,-23.51934],[-51.982912,-23.519295],[-51.982898,-23.519232],[-51.982894,-23.519172],[-51.982897,-23.519111],[-51.982908,-23.519059],[-51.982921,-23.519026],[-51.982923,-23.518996],[-51.982921,-23.518973],[-51.98291,-23.518958],[-51.982896,-23.518941],[-51.982868,-23.518934],[-51.98282,-23.518942],[-51.982767,-23.518956],[-51.982686,-23.518963],[-51.982571,-23.518971],[-51.982355,-23.518943],[-51.982205,-23.518917],[-51.982015,-23.518877],[-51.981867,-23.518827],[-51.981749,-23.518779],[-51.981652,-23.518754],[-51.981531,-23.518735],[-51.981445,-23.518727],[-51.98137,-23.5187],[-51.981311,-23.518646],[-51.981231,-23.518543],[-51.981213,-23.518485],[-51.981192,-23.518367],[-51.98119,-23.518263],[-51.981174,-23.518185],[-51.981137,-23.518101],[-51.981105,-23.518008],[-51.981094,-23.517929],[-51.981114,-23.517858],[-51.981165,-23.517769],[-51.981211,-23.517704],[-51.981307,-23.517637],[-51.981405,-23.517583],[-51.981518,-23.517518],[-51.981588,-23.517456],[-51.981603,-23.517386],[-51.981582,-23.517322],[-51.981519,-23.517274],[-51.981446,-23.517246],[-51.981376,-23.51722],[-51.981322,-23.517187],[-51.981293,-23.517147],[-51.981285,-23.517097],[-51.98131,-23.517027],[-51.981382,-23.51695],[-51.981444,-23.516854],[-51.981473,-23.516787],[-51.981478,-23.516732],[-51.981463,-23.516694],[-51.981405,-23.516655],[-51.981307,-23.516636],[-51.981166,-23.516584],[-51.98109,-23.516547],[-51.981021,-23.516516],[-51.980994,-23.516471],[-51.980986,-23.516424],[-51.980986,-23.516361],[-51.981007,-23.516283],[-51.981025,-23.516215],[-51.981031,-23.516127],[-51.981035,-23.516019],[-51.981039,-23.515943],[-51.981038,-23.515878],[-51.98101,-23.515807],[-51.980972,-23.515759],[-51.980919,-23.515716],[-51.98085,-23.515672],[-51.980761,-23.515644],[-51.98071,-23.51563],[-51.980666,-23.515613],[-51.980635,-23.515585],[-51.980627,-23.515539],[-51.98062,-23.515476],[-51.980625,-23.51544],[-51.980633,-23.515352],[-51.980636,-23.515253],[-51.980635,-23.515166],[-51.980609,-23.515083],[-51.980569,-23.515033],[-51.980498,-23.51497],[-51.980417,-23.514906],[-51.980342,-23.514866],[-51.980296,-23.514851],[-51.980221,-23.51485],[-51.980142,-23.514861],[-51.980049,-23.514907],[-51.979972,-23.514943],[-51.979898,-23.514969],[-51.979821,-23.515014],[-51.979721,-23.515078],[-51.979644,-23.51515],[-51.979594,-23.515199],[-51.979561,-23.515253],[-51.979543,-23.515303],[-51.979541,-23.515351],[-51.979548,-23.515381],[-51.97959,-23.515413],[-51.979646,-23.515447],[-51.979707,-23.51548],[-51.979782,-23.515512],[-51.979837,-23.515525],[-51.979892,-23.515546],[-51.979928,-23.51557],[-51.979952,-23.515593],[-51.979963,-23.515613],[-51.979961,-23.515643],[-51.979944,-23.515683],[-51.979907,-23.515726],[-51.979854,-23.515758],[-51.979808,-23.515774],[-51.979747,-23.515784],[-51.979663,-23.515797],[-51.97953,-23.51581],[-51.979398,-23.515816],[-51.979312,-23.515811],[-51.979268,-23.515791],[-51.979231,-23.51575],[-51.979201,-23.515712],[-51.979172,-23.515676],[-51.979132,-23.515646],[-51.979101,-23.515628],[-51.979062,-23.515616],[-51.979021,-23.515611],[-51.978946,-23.515602],[-51.978893,-23.515598],[-51.978815,-23.51561],[-51.978745,-23.515623],[-51.978697,-23.515643],[-51.978657,-23.515663],[-51.978594,-23.515707],[-51.978564,-23.51574],[-51.97852,-23.515775],[-51.978482,-23.515805],[-51.978424,-23.515828],[-51.978363,-23.515833],[-51.978295,-23.515822],[-51.978209,-23.515805],[-51.97814,-23.515766],[-51.978065,-23.515725],[-51.978017,-23.515691],[-51.977962,-23.515665],[-51.977897,-23.51564],[-51.977833,-23.515614],[-51.977787,-23.515585],[-51.977734,-23.515566],[-51.97765,-23.515542],[-51.977592,-23.515529],[-51.977509,-23.515532],[-51.977384,-23.515543],[-51.977296,-23.515555],[-51.977248,-23.515559],[-51.977153,-23.515575],[-51.977053,-23.515622],[-51.97694,-23.515674],[-51.976861,-23.515732],[-51.976783,-23.515815],[-51.976732,-23.515886],[-51.976689,-23.515957],[-51.976665,-23.516032],[-51.976657,-23.516157],[-51.976662,-23.516256],[-51.976699,-23.51637],[-51.976754,-23.516467],[-51.976776,-23.516553],[-51.976766,-23.516618],[-51.976706,-23.516697],[-51.976683,-23.516737],[-51.976663,-23.516788],[-51.976657,-23.516874],[-51.976669,-23.51696],[-51.976674,-23.51705],[-51.976675,-23.51714],[-51.976674,-23.517229],[-51.976659,-23.517328],[-51.976643,-23.51743],[-51.976624,-23.517577],[-51.976609,-23.517664],[-51.976597,-23.517722],[-51.976588,-23.517802],[-51.976583,-23.517925],[-51.976585,-23.518051],[-51.976584,-23.518142],[-51.976588,-23.518246],[-51.976576,-23.518321],[-51.97655,-23.518409],[-51.97652,-23.518526],[-51.976518,-23.518579],[-51.976526,-23.518618],[-51.976555,-23.518645],[-51.976582,-23.518658],[-51.97661,-23.518661],[-51.976635,-23.518649],[-51.976667,-23.518619],[-51.976704,-23.518573],[-51.976741,-23.518522],[-51.976808,-23.518479],[-51.976868,-23.518461],[-51.976913,-23.518452],[-51.976963,-23.518459],[-51.976991,-23.518483],[-51.97701,-23.518518],[-51.97704,-23.51857],[-51.977051,-23.518628],[-51.977044,-23.518701],[-51.977012,-23.51879],[-51.976933,-23.518891],[-51.976884,-23.518941],[-51.976852,-23.518993],[-51.976832,-23.519052],[-51.976818,-23.519112],[-51.976794,-23.51923],[-51.9768,-23.519312],[-51.976822,-23.519373],[-51.976863,-23.519422],[-51.976969,-23.519487],[-51.977092,-23.519545],[-51.977223,-23.519613],[-51.977314,-23.519654],[-51.977365,-23.519697],[-51.977383,-23.519748],[-51.977368,-23.519801],[-51.977323,-23.519866],[-51.977279,-23.51993],[-51.977249,-23.51999],[-51.977227,-23.520052],[-51.977236,-23.520103],[-51.977266,-23.520165],[-51.977299,-23.520198],[-51.977379,-23.520216],[-51.977432,-23.520221],[-51.977478,-23.520232],[-51.977513,-23.520262],[-51.977526,-23.520315],[-51.977535,-23.520375],[-51.977528,-23.520427],[-51.977508,-23.520477],[-51.977471,-23.520523],[-51.977392,-23.5206],[-51.97729,-23.520645],[-51.977197,-23.520693],[-51.977086,-23.520775],[-51.977004,-23.520842],[-51.976927,-23.520903],[-51.976855,-23.520966],[-51.976795,-23.521018],[-51.976739,-23.521046],[-51.976668,-23.521068],[-51.976606,-23.521057],[-51.976546,-23.52101],[-51.976491,-23.520937],[-51.976447,-23.520853],[-51.97642,-23.520788],[-51.976407,-23.520729],[-51.976405,-23.520659],[-51.976405,-23.520605],[-51.97638,-23.520539],[-51.976326,-23.520479],[-51.976264,-23.520425],[-51.976162,-23.520365],[-51.976084,-23.520339],[-51.976003,-23.520313],[-51.975902,-23.520294],[-51.975832,-23.520257],[-51.975763,-23.520204],[-51.975682,-23.52015],[-51.975621,-23.520108],[-51.975594,-23.520088],[-51.975546,-23.520077],[-51.975513,-23.52007],[-51.975468,-23.520082],[-51.975417,-23.520103],[-51.975284,-23.520166],[-51.975174,-23.520225],[-51.975,-23.520317],[-51.974862,-23.520388],[-51.974754,-23.52043],[-51.974673,-23.520455],[-51.974594,-23.52046],[-51.974525,-23.520444],[-51.974489,-23.520415],[-51.974452,-23.520379],[-51.974439,-23.52034],[-51.97444,-23.52028],[-51.974482,-23.52022],[-51.974523,-23.520178],[-51.974562,-23.52013],[-51.974583,-23.520081],[-51.974589,-23.520023],[-51.974587,-23.519984],[-51.974568,-23.519948],[-51.974501,-23.519894],[-51.974456,-23.519864],[-51.974386,-23.519827],[-51.974292,-23.519783],[-51.974211,-23.51974],[-51.974108,-23.519704],[-51.97396,-23.519661],[-51.973868,-23.519643],[-51.973698,-23.519617],[-51.973566,-23.519594],[-51.973418,-23.519593],[-51.973237,-23.519614],[-51.973094,-23.519653],[-51.972987,-23.519701],[-51.972858,-23.519726],[-51.972718,-23.51974],[-51.972575,-23.519776],[-51.972433,-23.519844],[-51.972369,-23.519874],[-51.972326,-23.519888],[-51.972245,-23.51991],[-51.972127,-23.519942],[-51.972056,-23.519965],[-51.972019,-23.52],[-51.972,-23.52004],[-51.971971,-23.520109],[-51.971949,-23.520208],[-51.971934,-23.520273],[-51.971903,-23.520323],[-51.97186,-23.520351],[-51.971796,-23.520367],[-51.971698,-23.520363],[-51.971566,-23.520365],[-51.971428,-23.520392],[-51.971293,-23.52044],[-51.971139,-23.520494],[-51.971034,-23.520529],[-51.970863,-23.520571],[-51.970717,-23.520616],[-51.970582,-23.520673],[-51.970404,-23.520741],[-51.970264,-23.520787],[-51.970181,-23.520819],[-51.970056,-23.520844],[-51.969977,-23.52086],[-51.969927,-23.520845],[-51.96991,-23.520815],[-51.969913,-23.52078],[-51.969943,-23.520708],[-51.969992,-23.520609],[-51.970029,-23.520462],[-51.970052,-23.520299],[-51.970055,-23.520197],[-51.970053,-23.520141],[-51.970029,-23.520068],[-51.970002,-23.51999],[-51.969953,-23.51993],[-51.969883,-23.519878],[-51.969808,-23.519852],[-51.96978,-23.519827],[-51.969741,-23.519812],[-51.969705,-23.519809],[-51.969662,-23.519812],[-51.96962,-23.519816],[-51.96959,-23.519819],[-51.96955,-23.519807],[-51.969524,-23.519769],[-51.969498,-23.519702],[-51.969469,-23.519597],[-51.969449,-23.519505],[-51.969413,-23.519398],[-51.969375,-23.519325],[-51.969314,-23.519252],[-51.96927,-23.519223],[-51.969208,-23.519213],[-51.969157,-23.519212],[-51.96911,-23.519204],[-51.969077,-23.519185],[-51.96905,-23.519154],[-51.969041,-23.519115],[-51.969042,-23.519065],[-51.969071,-23.519033],[-51.969105,-23.519016],[-51.969139,-23.518987],[-51.969147,-23.518954],[-51.969148,-23.518905],[-51.969146,-23.518843],[-51.969146,-23.518788],[-51.969148,-23.518673],[-51.969149,-23.518564],[-51.969136,-23.518504],[-51.969108,-23.518458],[-51.96907,-23.518424],[-51.968989,-23.518391],[-51.968916,-23.518369],[-51.96885,-23.518332],[-51.968773,-23.518272],[-51.968697,-23.518205],[-51.968654,-23.518141],[-51.968629,-23.518085],[-51.968591,-23.518015],[-51.968553,-23.517962],[-51.968522,-23.5179],[-51.968491,-23.517864],[-51.968467,-23.51784],[-51.968453,-23.517801],[-51.968417,-23.517765],[-51.968375,-23.517741],[-51.968334,-23.51774],[-51.968248,-23.517719],[-51.968192,-23.517707],[-51.968149,-23.517705],[-51.968105,-23.51771],[-51.968059,-23.517728],[-51.967963,-23.517748],[-51.967916,-23.517751],[-51.967846,-23.517745],[-51.967779,-23.517731],[-51.96772,-23.517712],[-51.967677,-23.517674],[-51.96766,-23.517644],[-51.967658,-23.5176],[-51.967663,-23.517542],[-51.96769,-23.517476],[-51.967722,-23.517394],[-51.967752,-23.517299],[-51.96778,-23.517222],[-51.967851,-23.517128],[-51.967883,-23.517062],[-51.967915,-23.517042],[-51.967943,-23.516994],[-51.967964,-23.516937],[-51.967991,-23.516904],[-51.968026,-23.516873],[-51.968055,-23.516817],[-51.968059,-23.516754],[-51.96806,-23.516677],[-51.96806,-23.516618],[-51.968064,-23.516579],[-51.968083,-23.516539],[-51.96809,-23.516478],[-51.968094,-23.516421],[-51.968078,-23.516372],[-51.968045,-23.51631],[-51.968036,-23.516271],[-51.968004,-23.51625],[-51.967958,-23.516236],[-51.967892,-23.516203],[-51.967839,-23.516163],[-51.967777,-23.516143],[-51.967707,-23.516128],[-51.967661,-23.5161],[-51.967624,-23.516068],[-51.967594,-23.516039],[-51.967577,-23.516011],[-51.967562,-23.51597],[-51.967554,-23.515905],[-51.967555,-23.515818],[-51.967556,-23.515732],[-51.967554,-23.51567],[-51.967551,-23.515636],[-51.96754,-23.515613],[-51.967496,-23.515606],[-51.967378,-23.515611],[-51.9673,-23.515612],[-51.967215,-23.515612],[-51.967179,-23.515601],[-51.967109,-23.515563],[-51.967065,-23.515528],[-51.967022,-23.51547],[-51.966972,-23.515361],[-51.966869,-23.515194],[-51.966799,-23.515099],[-51.96675,-23.515011],[-51.966726,-23.514887],[-51.966724,-23.514811],[-51.966762,-23.514722],[-51.966825,-23.51466],[-51.966899,-23.514609],[-51.967033,-23.514549],[-51.967177,-23.514487],[-51.967273,-23.514415],[-51.967339,-23.51433],[-51.967407,-23.514275],[-51.967464,-23.514228],[-51.96754,-23.514202],[-51.967635,-23.514193],[-51.967772,-23.514188],[-51.96787,-23.514203],[-51.967982,-23.514221],[-51.968075,-23.514229],[-51.968206,-23.514237],[-51.968302,-23.51424],[-51.968402,-23.51421],[-51.968487,-23.514156],[-51.968547,-23.514098],[-51.968585,-23.514048],[-51.968605,-23.513988],[-51.968599,-23.513936],[-51.96855,-23.513865],[-51.968475,-23.513778],[-51.968371,-23.513682],[-51.968323,-23.513604],[-51.968295,-23.513506],[-51.968289,-23.513438],[-51.968256,-23.513273],[-51.968215,-23.513168],[-51.968194,-23.51308],[-51.968161,-23.513002],[-51.968144,-23.512974],[-51.96812,-23.512958],[-51.968089,-23.512958],[-51.968046,-23.512964],[-51.967993,-23.512989],[-51.967931,-23.513017],[-51.967902,-23.513031],[-51.967858,-23.513055],[-51.967815,-23.513052],[-51.967769,-23.513029],[-51.967693,-23.512988],[-51.967622,-23.512904],[-51.967575,-23.512821],[-51.96755,-23.512734],[-51.967508,-23.512617],[-51.96747,-23.512514],[-51.96742,-23.512416],[-51.967391,-23.51232],[-51.967358,-23.512223],[-51.967357,-23.512153],[-51.967383,-23.512092],[-51.967426,-23.512019],[-51.967486,-23.511905],[-51.967546,-23.511789],[-51.967595,-23.511667],[-51.967647,-23.511545],[-51.967677,-23.511428],[-51.967716,-23.511292],[-51.967757,-23.511169],[-51.967827,-23.510971],[-51.967887,-23.510798],[-51.967957,-23.510624],[-51.967995,-23.510492],[-51.968004,-23.510379],[-51.96797,-23.510239],[-51.967885,-23.510048],[-51.967835,-23.509869],[-51.96784,-23.509747],[-51.967895,-23.509636],[-51.967991,-23.509521],[-51.968099,-23.509422],[-51.968184,-23.509312],[-51.968235,-23.509173],[-51.968239,-23.509048],[-51.968235,-23.508903],[-51.968247,-23.508745],[-51.968275,-23.508623],[-51.968331,-23.508505],[-51.968408,-23.508383],[-51.968433,-23.508297],[-51.968448,-23.508206],[-51.968455,-23.50811],[-51.968475,-23.508014],[-51.968498,-23.507952],[-51.96856,-23.507885],[-51.968642,-23.507851],[-51.968756,-23.507829],[-51.968953,-23.507801],[-51.969056,-23.507791],[-51.969157,-23.507769],[-51.969243,-23.507737],[-51.969309,-23.507672],[-51.969356,-23.50761],[-51.969391,-23.507524],[-51.969396,-23.507447],[-51.969364,-23.507354],[-51.969291,-23.507261],[-51.969191,-23.507111],[-51.96911,-23.506971],[-51.969044,-23.506859],[-51.968979,-23.506771],[-51.968921,-23.50669],[-51.968835,-23.506559],[-51.968791,-23.506486],[-51.968735,-23.506401],[-51.968711,-23.506364],[-51.968681,-23.506311],[-51.96866,-23.506252],[-51.968635,-23.506217],[-51.968611,-23.506203],[-51.968589,-23.506182],[-51.968565,-23.506138],[-51.968531,-23.506068],[-51.968489,-23.506011],[-51.968451,-23.505956],[-51.968398,-23.505884],[-51.968349,-23.505837],[-51.968299,-23.50578],[-51.968239,-23.505738],[-51.96816,-23.505676],[-51.968088,-23.505626],[-51.968033,-23.505598],[-51.968,-23.505581],[-51.967951,-23.505571],[-51.967907,-23.505568],[-51.967855,-23.505558],[-51.967817,-23.505542],[-51.967765,-23.505503],[-51.967726,-23.505483],[-51.967702,-23.505473],[-51.967683,-23.505445],[-51.967664,-23.505413],[-51.967639,-23.505396],[-51.967604,-23.50539],[-51.967589,-23.505382],[-51.96758,-23.505361],[-51.96754,-23.505305],[-51.967497,-23.505264],[-51.96745,-23.505217],[-51.967404,-23.505173],[-51.96738,-23.505144],[-51.967358,-23.505134],[-51.967327,-23.505129],[-51.96731,-23.505127],[-51.967257,-23.505102],[-51.967137,-23.505056],[-51.967068,-23.505024],[-51.966956,-23.504975],[-51.96686,-23.504933],[-51.966766,-23.504893],[-51.966727,-23.504852],[-51.966707,-23.504806],[-51.966698,-23.504743],[-51.966688,-23.504648],[-51.966674,-23.504573],[-51.966638,-23.5045],[-51.966587,-23.504432],[-51.96653,-23.504388],[-51.966452,-23.504354],[-51.966362,-23.504315],[-51.966271,-23.504287],[-51.966198,-23.504289],[-51.966089,-23.504311],[-51.965951,-23.504351],[-51.965802,-23.504394],[-51.96565,-23.504453],[-51.965518,-23.504507],[-51.965441,-23.504548],[-51.965385,-23.504612],[-51.965326,-23.504692],[-51.965258,-23.504778],[-51.965194,-23.504839],[-51.965121,-23.504892],[-51.965035,-23.50494],[-51.964947,-23.504999],[-51.964857,-23.505033],[-51.964771,-23.505059],[-51.964597,-23.505092],[-51.964456,-23.505119],[-51.964297,-23.505149],[-51.964188,-23.505158],[-51.964093,-23.505158],[-51.964019,-23.505164],[-51.963948,-23.505183],[-51.963842,-23.505217],[-51.96374,-23.505253],[-51.963645,-23.505272],[-51.96352,-23.505293],[-51.963371,-23.505285],[-51.963245,-23.50525],[-51.963091,-23.505212],[-51.962976,-23.505169],[-51.962898,-23.505144],[-51.962833,-23.50514],[-51.962755,-23.505139],[-51.962678,-23.50515],[-51.962607,-23.505171],[-51.96252,-23.505199],[-51.962433,-23.505231],[-51.96236,-23.505264],[-51.962288,-23.505313],[-51.962199,-23.505376],[-51.962129,-23.505439],[-51.962071,-23.505494],[-51.96203,-23.505546],[-51.961956,-23.505624],[-51.961893,-23.505673],[-51.961835,-23.505714],[-51.961748,-23.505771],[-51.961658,-23.505817],[-51.961542,-23.505876],[-51.961457,-23.505908],[-51.961363,-23.505932],[-51.961248,-23.505953],[-51.96115,-23.505962],[-51.961077,-23.50596],[-51.96101,-23.505943],[-51.960944,-23.505908],[-51.960901,-23.505872],[-51.960864,-23.50584],[-51.960815,-23.505781],[-51.960796,-23.505758],[-51.960763,-23.505727],[-51.960718,-23.505687],[-51.960684,-23.505649],[-51.960641,-23.505601],[-51.960627,-23.505571],[-51.960609,-23.505548],[-51.960591,-23.505542],[-51.960569,-23.505541],[-51.960541,-23.50553],[-51.960531,-23.505517],[-51.96053,-23.505492],[-51.960522,-23.505457],[-51.960514,-23.50545],[-51.960502,-23.505447],[-51.96048,-23.505448],[-51.960457,-23.505445],[-51.960443,-23.505436],[-51.960431,-23.505416],[-51.960428,-23.50539],[-51.960425,-23.505376],[-51.960414,-23.505364],[-51.960386,-23.505357],[-51.960362,-23.505352],[-51.960341,-23.505337],[-51.960283,-23.505297],[-51.960218,-23.505245],[-51.960168,-23.505189],[-51.960098,-23.505123],[-51.960056,-23.505083],[-51.959996,-23.505029],[-51.959957,-23.504991],[-51.959889,-23.504921],[-51.959848,-23.504884],[-51.959803,-23.504835],[-51.959768,-23.504789],[-51.959727,-23.504728],[-51.959682,-23.504672],[-51.95966,-23.504631],[-51.959645,-23.504591],[-51.959626,-23.504545],[-51.959618,-23.504518],[-51.959608,-23.504476],[-51.959612,-23.504428],[-51.959627,-23.504385],[-51.959635,-23.504336],[-51.959647,-23.504286],[-51.959653,-23.504248],[-51.959657,-23.504202],[-51.95965,-23.504149],[-51.959649,-23.504091],[-51.959637,-23.504041],[-51.959624,-23.504005],[-51.959595,-23.503961],[-51.959555,-23.503921],[-51.959508,-23.503873],[-51.959469,-23.503819],[-51.95941,-23.503762],[-51.959375,-23.503703],[-51.959344,-23.503645],[-51.959332,-23.503597],[-51.95931,-23.503524],[-51.959276,-23.503457],[-51.959252,-23.503418],[-51.959229,-23.503364],[-51.959214,-23.503318],[-51.959211,-23.503265],[-51.959211,-23.503202],[-51.959219,-23.503146],[-51.95923,-23.503062],[-51.95924,-23.502971],[-51.959246,-23.502906],[-51.959248,-23.502838],[-51.959259,-23.50275],[-51.959276,-23.502657],[-51.959288,-23.502599],[-51.959286,-23.502537],[-51.959287,-23.502482],[-51.959287,-23.502394],[-51.959284,-23.502328],[-51.959291,-23.50228],[-51.959302,-23.502233],[-51.959332,-23.502198],[-51.95939,-23.502155],[-51.95945,-23.502105],[-51.959489,-23.502054],[-51.959515,-23.502012],[-51.959521,-23.501964],[-51.959522,-23.501898],[-51.959499,-23.501818],[-51.959457,-23.501725],[-51.959431,-23.501631],[-51.959409,-23.501529],[-51.959385,-23.501467],[-51.959361,-23.501427],[-51.95933,-23.501394],[-51.959282,-23.501363],[-51.959229,-23.501345],[-51.959166,-23.501333],[-51.959091,-23.501323],[-51.959044,-23.501306],[-51.958998,-23.501285],[-51.958956,-23.501258],[-51.958938,-23.501228],[-51.958927,-23.501178],[-51.95893,-23.501125],[-51.958943,-23.501086],[-51.958956,-23.501057],[-51.958967,-23.501014],[-51.958963,-23.500977],[-51.958952,-23.500932],[-51.958936,-23.500901],[-51.958913,-23.500884],[-51.958881,-23.500872],[-51.958856,-23.500868],[-51.95881,-23.500862],[-51.958696,-23.500847],[-51.958645,-23.500847],[-51.958583,-23.500839],[-51.958523,-23.500812],[-51.95847,-23.500772],[-51.958418,-23.500712],[-51.958384,-23.500659],[-51.958364,-23.500615],[-51.958365,-23.500561],[-51.958386,-23.500524],[-51.95843,-23.500489],[-51.958493,-23.50044],[-51.958557,-23.500397],[-51.958629,-23.500356],[-51.958706,-23.500308],[-51.958734,-23.500278],[-51.958759,-23.500229],[-51.958776,-23.500169],[-51.958793,-23.50008],[-51.958805,-23.499999],[-51.958806,-23.499918],[-51.958801,-23.499848],[-51.958779,-23.499791],[-51.958738,-23.499716],[-51.958717,-23.499676],[-51.958705,-23.499639],[-51.958701,-23.499598],[-51.958711,-23.499549],[-51.958746,-23.499479],[-51.958804,-23.499435],[-51.958827,-23.499404],[-51.958838,-23.499356],[-51.958827,-23.499308],[-51.95881,-23.499282],[-51.958759,-23.499237],[-51.958737,-23.499211],[-51.958724,-23.499171],[-51.958716,-23.499114],[-51.958712,-23.499071],[-51.958705,-23.499033],[-51.958685,-23.498999],[-51.958664,-23.498977],[-51.958645,-23.498942],[-51.958636,-23.498889],[-51.958644,-23.498852],[-51.958658,-23.498829],[-51.958677,-23.498805],[-51.958702,-23.49877],[-51.958706,-23.498726],[-51.958716,-23.498658],[-51.958718,-23.498616],[-51.958723,-23.498586],[-51.95873,-23.498563],[-51.958736,-23.49855],[-51.958752,-23.498528],[-51.958765,-23.498517],[-51.958784,-23.498499],[-51.958799,-23.49848],[-51.958804,-23.49846],[-51.958814,-23.49836],[-51.958817,-23.498327],[-51.958822,-23.4983],[-51.958835,-23.498271],[-51.958861,-23.498246],[-51.958882,-23.498233],[-51.95891,-23.498228],[-51.958979,-23.498233],[-51.959019,-23.498231],[-51.959091,-23.498231],[-51.95915,-23.498228],[-51.959178,-23.498228],[-51.959222,-23.498223],[-51.959248,-23.498209],[-51.959266,-23.498187],[-51.959278,-23.498155],[-51.959284,-23.498119],[-51.959267,-23.498082],[-51.959239,-23.498048],[-51.959206,-23.498004],[-51.959188,-23.497973],[-51.959163,-23.497954],[-51.959113,-23.497908],[-51.959051,-23.497859],[-51.959011,-23.497803],[-51.959,-23.497766],[-51.959,-23.497725],[-51.959002,-23.49767],[-51.959007,-23.497633],[-51.959013,-23.497605],[-51.959035,-23.497594],[-51.959075,-23.497582],[-51.959108,-23.497562],[-51.959134,-23.497538],[-51.959158,-23.4975],[-51.959158,-23.497457],[-51.959142,-23.497427],[-51.959128,-23.497391],[-51.959121,-23.497351],[-51.959103,-23.497308],[-51.959086,-23.497266],[-51.959065,-23.497224],[-51.95904,-23.497193],[-51.95898,-23.497148],[-51.958919,-23.497122],[-51.95883,-23.497092],[-51.95873,-23.497058],[-51.958651,-23.497016],[-51.958609,-23.496986],[-51.95858,-23.496952],[-51.958561,-23.496912],[-51.958555,-23.49686],[-51.958555,-23.496826],[-51.95857,-23.496784],[-51.958597,-23.496761],[-51.958628,-23.496742],[-51.958668,-23.496721],[-51.958688,-23.496698],[-51.958699,-23.496667],[-51.958699,-23.496636],[-51.958683,-23.4966],[-51.958656,-23.49656],[-51.958619,-23.496517],[-51.958574,-23.496489],[-51.958523,-23.496479],[-51.958474,-23.496477],[-51.958409,-23.496479],[-51.95834,-23.496485],[-51.958296,-23.496483],[-51.958245,-23.496468],[-51.958197,-23.496448],[-51.958136,-23.496407],[-51.958112,-23.496371],[-51.958098,-23.49633],[-51.958098,-23.496297],[-51.958106,-23.496253],[-51.958118,-23.496209],[-51.958121,-23.496153],[-51.958116,-23.496098],[-51.958102,-23.496053],[-51.958078,-23.496009],[-51.958043,-23.495983],[-51.958003,-23.495978],[-51.957956,-23.495992],[-51.957917,-23.496001],[-51.957855,-23.496007],[-51.957802,-23.496009],[-51.957725,-23.495995],[-51.957673,-23.495947],[-51.957635,-23.495885],[-51.957599,-23.495787],[-51.957587,-23.495711],[-51.957566,-23.495593],[-51.957559,-23.495473],[-51.957562,-23.495383],[-51.957567,-23.495315],[-51.957559,-23.495259],[-51.95755,-23.495218],[-51.957532,-23.495181],[-51.957491,-23.495145],[-51.957437,-23.495104],[-51.957343,-23.495056],[-51.957248,-23.495022],[-51.95712,-23.494972],[-51.957011,-23.494944],[-51.956916,-23.49491],[-51.956804,-23.494861],[-51.956671,-23.494813],[-51.956571,-23.494758],[-51.956485,-23.494695],[-51.956449,-23.494658],[-51.956423,-23.49464],[-51.95639,-23.494631],[-51.956347,-23.494629],[-51.956305,-23.49464],[-51.956254,-23.494659],[-51.956185,-23.494694],[-51.956131,-23.494727],[-51.956079,-23.494769],[-51.956029,-23.494806],[-51.956,-23.494834],[-51.955978,-23.494862],[-51.955944,-23.494891],[-51.95592,-23.494904],[-51.955898,-23.494901],[-51.955865,-23.494875],[-51.955824,-23.49483],[-51.955793,-23.494787],[-51.955783,-23.494745],[-51.955786,-23.494709],[-51.955821,-23.494665],[-51.955844,-23.494622],[-51.955877,-23.494561],[-51.955889,-23.494489],[-51.95589,-23.494402],[-51.955892,-23.494279],[-51.955905,-23.494175],[-51.9559,-23.494099],[-51.955898,-23.494008],[-51.955911,-23.493923],[-51.955945,-23.493845],[-51.955986,-23.493785],[-51.956043,-23.493697],[-51.956109,-23.493615],[-51.956151,-23.493534],[-51.95618,-23.493468],[-51.956223,-23.493405],[-51.956268,-23.493357],[-51.956321,-23.49328],[-51.956351,-23.493241],[-51.956363,-23.493193],[-51.956358,-23.493149],[-51.956344,-23.493117],[-51.956331,-23.493086],[-51.956299,-23.493042],[-51.956277,-23.493013],[-51.956225,-23.492967],[-51.956133,-23.49292],[-51.956069,-23.492883],[-51.95602,-23.49286],[-51.955964,-23.492846],[-51.955911,-23.492844],[-51.955849,-23.492843],[-51.955773,-23.49284],[-51.95565,-23.49284],[-51.955574,-23.492817],[-51.955518,-23.49277],[-51.955471,-23.492722],[-51.955439,-23.492655],[-51.955412,-23.492576],[-51.955387,-23.492512],[-51.955349,-23.49243],[-51.955291,-23.492347],[-51.955247,-23.492293],[-51.955195,-23.492223],[-51.955149,-23.492155],[-51.95509,-23.4921],[-51.955026,-23.492062],[-51.954962,-23.49204],[-51.954903,-23.492037],[-51.95483,-23.49203],[-51.954775,-23.492005],[-51.954711,-23.491941],[-51.954648,-23.491839],[-51.954618,-23.491775],[-51.954572,-23.491671],[-51.954523,-23.491573],[-51.954482,-23.491506],[-51.954459,-23.491458],[-51.954426,-23.491418],[-51.954396,-23.491404],[-51.954362,-23.491398],[-51.954241,-23.491416],[-51.954143,-23.49147],[-51.95397,-23.491548],[-51.953781,-23.491631],[-51.953594,-23.491679],[-51.953447,-23.491709],[-51.953312,-23.491728],[-51.953212,-23.491746],[-51.953144,-23.491752],[-51.953068,-23.491743],[-51.953012,-23.491716],[-51.952913,-23.491639],[-51.952815,-23.491561],[-51.952719,-23.49146],[-51.952652,-23.491361],[-51.952569,-23.491278],[-51.952495,-23.491194],[-51.952448,-23.491133],[-51.952401,-23.491077],[-51.952379,-23.49101],[-51.952383,-23.490963],[-51.952421,-23.490882],[-51.952495,-23.490837],[-51.952559,-23.490804],[-51.952611,-23.490756],[-51.952676,-23.490677],[-51.952713,-23.490635],[-51.952755,-23.490596],[-51.952778,-23.490559],[-51.952793,-23.490487],[-51.952813,-23.490415],[-51.952811,-23.490374],[-51.952782,-23.490284],[-51.952776,-23.490222],[-51.952756,-23.490152],[-51.952697,-23.490066],[-51.952643,-23.489962],[-51.952577,-23.489849],[-51.952545,-23.489787],[-51.952519,-23.489727],[-51.952467,-23.489629],[-51.952398,-23.489546],[-51.952324,-23.489482],[-51.952265,-23.489454],[-51.952213,-23.489427],[-51.952177,-23.489391],[-51.952147,-23.489337],[-51.952136,-23.489277],[-51.952128,-23.489186],[-51.952137,-23.489044],[-51.952163,-23.488927],[-51.95221,-23.488792],[-51.952262,-23.488649],[-51.952312,-23.488518],[-51.952341,-23.488427],[-51.952359,-23.488315],[-51.952354,-23.488174],[-51.952337,-23.488091],[-51.952311,-23.488035],[-51.952245,-23.487945],[-51.952218,-23.487857],[-51.952192,-23.487722],[-51.952185,-23.487609],[-51.952172,-23.487513],[-51.95213,-23.487404],[-51.952091,-23.487313],[-51.952039,-23.487217],[-51.951998,-23.487164],[-51.951964,-23.487096],[-51.951841,-23.487041],[-51.951671,-23.486978],[-51.951488,-23.486895],[-51.951381,-23.486819],[-51.951257,-23.486722],[-51.951151,-23.48661],[-51.951078,-23.486534],[-51.950992,-23.486473],[-51.950924,-23.486403],[-51.95088,-23.486346],[-51.950846,-23.486295],[-51.950802,-23.486245],[-51.950759,-23.486189],[-51.95072,-23.486111],[-51.950671,-23.48604],[-51.95061,-23.485968],[-51.950566,-23.485918],[-51.95053,-23.485888],[-51.95051,-23.485878],[-51.950451,-23.48585],[-51.950375,-23.485817],[-51.950296,-23.485788],[-51.950157,-23.485758],[-51.950048,-23.485737],[-51.949982,-23.485729],[-51.949934,-23.48572],[-51.949914,-23.485714],[-51.949859,-23.485685],[-51.949798,-23.485655],[-51.949703,-23.485625],[-51.949623,-23.48559],[-51.949528,-23.485548],[-51.949472,-23.485505],[-51.949398,-23.485451],[-51.949324,-23.485391],[-51.94927,-23.485336],[-51.949213,-23.485294],[-51.949132,-23.485238],[-51.949037,-23.485176],[-51.948928,-23.485101],[-51.948823,-23.485044],[-51.948742,-23.485012],[-51.948669,-23.484996],[-51.948597,-23.484988],[-51.948528,-23.48499],[-51.948444,-23.485011],[-51.948316,-23.485068],[-51.948195,-23.485121],[-51.948054,-23.485189],[-51.9479,-23.485261],[-51.947729,-23.48535],[-51.947642,-23.485412],[-51.947584,-23.485456],[-51.947548,-23.485508],[-51.947504,-23.485586],[-51.94746,-23.485645],[-51.947426,-23.485692],[-51.947379,-23.485743],[-51.947305,-23.485786],[-51.947218,-23.485828],[-51.947153,-23.485853],[-51.947056,-23.485875],[-51.946936,-23.485896],[-51.946791,-23.485918],[-51.946677,-23.485926],[-51.946553,-23.485938],[-51.946469,-23.485949],[-51.946386,-23.48596],[-51.946274,-23.485971],[-51.946156,-23.485958],[-51.946027,-23.48592],[-51.945951,-23.485896],[-51.945888,-23.485887],[-51.945821,-23.485888],[-51.945751,-23.4859],[-51.945655,-23.485911],[-51.945535,-23.485925],[-51.945402,-23.485951],[-51.945276,-23.485975],[-51.94514,-23.486004],[-51.945017,-23.486034],[-51.944911,-23.48606],[-51.944811,-23.486085],[-51.944726,-23.486123],[-51.944669,-23.486158],[-51.944614,-23.486199],[-51.944545,-23.486246],[-51.94452,-23.486272],[-51.944502,-23.4863],[-51.944496,-23.486333],[-51.944498,-23.486374],[-51.944511,-23.48642],[-51.944535,-23.486475],[-51.944633,-23.48662],[-51.944663,-23.486681],[-51.944677,-23.486727],[-51.944681,-23.486797],[-51.944678,-23.486875],[-51.944666,-23.486947],[-51.944645,-23.487032],[-51.944578,-23.487212],[-51.944495,-23.487323],[-51.944432,-23.487426],[-51.944361,-23.487508],[-51.944296,-23.487544],[-51.944224,-23.487575],[-51.944153,-23.487584],[-51.944048,-23.487586],[-51.94395,-23.487584],[-51.943871,-23.487592],[-51.943785,-23.487612],[-51.943712,-23.487648],[-51.943691,-23.487681],[-51.943664,-23.487737],[-51.943653,-23.487778],[-51.943619,-23.487811],[-51.943565,-23.487824],[-51.943431,-23.48791],[-51.94338,-23.488],[-51.9433,-23.48812],[-51.943187,-23.488213],[-51.943081,-23.488292],[-51.942748,-23.488392],[-51.942567,-23.488453],[-51.94227,-23.488548],[-51.942108,-23.488596],[-51.941982,-23.488645],[-51.941849,-23.48867],[-51.941708,-23.488639],[-51.941561,-23.488575],[-51.941421,-23.488488],[-51.941317,-23.488423],[-51.941227,-23.488338],[-51.94111,-23.48821],[-51.941014,-23.488108],[-51.940939,-23.487995],[-51.940924,-23.487892],[-51.94091,-23.487766],[-51.940911,-23.487655],[-51.940911,-23.487579],[-51.940925,-23.487512],[-51.94097,-23.487427],[-51.941011,-23.487307],[-51.941045,-23.487179],[-51.941061,-23.487069],[-51.941076,-23.486936],[-51.941113,-23.486826],[-51.941166,-23.486723],[-51.941217,-23.486575],[-51.941267,-23.486447],[-51.941305,-23.486358],[-51.941331,-23.486283],[-51.941345,-23.486184],[-51.941344,-23.486091],[-51.941351,-23.485978],[-51.941367,-23.485869],[-51.941396,-23.485768],[-51.941417,-23.485716],[-51.941437,-23.485688],[-51.941445,-23.48566],[-51.941454,-23.485603],[-51.941464,-23.485517],[-51.941462,-23.485458],[-51.941448,-23.485363],[-51.941433,-23.485296],[-51.941434,-23.485255],[-51.941454,-23.485178],[-51.941486,-23.485082],[-51.941515,-23.485],[-51.941538,-23.484908],[-51.94154,-23.484837],[-51.941521,-23.484729],[-51.941505,-23.484628],[-51.941474,-23.484494],[-51.941458,-23.484394],[-51.941421,-23.484313],[-51.941406,-23.484263],[-51.941394,-23.484207],[-51.9414,-23.484169],[-51.941411,-23.484146],[-51.941426,-23.484125],[-51.941442,-23.48411],[-51.941493,-23.484084],[-51.941553,-23.484067],[-51.941617,-23.484039],[-51.941696,-23.483984],[-51.941758,-23.483921],[-51.941813,-23.483856],[-51.941876,-23.483792],[-51.941919,-23.483729],[-51.941933,-23.483693],[-51.941939,-23.48366],[-51.941928,-23.483617],[-51.941882,-23.483551],[-51.941826,-23.483506],[-51.941721,-23.483428],[-51.941628,-23.483358],[-51.94155,-23.483294],[-51.941485,-23.483243],[-51.94139,-23.483177],[-51.941259,-23.483098],[-51.941131,-23.48303],[-51.940994,-23.48294],[-51.940897,-23.482895],[-51.940796,-23.482855],[-51.940732,-23.482827],[-51.940655,-23.482809],[-51.940557,-23.482815],[-51.940472,-23.482817],[-51.94034,-23.482831],[-51.940273,-23.482825],[-51.940231,-23.482803],[-51.940206,-23.482776],[-51.940187,-23.48274],[-51.940171,-23.482686],[-51.940183,-23.482615],[-51.940196,-23.482554],[-51.940229,-23.48249],[-51.940278,-23.48243],[-51.94034,-23.482368],[-51.940443,-23.48226],[-51.940511,-23.482206],[-51.940539,-23.482153],[-51.940546,-23.482081],[-51.940527,-23.481994],[-51.940512,-23.481896],[-51.940491,-23.481826],[-51.94048,-23.481757],[-51.940456,-23.481669],[-51.940404,-23.481599],[-51.94037,-23.481537],[-51.940305,-23.481457],[-51.940244,-23.481386],[-51.940182,-23.481329],[-51.940144,-23.481272],[-51.940033,-23.481168],[-51.939956,-23.481102],[-51.939891,-23.481054],[-51.939826,-23.481],[-51.939716,-23.480955],[-51.939605,-23.48092],[-51.939557,-23.48089],[-51.939516,-23.48085],[-51.939485,-23.480797],[-51.939459,-23.480726],[-51.939434,-23.480651],[-51.939402,-23.480588],[-51.939365,-23.480535],[-51.939324,-23.480483],[-51.939275,-23.480446],[-51.939222,-23.480429],[-51.939172,-23.480415],[-51.93912,-23.480398],[-51.939091,-23.480371],[-51.939065,-23.480334],[-51.939029,-23.480297],[-51.938979,-23.480264],[-51.938913,-23.48024],[-51.938851,-23.480227],[-51.938779,-23.480199],[-51.938678,-23.480154],[-51.938592,-23.48013],[-51.938511,-23.480086],[-51.93843,-23.480031],[-51.938405,-23.480002],[-51.93837,-23.479971],[-51.938333,-23.479951],[-51.938302,-23.479937],[-51.93825,-23.479933],[-51.938193,-23.479936],[-51.938131,-23.479951],[-51.93805,-23.479986],[-51.937977,-23.480033],[-51.93792,-23.480055],[-51.937858,-23.480081],[-51.937799,-23.480086],[-51.937724,-23.480065],[-51.937674,-23.480047],[-51.937614,-23.480027],[-51.937562,-23.480013],[-51.937483,-23.479998],[-51.937411,-23.479982],[-51.937351,-23.479975],[-51.937278,-23.479977],[-51.937164,-23.479975],[-51.937072,-23.479989],[-51.93699,-23.480003],[-51.936928,-23.480018],[-51.936838,-23.480021],[-51.93676,-23.480023],[-51.936697,-23.480028],[-51.936633,-23.480046],[-51.936529,-23.480072],[-51.936468,-23.480077],[-51.936444,-23.480077],[-51.936423,-23.480084],[-51.936386,-23.480099],[-51.936343,-23.480111],[-51.936301,-23.480128],[-51.936247,-23.480147],[-51.936169,-23.480159],[-51.936093,-23.480166],[-51.936031,-23.480171],[-51.935895,-23.480168],[-51.935815,-23.480161],[-51.935741,-23.480146],[-51.935678,-23.480133],[-51.935615,-23.480134],[-51.93557,-23.480144],[-51.935516,-23.480164],[-51.935477,-23.480185],[-51.935426,-23.480221],[-51.935388,-23.480251],[-51.935323,-23.480283],[-51.935244,-23.480329],[-51.935169,-23.480367],[-51.935093,-23.4804],[-51.935002,-23.480433],[-51.934915,-23.480457],[-51.934814,-23.480474],[-51.934746,-23.480463],[-51.934683,-23.480447],[-51.934581,-23.480441],[-51.934506,-23.480436],[-51.934417,-23.48043],[-51.934338,-23.480427],[-51.934301,-23.48043],[-51.934247,-23.480447],[-51.934191,-23.480478],[-51.934123,-23.480508],[-51.93407,-23.480521],[-51.933983,-23.480538],[-51.933901,-23.48055],[-51.933826,-23.480569],[-51.933766,-23.480592],[-51.933708,-23.480599],[-51.933644,-23.48058],[-51.933588,-23.480517],[-51.933538,-23.480451],[-51.933476,-23.480326],[-51.933427,-23.480238],[-51.933385,-23.480163],[-51.933364,-23.480084],[-51.933328,-23.479952],[-51.933294,-23.479888],[-51.93328,-23.479808],[-51.933265,-23.479697],[-51.933233,-23.479606],[-51.933214,-23.479533],[-51.933207,-23.479432],[-51.933191,-23.479374],[-51.933155,-23.479314],[-51.933128,-23.479212],[-51.933096,-23.479146],[-51.933042,-23.479091],[-51.933012,-23.479044],[-51.932973,-23.478987],[-51.932947,-23.478955],[-51.932933,-23.478905],[-51.93292,-23.478832],[-51.932915,-23.478734],[-51.93291,-23.478674],[-51.932911,-23.478597],[-51.932913,-23.478529],[-51.932921,-23.478453],[-51.932933,-23.478407],[-51.932936,-23.478367],[-51.932938,-23.478311],[-51.932927,-23.47828],[-51.932904,-23.47824],[-51.932875,-23.478211],[-51.932841,-23.4782],[-51.932787,-23.478185],[-51.932738,-23.478171],[-51.932701,-23.478164],[-51.93267,-23.47815],[-51.932642,-23.478124],[-51.932618,-23.478087],[-51.932574,-23.478031],[-51.932545,-23.477944],[-51.932522,-23.477877],[-51.932485,-23.477815],[-51.93244,-23.477737],[-51.932377,-23.477702],[-51.932299,-23.47766],[-51.932228,-23.47763],[-51.93219,-23.477585],[-51.93216,-23.477545],[-51.93216,-23.477504],[-51.932147,-23.477441],[-51.93215,-23.477363],[-51.932148,-23.477304],[-51.932144,-23.477236],[-51.932148,-23.477185],[-51.932167,-23.477126],[-51.932173,-23.477081],[-51.932168,-23.477048],[-51.932157,-23.477027],[-51.932132,-23.47701],[-51.932108,-23.477],[-51.932085,-23.476997],[-51.932043,-23.476998],[-51.931996,-23.477011],[-51.931942,-23.477023],[-51.931894,-23.477036],[-51.931835,-23.477045],[-51.931767,-23.477049],[-51.931695,-23.477048],[-51.931635,-23.47705],[-51.931591,-23.477045],[-51.931533,-23.477022],[-51.931469,-23.477004],[-51.931402,-23.476977],[-51.931329,-23.476923],[-51.931287,-23.476892],[-51.931249,-23.476865],[-51.931213,-23.476851],[-51.931154,-23.476844],[-51.931083,-23.476841],[-51.930989,-23.476825],[-51.930883,-23.476791],[-51.930804,-23.476745],[-51.930723,-23.476701],[-51.930626,-23.476645],[-51.930554,-23.476586],[-51.930487,-23.476529],[-51.930426,-23.476442],[-51.93038,-23.476367],[-51.930344,-23.476314],[-51.93029,-23.476234],[-51.930228,-23.476184],[-51.930178,-23.476146],[-51.930143,-23.476116],[-51.930112,-23.476073],[-51.930099,-23.47604],[-51.930101,-23.476007],[-51.930056,-23.475934],[-51.930012,-23.47587],[-51.929929,-23.475776],[-51.929843,-23.47573],[-51.929641,-23.475716],[-51.929426,-23.47572],[-51.929207,-23.475707],[-51.92886,-23.475636],[-51.928629,-23.475616],[-51.928528,-23.475606],[-51.928508,-23.475605],[-51.928456,-23.475614],[-51.928362,-23.475669],[-51.928252,-23.475762],[-51.928213,-23.475778],[-51.928177,-23.475787],[-51.928114,-23.475798],[-51.928014,-23.475802],[-51.927948,-23.47581],[-51.927885,-23.475823],[-51.927813,-23.475842],[-51.927732,-23.47587],[-51.92766,-23.475896],[-51.927611,-23.475914],[-51.927569,-23.475939],[-51.927547,-23.475961],[-51.927535,-23.475974],[-51.927521,-23.475997],[-51.92751,-23.476013],[-51.927494,-23.476023],[-51.927474,-23.476029],[-51.927455,-23.47604],[-51.927427,-23.47608],[-51.927399,-23.476137],[-51.927383,-23.4762],[-51.927384,-23.476242],[-51.92739,-23.476314],[-51.92739,-23.476366],[-51.927372,-23.476409],[-51.927338,-23.476441],[-51.92729,-23.47646],[-51.927231,-23.476463],[-51.927171,-23.476449],[-51.927116,-23.476402],[-51.927085,-23.476382],[-51.927016,-23.476345],[-51.926973,-23.476343],[-51.926936,-23.476348],[-51.926867,-23.476371],[-51.926742,-23.476425],[-51.926515,-23.476517],[-51.926437,-23.476553],[-51.92635,-23.476587],[-51.926235,-23.476602],[-51.926181,-23.476627],[-51.926146,-23.476661],[-51.925338,-23.477098],[-51.925126,-23.477218],[-51.924935,-23.477313],[-51.924723,-23.477405],[-51.924631,-23.477441],[-51.924575,-23.477455],[-51.924509,-23.477461],[-51.924427,-23.477466],[-51.924355,-23.477456],[-51.924289,-23.47742],[-51.924177,-23.477339],[-51.924102,-23.477253],[-51.924063,-23.477205],[-51.924002,-23.477164],[-51.923939,-23.477126],[-51.923856,-23.477122],[-51.923772,-23.477134],[-51.923144,-23.47744],[-51.922991,-23.477527],[-51.922794,-23.4776],[-51.922642,-23.477645],[-51.922399,-23.477684],[-51.922063,-23.477744],[-51.92191,-23.477792],[-51.921736,-23.477854],[-51.921552,-23.47795],[-51.921544,-23.477955],[-51.921283,-23.478093],[-51.921103,-23.478147],[-51.920856,-23.478199],[-51.920663,-23.478253],[-51.920291,-23.478326],[-51.919925,-23.478395],[-51.919766,-23.478411],[-51.919571,-23.478447],[-51.919339,-23.478522],[-51.919173,-23.478529],[-51.918954,-23.478494],[-51.918905,-23.478497],[-51.918855,-23.478519],[-51.918734,-23.478586],[-51.918632,-23.47866],[-51.918508,-23.478751],[-51.918398,-23.478809],[-51.918262,-23.47887],[-51.918139,-23.478903],[-51.918094,-23.478921],[-51.917943,-23.478957],[-51.917862,-23.478965],[-51.917635,-23.479002],[-51.917565,-23.478986],[-51.917513,-23.478959],[-51.917468,-23.478909],[-51.917426,-23.478879],[-51.91733,-23.478847],[-51.917209,-23.478823],[-51.917083,-23.478783],[-51.917019,-23.478749],[-51.916908,-23.478663],[-51.916808,-23.478615],[-51.916687,-23.478588],[-51.916541,-23.478601],[-51.916412,-23.478604],[-51.916188,-23.478606],[-51.915869,-23.478589],[-51.915737,-23.478585],[-51.915644,-23.478582],[-51.915572,-23.478598],[-51.915491,-23.478622],[-51.915424,-23.478693],[-51.915339,-23.478744],[-51.915161,-23.478754],[-51.915026,-23.478747],[-51.914842,-23.478718],[-51.914568,-23.478621],[-51.914425,-23.478537],[-51.914276,-23.478432],[-51.914197,-23.47841],[-51.914134,-23.478408],[-51.91403,-23.478403],[-51.913918,-23.47839],[-51.91384,-23.47836],[-51.913678,-23.478222],[-51.913495,-23.478051],[-51.91342,-23.477997],[-51.913322,-23.477959],[-51.91322,-23.477916],[-51.913141,-23.477865],[-51.913074,-23.477844],[-51.913038,-23.477824],[-51.91302,-23.47781],[-51.913015,-23.4778],[-51.913016,-23.477787],[-51.913036,-23.47774],[-51.913045,-23.477706],[-51.913041,-23.477679],[-51.913027,-23.477644],[-51.913007,-23.477616],[-51.912966,-23.477584],[-51.912936,-23.477558],[-51.912732,-23.47745],[-51.912635,-23.477393],[-51.912503,-23.477314],[-51.91247,-23.477292],[-51.912445,-23.477262],[-51.912419,-23.47722],[-51.912377,-23.477182],[-51.912339,-23.47715],[-51.912292,-23.47712],[-51.912219,-23.477071],[-51.912133,-23.477033],[-51.912027,-23.477017],[-51.911929,-23.47702],[-51.911836,-23.477029],[-51.911748,-23.477055],[-51.911658,-23.477078],[-51.911525,-23.477129],[-51.911409,-23.477199],[-51.911346,-23.477237],[-51.911313,-23.477254],[-51.911291,-23.477261],[-51.911268,-23.477264],[-51.911244,-23.47727],[-51.911214,-23.477282],[-51.911187,-23.477299],[-51.911168,-23.477312],[-51.911133,-23.477332],[-51.911103,-23.477354],[-51.91108,-23.477371],[-51.911062,-23.477391],[-51.911027,-23.477441],[-51.910989,-23.47749],[-51.910949,-23.477556],[-51.910927,-23.477597],[-51.910878,-23.47765],[-51.910825,-23.477693],[-51.910816,-23.477703],[-51.910767,-23.477743],[-51.910651,-23.477839],[-51.910558,-23.477922],[-51.910504,-23.477945],[-51.910482,-23.477952],[-51.910426,-23.477963],[-51.910192,-23.477984],[-51.910032,-23.47798],[-51.909785,-23.47798],[-51.909603,-23.477945],[-51.909292,-23.477932],[-51.909031,-23.47789],[-51.908762,-23.477815],[-51.908514,-23.477725],[-51.908415,-23.477681],[-51.908348,-23.477635],[-51.908297,-23.477586],[-51.908241,-23.477554],[-51.908172,-23.477543],[-51.908112,-23.477537],[-51.907999,-23.477517],[-51.907715,-23.477435],[-51.907601,-23.477404],[-51.907557,-23.477383],[-51.907511,-23.477352],[-51.907476,-23.477309],[-51.907448,-23.477274],[-51.907427,-23.477262],[-51.907377,-23.477245],[-51.907314,-23.477233],[-51.90718,-23.477182],[-51.907017,-23.477124],[-51.90685,-23.477105],[-51.906739,-23.477094],[-51.90666,-23.477064],[-51.906592,-23.477022],[-51.906519,-23.47697],[-51.906459,-23.476925],[-51.906366,-23.476865],[-51.906294,-23.476824],[-51.90625,-23.476779],[-51.90621,-23.476743],[-51.906167,-23.476709],[-51.906103,-23.47667],[-51.906076,-23.476655],[-51.906053,-23.476633],[-51.906034,-23.476607],[-51.906025,-23.476571],[-51.905993,-23.476501],[-51.905947,-23.476437],[-51.905888,-23.476367],[-51.90586,-23.476343],[-51.90583,-23.47631],[-51.905785,-23.476259],[-51.90576,-23.476232],[-51.905737,-23.47619],[-51.905705,-23.476163],[-51.905664,-23.476144],[-51.905614,-23.476136],[-51.905577,-23.476115],[-51.905554,-23.476084],[-51.905538,-23.476055],[-51.90552,-23.475985],[-51.905486,-23.475923],[-51.905465,-23.475894],[-51.905435,-23.475871],[-51.905398,-23.475852],[-51.905358,-23.475844],[-51.905327,-23.475844],[-51.905305,-23.475853],[-51.905287,-23.475867],[-51.905266,-23.475881],[-51.90526,-23.475887],[-51.905244,-23.475898],[-51.90521,-23.475918],[-51.90518,-23.475937],[-51.90517,-23.475941],[-51.90516,-23.475941],[-51.905149,-23.475939],[-51.905141,-23.475934],[-51.905109,-23.475915],[-51.905081,-23.475884],[-51.904961,-23.475675],[-51.904872,-23.475498],[-51.904829,-23.475422],[-51.904777,-23.475347],[-51.90462,-23.475097],[-51.904564,-23.475017],[-51.904519,-23.474952],[-51.904477,-23.47489],[-51.904451,-23.474853],[-51.904431,-23.474816],[-51.904425,-23.474797],[-51.904417,-23.474756],[-51.904413,-23.474705],[-51.904412,-23.474645],[-51.904404,-23.4746],[-51.904392,-23.474567],[-51.904375,-23.474531],[-51.904327,-23.474421],[-51.904283,-23.474346],[-51.90422,-23.474236],[-51.904182,-23.474168],[-51.904155,-23.47413],[-51.904143,-23.474104],[-51.904147,-23.474076],[-51.904164,-23.474002],[-51.904166,-23.473958],[-51.904153,-23.473896],[-51.904144,-23.473823],[-51.904143,-23.47379],[-51.904154,-23.473741],[-51.904178,-23.473645],[-51.904178,-23.473566],[-51.904179,-23.473472],[-51.904169,-23.473433],[-51.904154,-23.473405],[-51.904117,-23.473332],[-51.90411,-23.473277],[-51.904112,-23.473208],[-51.904116,-23.473139],[-51.904137,-23.473066],[-51.904184,-23.472975],[-51.904216,-23.472857],[-51.904212,-23.472744],[-51.904196,-23.472668],[-51.904163,-23.472611],[-51.904147,-23.472542],[-51.904143,-23.472438],[-51.90415,-23.472304],[-51.90414,-23.472218],[-51.904109,-23.472103],[-51.9041,-23.472004],[-51.90407,-23.471749],[-51.904077,-23.471648],[-51.904084,-23.471555],[-51.90408,-23.47149],[-51.904085,-23.47138],[-51.904081,-23.471358],[-51.904039,-23.470971],[-51.903958,-23.470626],[-51.903923,-23.470328],[-51.90395,-23.470227],[-51.904015,-23.470141],[-51.904075,-23.470072],[-51.904118,-23.469999],[-51.904124,-23.469911],[-51.904102,-23.469796],[-51.904089,-23.469655],[-51.904149,-23.469421],[-51.904186,-23.46935],[-51.904219,-23.469222],[-51.904217,-23.469172],[-51.904213,-23.469102],[-51.904217,-23.469082],[-51.904232,-23.469066],[-51.904271,-23.469051],[-51.904286,-23.469036],[-51.90429,-23.469019],[-51.904299,-23.468974],[-51.904301,-23.468903],[-51.904258,-23.468746],[-51.904254,-23.468678],[-51.904255,-23.468633],[-51.90427,-23.468577],[-51.904315,-23.468518],[-51.904384,-23.468399],[-51.904449,-23.468341],[-51.904554,-23.468237],[-51.904598,-23.468168],[-51.904624,-23.468106],[-51.904677,-23.467864],[-51.904738,-23.467592],[-51.904777,-23.467492],[-51.904846,-23.467352],[-51.905123,-23.466789],[-51.905329,-23.466198],[-51.90537,-23.466044],[-51.905403,-23.465862],[-51.905424,-23.465677],[-51.905463,-23.465525],[-51.905494,-23.465474],[-51.905554,-23.465418],[-51.905586,-23.465369],[-51.905602,-23.465323],[-51.905646,-23.465222],[-51.905672,-23.465115],[-51.905724,-23.464851],[-51.905745,-23.464711],[-51.905732,-23.464593],[-51.905698,-23.464462],[-51.905649,-23.464269],[-51.905598,-23.464028],[-51.905574,-23.46395],[-51.905534,-23.463849],[-51.905483,-23.463742],[-51.905446,-23.463664],[-51.905433,-23.463595],[-51.905428,-23.463473],[-51.905421,-23.46341],[-51.90542,-23.463264],[-51.90537,-23.462957],[-51.905368,-23.462892],[-51.905404,-23.462775],[-51.905459,-23.46266],[-51.905539,-23.462516],[-51.905561,-23.462422],[-51.905542,-23.462323],[-51.905462,-23.46219],[-51.905269,-23.461457],[-51.905234,-23.461243],[-51.9052,-23.461033],[-51.905153,-23.460876],[-51.905083,-23.460657],[-51.905032,-23.460441],[-51.904955,-23.460172],[-51.904926,-23.460028],[-51.904893,-23.459896],[-51.904868,-23.459767],[-51.904854,-23.459693],[-51.90485,-23.459628],[-51.904857,-23.459566],[-51.904882,-23.459451],[-51.904734,-23.459327],[-51.904445,-23.459142],[-51.904338,-23.459044],[-51.904292,-23.458971],[-51.904259,-23.458892],[-51.904261,-23.458812],[-51.904232,-23.458747],[-51.904133,-23.458634],[-51.904101,-23.458592],[-51.904086,-23.458542],[-51.904041,-23.458508],[-51.903993,-23.458447],[-51.903907,-23.458334],[-51.903785,-23.458103],[-51.90374,-23.457966],[-51.903658,-23.4578],[-51.903576,-23.457716],[-51.903494,-23.45767],[-51.903382,-23.457593],[-51.903255,-23.457535],[-51.903052,-23.457462],[-51.902916,-23.457437],[-51.902329,-23.457295],[-51.902126,-23.457206],[-51.902034,-23.457149],[-51.901949,-23.457074],[-51.901886,-23.456974],[-51.901808,-23.456904],[-51.901743,-23.456862],[-51.901668,-23.456821],[-51.901596,-23.456787],[-51.90151,-23.456755],[-51.901412,-23.456755],[-51.9013,-23.45676],[-51.901235,-23.456755],[-51.901166,-23.456718],[-51.901096,-23.456657],[-51.900999,-23.456551],[-51.900825,-23.456444],[-51.900697,-23.456332],[-51.900583,-23.456192],[-51.900382,-23.45602],[-51.900225,-23.455809],[-51.900137,-23.455708],[-51.900029,-23.455613],[-51.899887,-23.455511],[-51.899796,-23.45543],[-51.899642,-23.455247],[-51.899507,-23.455087],[-51.899461,-23.455041],[-51.899365,-23.45494],[-51.89908,-23.454606],[-51.89874,-23.454255],[-51.898585,-23.454123],[-51.898504,-23.45405],[-51.89809,-23.453652],[-51.897656,-23.453266],[-51.897422,-23.453047],[-51.897109,-23.452809],[-51.896834,-23.45258],[-51.896763,-23.452463],[-51.896744,-23.452315],[-51.896788,-23.452228],[-51.89685,-23.452172],[-51.896885,-23.4521],[-51.896886,-23.452022],[-51.896834,-23.451958],[-51.896727,-23.45187],[-51.89664,-23.451777],[-51.896531,-23.451652],[-51.896343,-23.4514],[-51.896296,-23.451305],[-51.896271,-23.451235],[-51.896225,-23.451122],[-51.896106,-23.450983],[-51.895943,-23.45085],[-51.895743,-23.450622],[-51.895653,-23.450561],[-51.89557,-23.450474],[-51.895519,-23.45038],[-51.895463,-23.450318],[-51.895401,-23.450297],[-51.895328,-23.450257],[-51.89533,-23.45021],[-51.895334,-23.450181],[-51.895358,-23.450146],[-51.895385,-23.4501],[-51.895387,-23.450037],[-51.895353,-23.449951],[-51.895329,-23.449891],[-51.895279,-23.449804],[-51.895265,-23.449789],[-51.895198,-23.449704],[-51.895152,-23.449624],[-51.895122,-23.44954],[-51.895115,-23.449446],[-51.895089,-23.449295],[-51.895095,-23.44918],[-51.895102,-23.449058],[-51.895116,-23.44892],[-51.895109,-23.448863],[-51.895074,-23.448798],[-51.894954,-23.448554],[-51.894891,-23.448476],[-51.894832,-23.448381],[-51.894776,-23.448251],[-51.894742,-23.44815],[-51.894733,-23.44807],[-51.89471,-23.448036],[-51.894703,-23.447984],[-51.894714,-23.447949],[-51.894742,-23.447915],[-51.894748,-23.447804],[-51.894735,-23.447722],[-51.894703,-23.447668],[-51.894634,-23.447596],[-51.894547,-23.447499],[-51.894505,-23.447423],[-51.894465,-23.447351],[-51.894439,-23.447244],[-51.894429,-23.447205],[-51.894397,-23.447152],[-51.894358,-23.447126],[-51.894298,-23.447113],[-51.894219,-23.447071],[-51.894164,-23.447027],[-51.894125,-23.446946],[-51.894103,-23.446821],[-51.894067,-23.446768],[-51.893954,-23.446598],[-51.893859,-23.44627],[-51.893099,-23.445401],[-51.892893,-23.44522],[-51.892654,-23.444916],[-51.892514,-23.444737],[-51.892359,-23.444562],[-51.892019,-23.444233],[-51.891851,-23.443993],[-51.891723,-23.443732],[-51.891627,-23.443523],[-51.891561,-23.443335],[-51.891443,-23.443155],[-51.890797,-23.442582],[-51.890548,-23.442342],[-51.890405,-23.44225],[-51.889737,-23.441665],[-51.889269,-23.441259]]}},
{"type":"Feature","properties":{"name":"Cór. Sem Denominação"},"geometry":{"type":"LineString","coordinates":[[-51.973669,-23.448679],[-51.973659,-23.448572],[-51.973657,-23.448475],[-51.973658,-23.448437],[-51.973661,-23.448413],[-51.973679,-23.448364],[-51.973716,-23.448313],[-51.9739,-23.448053],[-51.973967,-23.447987],[-51.974005,-23.447949],[-51.974045,-23.447914],[-51.974095,-23.447883],[-51.974137,-23.44786],[-51.974177,-23.447827],[-51.9742,-23.447771],[-51.97423,-23.447739],[-51.974278,-23.44772],[-51.974348,-23.447723],[-51.974407,-23.447728],[-51.974492,-23.447714],[-51.974578,-23.447674],[-51.974806,-23.447581],[-51.975089,-23.447473],[-51.975361,-23.447323],[-51.97539,-23.447253],[-51.97542,-23.44719],[-51.975435,-23.447155],[-51.975452,-23.44708],[-51.975439,-23.446946],[-51.975407,-23.44685],[-51.975388,-23.446815]]}},
{"type":"Feature","properties":{"name":"Água Samba"},"geometry":{"type":"LineString","coordinates":[[-51.981606,-23.341984],[-51.981604,-23.34152],[-51.9816,-23.341013],[-51.981508,-23.340455],[-51.981284,-23.339586],[-51.980892,-23.33863],[-51.98072,-23.338153],[-51.980557,-23.337724],[-51.980425,-23.337369],[-51.980367,-23.337102],[-51.980305,-23.336665],[-51.980131,-23.335858],[-51.980106,-23.335591],[-51.980105,-23.335301],[-51.980105,-23.334955],[-51.980104,-23.334483],[-51.980128,-23.334099],[-51.980159,-23.333693],[-51.980202,-23.333374],[-51.980344,-23.332321],[-51.98049,-23.331599],[-51.980581,-23.33133],[-51.980878,-23.33025],[-51.981004,-23.329914],[-51.981157,-23.329618],[-51.981336,-23.329319],[-51.981533,-23.329053],[-51.981675,-23.328861],[-51.981836,-23.328533],[-51.981917,-23.328231],[-51.981906,-23.327691],[-51.981898,-23.327247],[-51.981804,-23.326291]]}},
{"type":"Feature","properties":{"name":"Cór. da Romeira"},"geometry":{"type":"LineString","coordinates":[[-51.995763,-23.380925],[-51.995843,-23.381078],[-51.995936,-23.381253],[-51.996021,-23.381463],[-51.996077,-23.381616],[-51.996116,-23.381668],[-51.996128,-23.381752],[-51.996132,-23.381887],[-51.996169,-23.382069],[-51.996339,-23.382334],[-51.996595,-23.382685],[-51.997092,-23.383283],[-51.997691,-23.383848],[-51.998262,-23.384416],[-51.998409,-23.384582],[-51.998586,-23.384742]]}},
{"type":"Feature","properties":{"name":"Cór. Corregozinho"},"geometry":{"type":"LineString","coordinates":[[-52.044307,-23.41612],[-52.044084,-23.415993],[-52.043556,-23.41576],[-52.043299,-23.415611],[-52.042387,-23.41512],[-52.041961,-23.414784],[-52.041641,-23.414454],[-52.041422,-23.414319],[-52.041269,-23.414272],[-52.04051,-23.413924],[-52.039798,-23.413505],[-52.039478,-23.413124],[-52.039088,-23.41277],[-52.038866,-23.412542],[-52.038541,-23.412314],[-52.038228,-23.412116],[-52.037761,-23.411967],[-52.036698,-23.411406],[-52.036148,-23.411236],[-52.035588,-23.411193],[-52.03521,-23.411049],[-52.034992,-23.410921]]}},
{"type":"Feature","properties":{"name":"Cór. Colomy"},"geometry":{"type":"LineString","coordinates":[[-52.053883,-23.3938],[-52.053967,-23.393728],[-52.05417,-23.393544],[-52.054301,-23.393295],[-52.054398,-23.392981],[-52.054462,-23.392849],[-52.05462,-23.392761]]}},
{"type":"Feature","properties":{"name":"Rib. Rems"},"geometry":{"type":"LineString","coordinates":[[-52.026354,-23.384807],[-52.026124,-23.384413],[-52.026045,-23.384291],[-52.02596,-23.384157],[-52.025702,-23.383758],[-52.025518,-23.383509],[-52.025003,-23.382921],[-52.024626,-23.38246],[-52.024392,-23.3822],[-52.024144,-23.381937],[-52.024093,-23.381893],[-52.024077,-23.381858],[-52.02408,-23.381779],[-52.024059,-23.381695],[-52.023939,-23.381576],[-52.023848,-23.381487],[-52.023637,-23.381143],[-52.023461,-23.380902],[-52.023231,-23.3806],[-52.023048,-23.380434],[-52.02295,-23.380309],[-52.022923,-23.380257],[-52.022917,-23.380122],[-52.022921,-23.380007],[-52.022897,-23.37991],[-52.022826,-23.379769],[-52.02269,-23.379643],[-52.022502,-23.379515],[-52.022366,-23.379422],[-52.022116,-23.379293],[-52.021875,-23.379173],[-52.021802,-23.379073],[-52.021775,-23.378963],[-52.021716,-23.378694],[-52.021629,-23.37843],[-52.021562,-23.378284],[-52.021455,-23.378106],[-52.021376,-23.377969],[-52.021268,-23.377781],[-52.021136,-23.377522],[-52.020963,-23.377308],[-52.020855,-23.377145],[-52.020767,-23.376987],[-52.020711,-23.376866],[-52.020741,-23.376708],[-52.020792,-23.376483],[-52.020822,-23.376395],[-52.020869,-23.376303],[-52.020936,-23.376195],[-52.021023,-23.376079],[-52.02104,-23.375997],[-52.021065,-23.37592],[-52.021074,-23.375827],[-52.021064,-23.375741],[-52.020961,-23.375645],[-52.020934,-23.375637],[-52.020738,-23.375632],[-52.020638,-23.375638],[-52.02053,-23.375634],[-52.020474,-23.375622],[-52.020429,-23.375592],[-52.02039,-23.375553],[-52.020334,-23.375499],[-52.020232,-23.375384],[-52.02019,-23.375297],[-52.020177,-23.375207],[-52.020222,-23.374985],[-52.020247,-23.374881],[-52.020259,-23.374808],[-52.020345,-23.374655],[-52.020412,-23.374569],[-52.020428,-23.374354],[-52.020481,-23.37415],[-52.020511,-23.374096],[-52.02053,-23.374027],[-52.020542,-23.373964],[-52.020535,-23.373838],[-52.020575,-23.373662],[-52.020623,-23.373511],[-52.020706,-23.373264],[-52.020775,-23.372784],[-52.020742,-23.372609],[-52.020669,-23.372435],[-52.020626,-23.372313],[-52.020631,-23.372185],[-52.020641,-23.371871],[-52.020618,-23.371583],[-52.020558,-23.371342],[-52.020461,-23.371153],[-52.020423,-23.371001],[-52.020404,-23.370693],[-52.020403,-23.37048],[-52.020341,-23.370138],[-52.020292,-23.37003],[-52.020267,-23.369997],[-52.020235,-23.369904],[-52.020227,-23.369845],[-52.020182,-23.369692],[-52.019935,-23.36926],[-52.019755,-23.368999],[-52.019666,-23.368712],[-52.019592,-23.368393],[-52.019485,-23.367919],[-52.019403,-23.367376],[-52.0194,-23.367302],[-52.019404,-23.367231],[-52.019427,-23.36711],[-52.019503,-23.366916],[-52.019525,-23.366798],[-52.019528,-23.366739],[-52.019461,-23.366547],[-52.019395,-23.36636],[-52.019379,-23.366104],[-52.019353,-23.365775],[-52.019348,-23.365647],[-52.019358,-23.365438],[-52.019418,-23.365193],[-52.019437,-23.365143],[-52.019446,-23.365007],[-52.01941,-23.364862],[-52.019364,-23.364724],[-52.019244,-23.364517],[-52.019162,-23.364373],[-52.019008,-23.364149],[-52.018947,-23.36409],[-52.018905,-23.364014],[-52.018887,-23.363908],[-52.018872,-23.36381],[-52.018831,-23.363753],[-52.018783,-23.363703],[-52.018723,-23.363579],[-52.018689,-23.363307],[-52.018633,-23.36317],[-52.018538,-23.363102],[-52.018492,-23.362998],[-52.018494,-23.362855],[-52.018468,-23.362789],[-52.018416,-23.362745],[-52.018256,-23.362626],[-52.018194,-23.362534],[-52.018102,-23.36231],[-52.018016,-23.362098],[-52.017835,-23.361745],[-52.017654,-23.361283],[-52.017534,-23.3608],[-52.017341,-23.360092],[-52.017201,-23.359574],[-52.017178,-23.359108],[-52.017195,-23.358774],[-52.017203,-23.358323],[-52.017153,-23.357821],[-52.017048,-23.357352],[-52.01656,-23.356443],[-52.01641,-23.355963],[-52.016368,-23.355728],[-52.016373,-23.355618],[-52.016349,-23.35553],[-52.016295,-23.355452],[-52.016158,-23.355322],[-52.01608,-23.355215],[-52.016032,-23.355091],[-52.015986,-23.354867],[-52.015882,-23.354437],[-52.015881,-23.354081],[-52.015879,-23.353827],[-52.015889,-23.353613],[-52.015955,-23.352657],[-52.015904,-23.352269],[-52.015853,-23.351908],[-52.015779,-23.351642],[-52.015666,-23.351239],[-52.01559,-23.351041],[-52.015558,-23.350958],[-52.015522,-23.350884],[-52.015493,-23.350833],[-52.015465,-23.350799],[-52.0154,-23.350718],[-52.015384,-23.350665],[-52.015378,-23.350624],[-52.015335,-23.350114],[-52.015306,-23.34986],[-52.015274,-23.34977],[-52.015212,-23.349671],[-52.014899,-23.349412],[-52.014463,-23.349207],[-52.014268,-23.349085],[-52.014178,-23.348942],[-52.014119,-23.348777],[-52.013978,-23.34823],[-52.013887,-23.34789],[-52.013888,-23.347627],[-52.013937,-23.347162],[-52.013875,-23.346917],[-52.013792,-23.346703],[-52.013787,-23.346599],[-52.013848,-23.346419],[-52.013962,-23.346247],[-52.014053,-23.346111],[-52.014147,-23.345924],[-52.014172,-23.345785],[-52.014192,-23.345636],[-52.014286,-23.345409],[-52.014343,-23.345308],[-52.014373,-23.345256],[-52.014379,-23.345221],[-52.014359,-23.345179],[-52.014334,-23.345131],[-52.014315,-23.34509],[-52.014272,-23.345043],[-52.014247,-23.344994],[-52.014212,-23.344933],[-52.0142,-23.344885],[-52.014184,-23.344858],[-52.014149,-23.344813],[-52.014129,-23.344751],[-52.014115,-23.344703],[-52.01411,-23.34465],[-52.014128,-23.344598],[-52.014148,-23.344538],[-52.014166,-23.344485],[-52.014189,-23.344417],[-52.014232,-23.344352],[-52.014254,-23.344277],[-52.014319,-23.344201],[-52.014403,-23.344137],[-52.014527,-23.344082],[-52.014666,-23.343975],[-52.014823,-23.343828],[-52.014898,-23.343732],[-52.015009,-23.343616],[-52.015151,-23.343392],[-52.015112,-23.343331],[-52.015057,-23.343281],[-52.015013,-23.343228],[-52.014982,-23.343152],[-52.014963,-23.343085],[-52.014825,-23.342564],[-52.014669,-23.342129],[-52.014633,-23.341835],[-52.014582,-23.341573],[-52.014452,-23.341165],[-52.014289,-23.34089],[-52.014135,-23.34063],[-52.014011,-23.340283],[-52.013915,-23.340014],[-52.013906,-23.339899],[-52.013869,-23.339833],[-52.013764,-23.33969],[-52.013717,-23.339518],[-52.01373,-23.339317],[-52.013727,-23.339199],[-52.013697,-23.339099],[-52.013672,-23.339037],[-52.01362,-23.339007],[-52.013533,-23.33898],[-52.013496,-23.338937],[-52.013451,-23.33886],[-52.01342,-23.338773],[-52.013399,-23.338542],[-52.013417,-23.338174],[-52.013428,-23.338051],[-52.013391,-23.337904],[-52.013349,-23.337827],[-52.013258,-23.337766],[-52.013145,-23.337652],[-52.012942,-23.33746],[-52.012756,-23.337311],[-52.012619,-23.337201],[-52.012561,-23.337124],[-52.012545,-23.337028],[-52.012556,-23.336947],[-52.012601,-23.336867],[-52.01267,-23.336807],[-52.01268,-23.336665],[-52.012595,-23.336546],[-52.012443,-23.336395],[-52.01234,-23.336052],[-52.012111,-23.335515],[-52.011934,-23.335004],[-52.011843,-23.3347],[-52.011628,-23.334262],[-52.011474,-23.333982],[-52.011211,-23.333621],[-52.011075,-23.333436],[-52.01091,-23.33325],[-52.010868,-23.333088],[-52.010833,-23.332897],[-52.010852,-23.332612],[-52.010856,-23.332343],[-52.010892,-23.331928],[-52.010925,-23.331671],[-52.01093,-23.33118],[-52.010924,-23.330996],[-52.010884,-23.330881],[-52.010823,-23.330784],[-52.010578,-23.330436],[-52.010449,-23.330243],[-52.010269,-23.329993],[-52.01028,-23.329772],[-52.010346,-23.329284],[-52.010395,-23.329137],[-52.0105,-23.328964],[-52.010527,-23.328806],[-52.010552,-23.328723],[-52.010609,-23.328646],[-52.010673,-23.328595],[-52.010719,-23.328533],[-52.010734,-23.328401],[-52.010696,-23.328203],[-52.010705,-23.328085],[-52.010737,-23.327943],[-52.010754,-23.327718],[-52.010781,-23.32753],[-52.010881,-23.327347],[-52.011159,-23.326843],[-52.011184,-23.326798],[-52.011208,-23.326753],[-52.011258,-23.326716],[-52.011341,-23.326672],[-52.011379,-23.32664],[-52.011424,-23.326594],[-52.011456,-23.326555],[-52.011484,-23.326512],[-52.011527,-23.326363],[-52.011547,-23.326223],[-52.011559,-23.326184],[-52.011584,-23.326153],[-52.011612,-23.326123],[-52.011637,-23.326052],[-52.011648,-23.325975],[-52.011636,-23.325889],[-52.011618,-23.3258],[-52.011572,-23.325638],[-52.011543,-23.325506],[-52.01155,-23.325379],[-52.011606,-23.325234],[-52.011679,-23.325178],[-52.011785,-23.32512],[-52.011872,-23.325038],[-52.011954,-23.324933],[-52.012013,-23.324822],[-52.012046,-23.324705],[-52.012039,-23.32454],[-52.012049,-23.324373],[-52.012051,-23.324294],[-52.012066,-23.324232],[-52.012107,-23.324184],[-52.012178,-23.32409],[-52.012182,-23.323922],[-52.012213,-23.323817],[-52.012279,-23.323587],[-52.012275,-23.323491],[-52.01222,-23.323415],[-52.012143,-23.323355],[-52.012074,-23.323275],[-52.011958,-23.323201],[-52.011805,-23.323149],[-52.011705,-23.323152],[-52.011612,-23.323155],[-52.011533,-23.323135],[-52.011455,-23.323111],[-52.011427,-23.323081],[-52.011425,-23.323062],[-52.011437,-23.323038],[-52.011534,-23.322982],[-52.011568,-23.322953],[-52.011607,-23.322919],[-52.011637,-23.322878],[-52.011711,-23.322823],[-52.011758,-23.322738],[-52.011781,-23.322698],[-52.011842,-23.322618],[-52.011921,-23.32252],[-52.012018,-23.3224],[-52.012387,-23.321853],[-52.012448,-23.321724],[-52.012486,-23.321605],[-52.012512,-23.321491],[-52.012497,-23.321422],[-52.012453,-23.321355],[-52.012297,-23.321241],[-52.012214,-23.321148],[-52.012194,-23.321055],[-52.012209,-23.320923],[-52.012247,-23.320829],[-52.012312,-23.320753],[-52.012399,-23.320681],[-52.012535,-23.320527],[-52.012637,-23.32037],[-52.012505,-23.319968],[-52.012436,-23.319647],[-52.01238,-23.319411],[-52.0123,-23.319157],[-52.012229,-23.319014],[-52.0122,-23.318831],[-52.012249,-23.318602],[-52.012376,-23.3184],[-52.012506,-23.318227],[-52.012498,-23.31808],[-52.012392,-23.318013],[-52.012264,-23.318006],[-52.01209,-23.318043],[-52.011993,-23.318049],[-52.011861,-23.318056],[-52.011756,-23.318002],[-52.011681,-23.317913],[-52.011676,-23.317781],[-52.011676,-23.317695],[-52.011729,-23.317623],[-52.011791,-23.317572],[-52.011934,-23.317521],[-52.012101,-23.317477],[-52.012173,-23.317435],[-52.012242,-23.31737],[-52.012283,-23.317302],[-52.012283,-23.317212],[-52.012248,-23.31714],[-52.012186,-23.317078],[-52.012074,-23.317053],[-52.011927,-23.317048],[-52.011787,-23.317031],[-52.011684,-23.317022],[-52.011632,-23.316989],[-52.01161,-23.316922],[-52.011618,-23.31685],[-52.011661,-23.316731],[-52.011737,-23.31657],[-52.01184,-23.316386],[-52.011928,-23.316198],[-52.011933,-23.316124],[-52.011912,-23.316069],[-52.011869,-23.3159],[-52.011905,-23.315826],[-52.012054,-23.315688],[-52.012194,-23.315427],[-52.012311,-23.315102]]}},
{"type":"Feature","properties":{"name":"Cór. Sem Denominação"},"geometry":{"type":"LineString","coordinates":[[-52.043504,-23.419647],[-52.043285,-23.419631],[-52.042815,-23.419641]]}},
{"type":"Feature","properties":{"name":"Cór. Sem Denominação"},"geometry":{"type":"LineString","coordinates":[[-51.965492,-23.486415],[-51.965151,-23.486555],[-51.965037,-23.486628],[-51.964929,-23.486703],[-51.964747,-23.486851],[-51.96433,-23.487128],[-51.964095,-23.487297],[-51.963971,-23.487383],[-51.963708,-23.487566],[-51.963509,-23.487722],[-51.963328,-23.487874],[-51.963154,-23.488012],[-51.962908,-23.488197],[-51.962709,-23.488298],[-51.96249,-23.488384],[-51.962305,-23.48845],[-51.962139,-23.488502],[-51.962043,-23.488527],[-51.961894,-23.488554],[-51.961761,-23.488571],[-51.961538,-23.488574],[-51.961122,-23.488696],[-51.960963,-23.488765],[-51.960762,-23.48885],[-51.960489,-23.489],[-51.960341,-23.489084],[-51.960177,-23.489192],[-51.960061,-23.489282],[-51.959946,-23.489346],[-51.959837,-23.489393],[-51.95971,-23.489427],[-51.959598,-23.489458],[-51.959462,-23.489507],[-51.959251,-23.489594],[-51.959146,-23.489661],[-51.959087,-23.489702],[-51.959014,-23.489757],[-51.958907,-23.489842],[-51.958823,-23.489933],[-51.958744,-23.490056],[-51.958583,-23.490424],[-51.958366,-23.490869],[-51.958137,-23.491268],[-51.957961,-23.491682],[-51.957855,-23.491859],[-51.95775,-23.49203],[-51.957633,-23.492207],[-51.95753,-23.492307],[-51.957182,-23.492524],[-51.956727,-23.492753],[-51.956225,-23.492967]]}},
{"type":"Feature","properties":{"name":"Cór. Guaiapó"},"geometry":{"type":"LineString","coordinates":[[-51.878048,-23.416449],[-51.877691,-23.416434],[-51.877613,-23.416431],[-51.877521,-23.416418],[-51.877407,-23.416376],[-51.877308,-23.416333],[-51.877185,-23.416303],[-51.877054,-23.416222],[-51.876712,-23.416049],[-51.876618,-23.41599],[-51.876537,-23.415933],[-51.876327,-23.415757],[-51.876158,-23.415638],[-51.87604,-23.415586],[-51.875918,-23.415571],[-51.87581,-23.415577],[-51.875739,-23.415566],[-51.875684,-23.415545],[-51.875653,-23.415514],[-51.875607,-23.415437],[-51.875562,-23.415361],[-51.875477,-23.415255],[-51.87542,-23.415218],[-51.875325,-23.4152],[-51.875176,-23.415226],[-51.875081,-23.415249],[-51.875014,-23.415274],[-51.874957,-23.415293],[-51.874893,-23.415303],[-51.874823,-23.415293],[-51.874632,-23.415246],[-51.874461,-23.415231],[-51.874307,-23.415217],[-51.874101,-23.415223],[-51.873902,-23.415257],[-51.873726,-23.415303],[-51.873534,-23.415359],[-51.873381,-23.415402],[-51.87324,-23.415436],[-51.873161,-23.415445],[-51.873054,-23.415439],[-51.872889,-23.415401],[-51.872792,-23.415379],[-51.87273,-23.415369],[-51.872682,-23.415364],[-51.872575,-23.415354],[-51.872473,-23.415353],[-51.872391,-23.415349],[-51.872334,-23.41534],[-51.872305,-23.415327],[-51.872258,-23.415302],[-51.872219,-23.415297],[-51.871948,-23.415258],[-51.871852,-23.415232],[-51.871762,-23.415214],[-51.871628,-23.415216],[-51.871542,-23.415212],[-51.871477,-23.4152],[-51.871434,-23.415185],[-51.871395,-23.415177],[-51.871358,-23.415176],[-51.87112,-23.415179],[-51.870945,-23.415166],[-51.870848,-23.415147],[-51.870751,-23.415132],[-51.870681,-23.415128],[-51.870606,-23.415142],[-51.870529,-23.415153],[-51.870452,-23.415154],[-51.870371,-23.415134],[-51.870172,-23.415019],[-51.870068,-23.414982],[-51.869951,-23.41495],[-51.869824,-23.414938],[-51.869723,-23.41494],[-51.869543,-23.414931],[-51.869369,-23.414932],[-51.868963,-23.41493],[-51.86875,-23.414955],[-51.868523,-23.414982],[-51.8683,-23.415024],[-51.868115,-23.415075],[-51.867679,-23.415185],[-51.867333,-23.415232],[-51.867093,-23.415295],[-51.866895,-23.415317]]}},
{"type":"Feature","properties":{"name":"Cór. Sem Denominação"},"geometry":{"type":"LineString","coordinates":[[-52.012711,-23.530597],[-52.013422,-23.531295],[-52.014401,-23.53205],[-52.014744,-23.532279],[-52.015122,-23.532422],[-52.015361,-23.532501],[-52.015703,-23.532573],[-52.015907,-23.532597],[-52.016243,-23.532617],[-52.016502,-23.532658],[-52.016765,-23.532749],[-52.017207,-23.532913],[-52.017563,-23.533085],[-52.018302,-23.533343],[-52.018848,-23.533645],[-52.019191,-23.533801],[-52.019509,-23.533952],[-52.019978,-23.534345],[-52.020339,-23.534716],[-52.020915,-23.535501],[-52.021242,-23.53582],[-52.021424,-23.535944],[-52.021681,-23.536053],[-52.022446,-23.536099],[-52.023369,-23.536063],[-52.02399,-23.536024]]}},
{"type":"Feature","properties":{"name":"Cór. Sem Denominação"},"geometry":{"type":"LineString","coordinates":[[-52.023223,-23.514249],[-52.023541,-23.513869],[-52.023653,-23.51361],[-52.023815,-23.513348],[-52.023817,-23.513345]]}},
{"type":"Feature","properties":{"name":"Cór. Sem Denominação"},"geometry":{"type":"LineString","coordinates":[[-52.020412,-23.374569],[-52.020511,-23.374668],[-52.020643,-23.374799],[-52.020887,-23.374971],[-52.021147,-23.375029],[-52.021446,-23.375114],[-52.021662,-23.375163],[-52.021828,-23.375243],[-52.022017,-23.375285],[-52.022167,-23.375277],[-52.022491,-23.375272],[-52.022786,-23.375247],[-52.023053,-23.375239],[-52.023445,-23.3753],[-52.023707,-23.375364],[-52.024012,-23.375484],[-52.024124,-23.375512],[-52.024319,-23.375535],[-52.024389,-23.375529],[-52.024485,-23.375505],[-52.024558,-23.375508],[-52.024662,-23.375524],[-52.025001,-23.375615],[-52.025179,-23.375694],[-52.025273,-23.375818],[-52.025375,-23.375907],[-52.025481,-23.375966],[-52.025656,-23.376035],[-52.025795,-23.376109],[-52.025961,-23.376257],[-52.026047,-23.376323],[-52.026157,-23.376395],[-52.026233,-23.376445],[-52.026328,-23.376481],[-52.026406,-23.376487],[-52.026562,-23.376498],[-52.026651,-23.376504],[-52.026728,-23.376529],[-52.026781,-23.376558],[-52.027056,-23.376708],[-52.027123,-23.376766],[-52.027209,-23.376835],[-52.027308,-23.376907],[-52.027419,-23.377007],[-52.027555,-23.377129],[-52.027722,-23.377332],[-52.028128,-23.37756],[-52.028565,-23.377852],[-52.028631,-23.37792],[-52.028797,-23.378055],[-52.028939,-23.37817],[-52.02912,-23.378306],[-52.029267,-23.378464],[-52.029343,-23.378559],[-52.029458,-23.378749],[-52.029556,-23.378886],[-52.02976,-23.379066],[-52.030498,-23.379508]]}},
{"type":"Feature","properties":{"name":"Cór. Sem Denominação"},"geometry":{"type":"LineString","coordinates":[[-52.030306,-23.510353],[-52.030477,-23.510114],[-52.030793,-23.509637],[-52.031282,-23.509089],[-52.031804,-23.508232],[-52.032045,-23.507938],[-52.032181,-23.507756],[-52.032424,-23.507439],[-52.03269,-23.507169],[-52.032902,-23.506938],[-52.03312,-23.506744],[-52.033304,-23.50662],[-52.033527,-23.506499],[-52.033677,-23.506411]]}},
{"type":"Feature","properties":{"name":"Cór. Sem Denominação"},"geometry":{"type":"LineString","coordinates":[[-51.842618,-23.379114],[-51.842915,-23.379015],[-51.843054,-23.378935],[-51.843228,-23.378845],[-51.843345,-23.37883],[-51.843465,-23.378858],[-51.843609,-23.378907],[-51.8438,-23.378924],[-51.843971,-23.378966],[-51.844185,-23.379015],[-51.844437,-23.379021]]}},
{"type":"Feature","properties":{"name":"Cór. Sem Denominação"},"geometry":{"type":"LineString","coordinates":[[-51.975845,-23.484871],[-51.975865,-23.485301],[-51.975847,-23.485564],[-51.975785,-23.485941],[-51.975703,-23.486216],[-51.975633,-23.486363],[-51.975552,-23.486563],[-51.975515,-23.486844],[-51.975513,-23.486992],[-51.975557,-23.487221],[-51.975615,-23.487437],[-51.975616,-23.487441],[-51.975638,-23.487502],[-51.975704,-23.487654],[-51.97582,-23.487829],[-51.975947,-23.488009],[-51.976191,-23.488305],[-51.976312,-23.48846],[-51.976415,-23.48856],[-51.976543,-23.488698]]}},
{"type":"Feature","properties":{"name":"Cór. Sem Denominação"},"geometry":{"type":"LineString","coordinates":[[-52.04722,-23.439287],[-52.047157,-23.438942]]}},
{"type":"Feature","properties":{"name":"Cór. Miringuava"},"geometry":{"type":"LineString","coordinates":[[-52.035892,-23.519471],[-52.036004,-23.519396],[-52.036128,-23.519395],[-52.036268,-23.519414],[-52.036413,-23.519386],[-52.036497,-23.519373],[-52.036556,-23.519284],[-52.036592,-23.519258],[-52.03666,-23.519219],[-52.036702,-23.5192],[-52.036745,-23.5192],[-52.036776,-23.519213],[-52.036925,-23.519245],[-52.037035,-23.519231],[-52.037254,-23.51923],[-52.037335,-23.519236],[-52.037363,-23.519257],[-52.037415,-23.519362],[-52.037521,-23.51951],[-52.037565,-23.51956],[-52.037683,-23.519642],[-52.037821,-23.519716],[-52.037907,-23.51976],[-52.038019,-23.519793],[-52.038113,-23.519811],[-52.038195,-23.519833],[-52.038257,-23.51985],[-52.038318,-23.519867],[-52.038379,-23.519883],[-52.038439,-23.5199],[-52.038712,-23.519975],[-52.038766,-23.519981],[-52.038871,-23.519982],[-52.038984,-23.520007],[-52.039025,-23.520016],[-52.039093,-23.520035],[-52.039154,-23.520065],[-52.039211,-23.520081],[-52.039326,-23.520073],[-52.039375,-23.520065],[-52.039404,-23.520069],[-52.0395,-23.520077],[-52.039573,-23.520094],[-52.03969,-23.520097],[-52.039839,-23.520037],[-52.039934,-23.520012],[-52.040019,-23.520013],[-52.040181,-23.520039],[-52.040318,-23.520072],[-52.040428,-23.52009],[-52.040565,-23.520074],[-52.040628,-23.520042],[-52.040741,-23.519971],[-52.040817,-23.519938],[-52.040942,-23.519884],[-52.041053,-23.519847],[-52.041129,-23.5198],[-52.041196,-23.519766],[-52.041232,-23.519766],[-52.041274,-23.519781],[-52.041391,-23.519814],[-52.04152,-23.519811],[-52.041567,-23.51982],[-52.041692,-23.519839],[-52.041761,-23.51986],[-52.04193,-23.519866],[-52.042057,-23.519876],[-52.042175,-23.519879],[-52.042277,-23.519878],[-52.042347,-23.519872],[-52.042423,-23.519847],[-52.042505,-23.519828],[-52.042573,-23.519832],[-52.042716,-23.519854],[-52.042764,-23.51987],[-52.042806,-23.519903],[-52.042843,-23.519952],[-52.042875,-23.519963],[-52.042903,-23.519949],[-52.042928,-23.519906],[-52.042984,-23.519847],[-52.043041,-23.519784],[-52.043086,-23.519737],[-52.043126,-23.519707],[-52.043191,-23.519691],[-52.043296,-23.519667],[-52.043349,-23.519682],[-52.043399,-23.519722],[-52.043466,-23.519756],[-52.043551,-23.519756],[-52.043632,-23.519752],[-52.043724,-23.519788],[-52.04384,-23.519867],[-52.043939,-23.519916],[-52.044083,-23.519953],[-52.044179,-23.519948],[-52.044399,-23.52001],[-52.044479,-23.520024],[-52.044582,-23.520022],[-52.044761,-23.519986],[-52.044883,-23.519987],[-52.045076,-23.51996],[-52.04519,-23.519903],[-52.045321,-23.519792],[-52.045421,-23.519717],[-52.045452,-23.519707],[-52.045494,-23.519706],[-52.045564,-23.519759],[-52.045695,-23.519807],[-52.045813,-23.519789],[-52.045867,-23.519781],[-52.045908,-23.519762],[-52.045947,-23.519713],[-52.046002,-23.519623],[-52.046139,-23.519521],[-52.046209,-23.519502],[-52.046287,-23.519492],[-52.046365,-23.51949],[-52.04642,-23.519501],[-52.046491,-23.51954],[-52.046547,-23.519556],[-52.04664,-23.519561],[-52.046744,-23.519558],[-52.04678,-23.519554],[-52.046794,-23.519541],[-52.046845,-23.519502],[-52.046869,-23.519495],[-52.046901,-23.519489],[-52.046956,-23.519513],[-52.047042,-23.519535],[-52.047131,-23.519527],[-52.047268,-23.519509]]}},
{"type":"Feature","properties":{"name":"Água Roseira"},"geometry":{"type":"LineString","coordinates":[[-51.913914,-23.362538],[-51.914045,-23.363275],[-51.91412,-23.363737],[-51.914139,-23.364108],[-51.91418,-23.364394],[-51.914213,-23.364666],[-51.914186,-23.364911],[-51.914169,-23.365084],[-51.91416,-23.36514],[-51.914137,-23.365222],[-51.914131,-23.365268],[-51.914141,-23.365344],[-51.914149,-23.365401],[-51.914149,-23.36545],[-51.914129,-23.365496],[-51.914102,-23.365545],[-51.914094,-23.365585],[-51.914091,-23.365631],[-51.914109,-23.365704],[-51.914103,-23.365764],[-51.914096,-23.365845],[-51.914092,-23.365891],[-51.914091,-23.365988],[-51.914121,-23.366047],[-51.914139,-23.366069],[-51.914138,-23.366118],[-51.914123,-23.366256],[-51.91412,-23.366381],[-51.914127,-23.366581],[-51.914115,-23.366696],[-51.914114,-23.366759],[-51.914106,-23.366858],[-51.914119,-23.367007],[-51.914125,-23.367145],[-51.914149,-23.367475],[-51.914133,-23.367719],[-51.914141,-23.367972],[-51.914156,-23.368165],[-51.91416,-23.368279],[-51.914172,-23.368425],[-51.914176,-23.368688],[-51.914165,-23.368762],[-51.914145,-23.368844],[-51.914082,-23.369074],[-51.914,-23.369273],[-51.913853,-23.369614],[-51.913749,-23.369875],[-51.913631,-23.370098],[-51.913536,-23.370256],[-51.913509,-23.370372],[-51.913514,-23.370507],[-51.913531,-23.370615],[-51.913538,-23.370711],[-51.913553,-23.370807],[-51.913557,-23.370858],[-51.91356,-23.3709],[-51.913561,-23.370952],[-51.913563,-23.370993],[-51.913573,-23.371009],[-51.913585,-23.371021],[-51.913605,-23.371041],[-51.913622,-23.371069],[-51.91363,-23.371105],[-51.913631,-23.371137],[-51.913622,-23.371193],[-51.913627,-23.371243],[-51.913637,-23.371285],[-51.913644,-23.3713],[-51.913656,-23.37131],[-51.91368,-23.371321],[-51.913697,-23.371326],[-51.913711,-23.371334],[-51.913721,-23.371353],[-51.91373,-23.371373],[-51.913737,-23.371406],[-51.913736,-23.371451],[-51.913736,-23.371495],[-51.913733,-23.371551],[-51.913742,-23.371581],[-51.913744,-23.371598],[-51.913739,-23.371616],[-51.913726,-23.371636],[-51.913722,-23.371658],[-51.91372,-23.371681],[-51.913726,-23.3717],[-51.913733,-23.371727],[-51.913755,-23.371765],[-51.913764,-23.371793],[-51.913768,-23.371818],[-51.913765,-23.371844],[-51.913756,-23.371871],[-51.913751,-23.371902],[-51.913756,-23.371938],[-51.913766,-23.37199],[-51.913771,-23.372016],[-51.913779,-23.372042],[-51.913781,-23.372055],[-51.913787,-23.372089],[-51.913791,-23.372112],[-51.913793,-23.37213],[-51.913791,-23.372155],[-51.91379,-23.372164],[-51.913792,-23.372177],[-51.913797,-23.372203],[-51.9138,-23.372223],[-51.913803,-23.372246],[-51.913808,-23.372261],[-51.913829,-23.372289],[-51.913836,-23.372306],[-51.913834,-23.372338],[-51.913829,-23.37236],[-51.91383,-23.372372],[-51.913839,-23.372386],[-51.913851,-23.372413],[-51.913856,-23.372445],[-51.913859,-23.372468],[-51.91386,-23.372482],[-51.913856,-23.372494],[-51.913846,-23.372514],[-51.913837,-23.372535],[-51.913828,-23.372548],[-51.91382,-23.372567],[-51.913814,-23.372576],[-51.913813,-23.372583],[-51.913819,-23.372595],[-51.913844,-23.372631],[-51.913848,-23.372649],[-51.913846,-23.372681],[-51.913847,-23.372755],[-51.913851,-23.372819],[-51.913861,-23.372853],[-51.913869,-23.372879],[-51.913866,-23.372902],[-51.913867,-23.372921],[-51.913878,-23.372935],[-51.913892,-23.372947],[-51.913907,-23.372969],[-51.913911,-23.372991],[-51.913912,-23.373012],[-51.913905,-23.373043],[-51.913894,-23.373082],[-51.913893,-23.373096],[-51.913895,-23.37311],[-51.913905,-23.373137],[-51.91392,-23.373163],[-51.913937,-23.373193],[-51.913956,-23.373222],[-51.913961,-23.373241],[-51.913963,-23.373262],[-51.913962,-23.373284],[-51.913954,-23.37331],[-51.913938,-23.373331],[-51.913921,-23.373347],[-51.913909,-23.373367],[-51.913906,-23.373385],[-51.91391,-23.373411],[-51.913917,-23.373441],[-51.913918,-23.373482],[-51.913921,-23.373539],[-51.913917,-23.373586],[-51.913913,-23.373632],[-51.913915,-23.373662],[-51.913908,-23.373684],[-51.913911,-23.373709],[-51.913914,-23.373749],[-51.913925,-23.373776],[-51.913929,-23.373802],[-51.913931,-23.373826],[-51.913951,-23.373846],[-51.913969,-23.373874],[-51.913993,-23.373896],[-51.914005,-23.373914],[-51.914004,-23.373928],[-51.914003,-23.373951],[-51.914005,-23.373965],[-51.914013,-23.373978],[-51.914032,-23.374],[-51.914044,-23.374028],[-51.914051,-23.374054],[-51.914051,-23.374082],[-51.914058,-23.374103],[-51.914071,-23.374134],[-51.914083,-23.374166],[-51.914087,-23.374196],[-51.914092,-23.37423],[-51.91409,-23.374266],[-51.914089,-23.374295],[-51.914097,-23.374333],[-51.91411,-23.374394],[-51.914123,-23.37444],[-51.91414,-23.374489],[-51.914167,-23.374539],[-51.914188,-23.374583],[-51.914214,-23.374623],[-51.914229,-23.374653],[-51.914231,-23.374678],[-51.914239,-23.374701],[-51.914265,-23.374756],[-51.914295,-23.374811],[-51.914302,-23.374846],[-51.914314,-23.374874],[-51.914339,-23.374908],[-51.914384,-23.374958],[-51.914505,-23.375158],[-51.914611,-23.375323],[-51.914698,-23.37546]]}},
{"type":"Feature","properties":{"name":"Água Samba"},"geometry":{"type":"LineString","coordinates":[[-51.981606,-23.341984],[-51.981557,-23.342714],[-51.981564,-23.343718],[-51.98157,-23.344159]]}},
{"type":"Feature","properties":{"name":"Cór. Sem Denominação"},"geometry":{"type":"LineString","coordinates":[[-51.876271,-23.347968],[-51.876301,-23.34794],[-51.876324,-23.347921],[-51.876371,-23.347907],[-51.876427,-23.347894],[-51.876476,-23.347887],[-51.876534,-23.347871],[-51.876572,-23.347841],[-51.876603,-23.347823],[-51.876643,-23.347806],[-51.876695,-23.347792],[-51.876719,-23.347777],[-51.876749,-23.347749],[-51.876772,-23.347715],[-51.876797,-23.347689],[-51.876854,-23.347657],[-51.876896,-23.3476],[-51.876903,-23.347577],[-51.876896,-23.34755],[-51.876886,-23.347526],[-51.876883,-23.347502],[-51.876892,-23.347483],[-51.87692,-23.347467],[-51.876944,-23.347463],[-51.876971,-23.347469],[-51.877018,-23.347469],[-51.877076,-23.34747],[-51.877167,-23.347469],[-51.877275,-23.347445],[-51.877374,-23.347417],[-51.87744,-23.347382],[-51.877505,-23.347342],[-51.877649,-23.347266],[-51.87775,-23.347221],[-51.877869,-23.347172],[-51.877942,-23.347149],[-51.878016,-23.347125],[-51.878181,-23.347097],[-51.878423,-23.347037],[-51.87866,-23.346957],[-51.878965,-23.34684],[-51.879011,-23.346824],[-51.879039,-23.3468],[-51.879075,-23.346766],[-51.879151,-23.346717],[-51.879245,-23.346646],[-51.879313,-23.346594],[-51.879333,-23.346574],[-51.87936,-23.346547],[-51.879397,-23.346537],[-51.879437,-23.346538],[-51.879472,-23.346535],[-51.879494,-23.346537],[-51.879514,-23.346548],[-51.879531,-23.346577],[-51.87955,-23.34661],[-51.879566,-23.346632],[-51.87958,-23.346653],[-51.879602,-23.346668],[-51.879641,-23.34667],[-51.879701,-23.346668],[-51.879786,-23.346665],[-51.879868,-23.346672],[-51.879968,-23.346687],[-51.88007,-23.34669],[-51.880135,-23.346679],[-51.880211,-23.346658],[-51.880313,-23.346634],[-51.880411,-23.34661],[-51.8805,-23.346599],[-51.880634,-23.34661],[-51.88087,-23.346638],[-51.881014,-23.346638],[-51.881245,-23.346641],[-51.881442,-23.346661],[-51.881471,-23.346634],[-51.881569,-23.346535],[-51.881601,-23.346492],[-51.881626,-23.346439],[-51.881687,-23.346383],[-51.881751,-23.346328],[-51.881783,-23.346276],[-51.881817,-23.346233],[-51.881869,-23.346172],[-51.881901,-23.346149],[-51.881941,-23.346119],[-51.882014,-23.346063],[-51.88208,-23.346008],[-51.882128,-23.345962],[-51.882162,-23.345936],[-51.8822,-23.345915],[-51.882224,-23.345899],[-51.882248,-23.345888],[-51.882276,-23.345879],[-51.882298,-23.345858],[-51.882325,-23.345833],[-51.882363,-23.3458],[-51.882374,-23.345794],[-51.882402,-23.345778],[-51.882425,-23.345752],[-51.882468,-23.345731],[-51.882501,-23.345714],[-51.882517,-23.345702],[-51.882535,-23.345693],[-51.882587,-23.345661],[-51.882608,-23.345648],[-51.882626,-23.345626],[-51.882647,-23.3456],[-51.882673,-23.345574],[-51.882709,-23.345549],[-51.882744,-23.345533],[-51.882776,-23.345519],[-51.882812,-23.345507],[-51.882827,-23.345491],[-51.882827,-23.345474],[-51.882841,-23.345461],[-51.882884,-23.345439],[-51.882913,-23.345419],[-51.882961,-23.345396],[-51.883009,-23.345377],[-51.883083,-23.345341],[-51.883179,-23.345234],[-51.883221,-23.345188],[-51.883235,-23.345154],[-51.88324,-23.345142],[-51.88325,-23.345131],[-51.883259,-23.345125]]}},
{"type":"Feature","properties":{"name":"Cór. Sem Denominação"},"geometry":{"type":"LineString","coordinates":[[-51.942727,-23.397426],[-51.942814,-23.397375],[-51.942923,-23.397353],[-51.943004,-23.397317],[-51.943146,-23.397247],[-51.943262,-23.39722],[-51.943347,-23.397222],[-51.943417,-23.397183],[-51.943433,-23.39709],[-51.943539,-23.39703],[-51.943574,-23.396919],[-51.943642,-23.396838],[-51.943745,-23.396792],[-51.943812,-23.396711],[-51.943825,-23.396625],[-51.943775,-23.396526],[-51.943739,-23.396413],[-51.943742,-23.396329],[-51.943793,-23.396249],[-51.943811,-23.396147],[-51.943779,-23.396087],[-51.943742,-23.395947],[-51.943793,-23.39583],[-51.943851,-23.395764],[-51.943895,-23.395671],[-51.943907,-23.395534],[-51.9439,-23.395423],[-51.943909,-23.395286],[-51.943898,-23.395152],[-51.943884,-23.394993]]}},
{"type":"Feature","properties":{"name":""},"geometry":{"type":"LineString","coordinates":[[-51.977492,-23.296687],[-51.977458,-23.296736],[-51.97731,-23.297019],[-51.977221,-23.29723],[-51.977163,-23.297479],[-51.977076,-23.297881],[-51.976969,-23.298171],[-51.976872,-23.29836],[-51.976783,-23.298541],[-51.976777,-23.298553],[-51.976714,-23.298679],[-51.976617,-23.298854],[-51.976352,-23.299386],[-51.976174,-23.299769],[-51.975914,-23.300132]]}},
{"type":"Feature","properties":{"name":"Cór. Sem Denominação"},"geometry":{"type":"LineString","coordinates":[[-51.930674,-23.475118],[-51.930564,-23.474551],[-51.930471,-23.474292],[-51.930252,-23.474027],[-51.929967,-23.473709],[-51.929644,-23.473458],[-51.929345,-23.473204],[-51.928309,-23.472669],[-51.928162,-23.472616],[-51.927982,-23.472546],[-51.927619,-23.472317],[-51.927263,-23.472105],[-51.926955,-23.471929],[-51.926825,-23.471849],[-51.926691,-23.471746],[-51.926588,-23.471653],[-51.92648,-23.47155],[-51.926349,-23.47147],[-51.92612,-23.471242],[-51.925847,-23.471124],[-51.925372,-23.471014],[-51.924683,-23.470666],[-51.924473,-23.470515],[-51.924332,-23.470352],[-51.924137,-23.470157],[-51.923896,-23.46991],[-51.923799,-23.469826],[-51.92372,-23.469736],[-51.923618,-23.469594],[-51.923528,-23.469386],[-51.923457,-23.469256],[-51.923401,-23.469126],[-51.923276,-23.468765],[-51.923234,-23.468699],[-51.923048,-23.468375]]}},
{"type":"Feature","properties":{"name":"Cór. Sem Denominação"},"geometry":{"type":"LineString","coordinates":[[-51.849948,-23.328451],[-51.849975,-23.328336],[-51.850009,-23.328283],[-51.850078,-23.328244],[-51.850158,-23.328186],[-51.850274,-23.328098],[-51.85037,-23.328043],[-51.850447,-23.327975],[-51.850505,-23.327919],[-51.850518,-23.327905],[-51.850572,-23.327866],[-51.850595,-23.327825],[-51.85064,-23.327785],[-51.850731,-23.327724],[-51.850866,-23.327673],[-51.850932,-23.327649],[-51.850983,-23.327625],[-51.851032,-23.327608],[-51.851075,-23.327579],[-51.851133,-23.327524],[-51.851176,-23.327479],[-51.851209,-23.327429],[-51.851223,-23.327401],[-51.851236,-23.327377],[-51.851268,-23.327337],[-51.851305,-23.327311],[-51.85136,-23.327273],[-51.851447,-23.327242],[-51.85153,-23.327221],[-51.851611,-23.327192],[-51.851699,-23.327138],[-51.851784,-23.327093],[-51.851938,-23.327006],[-51.852161,-23.326837]]}},
{"type":"Feature","properties":{"name":"Cór. Sem Denominação"},"geometry":{"type":"LineString","coordinates":[[-51.973818,-23.406104],[-51.973871,-23.406049],[-51.973967,-23.405929],[-51.974109,-23.405779],[-51.97416,-23.405708]]}},
{"type":"Feature","properties":{"name":"Cór. Betty"},"geometry":{"type":"LineString","coordinates":[[-51.948564,-23.440649],[-51.948491,-23.440642],[-51.948414,-23.440648],[-51.948307,-23.440638],[-51.948208,-23.440645],[-51.948132,-23.440662],[-51.948064,-23.440701],[-51.947954,-23.44074],[-51.947769,-23.44077],[-51.947572,-23.440831],[-51.947406,-23.440898],[-51.947205,-23.440947],[-51.947043,-23.440964],[-51.946947,-23.44096],[-51.946791,-23.440972],[-51.946661,-23.440977],[-51.946476,-23.440956],[-51.946261,-23.440933],[-51.946065,-23.440945],[-51.945739,-23.440946],[-51.945444,-23.44098],[-51.944872,-23.440962],[-51.94475,-23.440966],[-51.944664,-23.440958],[-51.944623,-23.440939],[-51.944585,-23.440909],[-51.944519,-23.440874],[-51.944474,-23.440875],[-51.944359,-23.440887],[-51.944102,-23.440903],[-51.943983,-23.440921],[-51.943851,-23.440935],[-51.943617,-23.440935],[-51.943379,-23.440943],[-51.943137,-23.440941],[-51.943011,-23.440952],[-51.942908,-23.440961],[-51.942875,-23.440962],[-51.942733,-23.440965],[-51.942667,-23.440964],[-51.942631,-23.440942],[-51.94262,-23.440902],[-51.942611,-23.440873],[-51.942607,-23.440834],[-51.942592,-23.440781],[-51.942578,-23.44074],[-51.942561,-23.44072],[-51.942545,-23.440714],[-51.94249,-23.440704],[-51.942369,-23.440703],[-51.942293,-23.440707],[-51.942222,-23.440721]]}},
{"type":"Feature","properties":{"name":"Cór. Sem Denominação"},"geometry":{"type":"LineString","coordinates":[[-52.04067,-23.511816],[-52.040427,-23.511985],[-52.040213,-23.512045],[-52.039741,-23.512256],[-52.039617,-23.512312],[-52.039516,-23.512409],[-52.039162,-23.512698],[-52.038865,-23.512941],[-52.038557,-23.51333],[-52.038007,-23.51424],[-52.037658,-23.51464],[-52.037385,-23.514834],[-52.03724,-23.514989],[-52.037034,-23.51521],[-52.036857,-23.51542],[-52.036705,-23.515739],[-52.036564,-23.51596],[-52.036423,-23.516102],[-52.036233,-23.516321],[-52.036015,-23.516616],[-52.035923,-23.51688],[-52.035917,-23.517017],[-52.035954,-23.517193],[-52.036067,-23.517473],[-52.03614,-23.517685],[-52.036245,-23.517962],[-52.036269,-23.518113],[-52.036264,-23.518222],[-52.036252,-23.518264],[-52.036215,-23.518305],[-52.036167,-23.518339],[-52.036145,-23.51837],[-52.036133,-23.51843],[-52.036129,-23.518508],[-52.036033,-23.518925],[-52.035892,-23.519471]]}},
{"type":"Feature","properties":{"name":"Cór. Sem Denominação"},"geometry":{"type":"LineString","coordinates":[[-51.982866,-23.527326],[-51.98347,-23.527136],[-51.983795,-23.526969],[-51.98403,-23.526822],[-51.984389,-23.52664],[-51.984685,-23.526459],[-51.984997,-23.526247],[-51.985536,-23.525816],[-51.985842,-23.52553],[-51.986329,-23.525122],[-51.986583,-23.52491]]}},
{"type":"Feature","properties":{"name":"Cór. Sem Denominação"},"geometry":{"type":"LineString","coordinates":[[-51.869803,-23.354991],[-51.869968,-23.354939],[-51.870077,-23.354917],[-51.870504,-23.354849],[-51.870752,-23.35482],[-51.871104,-23.354771],[-51.871423,-23.354762],[-51.871728,-23.354719],[-51.871982,-23.354703],[-51.872235,-23.354674],[-51.872454,-23.354601],[-51.872651,-23.354505],[-51.872786,-23.354408],[-51.87296,-23.354228],[-51.873194,-23.353943],[-51.873409,-23.353622],[-51.873578,-23.35337],[-51.873687,-23.353205],[-51.873908,-23.352861],[-51.873956,-23.352777],[-51.874082,-23.352621],[-51.874239,-23.35242],[-51.874447,-23.352123],[-51.874604,-23.351859]]}},
{"type":"Feature","properties":{"name":"Cór. Flor Bela"},"geometry":{"type":"LineString","coordinates":[[-51.938618,-23.289571],[-51.938529,-23.289714],[-51.938435,-23.289852],[-51.938318,-23.289978],[-51.938175,-23.290146],[-51.938003,-23.29029],[-51.937932,-23.290356],[-51.93786,-23.290423],[-51.937778,-23.290535],[-51.937633,-23.290791],[-51.937351,-23.291211],[-51.937156,-23.291459],[-51.936756,-23.291919],[-51.93631,-23.292481],[-51.935945,-23.292961],[-51.935746,-23.29318],[-51.93553,-23.29338],[-51.935413,-23.293474],[-51.935265,-23.293625],[-51.934985,-23.293949],[-51.934775,-23.294353],[-51.934481,-23.294852],[-51.934365,-23.295039],[-51.934278,-23.295247],[-51.93421,-23.295631],[-51.934262,-23.296323],[-51.934211,-23.296975],[-51.93412,-23.297438],[-51.93398,-23.29815],[-51.933916,-23.298705],[-51.933837,-23.29925]]}},
{"type":"Feature","properties":{"name":"Cór. Sem Denominação"},"geometry":{"type":"LineString","coordinates":[[-51.973548,-23.490986],[-51.973246,-23.490405],[-51.973189,-23.490226],[-51.97317,-23.490019],[-51.973182,-23.489915],[-51.973221,-23.4898],[-51.973297,-23.489691],[-51.973375,-23.489549],[-51.97342,-23.489442],[-51.973437,-23.489295],[-51.973418,-23.488937],[-51.973362,-23.488763],[-51.97334,-23.488606],[-51.973333,-23.488459],[-51.973328,-23.48835],[-51.97333,-23.487828],[-51.973392,-23.487609],[-51.973379,-23.486964],[-51.973307,-23.486663],[-51.973304,-23.48665],[-51.973206,-23.486244],[-51.973138,-23.486026],[-51.973118,-23.485857],[-51.97311,-23.485763],[-51.973115,-23.485652],[-51.973121,-23.485576],[-51.97315,-23.485497],[-51.973348,-23.485116],[-51.973465,-23.484889],[-51.973628,-23.484252],[-51.973682,-23.48404],[-51.973694,-23.483773],[-51.973735,-23.483579],[-51.9738,-23.483409],[-51.973823,-23.483203],[-51.973832,-23.483045]]}},
{"type":"Feature","properties":{"name":"Cór. Corregozinho"},"geometry":{"type":"LineString","coordinates":[[-51.90718,-23.409274],[-51.907181,-23.409084],[-51.90719,-23.40888],[-51.907231,-23.408718],[-51.907269,-23.40855],[-51.907293,-23.408436],[-51.907312,-23.408319],[-51.907324,-23.408239],[-51.907332,-23.408107],[-51.907356,-23.407971],[-51.907403,-23.407806],[-51.907504,-23.407195],[-51.907558,-23.406979],[-51.907591,-23.406846],[-51.907624,-23.406796],[-51.907643,-23.40673],[-51.90765,-23.406593],[-51.907651,-23.406482],[-51.907644,-23.406358],[-51.907638,-23.406226],[-51.907659,-23.406075],[-51.907683,-23.40594],[-51.907704,-23.405821],[-51.907722,-23.405714],[-51.907768,-23.405367]]}},
{"type":"Feature","properties":{"name":"Água Roseira"},"geometry":{"type":"LineString","coordinates":[[-51.913914,-23.362538],[-51.913861,-23.362189],[-51.913835,-23.361747],[-51.91381,-23.360888],[-51.913798,-23.360336],[-51.913828,-23.35981],[-51.913799,-23.358838],[-51.913809,-23.358494],[-51.913843,-23.358332],[-51.913887,-23.358137],[-51.91393,-23.357995],[-51.913971,-23.357759],[-51.914027,-23.356364],[-51.914013,-23.355965],[-51.91394,-23.355404],[-51.913938,-23.355043],[-51.913866,-23.354557],[-51.913851,-23.354255],[-51.913851,-23.354034],[-51.913861,-23.353404],[-51.913718,-23.352407],[-51.913637,-23.351924],[-51.91355,-23.351681],[-51.913497,-23.351394],[-51.913674,-23.350701],[-51.91372,-23.350355],[-51.913822,-23.350006],[-51.913979,-23.349618],[-51.914078,-23.349374],[-51.914347,-23.348978],[-51.914383,-23.348933],[-51.914441,-23.348859],[-51.914519,-23.34879],[-51.914633,-23.348722],[-51.914712,-23.348651],[-51.914735,-23.348618],[-51.914756,-23.34856],[-51.914828,-23.348425],[-51.914937,-23.348242],[-51.915024,-23.348068],[-51.915172,-23.347809],[-51.91523,-23.347663],[-51.915316,-23.347391],[-51.915385,-23.347163],[-51.915468,-23.346903],[-51.915537,-23.346705],[-51.915599,-23.346575],[-51.915642,-23.346482],[-51.91571,-23.346389],[-51.915724,-23.346299],[-51.915723,-23.346215],[-51.915754,-23.346134],[-51.915797,-23.34606],[-51.91587,-23.345918],[-51.915893,-23.345883],[-51.91593,-23.345839],[-51.916187,-23.34527],[-51.91623,-23.345124],[-51.916255,-23.344911],[-51.916266,-23.344767],[-51.916325,-23.344645],[-51.916477,-23.344503],[-51.916655,-23.344336],[-51.91676,-23.344237],[-51.916829,-23.344105],[-51.917064,-23.343856],[-51.917352,-23.343552],[-51.917696,-23.343188],[-51.917939,-23.342882],[-51.918061,-23.342585],[-51.918121,-23.342298],[-51.91815,-23.342036],[-51.918198,-23.341613],[-51.918171,-23.341334],[-51.918214,-23.341259],[-51.918244,-23.341047],[-51.918233,-23.340823],[-51.918231,-23.340554],[-51.918206,-23.340387],[-51.918177,-23.340198],[-51.918164,-23.340033],[-51.918181,-23.339834],[-51.918214,-23.339571],[-51.918261,-23.339348],[-51.918388,-23.338966],[-51.918485,-23.338175],[-51.918529,-23.337689],[-51.918589,-23.337296],[-51.918711,-23.336336],[-51.918922,-23.335445],[-51.91898,-23.335237]]}},
{"type":"Feature","properties":{"name":"Cór. Sem Denominação"},"geometry":{"type":"LineString","coordinates":[[-52.052569,-23.354076],[-52.05262,-23.354098],[-52.052666,-23.354122],[-52.052712,-23.354141],[-52.052765,-23.354162],[-52.052837,-23.354181],[-52.053026,-23.354186],[-52.053121,-23.354192],[-52.053189,-23.354186],[-52.053861,-23.353996],[-52.054351,-23.353854],[-52.054399,-23.353833],[-52.054596,-23.353772],[-52.05472,-23.353736],[-52.054902,-23.353714],[-52.055161,-23.353728],[-52.055731,-23.353735],[-52.056016,-23.353721],[-52.056357,-23.353669],[-52.056774,-23.353621],[-52.057422,-23.35362],[-52.05779,-23.353618],[-52.05811,-23.353631],[-52.058203,-23.353651],[-52.058271,-23.35366],[-52.058431,-23.353687],[-52.058485,-23.353696],[-52.058572,-23.353715],[-52.058684,-23.353702],[-52.058912,-23.3537],[-52.058966,-23.3537],[-52.059061,-23.353699],[-52.059161,-23.353712],[-52.059261,-23.353735],[-52.059364,-23.353763],[-52.059488,-23.353813],[-52.059624,-23.353894],[-52.059773,-23.353973],[-52.059849,-23.354021],[-52.059944,-23.35408],[-52.060049,-23.354185],[-52.06031,-23.354394],[-52.060418,-23.354507],[-52.060453,-23.354559],[-52.060535,-23.354648],[-52.060685,-23.354843],[-52.060761,-23.354913],[-52.060906,-23.355047]]}},
{"type":"Feature","properties":{"name":"Cór. Sem Denominação"},"geometry":{"type":"LineString","coordinates":[[-51.980543,-23.513926],[-51.979984,-23.513636],[-51.979763,-23.513482],[-51.979411,-23.513255],[-51.978951,-23.513064],[-51.978928,-23.513052],[-51.978738,-23.512948],[-51.978484,-23.512809],[-51.97794,-23.512473],[-51.977767,-23.51236],[-51.977645,-23.512293],[-51.977443,-23.512154],[-51.977026,-23.51192],[-51.976749,-23.511784],[-51.976596,-23.511687]]}},
{"type":"Feature","properties":{"name":"Cór. Sem Denominação"},"geometry":{"type":"LineString","coordinates":[[-52.012673,-23.400269],[-52.013726,-23.400819],[-52.014862,-23.401327],[-52.015667,-23.401669],[-52.015875,-23.401703],[-52.016083,-23.401736],[-52.016344,-23.401776],[-52.01657,-23.401866],[-52.016739,-23.401934],[-52.016856,-23.401983],[-52.017072,-23.402094],[-52.01748,-23.40234],[-52.017598,-23.402388],[-52.017685,-23.402434],[-52.017804,-23.40248],[-52.017922,-23.402536],[-52.018011,-23.402592],[-52.018134,-23.402659],[-52.018201,-23.402709]]}},
{"type":"Feature","properties":{"name":"Cór. Miringuava"},"geometry":{"type":"LineString","coordinates":[[-52.05101,-23.519475],[-52.051013,-23.519474],[-52.051205,-23.519408],[-52.051492,-23.519283],[-52.051909,-23.519071]]}},
{"type":"Feature","properties":{"name":"Cór. Sem Denominação"},"geometry":{"type":"LineString","coordinates":[[-52.023369,-23.536063],[-52.021731,-23.536867],[-52.021367,-23.537176]]}},
{"type":"Feature","properties":{"name":"Cór. Sem Denominação"},"geometry":{"type":"LineString","coordinates":[[-51.913853,-23.369614],[-51.913463,-23.369669]]}},
{"type":"Feature","properties":{"name":"Cór. Sem Denominação"},"geometry":{"type":"LineString","coordinates":[[-52.036079,-23.509709],[-52.036002,-23.509864],[-52.035957,-23.509975],[-52.035868,-23.510076],[-52.035245,-23.510603],[-52.034906,-23.510835],[-52.034364,-23.511086],[-52.033833,-23.511287],[-52.033221,-23.511538],[-52.033215,-23.51154]]}},
{"type":"Feature","properties":{"name":"Cór. Sem Denominação"},"geometry":{"type":"LineString","coordinates":[[-51.887509,-23.373406],[-51.886723,-23.373686],[-51.885481,-23.374252],[-51.884103,-23.374692],[-51.883731,-23.374832],[-51.883382,-23.374921],[-51.882709,-23.37505],[-51.882108,-23.375167],[-51.881238,-23.375274],[-51.880689,-23.375333],[-51.880356,-23.37535],[-51.880029,-23.375391],[-51.879479,-23.375625],[-51.879185,-23.375715],[-51.878887,-23.375791],[-51.878095,-23.375966],[-51.877772,-23.376015],[-51.87758,-23.376043],[-51.877425,-23.376103],[-51.877171,-23.376267],[-51.876912,-23.37636],[-51.876736,-23.376384],[-51.876519,-23.376359],[-51.876262,-23.376348],[-51.876035,-23.376328],[-51.875789,-23.376344],[-51.875553,-23.376352],[-51.875453,-23.376403],[-51.875399,-23.376472],[-51.875237,-23.37666],[-51.875097,-23.376805],[-51.874962,-23.376958],[-51.874,-23.377322]]}},
{"type":"Feature","properties":{"name":"Cór. Sem Denominação"},"geometry":{"type":"LineString","coordinates":[[-51.868029,-23.310754],[-51.868171,-23.310693],[-51.868667,-23.310533]]}},
{"type":"Feature","properties":{"name":"Cór. Coara"},"geometry":{"type":"LineString","coordinates":[[-51.874855,-23.318067],[-51.875202,-23.318602],[-51.875391,-23.318756],[-51.875488,-23.318851],[-51.875603,-23.318998],[-51.875632,-23.319046],[-51.875654,-23.319092],[-51.87566,-23.319153],[-51.875675,-23.319231],[-51.875679,-23.319303],[-51.875652,-23.319501],[-51.875607,-23.319726],[-51.875634,-23.319898],[-51.875729,-23.320137],[-51.875735,-23.320232],[-51.875705,-23.32039],[-51.875631,-23.320639],[-51.875632,-23.320811],[-51.875625,-23.320935],[-51.87559,-23.321055],[-51.875593,-23.32114],[-51.875669,-23.321286],[-51.875663,-23.321357],[-51.875625,-23.321449],[-51.875607,-23.321587],[-51.875624,-23.3217],[-51.875698,-23.321845],[-51.875757,-23.322011],[-51.875761,-23.322104],[-51.875749,-23.322179],[-51.875694,-23.322223],[-51.87559,-23.322247],[-51.875531,-23.32227],[-51.875496,-23.322308],[-51.875494,-23.322425],[-51.875525,-23.322526],[-51.875616,-23.322652],[-51.87571,-23.322711],[-51.87576,-23.322764],[-51.875812,-23.322858],[-51.875826,-23.322947],[-51.875794,-23.323115],[-51.875754,-23.323244],[-51.875637,-23.323579],[-51.875561,-23.323841],[-51.875516,-23.324058],[-51.87549,-23.324241],[-51.875481,-23.324652],[-51.8755,-23.325007],[-51.8755,-23.325091],[-51.875462,-23.325203],[-51.875418,-23.325288],[-51.875369,-23.325359],[-51.875321,-23.325467],[-51.875281,-23.325572],[-51.875256,-23.325682],[-51.875211,-23.325751],[-51.875198,-23.325797],[-51.875193,-23.325861],[-51.875072,-23.326426],[-51.875034,-23.326557],[-51.874989,-23.326679],[-51.874961,-23.326775],[-51.874922,-23.326859],[-51.874874,-23.326927],[-51.874826,-23.326956],[-51.874798,-23.326977],[-51.874773,-23.326997],[-51.874738,-23.327021],[-51.874709,-23.327034],[-51.87469,-23.327043],[-51.874674,-23.327075],[-51.874653,-23.327121],[-51.874648,-23.327183],[-51.874635,-23.327277],[-51.874524,-23.327618],[-51.874526,-23.327851],[-51.874539,-23.327958],[-51.87453,-23.328027],[-51.874481,-23.328096],[-51.874393,-23.32816],[-51.874337,-23.328196],[-51.874287,-23.328244],[-51.874247,-23.328287],[-51.874154,-23.328399],[-51.874077,-23.328487],[-51.873356,-23.328864],[-51.873082,-23.329058],[-51.872882,-23.329187],[-51.872635,-23.329319],[-51.872401,-23.329459],[-51.872133,-23.329654],[-51.871981,-23.32976],[-51.871925,-23.329844],[-51.871897,-23.329923],[-51.871815,-23.33011],[-51.871722,-23.330213],[-51.871625,-23.330283],[-51.871392,-23.330413],[-51.871289,-23.330486],[-51.871184,-23.330582],[-51.871112,-23.330679],[-51.871051,-23.330896],[-51.871039,-23.331042],[-51.870896,-23.331397],[-51.870786,-23.331581],[-51.870589,-23.331898],[-51.870507,-23.332063],[-51.870505,-23.332068]]}},
{"type":"Feature","properties":{"name":"Cór. Sem Denominação"},"geometry":{"type":"LineString","coordinates":[[-52.030296,-23.366686],[-52.030838,-23.365732],[-52.031155,-23.365349],[-52.031541,-23.364945],[-52.031996,-23.364647],[-52.0322,-23.364455]]}},
{"type":"Feature","properties":{"name":"Cór. Sem Denominação"},"geometry":{"type":"LineString","coordinates":[[-52.025213,-23.520658],[-52.024629,-23.520947],[-52.02433,-23.521092],[-52.024069,-23.521215],[-52.023731,-23.521377],[-52.023394,-23.521529],[-52.023224,-23.521603],[-52.022993,-23.521713],[-52.02284,-23.521781],[-52.022637,-23.521824],[-52.022447,-23.521871],[-52.022186,-23.521961],[-52.022181,-23.521963]]}},
{"type":"Feature","properties":{"name":"Cór. Sem Denominação"},"geometry":{"type":"LineString","coordinates":[[-51.891451,-23.319271],[-51.891104,-23.319313],[-51.891007,-23.31932],[-51.890909,-23.319348],[-51.8908,-23.319342],[-51.890589,-23.319327],[-51.890377,-23.319311],[-51.89008,-23.31927],[-51.889965,-23.319248],[-51.889781,-23.319218],[-51.889588,-23.319194],[-51.889389,-23.319172]]}},
{"type":"Feature","properties":{"name":"Cór. Kaiê"},"geometry":{"type":"LineString","coordinates":[[-51.849209,-23.356307],[-51.849166,-23.356431],[-51.849094,-23.356672],[-51.848925,-23.357039],[-51.84888,-23.357257],[-51.848808,-23.357426],[-51.84877,-23.357609],[-51.848752,-23.357842],[-51.848723,-23.358176],[-51.848759,-23.358878],[-51.848749,-23.359208],[-51.848809,-23.359452],[-51.848809,-23.359741],[-51.848858,-23.360183],[-51.848926,-23.360372],[-51.849045,-23.360591],[-51.849079,-23.360647],[-51.84916,-23.360811],[-51.8493,-23.360962],[-51.849397,-23.361138],[-51.84954,-23.361341],[-51.849751,-23.361552],[-51.850035,-23.361774],[-51.850162,-23.361889],[-51.850319,-23.361979],[-51.850486,-23.362087],[-51.850874,-23.36234],[-51.851148,-23.362562],[-51.851246,-23.362649],[-51.851309,-23.362729],[-51.851388,-23.362805],[-51.851491,-23.362824],[-51.851635,-23.362828],[-51.851945,-23.36291],[-51.852072,-23.362963],[-51.852237,-23.363054],[-51.852537,-23.363322],[-51.852797,-23.363586],[-51.853162,-23.363886],[-51.853554,-23.364144],[-51.853722,-23.364208],[-51.853872,-23.36424],[-51.854087,-23.364275],[-51.854311,-23.364302],[-51.854985,-23.364344],[-51.855265,-23.364425],[-51.855558,-23.364599],[-51.855907,-23.364783],[-51.856184,-23.365122],[-51.85653,-23.365542],[-51.85676,-23.366144],[-51.857129,-23.366698],[-51.857175,-23.366851],[-51.857186,-23.366903],[-51.857224,-23.366979],[-51.857271,-23.367031],[-51.857332,-23.367074],[-51.857475,-23.367154],[-51.857569,-23.367196],[-51.857651,-23.367197],[-51.857682,-23.367201],[-51.857699,-23.367218],[-51.857713,-23.36728],[-51.857724,-23.367347],[-51.857732,-23.367455],[-51.857802,-23.36795],[-51.857882,-23.36838],[-51.858207,-23.369131],[-51.858339,-23.369456],[-51.85848,-23.369736],[-51.858617,-23.369996],[-51.858756,-23.370221],[-51.859251,-23.370864]]}},
{"type":"Feature","properties":{"name":"Cór. Sem Denominação"},"geometry":{"type":"LineString","coordinates":[[-51.874077,-23.328487],[-51.874342,-23.328838],[-51.874548,-23.32927],[-51.874696,-23.329532],[-51.87487,-23.330029],[-51.875039,-23.330312],[-51.875102,-23.33048],[-51.875108,-23.330496]]}},
{"type":"Feature","properties":{"name":"Cór. Tatupeba"},"geometry":{"type":"LineString","coordinates":[[-52.009831,-23.505633],[-52.009861,-23.505566],[-52.00988,-23.50546],[-52.009881,-23.505367],[-52.009866,-23.505281],[-52.009855,-23.505213],[-52.009833,-23.50511],[-52.009862,-23.504876],[-52.00991,-23.504608],[-52.009932,-23.504486],[-52.009937,-23.504354],[-52.009915,-23.504146],[-52.009894,-23.504003],[-52.009837,-23.50379],[-52.009762,-23.503558],[-52.009737,-23.503481],[-52.009721,-23.503177],[-52.00968,-23.502744],[-52.009634,-23.502582],[-52.009595,-23.502481],[-52.009565,-23.502374],[-52.009496,-23.50216],[-52.009415,-23.501976],[-52.009407,-23.50184],[-52.009355,-23.501464],[-52.009373,-23.50124],[-52.009334,-23.500918],[-52.009331,-23.500675],[-52.009261,-23.500464],[-52.009244,-23.500352],[-52.009257,-23.500253],[-52.009371,-23.499826],[-52.009441,-23.499496],[-52.00958,-23.498654],[-52.009561,-23.498243],[-52.009499,-23.497852],[-52.009267,-23.496874],[-52.009198,-23.496598],[-52.009035,-23.495643],[-52.009009,-23.49536],[-52.008956,-23.494764],[-52.008858,-23.49421],[-52.0086,-23.492988],[-52.008625,-23.492404],[-52.008675,-23.492009],[-52.008729,-23.491578],[-52.008767,-23.491085],[-52.008886,-23.490425],[-52.008894,-23.490052],[-52.00891,-23.489493],[-52.008985,-23.489153],[-52.009116,-23.488636]]}},
{"type":"Feature","properties":{"name":"Cór. Sem Denominação"},"geometry":{"type":"LineString","coordinates":[[-51.866458,-23.319526],[-51.866624,-23.319682],[-51.866821,-23.320194],[-51.867537,-23.321179],[-51.868014,-23.321747],[-51.86846,-23.322346]]}},
{"type":"Feature","properties":{"name":"Cór. Lombo"},"geometry":{"type":"LineString","coordinates":[[-51.990452,-23.332055],[-51.990361,-23.331916],[-51.990225,-23.331707],[-51.990023,-23.331398],[-51.98978,-23.331075],[-51.989437,-23.330729],[-51.988799,-23.330323],[-51.988434,-23.330137],[-51.988106,-23.330022],[-51.987577,-23.32985],[-51.987352,-23.32979],[-51.986491,-23.329501],[-51.985797,-23.32917],[-51.984916,-23.328633],[-51.984424,-23.328266],[-51.983885,-23.327916],[-51.983343,-23.327622],[-51.983116,-23.327473],[-51.982968,-23.327381],[-51.98263,-23.327064],[-51.982188,-23.326651],[-51.981804,-23.326291],[-51.981554,-23.325706],[-51.981198,-23.324881],[-51.980755,-23.323909],[-51.980727,-23.323838],[-51.980678,-23.323714],[-51.980568,-23.323493],[-51.980438,-23.323265],[-51.980388,-23.323166],[-51.980171,-23.322821],[-51.979915,-23.322448],[-51.979419,-23.321663],[-51.979172,-23.321204],[-51.978977,-23.320998],[-51.97885,-23.320865],[-51.978739,-23.320793],[-51.978392,-23.320616],[-51.97824,-23.3205],[-51.978062,-23.320279],[-51.977857,-23.320017],[-51.977626,-23.319696],[-51.977321,-23.319361],[-51.976664,-23.318724],[-51.976492,-23.31857],[-51.976332,-23.318442],[-51.976201,-23.318358],[-51.976022,-23.318241],[-51.975884,-23.318168],[-51.975602,-23.317923],[-51.975391,-23.317661],[-51.975118,-23.317448],[-51.9748,-23.317173],[-51.974568,-23.316921],[-51.974142,-23.316526],[-51.973253,-23.315968],[-51.972383,-23.315499],[-51.972058,-23.315329],[-51.971944,-23.315252],[-51.971726,-23.315155],[-51.971548,-23.315102],[-51.971404,-23.315061],[-51.971072,-23.314943],[-51.969942,-23.314397],[-51.96944,-23.314138],[-51.968982,-23.313866],[-51.968783,-23.313774],[-51.968782,-23.313774],[-51.968573,-23.31365],[-51.968101,-23.313246],[-51.967581,-23.31289],[-51.966761,-23.312256],[-51.966175,-23.311744],[-51.965839,-23.311407],[-51.964964,-23.310411],[-51.964442,-23.30981],[-51.964105,-23.309246],[-51.963748,-23.308657],[-51.963537,-23.308313],[-51.96332,-23.307923],[-51.963044,-23.307456],[-51.962762,-23.30698],[-51.962545,-23.306613],[-51.962337,-23.306277],[-51.962118,-23.305931],[-51.962026,-23.30575],[-51.961926,-23.305584],[-51.961592,-23.304847],[-51.961435,-23.304609],[-51.96119,-23.304231],[-51.960972,-23.303963],[-51.960763,-23.303738],[-51.960535,-23.303524],[-51.960467,-23.303459],[-51.960053,-23.303133],[-51.958877,-23.302129],[-51.958632,-23.301904],[-51.958355,-23.301607],[-51.958194,-23.301374],[-51.958012,-23.301237],[-51.957791,-23.301133],[-51.957405,-23.30094],[-51.956864,-23.300639],[-51.956652,-23.300526],[-51.956309,-23.300326],[-51.955952,-23.300159],[-51.955265,-23.299839],[-51.954676,-23.299611],[-51.95369,-23.299261],[-51.953465,-23.299217],[-51.953196,-23.299168],[-51.953043,-23.29916],[-51.952629,-23.29906],[-51.952231,-23.298907],[-51.951961,-23.298735],[-51.949682,-23.29655],[-51.949537,-23.296399],[-51.949417,-23.296197],[-51.949169,-23.29576],[-51.948944,-23.295387],[-51.948688,-23.295063],[-51.948517,-23.29486],[-51.94812,-23.294454],[-51.947476,-23.293917],[-51.946836,-23.293426],[-51.946091,-23.292946],[-51.945393,-23.292547],[-51.945068,-23.292362],[-51.944699,-23.292152],[-51.944273,-23.291928],[-51.943551,-23.291506],[-51.94311,-23.291315],[-51.942573,-23.291123],[-51.941639,-23.290775],[-51.941105,-23.290604],[-51.940661,-23.290488],[-51.940159,-23.290404],[-51.939856,-23.290298],[-51.939555,-23.290152],[-51.939362,-23.290021],[-51.939025,-23.289827],[-51.938618,-23.289571],[-51.938565,-23.289509],[-51.938507,-23.289411],[-51.93845,-23.289327],[-51.938416,-23.289272],[-51.938273,-23.289085],[-51.938062,-23.288873],[-51.937885,-23.288733],[-51.937765,-23.288657],[-51.937617,-23.288577],[-51.937523,-23.288517],[-51.937419,-23.288441],[-51.937317,-23.288344],[-51.937278,-23.288289],[-51.937209,-23.288178],[-51.937148,-23.288121],[-51.937021,-23.288027],[-51.93692,-23.287968],[-51.936851,-23.28792],[-51.936789,-23.28785],[-51.93674,-23.287789],[-51.936659,-23.287713],[-51.936552,-23.287563],[-51.936429,-23.287407],[-51.936287,-23.287163],[-51.93602,-23.286478],[-51.935876,-23.285974],[-51.935737,-23.285458],[-51.935657,-23.285196],[-51.935624,-23.285011],[-51.935546,-23.284396],[-51.935489,-23.283971],[-51.935474,-23.283273],[-51.935508,-23.282953],[-51.935592,-23.282465],[-51.935703,-23.281991],[-51.93574,-23.28123],[-51.935864,-23.280434],[-51.93609,-23.279615],[-51.936342,-23.279036],[-51.936464,-23.278673],[-51.936602,-23.278371],[-51.936668,-23.278005],[-51.936788,-23.277886],[-51.936854,-23.277801],[-51.936862,-23.277669],[-51.936839,-23.277577],[-51.936829,-23.277532],[-51.93682,-23.277491],[-51.93684,-23.277453],[-51.936877,-23.277432],[-51.93694,-23.277438],[-51.93702,-23.277457],[-51.937071,-23.27746],[-51.937145,-23.277434],[-51.937179,-23.277396],[-51.937179,-23.277353],[-51.937179,-23.277188],[-51.937165,-23.277008],[-51.937141,-23.276871],[-51.937058,-23.2766],[-51.93695,-23.27634],[-51.936829,-23.276123],[-51.936684,-23.275986],[-51.936573,-23.275813],[-51.93655,-23.275713],[-51.93654,-23.275592],[-51.936549,-23.27554],[-51.936559,-23.275514],[-51.936581,-23.275486],[-51.936629,-23.275446],[-51.9367,-23.275402],[-51.93675,-23.275363],[-51.936803,-23.27531],[-51.936889,-23.275229],[-51.937049,-23.275],[-51.937135,-23.274898],[-51.937205,-23.274858],[-51.937303,-23.274838],[-51.937495,-23.274826],[-51.937677,-23.274807],[-51.937807,-23.274772],[-51.937919,-23.274726],[-51.93822,-23.274522],[-51.938343,-23.2744],[-51.938777,-23.274024],[-51.938886,-23.273954],[-51.939075,-23.273863],[-51.939216,-23.273815],[-51.939343,-23.273766],[-51.939428,-23.273711],[-51.939522,-23.273651],[-51.939613,-23.273596],[-51.93969,-23.273519],[-51.939756,-23.273417],[-51.939861,-23.273268]]}},
{"type":"Feature","properties":{"name":"Rib. Centenário"},"geometry":{"type":"MultiLineString","coordinates":[[[-52.081113,-23.360391],[-52.080945,-23.359959],[-52.080806,-23.359817],[-52.080625,-23.359709],[-52.080413,-23.359564],[-52.080207,-23.359447],[-52.079993,-23.359314],[-52.079911,-23.359263],[-52.079748,-23.359098],[-52.07956,-23.358893],[-52.079419,-23.358713],[-52.079295,-23.358565],[-52.07921,-23.358449],[-52.079142,-23.358319],[-52.079081,-23.358213],[-52.07901,-23.3581],[-52.078939,-23.358003],[-52.078884,-23.357893],[-52.078821,-23.357761],[-52.078818,-23.35766],[-52.078807,-23.357581],[-52.078817,-23.357515],[-52.078808,-23.357414],[-52.078808,-23.35733],[-52.078781,-23.357229],[-52.078738,-23.357142],[-52.078713,-23.357098],[-52.078656,-23.357003],[-52.078597,-23.356872],[-52.078586,-23.35678],[-52.07859,-23.356661],[-52.078606,-23.356547],[-52.078606,-23.35639],[-52.078625,-23.356244],[-52.078646,-23.356072],[-52.078635,-23.355969],[-52.078621,-23.355826],[-52.078613,-23.355664],[-52.078587,-23.355469],[-52.078554,-23.355303],[-52.078493,-23.355137],[-52.078392,-23.35496],[-52.078312,-23.354796],[-52.078266,-23.354687],[-52.07825,-23.354546],[-52.07827,-23.354452],[-52.078284,-23.354398],[-52.078289,-23.354278],[-52.078277,-23.354182],[-52.078247,-23.354137],[-52.078212,-23.354083],[-52.078156,-23.353902],[-52.078115,-23.353809],[-52.078012,-23.35373],[-52.077959,-23.353691],[-52.077926,-23.353658],[-52.077907,-23.353613],[-52.0779,-23.353576],[-52.0779,-23.353517],[-52.077906,-23.353443],[-52.077913,-23.353311],[-52.077932,-23.353114],[-52.077947,-23.353017],[-52.077945,-23.352953],[-52.077931,-23.352855],[-52.077913,-23.352764],[-52.077894,-23.352675],[-52.07788,-23.352577],[-52.077853,-23.352513],[-52.077804,-23.352455],[-52.077768,-23.35239],[-52.077741,-23.352357],[-52.07771,-23.35229],[-52.077696,-23.352204],[-52.077689,-23.352084],[-52.077685,-23.351959],[-52.077681,-23.3516],[-52.077611,-23.351136],[-52.077571,-23.350939],[-52.077574,-23.350863],[-52.077595,-23.350788],[-52.077706,-23.350538],[-52.077719,-23.350392],[-52.077708,-23.350264],[-52.077686,-23.350171],[-52.07744,-23.34956],[-52.077307,-23.348939],[-52.077271,-23.348773],[-52.077223,-23.348532],[-52.077183,-23.348365],[-52.077091,-23.348168],[-52.077002,-23.347978],[-52.076876,-23.347636],[-52.076612,-23.346983],[-52.076371,-23.346429],[-52.076303,-23.346378],[-52.076207,-23.346352],[-52.076038,-23.346298],[-52.075942,-23.346262],[-52.075672,-23.346203],[-52.075477,-23.346153],[-52.075257,-23.346099],[-52.074608,-23.345964],[-52.07434,-23.345855],[-52.074103,-23.345721],[-52.073839,-23.345569],[-52.073594,-23.345445],[-52.073325,-23.345236],[-52.073291,-23.345201],[-52.073253,-23.345166],[-52.073141,-23.345111],[-52.073098,-23.345078],[-52.073016,-23.345005],[-52.07288,-23.344905],[-52.072804,-23.344815],[-52.07274,-23.34476],[-52.072688,-23.344725],[-52.072619,-23.344712],[-52.072527,-23.344719],[-52.07244,-23.344721],[-52.072349,-23.344721],[-52.072167,-23.344721],[-52.071898,-23.344742],[-52.071706,-23.344759],[-52.071522,-23.344768],[-52.071356,-23.344723],[-52.071109,-23.344644],[-52.070837,-23.344579],[-52.070577,-23.344472],[-52.070106,-23.344267],[-52.069792,-23.344106],[-52.069675,-23.344054],[-52.069507,-23.343971],[-52.06937,-23.343958],[-52.069132,-23.34395],[-52.069064,-23.343929],[-52.069012,-23.343897],[-52.068946,-23.343848],[-52.068874,-23.343811],[-52.06877,-23.343795],[-52.068682,-23.343802],[-52.068621,-23.343775],[-52.068576,-23.343742],[-52.068489,-23.343707],[-52.068248,-23.343638],[-52.067995,-23.343609],[-52.067769,-23.343586],[-52.067597,-23.343513],[-52.067391,-23.343361],[-52.067222,-23.343255],[-52.067026,-23.34306]],[[-52.067021,-23.343055],[-52.067063,-23.342925],[-52.067107,-23.34276],[-52.067138,-23.342527],[-52.067138,-23.34233],[-52.067139,-23.342145],[-52.067083,-23.341805],[-52.067028,-23.341721],[-52.066949,-23.341664],[-52.066889,-23.341624],[-52.066682,-23.341487],[-52.066497,-23.341417],[-52.066304,-23.341302],[-52.066223,-23.34123],[-52.066145,-23.341126],[-52.06611,-23.340985],[-52.066114,-23.340784],[-52.066084,-23.340608],[-52.065957,-23.340307],[-52.065805,-23.340101],[-52.065693,-23.339958],[-52.065673,-23.339884],[-52.06568,-23.339814],[-52.065696,-23.339673],[-52.065724,-23.339553],[-52.065751,-23.339396],[-52.065542,-23.339308],[-52.065444,-23.339256],[-52.065327,-23.339188],[-52.065164,-23.339033],[-52.065048,-23.338939],[-52.064979,-23.338891],[-52.06489,-23.338839],[-52.064827,-23.338816],[-52.064742,-23.338785],[-52.064665,-23.338776],[-52.064593,-23.338787],[-52.064542,-23.338799],[-52.064491,-23.33883],[-52.064423,-23.338886],[-52.064323,-23.338955],[-52.064227,-23.338988],[-52.064155,-23.338996],[-52.064073,-23.338979],[-52.063989,-23.338949],[-52.063877,-23.33888],[-52.063791,-23.338828],[-52.063697,-23.338767],[-52.063614,-23.338708],[-52.063558,-23.338679],[-52.063459,-23.338642],[-52.063316,-23.338622],[-52.063236,-23.338614],[-52.063149,-23.338616],[-52.063082,-23.338642],[-52.063051,-23.338665],[-52.063034,-23.338681],[-52.06299,-23.338742],[-52.062932,-23.338801],[-52.062887,-23.338853],[-52.062815,-23.33894],[-52.062758,-23.338995],[-52.06269,-23.339037],[-52.062598,-23.339073],[-52.062489,-23.33908],[-52.062367,-23.339049],[-52.062276,-23.339018],[-52.062179,-23.338986],[-52.062109,-23.338956],[-52.062058,-23.338944],[-52.061995,-23.338945],[-52.061916,-23.338962],[-52.061831,-23.339],[-52.061742,-23.339077],[-52.061683,-23.339106],[-52.061612,-23.339115],[-52.061387,-23.339129],[-52.061043,-23.339123],[-52.06075,-23.339096],[-52.060577,-23.339082],[-52.060363,-23.339063],[-52.059876,-23.338936],[-52.059751,-23.338905],[-52.059511,-23.338882],[-52.059243,-23.338787],[-52.059097,-23.338692],[-52.058982,-23.338615],[-52.058848,-23.338533],[-52.058657,-23.33844],[-52.058556,-23.33836],[-52.058476,-23.338285],[-52.058443,-23.33823],[-52.058432,-23.338175],[-52.058421,-23.338098],[-52.058423,-23.338021],[-52.058466,-23.337945],[-52.058474,-23.337911],[-52.05846,-23.337878],[-52.058425,-23.337831],[-52.058384,-23.337797],[-52.05835,-23.337769],[-52.058281,-23.337754],[-52.058153,-23.337776],[-52.058085,-23.337818],[-52.058003,-23.337844],[-52.057904,-23.337862],[-52.057777,-23.337874],[-52.057477,-23.337872],[-52.057287,-23.337892],[-52.057082,-23.337928],[-52.056892,-23.338],[-52.056719,-23.338063],[-52.056688,-23.338073],[-52.056658,-23.338095],[-52.056608,-23.338158],[-52.056577,-23.338173],[-52.056541,-23.338177],[-52.056454,-23.338167],[-52.056383,-23.338141],[-52.056325,-23.338096],[-52.056282,-23.338056],[-52.056242,-23.338035],[-52.0562,-23.338027],[-52.056147,-23.338039],[-52.055571,-23.338415],[-52.055473,-23.338479],[-52.055306,-23.338563],[-52.055267,-23.338591],[-52.055234,-23.338626],[-52.055214,-23.338684],[-52.055205,-23.338747],[-52.05517,-23.338861],[-52.055107,-23.33893],[-52.055005,-23.338956],[-52.054921,-23.338934],[-52.054843,-23.338903],[-52.054729,-23.338826],[-52.054642,-23.338768],[-52.054575,-23.338756],[-52.05451,-23.338759],[-52.054431,-23.338779],[-52.05435,-23.338826],[-52.054094,-23.339011],[-52.053935,-23.339128],[-52.053785,-23.339178],[-52.053525,-23.339262],[-52.053379,-23.339297],[-52.053331,-23.339329],[-52.053288,-23.339372],[-52.053212,-23.339436],[-52.053146,-23.339486],[-52.05303,-23.339529],[-52.052914,-23.339555],[-52.052763,-23.339543],[-52.052576,-23.339495],[-52.052461,-23.339457],[-52.052341,-23.339452],[-52.052172,-23.339461],[-52.051962,-23.339425],[-52.05182,-23.3394],[-52.051092,-23.33925],[-52.05078,-23.339175],[-52.050701,-23.339161],[-52.050609,-23.339166],[-52.050473,-23.3392],[-52.050361,-23.339269],[-52.050299,-23.339272],[-52.050231,-23.339246],[-52.050107,-23.339144],[-52.049966,-23.339014],[-52.04957,-23.33866],[-52.049326,-23.338474],[-52.048911,-23.338202],[-52.048654,-23.337975],[-52.048611,-23.337955],[-52.048548,-23.337941],[-52.048482,-23.33793],[-52.0484,-23.337923],[-52.048323,-23.337907],[-52.04825,-23.337881],[-52.048144,-23.337851],[-52.048064,-23.337819],[-52.048015,-23.337794],[-52.047981,-23.337768],[-52.047954,-23.33773],[-52.047938,-23.337611],[-52.047955,-23.337535],[-52.047985,-23.337451],[-52.047998,-23.337338],[-52.047967,-23.337265],[-52.047889,-23.337196],[-52.047839,-23.337117],[-52.047797,-23.337017],[-52.047674,-23.336861],[-52.047592,-23.336745],[-52.047506,-23.336664],[-52.047322,-23.336502],[-52.047249,-23.336454],[-52.047208,-23.336419],[-52.047175,-23.336327],[-52.047168,-23.336169],[-52.04716,-23.335992],[-52.047101,-23.335785],[-52.047034,-23.33564],[-52.046953,-23.335483],[-52.046876,-23.335383],[-52.046815,-23.335324],[-52.046736,-23.335305],[-52.046674,-23.335308],[-52.046624,-23.335294],[-52.046572,-23.335262],[-52.046551,-23.335205],[-52.046549,-23.33514],[-52.046579,-23.335],[-52.046636,-23.334878],[-52.046752,-23.334686],[-52.046847,-23.334572],[-52.046875,-23.334504],[-52.046879,-23.334399],[-52.046851,-23.334266],[-52.046792,-23.334127],[-52.046734,-23.333972],[-52.046688,-23.333798],[-52.046677,-23.333623],[-52.046679,-23.333268],[-52.046603,-23.332975],[-52.046469,-23.332675],[-52.046339,-23.332462],[-52.04624,-23.332225],[-52.046172,-23.331971],[-52.046051,-23.331842],[-52.045906,-23.331707],[-52.045843,-23.331593],[-52.04583,-23.331396],[-52.045868,-23.331124],[-52.045862,-23.331033],[-52.045853,-23.330886],[-52.04579,-23.330754],[-52.045703,-23.33054],[-52.045627,-23.330297],[-52.045585,-23.330154],[-52.045508,-23.329993],[-52.045263,-23.329533],[-52.045043,-23.329352],[-52.044944,-23.32927],[-52.044851,-23.329149],[-52.044708,-23.329061],[-52.044614,-23.329025],[-52.044546,-23.329035],[-52.044478,-23.329101],[-52.044396,-23.329162],[-52.044292,-23.329156],[-52.044253,-23.329113],[-52.04424,-23.329049],[-52.044236,-23.328927],[-52.044196,-23.328769],[-52.044117,-23.328495],[-52.044088,-23.328302],[-52.044014,-23.328074],[-52.043917,-23.32798],[-52.043793,-23.327972],[-52.043697,-23.32793],[-52.043596,-23.327854],[-52.043569,-23.32773],[-52.043558,-23.327627],[-52.043575,-23.327467],[-52.043633,-23.327338],[-52.043645,-23.327242],[-52.043582,-23.327099],[-52.043465,-23.326958],[-52.043326,-23.326792],[-52.043129,-23.326611],[-52.043063,-23.326505],[-52.043028,-23.326388],[-52.042988,-23.326258],[-52.04294,-23.326178],[-52.042859,-23.326129],[-52.04274,-23.326097],[-52.042486,-23.326091],[-52.042328,-23.326065],[-52.042048,-23.325972],[-52.041883,-23.325899],[-52.041765,-23.325795],[-52.041695,-23.325669],[-52.041646,-23.325464],[-52.041582,-23.325236],[-52.04157,-23.325031],[-52.041551,-23.32489],[-52.041496,-23.324778],[-52.041446,-23.324664],[-52.04137,-23.32459],[-52.041321,-23.324572],[-52.041244,-23.324562],[-52.041044,-23.32456],[-52.040756,-23.324569],[-52.040552,-23.324573],[-52.040422,-23.324571],[-52.040376,-23.324561],[-52.040346,-23.324539],[-52.040325,-23.324486],[-52.040318,-23.324401],[-52.040336,-23.324312],[-52.040345,-23.324234],[-52.040313,-23.324166],[-52.040272,-23.324125],[-52.040207,-23.324094],[-52.040107,-23.324077],[-52.040034,-23.324075],[-52.039903,-23.324096],[-52.039764,-23.324119],[-52.039681,-23.324176],[-52.039637,-23.324238],[-52.03956,-23.324365],[-52.039449,-23.324473],[-52.039316,-23.324523],[-52.039153,-23.324537],[-52.039106,-23.324509],[-52.039073,-23.32445],[-52.039068,-23.324411],[-52.039091,-23.324384],[-52.039169,-23.324372],[-52.039243,-23.32437],[-52.039291,-23.324352],[-52.039307,-23.324328],[-52.03932,-23.324301],[-52.039303,-23.324271],[-52.039273,-23.324242],[-52.039228,-23.324218],[-52.039172,-23.324203],[-52.039116,-23.324213],[-52.03905,-23.324231],[-52.039002,-23.324251],[-52.038948,-23.324315],[-52.03886,-23.324427],[-52.038773,-23.324554],[-52.038669,-23.324645],[-52.038528,-23.324841],[-52.038491,-23.32492],[-52.038444,-23.325007],[-52.038401,-23.325049],[-52.038351,-23.325066],[-52.0383,-23.325077],[-52.038247,-23.325068],[-52.038065,-23.325038],[-52.037894,-23.325034],[-52.037806,-23.325033],[-52.037765,-23.325033],[-52.037686,-23.325018],[-52.037579,-23.324974],[-52.037468,-23.32493],[-52.037362,-23.324906],[-52.037277,-23.3249],[-52.037188,-23.32492],[-52.037081,-23.324953],[-52.037013,-23.324968],[-52.036904,-23.324969],[-52.036828,-23.324948],[-52.03671,-23.32486],[-52.036607,-23.324784],[-52.036546,-23.324739],[-52.036459,-23.324678],[-52.036391,-23.324654],[-52.036315,-23.324637],[-52.036207,-23.32459],[-52.036134,-23.324544],[-52.036099,-23.324501],[-52.036094,-23.324458],[-52.036109,-23.324429],[-52.036142,-23.324394],[-52.036196,-23.324345],[-52.036219,-23.324309],[-52.036223,-23.324252],[-52.036201,-23.324168],[-52.036169,-23.324105],[-52.036127,-23.324048],[-52.036085,-23.324015],[-52.036018,-23.323972],[-52.035778,-23.323831],[-52.035685,-23.323769],[-52.035655,-23.323731],[-52.035655,-23.323654],[-52.035684,-23.323573],[-52.035677,-23.323547],[-52.035662,-23.323524],[-52.035589,-23.323488],[-52.035447,-23.323464],[-52.035368,-23.323449],[-52.035142,-23.323401],[-52.034957,-23.323397],[-52.034769,-23.323432],[-52.034712,-23.323467],[-52.034647,-23.323615],[-52.034569,-23.323805],[-52.034426,-23.324157],[-52.034373,-23.324223],[-52.034331,-23.324374],[-52.03429,-23.324494],[-52.034213,-23.324568],[-52.034149,-23.324636],[-52.03403,-23.324691],[-52.033873,-23.32474],[-52.033682,-23.324749],[-52.033452,-23.324771],[-52.033218,-23.324754],[-52.03297,-23.324801],[-52.0328,-23.32484],[-52.032608,-23.324969],[-52.032557,-23.325076],[-52.032475,-23.325134],[-52.032394,-23.325186],[-52.032297,-23.325204],[-52.032206,-23.325189],[-52.032113,-23.32515],[-52.032006,-23.325059],[-52.031911,-23.324996],[-52.031771,-23.324921],[-52.03164,-23.32482],[-52.031525,-23.324699],[-52.031463,-23.324653],[-52.031395,-23.32464],[-52.031287,-23.324664],[-52.031179,-23.324694],[-52.031097,-23.324717],[-52.030986,-23.3247],[-52.030846,-23.324648],[-52.03072,-23.324587],[-52.030573,-23.324546],[-52.030455,-23.324537],[-52.030249,-23.324569],[-52.030056,-23.324618],[-52.029843,-23.324663],[-52.029698,-23.324682],[-52.029591,-23.324694],[-52.029504,-23.324742],[-52.029446,-23.324737],[-52.0294,-23.324708],[-52.029317,-23.324678],[-52.029225,-23.324612],[-52.029005,-23.32445],[-52.028938,-23.324394],[-52.028904,-23.324318],[-52.028894,-23.324181],[-52.028891,-23.32411],[-52.028815,-23.323932],[-52.028705,-23.323779],[-52.028664,-23.323675],[-52.028657,-23.32357],[-52.028645,-23.323429],[-52.028667,-23.323167],[-52.028674,-23.323014],[-52.028626,-23.322874],[-52.028535,-23.322755],[-52.028426,-23.322727],[-52.028273,-23.322704],[-52.028172,-23.322685],[-52.028133,-23.32265],[-52.028098,-23.32257],[-52.028051,-23.322463],[-52.028016,-23.322382],[-52.02799,-23.322324],[-52.02798,-23.322264],[-52.027974,-23.322204],[-52.027987,-23.32212],[-52.027988,-23.322002],[-52.027935,-23.321878],[-52.027841,-23.321743],[-52.027764,-23.321689],[-52.02769,-23.321636],[-52.027623,-23.321608],[-52.027597,-23.321566],[-52.027609,-23.321452],[-52.027626,-23.321374],[-52.027621,-23.321313],[-52.027617,-23.321219],[-52.027604,-23.321151],[-52.027587,-23.321106],[-52.02756,-23.321073],[-52.027513,-23.321031],[-52.02744,-23.32102],[-52.027293,-23.321102],[-52.027115,-23.321149],[-52.026929,-23.321169],[-52.026816,-23.32117],[-52.02672,-23.321128],[-52.026618,-23.321049],[-52.02652,-23.320963],[-52.026399,-23.320843],[-52.026297,-23.320696],[-52.026269,-23.32061],[-52.026251,-23.320537],[-52.026225,-23.320414],[-52.02618,-23.320331],[-52.02607,-23.320254],[-52.025921,-23.320182],[-52.025773,-23.320149],[-52.025684,-23.320118],[-52.025576,-23.320022],[-52.025528,-23.319938],[-52.025505,-23.319849],[-52.025482,-23.319771],[-52.025485,-23.31966],[-52.025487,-23.319597],[-52.025489,-23.319531],[-52.025484,-23.31949],[-52.025454,-23.319467],[-52.025408,-23.319456],[-52.025267,-23.319419],[-52.025182,-23.319386],[-52.024943,-23.319175],[-52.02478,-23.318966],[-52.024653,-23.318767],[-52.024637,-23.318623],[-52.024627,-23.318463],[-52.024572,-23.318367],[-52.02445,-23.318284],[-52.024295,-23.318233],[-52.024159,-23.318189],[-52.024013,-23.318141],[-52.023843,-23.318077],[-52.023704,-23.318014],[-52.023528,-23.317934],[-52.023343,-23.31783],[-52.023115,-23.317711],[-52.022744,-23.317475],[-52.022623,-23.317391],[-52.022511,-23.317243],[-52.022427,-23.317083],[-52.02241,-23.316978],[-52.022433,-23.316906],[-52.022463,-23.316751],[-52.022616,-23.316487],[-52.022683,-23.316373],[-52.022724,-23.316275],[-52.02272,-23.316203],[-52.022677,-23.316135],[-52.022551,-23.316087],[-52.022453,-23.31604],[-52.022353,-23.315963],[-52.022258,-23.315899],[-52.022195,-23.315856],[-52.022085,-23.315789],[-52.021962,-23.315756],[-52.021874,-23.315743],[-52.021825,-23.315738],[-52.021778,-23.315731],[-52.021675,-23.315681],[-52.021537,-23.315641],[-52.021384,-23.315635],[-52.021263,-23.315674],[-52.021075,-23.315737],[-52.02085,-23.315737],[-52.020646,-23.315788],[-52.02054,-23.315798],[-52.02041,-23.315747],[-52.020322,-23.315631],[-52.020234,-23.315468],[-52.020182,-23.315344],[-52.020114,-23.315285],[-52.020023,-23.315252],[-52.019948,-23.315277],[-52.019884,-23.315344],[-52.019841,-23.315473],[-52.019826,-23.315562],[-52.019814,-23.315679],[-52.019776,-23.315777],[-52.019694,-23.315842],[-52.019588,-23.315883],[-52.019471,-23.315867],[-52.019271,-23.315808],[-52.019178,-23.315778],[-52.019096,-23.315778],[-52.018974,-23.31582],[-52.018882,-23.31589],[-52.018781,-23.315924],[-52.018721,-23.315905],[-52.018662,-23.315879],[-52.018563,-23.315787],[-52.0185,-23.315682],[-52.018426,-23.315527],[-52.018387,-23.315446],[-52.018349,-23.315322],[-52.018312,-23.315186],[-52.018249,-23.3151],[-52.018205,-23.315031],[-52.018119,-23.31491],[-52.018077,-23.314822],[-52.017933,-23.31466],[-52.017884,-23.314593]]]}},
{"type":"Feature","properties":{"name":"Cór. Itapera"},"geometry":{"type":"LineString","coordinates":[[-51.948998,-23.473689],[-51.948896,-23.473639],[-51.948741,-23.473494],[-51.948481,-23.47328],[-51.948369,-23.473143],[-51.947609,-23.472215],[-51.947383,-23.471842],[-51.947315,-23.471694],[-51.947282,-23.47162],[-51.947264,-23.471538],[-51.947257,-23.471429],[-51.947155,-23.471013],[-51.947115,-23.470902],[-51.947089,-23.470742],[-51.947082,-23.470589],[-51.947095,-23.470422],[-51.947105,-23.470363],[-51.947137,-23.470281],[-51.947145,-23.470227],[-51.947143,-23.470189],[-51.947115,-23.470113],[-51.946926,-23.469764],[-51.946761,-23.469491],[-51.946716,-23.469369],[-51.946716,-23.469341],[-51.946702,-23.46909],[-51.946684,-23.468945],[-51.946638,-23.468779],[-51.946609,-23.468708],[-51.946562,-23.468622],[-51.946541,-23.468539],[-51.946541,-23.468498],[-51.946553,-23.468437],[-51.946556,-23.468199],[-51.946563,-23.468083],[-51.94659,-23.467828],[-51.946627,-23.467718],[-51.946646,-23.467594],[-51.946645,-23.467377],[-51.946637,-23.467184],[-51.946628,-23.467026],[-51.946593,-23.466841],[-51.946568,-23.466639],[-51.946534,-23.466532],[-51.946509,-23.466443],[-51.946508,-23.466346],[-51.946523,-23.466263]]}},
{"type":"Feature","properties":{"name":"Cór. Sem Denominação"},"geometry":{"type":"LineString","coordinates":[[-52.023849,-23.502645],[-52.023821,-23.502669],[-52.023574,-23.502785],[-52.023297,-23.502911],[-52.023039,-23.503013],[-52.022517,-23.503227],[-52.022284,-23.50333],[-52.021627,-23.503628],[-52.021292,-23.503758],[-52.021228,-23.503774],[-52.021043,-23.503801],[-52.020841,-23.503837],[-52.020607,-23.503904],[-52.020446,-23.503964],[-52.020266,-23.504052],[-52.020041,-23.504149]]}},
{"type":"Feature","properties":{"name":"Cór. Sem Denominação"},"geometry":{"type":"LineString","coordinates":[[-52.02584,-23.503822],[-52.02583,-23.503817],[-52.025616,-23.503717],[-52.024585,-23.503105],[-52.024581,-23.503103],[-52.024137,-23.502849],[-52.023849,-23.502645]]}},
{"type":"Feature","properties":{"name":"Cór. Sem Denominação"},"geometry":{"type":"LineString","coordinates":[[-52.048706,-23.517555],[-52.048632,-23.517646],[-52.048545,-23.517873],[-52.04848,-23.518086],[-52.04843,-23.518279],[-52.048388,-23.518429],[-52.048279,-23.518542],[-52.048191,-23.518595],[-52.048102,-23.5187],[-52.048018,-23.518848],[-52.047911,-23.518953],[-52.047758,-23.519053],[-52.047714,-23.51908],[-52.047655,-23.519092],[-52.047601,-23.519113],[-52.047563,-23.51916],[-52.047526,-23.519261],[-52.047441,-23.51931],[-52.047376,-23.519364],[-52.047268,-23.519509]]}},
{"type":"Feature","properties":{"name":"Cór. Nhanguaçú"},"geometry":{"type":"LineString","coordinates":[[-51.98973,-23.440675],[-51.989797,-23.440688],[-51.989897,-23.440703],[-51.990041,-23.440706],[-51.990141,-23.440704],[-51.990246,-23.440692],[-51.990335,-23.440678],[-51.99038,-23.440671],[-51.990518,-23.440656],[-51.990558,-23.440651],[-51.990583,-23.440643],[-51.990605,-23.44063],[-51.990635,-23.440616],[-51.990662,-23.440613],[-51.990696,-23.440615],[-51.990731,-23.440621],[-51.990767,-23.440632],[-51.990777,-23.44064],[-51.99079,-23.440653],[-51.990804,-23.440668],[-51.990844,-23.440694],[-51.990886,-23.440716],[-51.990967,-23.440763],[-51.990988,-23.440776],[-51.991013,-23.440786],[-51.991089,-23.440812],[-51.991153,-23.440835],[-51.991188,-23.440845],[-51.991231,-23.44085],[-51.991264,-23.440855],[-51.991311,-23.440857],[-51.991337,-23.440851],[-51.991362,-23.440841],[-51.991402,-23.440821],[-51.991488,-23.440777],[-51.991503,-23.44077],[-51.991536,-23.440762],[-51.991566,-23.44076],[-51.991621,-23.440751],[-51.991667,-23.440737],[-51.991711,-23.440722],[-51.991763,-23.440698],[-51.991788,-23.440689],[-51.991813,-23.440683],[-51.991858,-23.440679],[-51.991896,-23.440677],[-51.991914,-23.440674],[-51.991935,-23.440664],[-51.992041,-23.44064],[-51.992107,-23.440615],[-51.992128,-23.440607],[-51.99217,-23.44059],[-51.992202,-23.44058],[-51.992249,-23.440567],[-51.992322,-23.440546],[-51.992409,-23.44051],[-51.992449,-23.440496],[-51.992488,-23.44048],[-51.992551,-23.440463],[-51.992592,-23.440451],[-51.992654,-23.440434],[-51.992715,-23.440411],[-51.992747,-23.440399],[-51.992785,-23.440374],[-51.99282,-23.440361],[-51.992878,-23.44034],[-51.992924,-23.440329],[-51.992979,-23.440315],[-51.993027,-23.440299],[-51.993073,-23.440277],[-51.993085,-23.440271],[-51.993126,-23.440255],[-51.993179,-23.440233],[-51.993217,-23.440221],[-51.993281,-23.440205],[-51.993322,-23.440187],[-51.993346,-23.440177],[-51.993363,-23.44017],[-51.993384,-23.440163],[-51.993405,-23.440159],[-51.993438,-23.440152],[-51.993477,-23.440141],[-51.993506,-23.44013],[-51.993558,-23.440109],[-51.993649,-23.440077],[-51.993679,-23.44006],[-51.993694,-23.44005],[-51.993734,-23.440023],[-51.993751,-23.440012],[-51.993779,-23.44],[-51.9938,-23.439997],[-51.993824,-23.439994],[-51.993869,-23.439985],[-51.993931,-23.439975],[-51.993996,-23.439974],[-51.994025,-23.439975],[-51.994061,-23.43997],[-51.99408,-23.439967],[-51.994102,-23.439961],[-51.994121,-23.439947],[-51.994139,-23.439932],[-51.994154,-23.439926],[-51.994178,-23.439921],[-51.994215,-23.439913],[-51.994236,-23.439912],[-51.994259,-23.439916],[-51.994341,-23.439927],[-51.994428,-23.439943],[-51.994537,-23.439954],[-51.99465,-23.439966],[-51.994746,-23.439975],[-51.994797,-23.43998],[-51.994843,-23.439976],[-51.994885,-23.439959],[-51.994972,-23.439913],[-51.995082,-23.43984],[-51.995176,-23.439762],[-51.995214,-23.43973],[-51.995379,-23.439594],[-51.995549,-23.439442],[-51.995619,-23.439396],[-51.995767,-23.439347],[-51.995945,-23.439289],[-51.996038,-23.439249],[-51.996217,-23.439171],[-51.996376,-23.439107],[-51.99647,-23.439031],[-51.996607,-23.438956],[-51.996689,-23.438919],[-51.996763,-23.438886],[-51.996872,-23.438865],[-51.997004,-23.438825],[-51.997171,-23.438795],[-51.997369,-23.438731],[-51.997461,-23.438707],[-51.997494,-23.438696],[-51.997523,-23.438678],[-51.997568,-23.438635],[-51.9976,-23.438621],[-51.997635,-23.438614],[-51.997694,-23.438606],[-51.997764,-23.43859],[-51.997869,-23.438552],[-51.997935,-23.438539],[-51.998008,-23.438531],[-51.99808,-23.43853],[-51.998159,-23.438522],[-51.998232,-23.438512],[-51.99827,-23.438508],[-51.998313,-23.438518],[-51.998361,-23.438542],[-51.998404,-23.438556],[-51.998447,-23.438566],[-51.998475,-23.438566],[-51.99851,-23.438569],[-51.998558,-23.438569],[-51.998584,-23.438564],[-51.998616,-23.438555],[-51.998647,-23.43855],[-51.998683,-23.438546],[-51.998692,-23.438545],[-51.9987,-23.438545],[-51.998714,-23.438536],[-51.998727,-23.438527],[-51.998745,-23.438524],[-51.998786,-23.43852],[-51.998849,-23.438516],[-51.998906,-23.43851],[-51.998957,-23.438506],[-51.998968,-23.438505],[-51.998975,-23.4385],[-51.998984,-23.438491],[-51.998995,-23.438478],[-51.999009,-23.438474],[-51.999017,-23.438474],[-51.999025,-23.438474],[-51.999083,-23.438474],[-51.999103,-23.438468],[-51.999123,-23.438456],[-51.999136,-23.438446],[-51.999154,-23.438428],[-51.999167,-23.438415],[-51.999205,-23.438376],[-51.999223,-23.438357],[-51.999245,-23.438342],[-51.999301,-23.438304],[-51.999386,-23.438246],[-51.999456,-23.438205],[-51.999479,-23.438193],[-51.999531,-23.438187],[-51.999608,-23.438205],[-51.999665,-23.438251],[-51.999686,-23.43829],[-51.999725,-23.438321],[-51.999802,-23.438344],[-51.999852,-23.438349],[-51.999885,-23.438344],[-51.999938,-23.438324],[-51.999971,-23.438306],[-51.999996,-23.438286],[-52.000028,-23.438251],[-52.000079,-23.438211],[-52.000112,-23.438189],[-52.000184,-23.43817],[-52.00025,-23.438161],[-52.000428,-23.43814]]}},
{"type":"Feature","properties":{"name":"Cór. Sem Denominação"},"geometry":{"type":"LineString","coordinates":[[-51.854956,-23.314619],[-51.853069,-23.315374]]}},
{"type":"Feature","properties":{"name":"Cór. Nazareth"},"geometry":{"type":"LineString","coordinates":[[-51.96177,-23.417945],[-51.961469,-23.418417],[-51.961382,-23.418535],[-51.961305,-23.418621],[-51.961259,-23.418679],[-51.961212,-23.418768],[-51.96112,-23.418975],[-51.961,-23.419239],[-51.960882,-23.419656],[-51.960851,-23.419804],[-51.960841,-23.419906],[-51.96081,-23.419957],[-51.960701,-23.420028],[-51.960457,-23.420265],[-51.960242,-23.420466],[-51.960075,-23.420656],[-51.959874,-23.421015]]}},
{"type":"Feature","properties":{"name":"Cór. Itaituba"},"geometry":{"type":"LineString","coordinates":[[-51.970157,-23.46838],[-51.970561,-23.468309],[-51.971917,-23.468268],[-51.972642,-23.468219],[-51.974202,-23.4679],[-51.975298,-23.467596],[-51.976866,-23.467035],[-51.97794,-23.466556],[-51.978299,-23.466326]]}},
{"type":"Feature","properties":{"name":"Cór. Dorizon"},"geometry":{"type":"LineString","coordinates":[[-52.030952,-23.530643],[-52.031185,-23.530585],[-52.031598,-23.530418],[-52.031788,-23.530324],[-52.031921,-23.530204],[-52.032035,-23.529994],[-52.032111,-23.529787],[-52.032312,-23.529566],[-52.03246,-23.529381],[-52.032673,-23.52915],[-52.03284,-23.529019],[-52.033309,-23.528539],[-52.033532,-23.528306],[-52.033625,-23.528228],[-52.033746,-23.528163],[-52.034112,-23.528012],[-52.034349,-23.527921],[-52.034594,-23.527873],[-52.035004,-23.527788],[-52.035293,-23.527738],[-52.035426,-23.527718],[-52.035552,-23.527656],[-52.035617,-23.527627],[-52.035682,-23.527607],[-52.035728,-23.527604],[-52.035767,-23.527604],[-52.035789,-23.527611],[-52.035835,-23.527602],[-52.035887,-23.527579],[-52.035933,-23.527538],[-52.036065,-23.527448],[-52.036105,-23.527422],[-52.036174,-23.527387],[-52.036202,-23.527372],[-52.036227,-23.527355],[-52.036268,-23.527315],[-52.036301,-23.527291],[-52.036358,-23.527267],[-52.036406,-23.527255],[-52.036455,-23.527246],[-52.036491,-23.527241],[-52.036526,-23.527243],[-52.036547,-23.527247],[-52.036593,-23.527245],[-52.036638,-23.527244],[-52.036678,-23.527241],[-52.036736,-23.527223],[-52.036827,-23.527174],[-52.036909,-23.527127],[-52.03702,-23.527066],[-52.037127,-23.527003],[-52.037204,-23.526935],[-52.037272,-23.526871],[-52.037346,-23.526808],[-52.037453,-23.526724],[-52.037519,-23.526673],[-52.037571,-23.526644],[-52.037613,-23.526617],[-52.037638,-23.52659],[-52.037658,-23.52656],[-52.037734,-23.526496]]}},
{"type":"Feature","properties":{"name":"Cór. Sem Denominação"},"geometry":{"type":"LineString","coordinates":[[-52.007619,-23.329456],[-52.008024,-23.329579],[-52.008258,-23.32965],[-52.008691,-23.32971],[-52.009861,-23.330214]]}},
{"type":"Feature","properties":{"name":"Água Keçaba"},"geometry":{"type":"MultiLineString","coordinates":[[[-51.892725,-23.341585],[-51.892676,-23.341484],[-51.892582,-23.341241],[-51.892513,-23.341078],[-51.892441,-23.34091],[-51.892403,-23.340785],[-51.892366,-23.340647],[-51.892357,-23.340503],[-51.892339,-23.340391],[-51.892299,-23.340261],[-51.892219,-23.340136],[-51.892059,-23.339965],[-51.891871,-23.33978],[-51.891695,-23.339652],[-51.89152,-23.339574],[-51.891322,-23.339478],[-51.891119,-23.339354],[-51.89086,-23.3392],[-51.890785,-23.33908],[-51.89073,-23.338984],[-51.890597,-23.33883],[-51.890545,-23.338546],[-51.890522,-23.33828],[-51.890514,-23.337798],[-51.890505,-23.337626],[-51.890517,-23.337273]],[[-51.892408,-23.305063],[-51.892329,-23.305223],[-51.892307,-23.305327],[-51.892313,-23.30565],[-51.892321,-23.306099],[-51.892355,-23.30633],[-51.892411,-23.306584],[-51.892443,-23.306773],[-51.892465,-23.30696],[-51.892476,-23.307077],[-51.892471,-23.307253],[-51.892464,-23.307461],[-51.892453,-23.307635],[-51.892454,-23.307784],[-51.892435,-23.307977],[-51.892409,-23.308169],[-51.892351,-23.308511],[-51.892316,-23.308779],[-51.892304,-23.308926],[-51.892255,-23.309214],[-51.892228,-23.309414],[-51.892133,-23.309773],[-51.892055,-23.310069],[-51.891966,-23.310429],[-51.891903,-23.31074],[-51.891854,-23.310906],[-51.891828,-23.311128],[-51.891804,-23.311355],[-51.891774,-23.311627],[-51.891762,-23.311819],[-51.891792,-23.312016],[-51.891827,-23.312404],[-51.891826,-23.312682],[-51.891799,-23.312984],[-51.891784,-23.313267],[-51.89176,-23.313563],[-51.891725,-23.313818],[-51.891666,-23.314033],[-51.891564,-23.314323],[-51.891455,-23.314536],[-51.891353,-23.314752],[-51.891293,-23.314893],[-51.891251,-23.3151],[-51.891258,-23.315174],[-51.891255,-23.315282],[-51.891316,-23.31561],[-51.89139,-23.315902],[-51.891446,-23.316069],[-51.891489,-23.316212],[-51.891524,-23.316377],[-51.891483,-23.3168],[-51.891494,-23.31714],[-51.891506,-23.31735],[-51.891521,-23.317726],[-51.891499,-23.318198],[-51.891492,-23.31864],[-51.89145,-23.319106],[-51.89145,-23.319266],[-51.891482,-23.319489],[-51.89151,-23.319676],[-51.891574,-23.320013],[-51.891636,-23.320179],[-51.891688,-23.320336],[-51.891725,-23.320517],[-51.891745,-23.320683],[-51.891744,-23.320849],[-51.891756,-23.321078],[-51.891754,-23.321156],[-51.89175,-23.321352],[-51.891719,-23.321558],[-51.891713,-23.321669],[-51.891699,-23.321725],[-51.891684,-23.321757],[-51.891663,-23.321783],[-51.891606,-23.321822],[-51.891528,-23.321873],[-51.891412,-23.321985],[-51.891339,-23.322115],[-51.891329,-23.322269],[-51.89133,-23.322502],[-51.891333,-23.322864],[-51.891319,-23.322951],[-51.891291,-23.323003],[-51.891262,-23.323062],[-51.891206,-23.323116],[-51.890967,-23.323271],[-51.890739,-23.323423],[-51.890646,-23.323489],[-51.890619,-23.323516],[-51.890588,-23.323564],[-51.890528,-23.323815],[-51.890487,-23.323955],[-51.890488,-23.324066],[-51.890528,-23.324194],[-51.890535,-23.32431],[-51.890535,-23.324396],[-51.890546,-23.324456],[-51.890548,-23.324522],[-51.890553,-23.324535],[-51.890548,-23.324549],[-51.890539,-23.324556],[-51.890527,-23.324558],[-51.890519,-23.324566],[-51.890515,-23.324575],[-51.890507,-23.324642],[-51.890517,-23.324692],[-51.890545,-23.324712],[-51.890579,-23.324717],[-51.890606,-23.324745],[-51.890612,-23.324787],[-51.890603,-23.324853],[-51.890561,-23.324894],[-51.890504,-23.324956],[-51.890463,-23.325018],[-51.890433,-23.325062],[-51.890412,-23.325101],[-51.8904,-23.325132],[-51.890398,-23.325161],[-51.890407,-23.325197],[-51.890417,-23.325224],[-51.890454,-23.325319],[-51.890449,-23.325392],[-51.890434,-23.325462],[-51.890438,-23.325518],[-51.890402,-23.325561],[-51.890395,-23.325608],[-51.890404,-23.325657],[-51.890409,-23.325695],[-51.890422,-23.325755],[-51.890468,-23.325879],[-51.89058,-23.326505],[-51.890599,-23.326673],[-51.89067,-23.327259],[-51.890641,-23.327656],[-51.890502,-23.3279],[-51.89039,-23.328051],[-51.890368,-23.32822],[-51.890416,-23.328489],[-51.890452,-23.328708],[-51.890482,-23.329047],[-51.890413,-23.329492],[-51.890364,-23.329761],[-51.890329,-23.33031],[-51.890285,-23.33069],[-51.890171,-23.331013],[-51.890063,-23.331236],[-51.89001,-23.33143],[-51.889971,-23.331604],[-51.889929,-23.331769],[-51.889906,-23.331976],[-51.889913,-23.332432],[-51.889884,-23.332709],[-51.889824,-23.333003],[-51.88974,-23.333204],[-51.889609,-23.333424],[-51.889529,-23.333553],[-51.889488,-23.333682],[-51.889458,-23.333826],[-51.889456,-23.333914],[-51.889467,-23.334005],[-51.889514,-23.334119],[-51.889562,-23.334236],[-51.889643,-23.334623],[-51.889738,-23.334741],[-51.889784,-23.334819],[-51.889802,-23.33492],[-51.889835,-23.335002],[-51.889945,-23.33516],[-51.889998,-23.335265],[-51.890057,-23.335385],[-51.890105,-23.335494],[-51.890141,-23.335623],[-51.890195,-23.335728],[-51.890275,-23.335888],[-51.890338,-23.336031],[-51.890422,-23.336218],[-51.890454,-23.336306],[-51.89048,-23.336411],[-51.890519,-23.336478],[-51.890545,-23.336571],[-51.890566,-23.336673],[-51.890584,-23.336767],[-51.890555,-23.336864],[-51.890528,-23.336998],[-51.890535,-23.337127],[-51.890519,-23.33723]]]}},
{"type":"Feature","properties":{"name":"Cór. do Tauá"},"geometry":{"type":"LineString","coordinates":[[-51.842232,-23.368867],[-51.842499,-23.36902],[-51.842783,-23.369308],[-51.843485,-23.370127],[-51.843648,-23.37029],[-51.843742,-23.370421],[-51.843849,-23.370685],[-51.843911,-23.370903],[-51.843936,-23.370964],[-51.844041,-23.371146],[-51.844102,-23.371344],[-51.844136,-23.371408],[-51.844196,-23.371484],[-51.844487,-23.371595],[-51.844713,-23.37172],[-51.845311,-23.372102],[-51.845846,-23.372405],[-51.84614,-23.372637],[-51.846325,-23.372832],[-51.846476,-23.373105],[-51.846619,-23.373259],[-51.846766,-23.373472],[-51.846905,-23.37365],[-51.847093,-23.37386],[-51.847175,-23.373967],[-51.847289,-23.37408],[-51.847329,-23.374147],[-51.847547,-23.374538],[-51.847787,-23.374853],[-51.847836,-23.374949],[-51.847905,-23.37501],[-51.847979,-23.375058],[-51.848026,-23.375114],[-51.84806,-23.375195],[-51.848105,-23.375217],[-51.84813,-23.37525],[-51.848142,-23.375325],[-51.848207,-23.375568],[-51.848281,-23.37578],[-51.848388,-23.37599],[-51.848455,-23.376087],[-51.848527,-23.376161],[-51.848659,-23.376308],[-51.848699,-23.376309],[-51.849081,-23.376276],[-51.849614,-23.376222],[-51.850099,-23.376136],[-51.850757,-23.376104],[-51.851337,-23.376111],[-51.851985,-23.376069],[-51.852587,-23.376005],[-51.853216,-23.375925],[-51.853957,-23.375856],[-51.854772,-23.37579],[-51.855282,-23.375754],[-51.855665,-23.375773],[-51.856175,-23.375811],[-51.856481,-23.375903],[-51.856813,-23.376025],[-51.857041,-23.37608],[-51.857274,-23.376144],[-51.857517,-23.376243],[-51.857849,-23.376431],[-51.857997,-23.376492],[-51.858451,-23.376633],[-51.858675,-23.376739],[-51.859126,-23.376879]]}},
{"type":"Feature","properties":{"name":"Cór. Sem Denominação"},"geometry":{"type":"LineString","coordinates":[[-51.969002,-23.44559],[-51.968817,-23.445622],[-51.968717,-23.445716],[-51.968536,-23.445756],[-51.968326,-23.445776],[-51.968135,-23.445784],[-51.967979,-23.445771],[-51.967795,-23.445777],[-51.967702,-23.445778]]}},
{"type":"Feature","properties":{"name":"Cór. Sem Denominação"},"geometry":{"type":"LineString","coordinates":[[-52.050381,-23.521446],[-52.05038,-23.521446],[-52.050352,-23.521413],[-52.0503,-23.521338],[-52.050261,-23.521286],[-52.050224,-23.521267],[-52.050186,-23.52126],[-52.050144,-23.521243],[-52.050117,-23.521183],[-52.050104,-23.521134],[-52.050113,-23.521075],[-52.050055,-23.520999],[-52.050024,-23.520931],[-52.049989,-23.520881],[-52.049904,-23.520755],[-52.049802,-23.5206],[-52.049664,-23.52045],[-52.049513,-23.520342],[-52.049373,-23.520284],[-52.049298,-23.520253],[-52.049206,-23.520205],[-52.049176,-23.520187],[-52.049145,-23.520171],[-52.049123,-23.520178],[-52.049102,-23.520161],[-52.049122,-23.52014],[-52.049137,-23.520107],[-52.049152,-23.520022],[-52.049164,-23.519953],[-52.049188,-23.519864],[-52.049193,-23.519784],[-52.049224,-23.519692],[-52.049222,-23.519612]]}},
{"type":"Feature","properties":{"name":"Cór. Sem Denominação"},"geometry":{"type":"LineString","coordinates":[[-51.848659,-23.376308],[-51.848846,-23.376482],[-51.849015,-23.376693],[-51.849193,-23.377121],[-51.849377,-23.377446],[-51.849618,-23.37766],[-51.849749,-23.377895],[-51.850108,-23.378452],[-51.850217,-23.378759],[-51.850316,-23.379021],[-51.850405,-23.379307],[-51.850683,-23.379727],[-51.850852,-23.379959],[-51.851205,-23.380387],[-51.851475,-23.3807],[-51.851798,-23.381032],[-51.852042,-23.381312],[-51.852163,-23.38155],[-51.852349,-23.381734],[-51.852779,-23.382265],[-51.853055,-23.382675],[-51.853358,-23.383076],[-51.853508,-23.383359],[-51.853554,-23.383523],[-51.853614,-23.383726],[-51.853637,-23.383792]]}},
{"type":"Feature","properties":{"name":"Cór. Água Diamante"},"geometry":{"type":"LineString","coordinates":[[-51.933538,-23.400612],[-51.933785,-23.400294],[-51.933894,-23.400138],[-51.934035,-23.399973],[-51.934167,-23.39981],[-51.934337,-23.399585],[-51.934539,-23.399336],[-51.934764,-23.39911],[-51.934809,-23.399068],[-51.934887,-23.39903],[-51.93492,-23.399019],[-51.934991,-23.399006],[-51.935116,-23.3989],[-51.935157,-23.398863],[-51.935312,-23.398734],[-51.935415,-23.398633],[-51.935516,-23.398549],[-51.935579,-23.398506],[-51.935723,-23.398433],[-51.935873,-23.398352],[-51.936031,-23.398233],[-51.936133,-23.398132],[-51.936185,-23.398107],[-51.936234,-23.398093],[-51.936323,-23.398068],[-51.936395,-23.398016],[-51.93649,-23.397974],[-51.936514,-23.397961],[-51.936557,-23.39794],[-51.936606,-23.39793],[-51.936707,-23.397926],[-51.936774,-23.397915],[-51.936827,-23.397885],[-51.93689,-23.397846],[-51.936951,-23.397795],[-51.937003,-23.397761],[-51.937133,-23.397708],[-51.937284,-23.39765],[-51.937483,-23.397573],[-51.937618,-23.397527],[-51.93766,-23.397512],[-51.937696,-23.397505],[-51.937741,-23.397507],[-51.937776,-23.39751],[-51.937815,-23.397503],[-51.937891,-23.397456],[-51.937996,-23.397378],[-51.938047,-23.397308],[-51.938077,-23.39728],[-51.938108,-23.397274],[-51.938127,-23.397262],[-51.938157,-23.39722],[-51.938193,-23.397178],[-51.938247,-23.397136],[-51.938339,-23.397113],[-51.938412,-23.3971],[-51.938542,-23.397077],[-51.938703,-23.397057],[-51.938954,-23.397036],[-51.939294,-23.396985],[-51.939515,-23.396943],[-51.939642,-23.396899],[-51.939718,-23.396859],[-51.939896,-23.396793],[-51.940033,-23.396737],[-51.940163,-23.396666],[-51.940278,-23.396621],[-51.940446,-23.396573],[-51.94065,-23.39653],[-51.940861,-23.396459],[-51.941116,-23.396388],[-51.941237,-23.396359],[-51.941379,-23.396324],[-51.941465,-23.396297],[-51.941542,-23.396241],[-51.941637,-23.396146],[-51.941704,-23.396105],[-51.941815,-23.396053],[-51.942302,-23.395867],[-51.942397,-23.395814],[-51.942439,-23.395777],[-51.942478,-23.395739],[-51.942488,-23.395731],[-51.942519,-23.395716],[-51.942573,-23.395711],[-51.942622,-23.39571],[-51.94269,-23.395702],[-51.942746,-23.395692],[-51.942819,-23.395669],[-51.942856,-23.395648],[-51.942883,-23.395625],[-51.942918,-23.395585],[-51.942954,-23.3955],[-51.942987,-23.395414],[-51.943057,-23.395251],[-51.943102,-23.395193],[-51.94313,-23.395163],[-51.943154,-23.395149],[-51.943178,-23.39514],[-51.9432,-23.395146],[-51.943218,-23.395165],[-51.943231,-23.39518],[-51.943236,-23.395197],[-51.943228,-23.395229],[-51.943224,-23.395264],[-51.943226,-23.39529],[-51.943239,-23.395314],[-51.943256,-23.395334],[-51.943279,-23.395348],[-51.943298,-23.39536],[-51.943325,-23.395375],[-51.943382,-23.395393],[-51.943439,-23.395393],[-51.943532,-23.39537],[-51.943611,-23.395341],[-51.943693,-23.395299],[-51.943738,-23.395238],[-51.944011,-23.394776]]}},
{"type":"Feature","properties":{"name":"Cór. Nepal"},"geometry":{"type":"LineString","coordinates":[[-52.047894,-23.423635],[-52.048134,-23.42318],[-52.048199,-23.423055],[-52.048242,-23.422974],[-52.048285,-23.422892],[-52.048344,-23.422781],[-52.048351,-23.42269],[-52.048382,-23.422626],[-52.048407,-23.422574],[-52.048398,-23.422532],[-52.048375,-23.422482],[-52.048366,-23.422438],[-52.048408,-23.422374],[-52.048489,-23.422306],[-52.048526,-23.42226],[-52.048614,-23.422153],[-52.048779,-23.42201],[-52.049098,-23.42174],[-52.049332,-23.421534],[-52.049452,-23.421453],[-52.0496,-23.421375],[-52.049724,-23.421325],[-52.049928,-23.421253],[-52.050172,-23.4212],[-52.05039,-23.4211],[-52.050615,-23.420945],[-52.050759,-23.420831],[-52.050914,-23.420729],[-52.051117,-23.420602],[-52.051403,-23.420438],[-52.051609,-23.420264],[-52.051992,-23.420017],[-52.052057,-23.419958],[-52.052114,-23.419912],[-52.052165,-23.41988],[-52.052311,-23.419855],[-52.052391,-23.419831],[-52.052481,-23.41978],[-52.052543,-23.419746],[-52.052668,-23.419623],[-52.052836,-23.419493],[-52.053045,-23.419349],[-52.053168,-23.419233],[-52.053257,-23.41915],[-52.053284,-23.419075],[-52.053341,-23.419033],[-52.0534,-23.418944],[-52.05352,-23.418788],[-52.053712,-23.418598],[-52.053812,-23.418526]]}},
{"type":"Feature","properties":{"name":"Cór. Sem Denominação"},"geometry":{"type":"LineString","coordinates":[[-51.904166,-23.328903],[-51.90419,-23.328884],[-51.904238,-23.328817],[-51.904328,-23.328639],[-51.904379,-23.328581],[-51.904632,-23.328352],[-51.904873,-23.328086],[-51.904942,-23.32795],[-51.904967,-23.327833],[-51.90499,-23.327712],[-51.905024,-23.327603],[-51.905104,-23.327537],[-51.905275,-23.327452],[-51.905459,-23.327367],[-51.905617,-23.327316],[-51.90581,-23.327204],[-51.905903,-23.327084],[-51.905983,-23.326925],[-51.906063,-23.326741],[-51.906105,-23.326644],[-51.906154,-23.326536],[-51.906206,-23.326453],[-51.906251,-23.326366],[-51.906314,-23.32625],[-51.906398,-23.326116],[-51.906462,-23.326012],[-51.906526,-23.325909],[-51.906573,-23.325837],[-51.906617,-23.325747],[-51.906649,-23.325669],[-51.906688,-23.325582],[-51.906732,-23.325501],[-51.906783,-23.325414],[-51.906858,-23.32529],[-51.907027,-23.324928],[-51.907263,-23.324591],[-51.907382,-23.324434],[-51.907424,-23.324351],[-51.907465,-23.324253],[-51.907562,-23.324003],[-51.907566,-23.323994],[-51.907614,-23.323898],[-51.907692,-23.32385],[-51.907766,-23.323809],[-51.907891,-23.323744],[-51.908021,-23.3237],[-51.908244,-23.323691],[-51.90841,-23.323696],[-51.908545,-23.32371],[-51.908691,-23.32372],[-51.908805,-23.323728],[-51.908927,-23.323705],[-51.909005,-23.323694],[-51.909067,-23.323684],[-51.909146,-23.323676],[-51.909202,-23.323664],[-51.909286,-23.323647],[-51.909409,-23.32363],[-51.909504,-23.323601],[-51.909571,-23.323567],[-51.909638,-23.323537],[-51.909713,-23.323486],[-51.909799,-23.323404],[-51.9099,-23.323293],[-51.909964,-23.323198],[-51.910034,-23.323116],[-51.910113,-23.323011],[-51.910215,-23.32286],[-51.910258,-23.322796],[-51.91034,-23.322726],[-51.910461,-23.32265],[-51.910568,-23.322596],[-51.910739,-23.32252],[-51.910939,-23.322452],[-51.911125,-23.322398],[-51.911279,-23.322357],[-51.911512,-23.322309],[-51.911726,-23.322268],[-51.912051,-23.322181],[-51.912213,-23.322125],[-51.912428,-23.322058],[-51.912707,-23.321991],[-51.913233,-23.321923]]}},
{"type":"Feature","properties":{"name":"Cór. Sem Denominação"},"geometry":{"type":"LineString","coordinates":[[-51.967446,-23.487458],[-51.967449,-23.487648],[-51.967434,-23.487813],[-51.967388,-23.487967],[-51.967295,-23.488158],[-51.967213,-23.488239],[-51.967167,-23.488305],[-51.967107,-23.488421],[-51.967063,-23.488651],[-51.967048,-23.488819],[-51.967027,-23.48893],[-51.967013,-23.489098],[-51.966971,-23.489351],[-51.966977,-23.489531],[-51.966954,-23.489807],[-51.966967,-23.490025],[-51.967031,-23.490233],[-51.967049,-23.490841],[-51.967043,-23.491072],[-51.966978,-23.491497],[-51.966944,-23.491784],[-51.96693,-23.491917],[-51.966936,-23.492073],[-51.966999,-23.492302],[-51.967115,-23.492524],[-51.96721,-23.492672],[-51.967257,-23.492746],[-51.967314,-23.492823],[-51.967378,-23.492906],[-51.967464,-23.492986],[-51.967557,-23.49306],[-51.967688,-23.493122],[-51.968067,-23.493232],[-51.968227,-23.493285],[-51.968363,-23.493349],[-51.968495,-23.493444],[-51.968699,-23.493581]]}},
{"type":"Feature","properties":{"name":"Cór. Nhanguaçú"},"geometry":{"type":"LineString","coordinates":[[-52.013459,-23.427038],[-52.01334,-23.42709],[-52.013282,-23.427111],[-52.013181,-23.427116],[-52.013137,-23.427122],[-52.01308,-23.427149],[-52.013038,-23.427169],[-52.012995,-23.427199],[-52.012862,-23.427276],[-52.01276,-23.427382],[-52.012704,-23.427441],[-52.012638,-23.427481],[-52.012599,-23.427492],[-52.012545,-23.427519],[-52.012497,-23.427554],[-52.01247,-23.427574],[-52.012461,-23.4276],[-52.01245,-23.427634],[-52.012444,-23.427681],[-52.012437,-23.427708],[-52.012423,-23.427727],[-52.0124,-23.427736],[-52.012369,-23.427744],[-52.012312,-23.42777],[-52.012227,-23.427839],[-52.012178,-23.427884],[-52.012138,-23.427931],[-52.012116,-23.427955],[-52.012095,-23.427971],[-52.012059,-23.427984],[-52.011895,-23.42807],[-52.011834,-23.428128],[-52.011793,-23.428165],[-52.01175,-23.4282],[-52.01172,-23.428222],[-52.011657,-23.428248],[-52.011563,-23.428274],[-52.011508,-23.428295],[-52.011403,-23.428354],[-52.011297,-23.428425],[-52.011286,-23.428435],[-52.011275,-23.42845],[-52.011246,-23.428493],[-52.01122,-23.428522],[-52.011181,-23.428556],[-52.011159,-23.428582],[-52.011144,-23.4286],[-52.011107,-23.428672],[-52.011075,-23.428798],[-52.011049,-23.428862],[-52.010984,-23.428972],[-52.010893,-23.429068],[-52.01084,-23.429126],[-52.010823,-23.429155],[-52.010728,-23.429244],[-52.010676,-23.429283],[-52.010639,-23.429317],[-52.010605,-23.429384],[-52.010577,-23.429472],[-52.010566,-23.429507],[-52.01055,-23.429541],[-52.010518,-23.429576],[-52.010475,-23.429602],[-52.010423,-23.429627],[-52.01037,-23.429658],[-52.010306,-23.429708],[-52.010293,-23.429744],[-52.010284,-23.429766],[-52.010269,-23.429787],[-52.010221,-23.429843],[-52.01018,-23.429892],[-52.010152,-23.429948],[-52.010105,-23.430023],[-52.010073,-23.43008],[-52.010034,-23.430115],[-52.009999,-23.430169],[-52.009994,-23.430219],[-52.009979,-23.430262],[-52.009944,-23.430294],[-52.009857,-23.430364],[-52.009723,-23.430463],[-52.009709,-23.430473],[-52.009689,-23.4305],[-52.009673,-23.430539],[-52.009623,-23.430609],[-52.009577,-23.430655],[-52.009503,-23.430691],[-52.009418,-23.430751],[-52.009329,-23.430818],[-52.009242,-23.430881],[-52.00918,-23.430947],[-52.009091,-23.43107],[-52.00908,-23.431081],[-52.009062,-23.431091],[-52.009027,-23.431101],[-52.008992,-23.431116],[-52.0089,-23.431185],[-52.008846,-23.43123],[-52.008824,-23.431253],[-52.00878,-23.431298],[-52.008762,-23.431309],[-52.008726,-23.431324],[-52.008681,-23.431346],[-52.008641,-23.431374],[-52.00862,-23.431392],[-52.008592,-23.431417],[-52.008564,-23.431458],[-52.008529,-23.431502],[-52.008463,-23.431541],[-52.008444,-23.431551],[-52.008411,-23.431558],[-52.008382,-23.431561],[-52.008363,-23.431569],[-52.00835,-23.431578],[-52.008321,-23.431612],[-52.0083,-23.431648],[-52.008288,-23.431665],[-52.00825,-23.431702],[-52.008226,-23.431727],[-52.008217,-23.431741],[-52.008206,-23.431768],[-52.008197,-23.431792],[-52.008182,-23.431817],[-52.008142,-23.431859],[-52.008064,-23.431898],[-52.007999,-23.431931],[-52.007965,-23.431963],[-52.007944,-23.431978],[-52.007911,-23.432004],[-52.007848,-23.432028],[-52.007825,-23.432044],[-52.007756,-23.432094],[-52.007671,-23.432146],[-52.007629,-23.432172],[-52.007597,-23.432198],[-52.007545,-23.432231],[-52.007512,-23.432253],[-52.007482,-23.432278],[-52.007461,-23.432296],[-52.007416,-23.432323],[-52.007368,-23.432352],[-52.007335,-23.43238],[-52.007308,-23.432406],[-52.007266,-23.432437],[-52.0072,-23.43247],[-52.007119,-23.432531],[-52.007063,-23.432573],[-52.007021,-23.432613],[-52.006994,-23.432639],[-52.006967,-23.432652],[-52.006945,-23.432659],[-52.006928,-23.432671],[-52.006906,-23.432701],[-52.006883,-23.43275],[-52.00686,-23.432797],[-52.006839,-23.432827],[-52.006809,-23.432855],[-52.006782,-23.43288],[-52.006749,-23.432912],[-52.00662,-23.432999],[-52.006488,-23.433106],[-52.006461,-23.433123],[-52.006316,-23.433245],[-52.006267,-23.433309],[-52.006234,-23.433353],[-52.006211,-23.43338],[-52.006197,-23.43339],[-52.006174,-23.43341],[-52.006145,-23.433434],[-52.006105,-23.433491],[-52.006075,-23.433516],[-52.006015,-23.43356],[-52.005965,-23.433589],[-52.005895,-23.433607],[-52.005817,-23.433639],[-52.005765,-23.433683],[-52.0057,-23.433714],[-52.005667,-23.433738],[-52.005637,-23.433764],[-52.005592,-23.433808],[-52.005563,-23.433842],[-52.005556,-23.433856],[-52.005551,-23.433872],[-52.005548,-23.433893],[-52.005536,-23.433923],[-52.005519,-23.433946],[-52.005493,-23.43397],[-52.005454,-23.433996],[-52.005387,-23.434053],[-52.005351,-23.434107],[-52.005318,-23.434174],[-52.005275,-23.434214],[-52.005213,-23.434261],[-52.005118,-23.434322],[-52.005059,-23.434383],[-52.00501,-23.434434],[-52.004976,-23.434464],[-52.004903,-23.434541],[-52.004851,-23.434585],[-52.004773,-23.434641],[-52.004692,-23.434698],[-52.004624,-23.434762],[-52.004578,-23.434794],[-52.004552,-23.434822],[-52.00452,-23.434858],[-52.004491,-23.43489],[-52.004448,-23.434911],[-52.004361,-23.434944],[-52.004309,-23.434978],[-52.00424,-23.43503],[-52.004183,-23.435051],[-52.004146,-23.435068],[-52.004077,-23.43512],[-52.003997,-23.435189],[-52.003911,-23.435256],[-52.003764,-23.435342],[-52.003685,-23.435394],[-52.003599,-23.435462],[-52.00359,-23.435477],[-52.003585,-23.435509],[-52.003577,-23.435544],[-52.00356,-23.435575],[-52.003541,-23.435594],[-52.003513,-23.435615],[-52.003458,-23.43565],[-52.003404,-23.435707],[-52.003372,-23.435749],[-52.003348,-23.435785],[-52.003311,-23.435845],[-52.003213,-23.43592],[-52.003192,-23.435938],[-52.003163,-23.435954],[-52.003136,-23.435958],[-52.003107,-23.43596],[-52.003081,-23.435973],[-52.00305,-23.436002],[-52.003027,-23.436037],[-52.002997,-23.436069],[-52.002974,-23.436089],[-52.002941,-23.4361],[-52.002921,-23.436104],[-52.002911,-23.436114],[-52.002908,-23.436138],[-52.002906,-23.436157],[-52.002894,-23.436254],[-52.002873,-23.436289],[-52.002856,-23.43631],[-52.002838,-23.436323],[-52.002771,-23.436373],[-52.002712,-23.436397],[-52.002641,-23.43644],[-52.002596,-23.436478],[-52.002564,-23.436515],[-52.002533,-23.43654],[-52.002507,-23.436554],[-52.002479,-23.43656],[-52.002396,-23.436563],[-52.002326,-23.436571],[-52.002277,-23.436579],[-52.002259,-23.43659],[-52.002219,-23.436618],[-52.002196,-23.436645],[-52.002121,-23.436746],[-52.002086,-23.43679],[-52.002061,-23.436816],[-52.001995,-23.43685],[-52.001893,-23.436898],[-52.001815,-23.436942],[-52.001797,-23.436954],[-52.001781,-23.436973],[-52.001731,-23.437071],[-52.001712,-23.437103],[-52.001696,-23.43712],[-52.001647,-23.437172],[-52.001614,-23.437203],[-52.001587,-23.437226],[-52.001565,-23.437241],[-52.001529,-23.43726],[-52.001497,-23.437277],[-52.001481,-23.437292],[-52.001472,-23.437303],[-52.00145,-23.437344],[-52.001404,-23.437401],[-52.001375,-23.437441],[-52.001361,-23.437454],[-52.001338,-23.437466],[-52.0013,-23.437476],[-52.001284,-23.437485],[-52.001238,-23.437523],[-52.001188,-23.437583],[-52.00117,-23.437612],[-52.001163,-23.437634],[-52.001154,-23.437653],[-52.001143,-23.437665],[-52.00113,-23.437677],[-52.001082,-23.437716],[-52.001043,-23.437751],[-52.001018,-23.437774],[-52.000963,-23.437819],[-52.000938,-23.437832],[-52.000905,-23.437844],[-52.000855,-23.437854],[-52.000809,-23.437866],[-52.000782,-23.43788],[-52.000758,-23.437903],[-52.000735,-23.437931],[-52.000727,-23.437943],[-52.000718,-23.437954],[-52.000698,-23.437972],[-52.00068,-23.437987],[-52.000581,-23.438074],[-52.000527,-23.438119],[-52.000495,-23.438137],[-52.00047,-23.43814],[-52.000428,-23.43814]]}},
{"type":"Feature","properties":{"name":"Cór. Sem Denominação"},"geometry":{"type":"LineString","coordinates":[[-52.025162,-23.500632],[-52.025086,-23.500767],[-52.025028,-23.500865],[-52.024948,-23.501053],[-52.024872,-23.501199],[-52.024777,-23.501278],[-52.024654,-23.50143],[-52.024558,-23.501633],[-52.024404,-23.501869],[-52.024371,-23.501919],[-52.024255,-23.502092],[-52.024094,-23.502339],[-52.023881,-23.502613],[-52.02385,-23.502645],[-52.023849,-23.502645]]}},
{"type":"Feature","properties":{"name":"Rib. Pinguim"},"geometry":{"type":"LineString","coordinates":[[-51.887663,-23.439963],[-51.887789,-23.440025],[-51.888054,-23.440088],[-51.888379,-23.440267],[-51.888575,-23.440503],[-51.889269,-23.441259]]}},
{"type":"Feature","properties":{"name":"Cór. Sem Denominação"},"geometry":{"type":"LineString","coordinates":[[-52.012711,-23.530597],[-52.012491,-23.530319],[-52.01203,-23.529747],[-52.011792,-23.529475],[-52.011231,-23.528988]]}},
{"type":"Feature","properties":{"name":"Cór. Mixto"},"geometry":{"type":"LineString","coordinates":[[-52.029856,-23.361721],[-52.029572,-23.361394],[-52.029015,-23.360641],[-52.028666,-23.360372],[-52.028349,-23.360048],[-52.027935,-23.359684],[-52.027731,-23.359507],[-52.027474,-23.359307],[-52.027107,-23.358972],[-52.026877,-23.358736],[-52.026502,-23.358389],[-52.026204,-23.358129],[-52.025957,-23.357989],[-52.025846,-23.357954],[-52.025792,-23.35793],[-52.02574,-23.357905],[-52.02568,-23.357863],[-52.025573,-23.357728],[-52.025462,-23.357519],[-52.025278,-23.357254],[-52.02505,-23.356994],[-52.025006,-23.356942],[-52.024981,-23.356874],[-52.024974,-23.356646],[-52.024911,-23.356536],[-52.024791,-23.35648],[-52.02477,-23.356409],[-52.02479,-23.356288],[-52.024817,-23.356123],[-52.02486,-23.355959],[-52.024873,-23.355779],[-52.024795,-23.355555],[-52.024656,-23.355344],[-52.024429,-23.35514],[-52.02403,-23.354776],[-52.023774,-23.354582],[-52.023616,-23.354463],[-52.023532,-23.354389],[-52.023433,-23.354261],[-52.023295,-23.35409],[-52.023183,-23.354009],[-52.023141,-23.353948],[-52.023121,-23.35382],[-52.023153,-23.353615],[-52.02314,-23.353436],[-52.023118,-23.353149],[-52.023095,-23.353027],[-52.023037,-23.352927],[-52.02294,-23.352825],[-52.02289,-23.35273],[-52.022892,-23.35261],[-52.022904,-23.3525],[-52.022886,-23.352469],[-52.022846,-23.352436],[-52.022735,-23.352406],[-52.022622,-23.352388],[-52.022552,-23.352363],[-52.022463,-23.352311],[-52.022383,-23.352238],[-52.022298,-23.352151],[-52.02219,-23.351998],[-52.022159,-23.351841],[-52.022072,-23.351706],[-52.021971,-23.351617],[-52.021789,-23.351484],[-52.021655,-23.351317],[-52.021521,-23.351127],[-52.021435,-23.351006],[-52.021338,-23.350868],[-52.021155,-23.350708],[-52.021016,-23.350688],[-52.020876,-23.350601],[-52.02074,-23.350501],[-52.020439,-23.350298],[-52.020202,-23.350166],[-52.019907,-23.349976],[-52.019718,-23.349855],[-52.019081,-23.349303],[-52.018996,-23.34924],[-52.018787,-23.348947],[-52.018671,-23.348809],[-52.018628,-23.348617],[-52.018392,-23.348339],[-52.01816,-23.348066],[-52.017945,-23.347814],[-52.017754,-23.347589],[-52.017634,-23.347447],[-52.01751,-23.34736],[-52.017456,-23.347336],[-52.017437,-23.347303],[-52.017434,-23.347269],[-52.017469,-23.347228],[-52.017487,-23.347177],[-52.017467,-23.347129],[-52.017421,-23.347072],[-52.017326,-23.346905],[-52.0172,-23.346781],[-52.017065,-23.34665],[-52.016261,-23.346042],[-52.016226,-23.34601],[-52.016204,-23.345928],[-52.016198,-23.345794],[-52.016166,-23.345709],[-52.016125,-23.345651],[-52.016042,-23.345533],[-52.015891,-23.34532],[-52.015714,-23.345079],[-52.015582,-23.344901],[-52.015506,-23.34472],[-52.015422,-23.344409],[-52.015382,-23.344257],[-52.015215,-23.343764],[-52.015201,-23.343629],[-52.015201,-23.343541],[-52.015189,-23.343453],[-52.015174,-23.34342],[-52.015151,-23.343392]]}},
{"type":"Feature","properties":{"name":""},"geometry":{"type":"LineString","coordinates":[[-51.999045,-23.310564],[-51.999341,-23.311248],[-51.999503,-23.311571],[-51.999582,-23.311791],[-51.999674,-23.312024],[-51.999742,-23.3124],[-51.999737,-23.312663],[-51.999505,-23.313554],[-51.999164,-23.314564],[-51.999163,-23.314566],[-51.998823,-23.315016],[-51.998425,-23.315497],[-51.998113,-23.315964]]}},
{"type":"Feature","properties":{"name":"Cór. da Romeira"},"geometry":{"type":"LineString","coordinates":[[-51.962215,-23.358287],[-51.962367,-23.358358],[-51.962926,-23.35853],[-51.963179,-23.358565],[-51.964457,-23.358553],[-51.964888,-23.358549],[-51.965116,-23.358547],[-51.965392,-23.358569],[-51.965647,-23.358647],[-51.965984,-23.358812],[-51.966302,-23.359035],[-51.966797,-23.359351],[-51.967108,-23.359513],[-51.967339,-23.359656],[-51.967567,-23.359823],[-51.967783,-23.359976],[-51.967912,-23.360124],[-51.968025,-23.360243],[-51.9681,-23.36033],[-51.968183,-23.360412],[-51.968277,-23.360463],[-51.96837,-23.360512],[-51.968434,-23.360561],[-51.968502,-23.360654],[-51.968615,-23.360797],[-51.968718,-23.360898],[-51.968812,-23.360993],[-51.969037,-23.361247],[-51.969349,-23.361477],[-51.969651,-23.361739],[-51.969933,-23.362037],[-51.97027,-23.36232],[-51.970814,-23.362658],[-51.971257,-23.363002],[-51.971621,-23.363279],[-51.971977,-23.363552],[-51.972263,-23.363775],[-51.972564,-23.363998],[-51.972722,-23.364115],[-51.972925,-23.364287],[-51.9731,-23.364417],[-51.97341,-23.364635],[-51.973768,-23.364896],[-51.974087,-23.365106],[-51.974405,-23.365319],[-51.974824,-23.365621],[-51.975185,-23.365937],[-51.975419,-23.366175],[-51.975688,-23.366391],[-51.975859,-23.366504],[-51.976005,-23.366558],[-51.976234,-23.366607],[-51.976432,-23.366603],[-51.976547,-23.366616],[-51.976573,-23.366633],[-51.976586,-23.366656],[-51.976593,-23.366699],[-51.976622,-23.366748],[-51.976652,-23.366787],[-51.97668,-23.366814],[-51.976762,-23.366865],[-51.976906,-23.36696],[-51.977047,-23.367054],[-51.977636,-23.367514],[-51.977877,-23.36766],[-51.978074,-23.367766],[-51.978343,-23.367849],[-51.978518,-23.367892],[-51.978605,-23.367911],[-51.979536,-23.368233],[-51.980266,-23.36846],[-51.980675,-23.368537],[-51.981668,-23.368743],[-51.9819,-23.368806],[-51.982123,-23.368847],[-51.982352,-23.368937],[-51.98321,-23.369194],[-51.983658,-23.369356],[-51.983798,-23.3694],[-51.983951,-23.369437],[-51.984225,-23.369472],[-51.984503,-23.369461],[-51.984879,-23.369548],[-51.985224,-23.369662],[-51.985797,-23.369848],[-51.986225,-23.370006],[-51.986604,-23.370189],[-51.986967,-23.370326],[-51.987263,-23.370504],[-51.987404,-23.370631],[-51.987432,-23.370746],[-51.987464,-23.370907],[-51.987562,-23.370999],[-51.988018,-23.371258],[-51.98833,-23.371496],[-51.988697,-23.371684],[-51.989102,-23.371798],[-51.989876,-23.372154],[-51.990393,-23.372423],[-51.990919,-23.372757],[-51.991366,-23.37301],[-51.991611,-23.373218],[-51.991788,-23.373397],[-51.991976,-23.373597],[-51.992683,-23.374258],[-51.992817,-23.374407],[-51.9929,-23.374599],[-51.992976,-23.374864],[-51.993123,-23.375231],[-51.993253,-23.375483],[-51.993318,-23.375646],[-51.99337,-23.375749],[-51.993383,-23.375833],[-51.993351,-23.375921],[-51.993342,-23.376043],[-51.993465,-23.376985],[-51.99352,-23.377141],[-51.993593,-23.377349],[-51.993691,-23.377536],[-51.993823,-23.37779],[-51.993997,-23.378082],[-51.994123,-23.378271],[-51.994173,-23.378408],[-51.994255,-23.378602],[-51.994387,-23.378802],[-51.994463,-23.378917],[-51.994626,-23.37909],[-51.994708,-23.379294],[-51.994848,-23.379521],[-51.994945,-23.379625],[-51.995035,-23.379768],[-51.995247,-23.380087],[-51.99536,-23.380228],[-51.995502,-23.380418],[-51.995613,-23.380595],[-51.995684,-23.380744],[-51.995763,-23.380925]]}},
{"type":"Feature","properties":{"name":"Cór. Sem Denominação"},"geometry":{"type":"LineString","coordinates":[[-51.867928,-23.344177],[-51.868161,-23.344106],[-51.868245,-23.344075],[-51.868809,-23.34377],[-51.869332,-23.343549],[-51.869672,-23.343473],[-51.870155,-23.343387],[-51.870382,-23.343399],[-51.870519,-23.343421],[-51.870998,-23.343681],[-51.871384,-23.344024]]}},
{"type":"Feature","properties":{"name":"Cór. Burigui"},"geometry":{"type":"LineString","coordinates":[[-51.993481,-23.409409],[-51.993483,-23.409412],[-51.993592,-23.409535],[-51.993689,-23.409658],[-51.993728,-23.409701],[-51.993753,-23.409727],[-51.99378,-23.409748],[-51.993832,-23.409774],[-51.993873,-23.409794],[-51.993919,-23.409816],[-51.993943,-23.409843],[-51.993955,-23.409884],[-51.993956,-23.409977],[-51.993953,-23.410021],[-51.993955,-23.410053],[-51.993963,-23.410087],[-51.993973,-23.410116],[-51.99398,-23.410166],[-51.993983,-23.410218],[-51.994015,-23.410309],[-51.994023,-23.410357],[-51.994029,-23.410428],[-51.994026,-23.410471],[-51.994017,-23.410513],[-51.994019,-23.410575],[-51.994039,-23.410686],[-51.994059,-23.410778],[-51.994068,-23.410822],[-51.994084,-23.410874],[-51.994098,-23.41091],[-51.994108,-23.410944],[-51.994127,-23.410979],[-51.994149,-23.411008],[-51.994187,-23.411037],[-51.994206,-23.411062],[-51.994221,-23.411088],[-51.994252,-23.411174],[-51.994281,-23.411223],[-51.994303,-23.411254],[-51.994323,-23.411281],[-51.994383,-23.411343],[-51.994397,-23.411386],[-51.994398,-23.411444],[-51.994401,-23.411472],[-51.99441,-23.411503],[-51.994432,-23.411556],[-51.994487,-23.411632],[-51.99456,-23.411705],[-51.994598,-23.411747],[-51.994633,-23.411785],[-51.994658,-23.411809],[-51.994684,-23.411829],[-51.994701,-23.41184],[-51.994722,-23.411848],[-51.994769,-23.411865],[-51.99481,-23.411892],[-51.994862,-23.411927],[-51.994896,-23.41196],[-51.995009,-23.412044],[-51.995085,-23.412104],[-51.995133,-23.412151],[-51.995152,-23.412163],[-51.995173,-23.412175],[-51.995211,-23.412192],[-51.995261,-23.41223],[-51.99532,-23.412287],[-51.995378,-23.412356],[-51.995399,-23.412405],[-51.995431,-23.41244],[-51.995494,-23.412517],[-51.995551,-23.412579],[-51.995612,-23.412627],[-51.995649,-23.41269],[-51.995669,-23.41275],[-51.995681,-23.412823],[-51.995693,-23.412875],[-51.995705,-23.412906],[-51.995706,-23.412981],[-51.995714,-23.413072],[-51.99573,-23.413135],[-51.995747,-23.413183],[-51.995767,-23.413222],[-51.99579,-23.41326],[-51.995801,-23.413281],[-51.995827,-23.413332],[-51.995837,-23.413351],[-51.995844,-23.41338],[-51.995849,-23.413416],[-51.995845,-23.413449],[-51.995829,-23.413488],[-51.995827,-23.41352],[-51.995839,-23.4136],[-51.995844,-23.413634],[-51.995852,-23.413654],[-51.995864,-23.413671],[-51.995874,-23.413681],[-51.995892,-23.413702],[-51.995897,-23.413708],[-51.9959,-23.413732],[-51.995899,-23.413762],[-51.995896,-23.413782],[-51.99589,-23.413842],[-51.995894,-23.413886],[-51.995904,-23.413917],[-51.995925,-23.413961],[-51.995937,-23.414002],[-51.995982,-23.414075],[-51.996003,-23.414104],[-51.996023,-23.41412],[-51.996036,-23.414136],[-51.996071,-23.414173],[-51.996115,-23.414231],[-51.996125,-23.414245],[-51.996155,-23.414315],[-51.996174,-23.414352],[-51.996184,-23.414399],[-51.996191,-23.414416],[-51.996215,-23.414459],[-51.996225,-23.414491],[-51.996233,-23.414509],[-51.996248,-23.41453],[-51.996263,-23.414557],[-51.99627,-23.414592],[-51.996274,-23.414636],[-51.996283,-23.414659],[-51.996312,-23.414717],[-51.996323,-23.414742],[-51.996328,-23.414775],[-51.996328,-23.414818],[-51.996337,-23.414843],[-51.99635,-23.414869],[-51.996381,-23.414934],[-51.996398,-23.414989],[-51.996405,-23.415037],[-51.99641,-23.415053],[-51.996426,-23.415075],[-51.996443,-23.415101],[-51.996479,-23.415156],[-51.996495,-23.415196],[-51.996514,-23.415231],[-51.99656,-23.41529],[-51.996611,-23.415354],[-51.996656,-23.415394],[-51.99667,-23.41541],[-51.996712,-23.41544],[-51.996741,-23.415468],[-51.996768,-23.415495],[-51.996823,-23.415559],[-51.996857,-23.415617],[-51.996867,-23.415638],[-51.996881,-23.415663],[-51.996891,-23.415688],[-51.996907,-23.415718],[-51.996951,-23.415772],[-51.996965,-23.415789],[-51.996972,-23.415798],[-51.996976,-23.415809],[-51.996982,-23.415816],[-51.997005,-23.415835],[-51.997053,-23.415885],[-51.997103,-23.41597],[-51.997147,-23.41604],[-51.997209,-23.416116],[-51.997295,-23.416206],[-51.997332,-23.41631],[-51.997343,-23.41636],[-51.997356,-23.416407],[-51.997388,-23.416433],[-51.997437,-23.416474],[-51.997518,-23.416556],[-51.997565,-23.416616],[-51.997596,-23.416657],[-51.997649,-23.416713],[-51.997666,-23.416754],[-51.997678,-23.416787],[-51.997696,-23.416826],[-51.99772,-23.416869],[-51.997788,-23.416981],[-51.997807,-23.417009],[-51.997837,-23.417028],[-51.997866,-23.417062],[-51.997875,-23.417109],[-51.99788,-23.417152],[-51.997892,-23.417177],[-51.997912,-23.417221],[-51.997964,-23.417319],[-51.998015,-23.417406],[-51.998047,-23.417466],[-51.998082,-23.417541],[-51.998113,-23.417578],[-51.998145,-23.417613],[-51.998179,-23.417651],[-51.998231,-23.417732],[-51.998268,-23.417797],[-51.9983,-23.41789],[-51.998352,-23.417988],[-51.998375,-23.418032],[-51.998393,-23.418068],[-51.99841,-23.418101],[-51.998426,-23.418129],[-51.998441,-23.418142],[-51.998474,-23.418168],[-51.998521,-23.418205],[-51.998555,-23.418233],[-51.998599,-23.418268],[-51.998651,-23.4183],[-51.998695,-23.418351],[-51.998818,-23.418449],[-51.998857,-23.418506],[-51.998902,-23.41855],[-51.998967,-23.41863],[-51.999004,-23.418684],[-51.999033,-23.418752]]}},
{"type":"Feature","properties":{"name":""},"geometry":{"type":"LineString","coordinates":[[-52.020711,-23.376866],[-52.020603,-23.376933],[-52.020534,-23.376987],[-52.020414,-23.377113],[-52.020334,-23.377236],[-52.02027,-23.377366],[-52.020227,-23.377502],[-52.020019,-23.377794],[-52.019923,-23.377941],[-52.019913,-23.378099],[-52.019986,-23.378391],[-52.02011,-23.379019],[-52.02014,-23.379542],[-52.020175,-23.379982],[-52.020061,-23.380517],[-52.020028,-23.380751],[-52.020058,-23.380948],[-52.020025,-23.381086],[-52.019973,-23.381175],[-52.019991,-23.381562],[-52.01998,-23.381811],[-52.019952,-23.382458],[-52.020007,-23.382915],[-52.020019,-23.383149],[-52.020105,-23.383593],[-52.020139,-23.383918]]}},
{"type":"Feature","properties":{"name":"Cór. Sem Denominação"},"geometry":{"type":"LineString","coordinates":[[-51.954739,-23.48432],[-51.954783,-23.484392],[-51.954802,-23.484411],[-51.954828,-23.484446],[-51.954876,-23.484485],[-51.954923,-23.484536],[-51.954953,-23.484568],[-51.954995,-23.484603],[-51.955043,-23.484644],[-51.955081,-23.484697],[-51.955129,-23.48477],[-51.955154,-23.484816],[-51.955191,-23.484862],[-51.955233,-23.484892],[-51.955274,-23.484906],[-51.955317,-23.484909],[-51.955399,-23.484903],[-51.955488,-23.484885],[-51.955682,-23.484804],[-51.955814,-23.484738],[-51.955946,-23.484685],[-51.95601,-23.484625],[-51.956059,-23.484572],[-51.956144,-23.484521],[-51.95629,-23.484467],[-51.95637,-23.484438],[-51.956449,-23.484374],[-51.95652,-23.484331],[-51.956597,-23.484319],[-51.956678,-23.484347],[-51.956873,-23.484291],[-51.956992,-23.484305],[-51.957218,-23.484366],[-51.957385,-23.48446],[-51.957473,-23.484515],[-51.957658,-23.484616],[-51.957865,-23.484704],[-51.957994,-23.484729],[-51.958117,-23.48475],[-51.958249,-23.484782],[-51.958349,-23.484811],[-51.958477,-23.484888],[-51.958611,-23.484956],[-51.958682,-23.484986],[-51.95876,-23.485021],[-51.958811,-23.485049],[-51.958839,-23.485089],[-51.958864,-23.485125],[-51.958917,-23.485153],[-51.958967,-23.485182],[-51.959008,-23.485194],[-51.959066,-23.485201],[-51.959134,-23.485188],[-51.959185,-23.485185],[-51.95923,-23.485197],[-51.959278,-23.485212],[-51.959335,-23.485226],[-51.959391,-23.485231],[-51.959441,-23.485237],[-51.959489,-23.485256],[-51.95954,-23.485279],[-51.959588,-23.485289],[-51.959642,-23.485296],[-51.959667,-23.485313],[-51.959701,-23.485342],[-51.959752,-23.485352],[-51.959793,-23.485351],[-51.959946,-23.485397],[-51.960034,-23.485403],[-51.96012,-23.485414]]}},
{"type":"Feature","properties":{"name":"Cór. Sem Denominação"},"geometry":{"type":"LineString","coordinates":[[-51.954461,-23.464609],[-51.954456,-23.46472],[-51.954422,-23.464909],[-51.954381,-23.465324],[-51.954361,-23.465534],[-51.954298,-23.465818],[-51.954179,-23.466114],[-51.954075,-23.466592],[-51.953955,-23.467413],[-51.953886,-23.467576],[-51.953817,-23.467679],[-51.9538,-23.467803],[-51.953809,-23.46792],[-51.953796,-23.468024],[-51.953647,-23.468337],[-51.953643,-23.468469],[-51.953632,-23.468584],[-51.953585,-23.468736],[-51.95356,-23.468778],[-51.953267,-23.46933],[-51.953189,-23.469451],[-51.953155,-23.469521],[-51.953119,-23.469655],[-51.953089,-23.469743],[-51.953049,-23.469822],[-51.952988,-23.469913],[-51.952926,-23.469992],[-51.952735,-23.47023],[-51.952641,-23.47035],[-51.95257,-23.470411],[-51.952463,-23.470531],[-51.952312,-23.470617],[-51.952205,-23.470699],[-51.952163,-23.470755],[-51.952158,-23.470767],[-51.952138,-23.470815],[-51.952111,-23.470844],[-51.952074,-23.470868],[-51.95206,-23.470879],[-51.952046,-23.470891],[-51.952025,-23.470951],[-51.951866,-23.471126],[-51.951594,-23.471312],[-51.951397,-23.471447],[-51.951271,-23.471534],[-51.951082,-23.471664],[-51.950896,-23.471791],[-51.950694,-23.471906],[-51.950578,-23.471942],[-51.950502,-23.471995],[-51.950487,-23.472047],[-51.950457,-23.472086],[-51.950424,-23.472107],[-51.950399,-23.472145],[-51.950391,-23.472178],[-51.950355,-23.472223],[-51.9503,-23.472267],[-51.950244,-23.472334],[-51.950126,-23.472437],[-51.950025,-23.472548],[-51.949956,-23.472622],[-51.949887,-23.472723],[-51.949838,-23.472843],[-51.949775,-23.472953],[-51.949513,-23.473211],[-51.949167,-23.473509],[-51.948998,-23.473689]]}},
{"type":"Feature","properties":{"name":"Cór. Sem Denominação"},"geometry":{"type":"LineString","coordinates":[[-52.062783,-23.530815],[-52.061905,-23.530258],[-52.061705,-23.5301],[-52.0615,-23.529953],[-52.061376,-23.529863],[-52.061338,-23.529845],[-52.061289,-23.529842],[-52.061244,-23.529807],[-52.061211,-23.529745],[-52.061181,-23.529715],[-52.061117,-23.529671],[-52.061067,-23.529649],[-52.061008,-23.529633],[-52.060944,-23.529591],[-52.060874,-23.52953],[-52.060842,-23.529501],[-52.060732,-23.529436],[-52.060692,-23.529399],[-52.060647,-23.529398],[-52.060615,-23.529408],[-52.060591,-23.529403],[-52.060544,-23.529368],[-52.060502,-23.529326],[-52.06047,-23.52931],[-52.060413,-23.529311],[-52.060366,-23.529297],[-52.060326,-23.52925],[-52.060261,-23.529218],[-52.060216,-23.529202],[-52.060148,-23.529146],[-52.060117,-23.529116],[-52.06008,-23.529101],[-52.060037,-23.529051],[-52.059912,-23.52895],[-52.059854,-23.528875],[-52.059819,-23.528854],[-52.059768,-23.528841],[-52.059682,-23.528803],[-52.059609,-23.528742],[-52.059546,-23.528685],[-52.059504,-23.528663],[-52.059416,-23.528654],[-52.059364,-23.528636],[-52.059325,-23.528611],[-52.059289,-23.528561],[-52.059192,-23.528539],[-52.059043,-23.528445]]}},
{"type":"Feature","properties":{"name":"Cór. Sem Denominação"},"geometry":{"type":"LineString","coordinates":[[-51.8519,-23.390842],[-51.851705,-23.390826],[-51.85159,-23.390821],[-51.851469,-23.390839],[-51.851343,-23.39091],[-51.851255,-23.390936],[-51.851143,-23.390944],[-51.850948,-23.390931],[-51.850762,-23.3909],[-51.850634,-23.390891],[-51.850525,-23.390872],[-51.850223,-23.39078],[-51.850056,-23.390721],[-51.849729,-23.390596],[-51.849587,-23.390539],[-51.849446,-23.390489],[-51.849242,-23.390407],[-51.849117,-23.39036],[-51.848994,-23.390324],[-51.848368,-23.3902],[-51.847723,-23.390104],[-51.84754,-23.390045],[-51.847188,-23.389881],[-51.847111,-23.389839],[-51.847038,-23.38981],[-51.846967,-23.389785],[-51.846885,-23.389769],[-51.846717,-23.389772],[-51.846359,-23.389802],[-51.84628,-23.389791],[-51.846138,-23.389774],[-51.84599,-23.389779]]}},
{"type":"Feature","properties":{"name":"Cór. Jutahy"},"geometry":{"type":"LineString","coordinates":[[-51.913497,-23.351394],[-51.91336,-23.351458],[-51.913224,-23.351559],[-51.913084,-23.351631],[-51.913004,-23.35166],[-51.912911,-23.351721],[-51.912842,-23.35179],[-51.912744,-23.351827],[-51.912578,-23.35184],[-51.912374,-23.351812],[-51.912201,-23.35182],[-51.911474,-23.352108],[-51.911137,-23.352315],[-51.911044,-23.352365],[-51.911032,-23.352448],[-51.910989,-23.352506],[-51.9109,-23.352549],[-51.910811,-23.352593],[-51.910741,-23.352634],[-51.910631,-23.352657],[-51.910557,-23.35265],[-51.910455,-23.352647],[-51.910366,-23.352665],[-51.910286,-23.352682],[-51.910205,-23.352719],[-51.910096,-23.352783],[-51.909914,-23.352835],[-51.909688,-23.352877],[-51.909499,-23.352945],[-51.909334,-23.353054],[-51.909229,-23.353141],[-51.909099,-23.353505],[-51.90903,-23.353578],[-51.908766,-23.353859],[-51.908395,-23.354198],[-51.908136,-23.354394],[-51.907951,-23.354472],[-51.907867,-23.354522],[-51.907798,-23.354582],[-51.907573,-23.354899],[-51.907229,-23.355303],[-51.90703,-23.355467],[-51.906838,-23.355604],[-51.906744,-23.355709],[-51.906703,-23.355839],[-51.906652,-23.355897],[-51.906584,-23.355951],[-51.906487,-23.355999],[-51.906289,-23.356061],[-51.906204,-23.356112],[-51.906171,-23.356163],[-51.906162,-23.356183],[-51.906144,-23.356205],[-51.906091,-23.356222],[-51.906036,-23.35622],[-51.905941,-23.356223],[-51.905897,-23.356238],[-51.905878,-23.356265],[-51.905877,-23.356346],[-51.905841,-23.356382],[-51.905782,-23.356406],[-51.905682,-23.356479],[-51.905444,-23.35657],[-51.905324,-23.356609],[-51.905152,-23.356698],[-51.905005,-23.356826],[-51.904934,-23.3569],[-51.904842,-23.356995],[-51.904753,-23.357116],[-51.904594,-23.357256],[-51.904514,-23.357387],[-51.904365,-23.357567],[-51.904285,-23.35768],[-51.904077,-23.357839],[-51.903892,-23.358],[-51.903606,-23.358212],[-51.903382,-23.358416],[-51.903235,-23.358554],[-51.902994,-23.358647],[-51.902957,-23.358662],[-51.902172,-23.359161],[-51.901897,-23.359295]]}},
{"type":"Feature","properties":{"name":"Cór. Sem Denominação"},"geometry":{"type":"LineString","coordinates":[[-51.87906,-23.328738],[-51.879422,-23.328482],[-51.879523,-23.328405],[-51.879704,-23.328217],[-51.879772,-23.328148],[-51.879863,-23.328075],[-51.879949,-23.328],[-51.880052,-23.327892],[-51.880105,-23.327851],[-51.880178,-23.327813],[-51.880304,-23.327778],[-51.880457,-23.327737],[-51.880655,-23.32772],[-51.88092,-23.327692],[-51.8814,-23.32762],[-51.881741,-23.327554],[-51.882706,-23.327406],[-51.88322,-23.327355],[-51.883657,-23.327356],[-51.88399,-23.327378],[-51.884136,-23.327356],[-51.884248,-23.32729],[-51.884413,-23.327187],[-51.884551,-23.327061],[-51.884724,-23.326887],[-51.884863,-23.326778],[-51.885052,-23.326682],[-51.885214,-23.32657],[-51.885364,-23.326512],[-51.885514,-23.326471],[-51.885669,-23.326475],[-51.885817,-23.326514],[-51.88596,-23.326544],[-51.886143,-23.3266],[-51.886336,-23.326639],[-51.88649,-23.326664],[-51.886578,-23.326675],[-51.886684,-23.326656],[-51.886798,-23.326626],[-51.88688,-23.326597],[-51.886942,-23.326563],[-51.887026,-23.326511],[-51.887103,-23.326462],[-51.887165,-23.32643],[-51.887263,-23.326406],[-51.887371,-23.326404],[-51.887464,-23.326436],[-51.887674,-23.326438],[-51.887953,-23.326395],[-51.888282,-23.326329],[-51.888747,-23.32624],[-51.888886,-23.32623],[-51.889037,-23.326228],[-51.889343,-23.326249],[-51.889528,-23.326288],[-51.889772,-23.326342],[-51.889955,-23.326398],[-51.890169,-23.326456],[-51.89058,-23.326505]]}},
{"type":"Feature","properties":{"name":"Cór. Sem Denominação"},"geometry":{"type":"LineString","coordinates":[[-51.909229,-23.353141],[-51.908782,-23.353201],[-51.908503,-23.353182],[-51.90796,-23.353098],[-51.906703,-23.353136],[-51.906177,-23.353204],[-51.906174,-23.353205]]}},
{"type":"Feature","properties":{"name":"Cór. Sem Denominação"},"geometry":{"type":"LineString","coordinates":[[-51.947533,-23.279733],[-51.947537,-23.279737],[-51.947775,-23.279991]]}},
{"type":"Feature","properties":{"name":"Cór. Sem Denominação"},"geometry":{"type":"LineString","coordinates":[[-51.906838,-23.355604],[-51.906429,-23.355613],[-51.905807,-23.355665],[-51.905716,-23.355683],[-51.905597,-23.355702],[-51.905515,-23.355695],[-51.905457,-23.355708],[-51.905183,-23.355756],[-51.904729,-23.355769],[-51.904004,-23.355745],[-51.903433,-23.355714],[-51.903022,-23.355623]]}},
{"type":"Feature","properties":{"name":"Cór. Sem Denominação"},"geometry":{"type":"LineString","coordinates":[[-52.020383,-23.488529],[-52.019911,-23.489004],[-52.019723,-23.489218],[-52.019608,-23.48931],[-52.019479,-23.489414],[-52.01943,-23.489463],[-52.019355,-23.489493],[-52.019239,-23.489551],[-52.019193,-23.489574],[-52.019099,-23.489664],[-52.019008,-23.489741],[-52.018948,-23.489787],[-52.018897,-23.489853],[-52.018876,-23.489895],[-52.018842,-23.489948],[-52.018725,-23.490018],[-52.018633,-23.490059],[-52.018574,-23.490092],[-52.018497,-23.490147],[-52.018422,-23.490216],[-52.018297,-23.490295],[-52.018198,-23.490469],[-52.018101,-23.49062],[-52.018025,-23.490731],[-52.017699,-23.491104],[-52.017569,-23.491235],[-52.017447,-23.491309],[-52.017346,-23.491377],[-52.017272,-23.491429],[-52.0172,-23.491508],[-52.01719,-23.491561],[-52.017192,-23.491664],[-52.017208,-23.491748],[-52.017188,-23.492222],[-52.017116,-23.492494],[-52.01709,-23.492584],[-52.017071,-23.492648],[-52.017066,-23.492677],[-52.017061,-23.492694]]}},
{"type":"Feature","properties":{"name":"Cór. Sem Denominação"},"geometry":{"type":"LineString","coordinates":[[-51.982866,-23.527326],[-51.982748,-23.527334],[-51.982672,-23.52732],[-51.982549,-23.527293],[-51.982457,-23.527257],[-51.982336,-23.527208],[-51.982234,-23.52716]]}},
{"type":"Feature","properties":{"name":"Cór. Sem Denominação"},"geometry":{"type":"LineString","coordinates":[[-52.037587,-23.533239],[-52.037459,-23.533243],[-52.037298,-23.533226],[-52.037175,-23.533199],[-52.037047,-23.533172],[-52.036972,-23.533155],[-52.036223,-23.532974],[-52.036108,-23.532928],[-52.036003,-23.532885],[-52.035887,-23.532835],[-52.035766,-23.532797],[-52.035657,-23.532777],[-52.035541,-23.532779],[-52.035475,-23.532779],[-52.035307,-23.532768],[-52.035219,-23.532743],[-52.035125,-23.532696],[-52.035049,-23.532649],[-52.034981,-23.532589],[-52.034893,-23.53253],[-52.034812,-23.532494],[-52.034666,-23.532416],[-52.034496,-23.532348],[-52.034369,-23.5323],[-52.034235,-23.532274],[-52.033974,-23.532241],[-52.033706,-23.532191],[-52.033469,-23.532145],[-52.033262,-23.532111],[-52.033185,-23.532099],[-52.033048,-23.532061],[-52.032924,-23.532025],[-52.032798,-23.531998],[-52.032702,-23.531977],[-52.032653,-23.531953],[-52.032596,-23.531939],[-52.032536,-23.531931],[-52.032481,-23.531921],[-52.032446,-23.531904],[-52.03242,-23.531891],[-52.032393,-23.531886],[-52.032347,-23.531888],[-52.032304,-23.531874],[-52.032248,-23.531848],[-52.032207,-23.531811],[-52.032167,-23.531774],[-52.032128,-23.53172],[-52.03207,-23.531633],[-52.032025,-23.531549],[-52.031972,-23.531434],[-52.03194,-23.531365],[-52.031876,-23.531257],[-52.031763,-23.531072],[-52.031713,-23.531011],[-52.031635,-23.530944],[-52.031506,-23.530874],[-52.030952,-23.530643]]}},
{"type":"Feature","properties":{"name":"Cór. Sem Denominação"},"geometry":{"type":"LineString","coordinates":[[-51.911869,-23.310087],[-51.912009,-23.310115],[-51.912244,-23.310173],[-51.912745,-23.31027],[-51.913371,-23.310392],[-51.913849,-23.310517],[-51.914938,-23.310893],[-51.915233,-23.310978],[-51.915519,-23.311086],[-51.916012,-23.311331],[-51.916583,-23.311605],[-51.91702,-23.31189],[-51.917394,-23.312126],[-51.917722,-23.312387],[-51.918179,-23.312686],[-51.918535,-23.312919],[-51.919022,-23.313142],[-51.91946,-23.313295],[-51.919663,-23.313389],[-51.92012,-23.313582],[-51.920405,-23.313724],[-51.920538,-23.313816],[-51.920684,-23.313934],[-51.920761,-23.314027],[-51.920878,-23.314155],[-51.921153,-23.314474],[-51.92132,-23.314634],[-51.921692,-23.315036],[-51.921861,-23.315287],[-51.922262,-23.315973],[-51.922448,-23.3163],[-51.922597,-23.316495],[-51.922757,-23.316783],[-51.922951,-23.317095],[-51.923175,-23.317317],[-51.923645,-23.317875],[-51.924348,-23.318464],[-51.9248,-23.318777],[-51.925472,-23.319235],[-51.925814,-23.319463],[-51.926137,-23.319648],[-51.926631,-23.319978],[-51.927094,-23.32015],[-51.927514,-23.320323],[-51.927832,-23.320458],[-51.92818,-23.320681],[-51.928788,-23.321002],[-51.929409,-23.3213],[-51.929779,-23.321453]]}},
{"type":"Feature","properties":{"name":"Cór. Sem Denominação"},"geometry":{"type":"LineString","coordinates":[[-51.984328,-23.537632],[-51.984462,-23.537217],[-51.984569,-23.536801],[-51.984642,-23.536573],[-51.984788,-23.536268],[-51.985031,-23.535818],[-51.985133,-23.535608],[-51.985251,-23.535375],[-51.985361,-23.535237],[-51.985495,-23.535077],[-51.98595,-23.534391]]}},
{"type":"Feature","properties":{"name":"Cór. Pitanga"},"geometry":{"type":"LineString","coordinates":[[-52.066522,-23.360481],[-52.066423,-23.360497],[-52.066381,-23.360513],[-52.066331,-23.360545],[-52.066288,-23.360567],[-52.066227,-23.360591],[-52.066155,-23.360606],[-52.066121,-23.360601],[-52.066057,-23.360581],[-52.066025,-23.360568],[-52.065969,-23.360575],[-52.065921,-23.360588],[-52.06587,-23.360587],[-52.065822,-23.360586],[-52.065755,-23.3606],[-52.065743,-23.360603],[-52.065687,-23.360606],[-52.06563,-23.360612],[-52.065586,-23.360619],[-52.065561,-23.360628],[-52.06553,-23.360648],[-52.065505,-23.360671],[-52.065467,-23.360699],[-52.065427,-23.36073],[-52.065408,-23.360736],[-52.065351,-23.360744],[-52.065295,-23.360748],[-52.065271,-23.360753],[-52.06521,-23.36077],[-52.065165,-23.360783],[-52.065115,-23.360789],[-52.065081,-23.3608],[-52.065062,-23.360806],[-52.064989,-23.360842],[-52.064918,-23.360867],[-52.064839,-23.360884],[-52.064768,-23.360908],[-52.064641,-23.36095],[-52.064558,-23.360973],[-52.064472,-23.360981],[-52.0644,-23.360983],[-52.064344,-23.360978],[-52.064272,-23.360977],[-52.064217,-23.360976],[-52.064139,-23.36099],[-52.064072,-23.361001],[-52.06403,-23.361023],[-52.063975,-23.36106],[-52.063894,-23.36112],[-52.063866,-23.361144],[-52.063835,-23.361163],[-52.06377,-23.36119],[-52.063636,-23.36122],[-52.063552,-23.361234],[-52.063328,-23.361318],[-52.063179,-23.361365],[-52.063076,-23.361392],[-52.063005,-23.361412],[-52.062884,-23.361432],[-52.062794,-23.361439],[-52.062736,-23.36145],[-52.062631,-23.361472],[-52.062559,-23.361505],[-52.062516,-23.361523],[-52.062464,-23.361535],[-52.062377,-23.361531],[-52.062269,-23.361523],[-52.062141,-23.361497],[-52.061958,-23.361431],[-52.061765,-23.361404],[-52.061662,-23.361404],[-52.061521,-23.36139],[-52.06145,-23.361398],[-52.061391,-23.361433],[-52.061327,-23.361487],[-52.061265,-23.361568],[-52.061218,-23.361616],[-52.06116,-23.361624],[-52.061096,-23.361597],[-52.061029,-23.361565],[-52.060979,-23.361518],[-52.060922,-23.361344],[-52.060839,-23.36127],[-52.060705,-23.361202],[-52.060597,-23.361171],[-52.060557,-23.361156],[-52.060485,-23.361132],[-52.060424,-23.361107],[-52.060334,-23.361051],[-52.060247,-23.361005],[-52.060171,-23.360954],[-52.06008,-23.360896],[-52.060007,-23.360838],[-52.059951,-23.360814],[-52.059899,-23.360808],[-52.059833,-23.360815],[-52.059795,-23.360808],[-52.059759,-23.360802],[-52.059667,-23.360787],[-52.05959,-23.360773],[-52.059542,-23.360767],[-52.059485,-23.360765],[-52.05944,-23.360775],[-52.059409,-23.360796],[-52.05938,-23.360811],[-52.059351,-23.360818],[-52.059323,-23.36082],[-52.059292,-23.360816],[-52.059254,-23.360816],[-52.059224,-23.360826],[-52.059165,-23.360867],[-52.059102,-23.360904],[-52.05906,-23.360918],[-52.05903,-23.360912],[-52.058968,-23.360885],[-52.058911,-23.360852],[-52.058891,-23.360818],[-52.058871,-23.360778],[-52.058844,-23.360745],[-52.058786,-23.360707],[-52.058669,-23.360661],[-52.058516,-23.360623],[-52.058428,-23.360621],[-52.058278,-23.360578],[-52.058193,-23.360539],[-52.058038,-23.36047],[-52.057828,-23.360264],[-52.057807,-23.360237],[-52.057785,-23.360218],[-52.057714,-23.360189],[-52.057634,-23.360173],[-52.057566,-23.360165],[-52.057537,-23.360162],[-52.057419,-23.360133],[-52.057349,-23.360104],[-52.057264,-23.360071],[-52.057245,-23.360056],[-52.057196,-23.36003],[-52.057165,-23.360027],[-52.057119,-23.360027],[-52.057021,-23.360022],[-52.056948,-23.360005],[-52.056903,-23.359988],[-52.056869,-23.359958],[-52.056861,-23.359947],[-52.056852,-23.359934],[-52.056845,-23.359928],[-52.056837,-23.359924],[-52.056823,-23.35992],[-52.056786,-23.359908],[-52.056706,-23.359884],[-52.056673,-23.359874],[-52.0566,-23.359818],[-52.056565,-23.359792],[-52.056549,-23.359778],[-52.056542,-23.359755],[-52.056533,-23.359721],[-52.056513,-23.359685],[-52.056504,-23.359669],[-52.056432,-23.359587],[-52.056384,-23.35954],[-52.05634,-23.359503],[-52.056289,-23.359465],[-52.056232,-23.359428],[-52.056184,-23.35941],[-52.056162,-23.359387],[-52.056147,-23.35935],[-52.056126,-23.359309],[-52.056108,-23.359276],[-52.056091,-23.359255],[-52.056072,-23.359237],[-52.056035,-23.359225],[-52.05596,-23.359214],[-52.055908,-23.359201],[-52.055856,-23.359169],[-52.05581,-23.359118],[-52.0557,-23.358991],[-52.055619,-23.358908],[-52.055571,-23.358858],[-52.055471,-23.35875],[-52.055332,-23.358635],[-52.055167,-23.358472],[-52.05509,-23.358403],[-52.055048,-23.358361],[-52.054935,-23.358287],[-52.054844,-23.35823],[-52.054801,-23.358178],[-52.054719,-23.35814],[-52.054658,-23.358105],[-52.054589,-23.358059],[-52.054556,-23.358013],[-52.054518,-23.357948],[-52.054486,-23.357922],[-52.0544,-23.357852],[-52.054263,-23.35776],[-52.05417,-23.357722],[-52.054135,-23.357704],[-52.054093,-23.357663],[-52.054063,-23.357601],[-52.054038,-23.357557],[-52.053964,-23.357505],[-52.053867,-23.357457],[-52.053822,-23.357409],[-52.053769,-23.357311],[-52.053748,-23.357259],[-52.053664,-23.357147],[-52.053618,-23.357064],[-52.053566,-23.356988],[-52.053513,-23.356942],[-52.053456,-23.356904]]}},
{"type":"Feature","properties":{"name":"Cór. Osório"},"geometry":{"type":"LineString","coordinates":[[-51.900027,-23.412396],[-51.900048,-23.412178],[-51.900033,-23.411778],[-51.900048,-23.411596],[-51.900125,-23.411383],[-51.900211,-23.41118],[-51.900157,-23.410675],[-51.900131,-23.410424],[-51.900124,-23.410353],[-51.900099,-23.41012],[-51.90011,-23.409797],[-51.90009,-23.409598],[-51.900064,-23.409446],[-51.900068,-23.409279],[-51.900088,-23.409071],[-51.90012,-23.408918],[-51.900181,-23.40874],[-51.900232,-23.408597],[-51.900305,-23.408238],[-51.900323,-23.408109],[-51.900375,-23.407893],[-51.900459,-23.407663],[-51.90053,-23.407533],[-51.900586,-23.407321],[-51.900642,-23.40723],[-51.900755,-23.407055],[-51.900785,-23.406906],[-51.900791,-23.406795],[-51.900795,-23.40675],[-51.900794,-23.406686],[-51.900797,-23.40661],[-51.900768,-23.406528],[-51.900744,-23.406437],[-51.900599,-23.405996],[-51.900514,-23.405647],[-51.900458,-23.40543],[-51.900421,-23.405287],[-51.900324,-23.405046],[-51.900233,-23.404706],[-51.90015,-23.404456],[-51.900058,-23.404108],[-51.900013,-23.403796],[-51.899976,-23.403539],[-51.899973,-23.403077],[-51.899988,-23.402869],[-51.900019,-23.402769],[-51.900085,-23.402704],[-51.900105,-23.402581],[-51.900091,-23.402474],[-51.90008,-23.402281],[-51.900066,-23.402155],[-51.899982,-23.401801],[-51.89998,-23.401574],[-51.899966,-23.401371],[-51.899931,-23.401185],[-51.899889,-23.401085],[-51.899846,-23.401011],[-51.899788,-23.400884],[-51.899652,-23.400527],[-51.899624,-23.400257],[-51.899614,-23.399956],[-51.89944,-23.39913],[-51.89925,-23.398393],[-51.899103,-23.398106],[-51.899031,-23.397856],[-51.89898,-23.397694],[-51.898969,-23.3976],[-51.898904,-23.39744],[-51.898861,-23.397247],[-51.898825,-23.397085],[-51.89876,-23.396794],[-51.898634,-23.39652],[-51.898542,-23.39626],[-51.898418,-23.395957],[-51.898289,-23.395676],[-51.898197,-23.395449],[-51.898106,-23.395294],[-51.898069,-23.395244],[-51.898056,-23.395168],[-51.898073,-23.395053],[-51.898072,-23.394879],[-51.897809,-23.39429],[-51.897764,-23.394073],[-51.897722,-23.394041],[-51.897655,-23.393876],[-51.897595,-23.393747],[-51.897528,-23.393548],[-51.897444,-23.393363],[-51.897375,-23.393207],[-51.897342,-23.393036],[-51.89729,-23.392767],[-51.897273,-23.392579],[-51.897165,-23.392345],[-51.897007,-23.39193],[-51.896981,-23.391804],[-51.896958,-23.391693],[-51.896978,-23.391601],[-51.897006,-23.391547],[-51.897064,-23.391507],[-51.897215,-23.391391],[-51.897313,-23.391275],[-51.897348,-23.391127],[-51.897395,-23.390854],[-51.897469,-23.390596],[-51.897772,-23.389629]]}},
{"type":"Feature","properties":{"name":"Cór. Piratuhy"},"geometry":{"type":"LineString","coordinates":[[-52.048123,-23.372723],[-52.048102,-23.37279],[-52.048096,-23.372807],[-52.048096,-23.372823],[-52.048123,-23.37288],[-52.048141,-23.372899],[-52.048169,-23.372966],[-52.048171,-23.372983],[-52.048174,-23.373015],[-52.048178,-23.373033],[-52.048189,-23.373054],[-52.048197,-23.373112],[-52.048198,-23.373154],[-52.048196,-23.373209],[-52.048186,-23.373258],[-52.04819,-23.373288],[-52.048189,-23.373321],[-52.048179,-23.373358],[-52.048153,-23.373386],[-52.048133,-23.373408],[-52.04812,-23.373431],[-52.048126,-23.373447],[-52.048163,-23.373503],[-52.048177,-23.373575],[-52.048189,-23.373614],[-52.048191,-23.37367],[-52.048179,-23.373717],[-52.048169,-23.373755],[-52.048158,-23.373769],[-52.04814,-23.373781],[-52.048061,-23.373857],[-52.048035,-23.373874],[-52.048023,-23.373891],[-52.048015,-23.373914],[-52.04802,-23.37394],[-52.04804,-23.373959],[-52.048076,-23.373989],[-52.048099,-23.374009],[-52.048107,-23.374026],[-52.048124,-23.374074],[-52.048143,-23.374173],[-52.048154,-23.374208],[-52.048175,-23.374266],[-52.048194,-23.374325],[-52.048211,-23.374348],[-52.048227,-23.374371],[-52.048239,-23.374383],[-52.048269,-23.37439],[-52.048333,-23.374417],[-52.048378,-23.374468],[-52.048406,-23.374508],[-52.048419,-23.374545],[-52.048427,-23.374573],[-52.04846,-23.374614],[-52.048488,-23.374646],[-52.048511,-23.374671],[-52.048522,-23.374683],[-52.048525,-23.374702],[-52.048537,-23.37474],[-52.048577,-23.374794],[-52.048584,-23.37481],[-52.048607,-23.374857],[-52.048624,-23.374882],[-52.048674,-23.374917],[-52.04869,-23.374938],[-52.048703,-23.374955],[-52.048747,-23.375031],[-52.048763,-23.375053],[-52.048789,-23.375089],[-52.048802,-23.375129]]}},
{"type":"Feature","properties":{"name":"Cór. Dorizon"},"geometry":{"type":"LineString","coordinates":[[-52.041787,-23.528511],[-52.04157,-23.528479],[-52.041404,-23.528437],[-52.041315,-23.528389],[-52.041266,-23.528316],[-52.041169,-23.528224],[-52.041075,-23.528135],[-52.04098,-23.528046],[-52.04087,-23.527967],[-52.040815,-23.527915],[-52.040738,-23.527861],[-52.040665,-23.527806],[-52.040605,-23.527762],[-52.040568,-23.527723],[-52.040516,-23.527691],[-52.040458,-23.527656],[-52.04041,-23.527611],[-52.04036,-23.52757],[-52.040315,-23.527528],[-52.040278,-23.527501],[-52.040256,-23.527489],[-52.04022,-23.527477],[-52.040175,-23.527473],[-52.040146,-23.527474],[-52.040124,-23.527472],[-52.040108,-23.527462],[-52.040102,-23.527436],[-52.04009,-23.527421],[-52.040073,-23.527416],[-52.040049,-23.527417],[-52.040015,-23.527412],[-52.039996,-23.527399],[-52.039978,-23.527377],[-52.039939,-23.527342],[-52.039901,-23.527319],[-52.039856,-23.527274],[-52.039808,-23.527205],[-52.039763,-23.527135],[-52.039708,-23.527049],[-52.039668,-23.526999],[-52.039646,-23.526936],[-52.039626,-23.526894],[-52.0396,-23.526867],[-52.039556,-23.526845],[-52.039505,-23.526821],[-52.039453,-23.5268],[-52.039393,-23.52677],[-52.039339,-23.526736],[-52.039237,-23.526696],[-52.039137,-23.526666],[-52.039075,-23.526646],[-52.039036,-23.526633],[-52.03897,-23.526611],[-52.038914,-23.526588],[-52.038873,-23.52658],[-52.038781,-23.526563],[-52.038693,-23.526551],[-52.038514,-23.526544],[-52.038355,-23.526545],[-52.03821,-23.526531],[-52.038075,-23.52651],[-52.037929,-23.526495],[-52.037848,-23.526493],[-52.037792,-23.52649],[-52.037756,-23.526491],[-52.037743,-23.526493],[-52.037734,-23.526496]]}},
{"type":"Feature","properties":{"name":"Cór. Tagaçaba"},"geometry":{"type":"LineString","coordinates":[[-52.019755,-23.512001],[-52.01991,-23.511405],[-52.019973,-23.51111],[-52.020022,-23.510841],[-52.020091,-23.510556],[-52.020109,-23.510371],[-52.020059,-23.510234],[-52.019939,-23.510115],[-52.019824,-23.509949],[-52.019813,-23.509803],[-52.01984,-23.509299],[-52.019746,-23.508686],[-52.019677,-23.508221],[-52.019605,-23.508028],[-52.019561,-23.507834],[-52.019379,-23.507187],[-52.019267,-23.506675],[-52.019282,-23.506435],[-52.019338,-23.506183],[-52.019407,-23.506036],[-52.019507,-23.505878],[-52.019599,-23.505727],[-52.019629,-23.50559],[-52.019631,-23.505357],[-52.019663,-23.50517],[-52.019697,-23.504963],[-52.019743,-23.504851],[-52.019777,-23.504723],[-52.020011,-23.50438],[-52.020024,-23.504308],[-52.020027,-23.504235],[-52.020041,-23.504149],[-52.019916,-23.503984],[-52.019834,-23.503827],[-52.019796,-23.503768],[-52.01976,-23.503711],[-52.019741,-23.503658],[-52.019741,-23.503585],[-52.019699,-23.50349],[-52.019586,-23.503353],[-52.019481,-23.503223],[-52.019373,-23.503097],[-52.019307,-23.502944],[-52.019217,-23.502718],[-52.019158,-23.502458],[-52.019089,-23.502251],[-52.01892,-23.50191],[-52.018779,-23.501592],[-52.018689,-23.501449],[-52.018559,-23.501239],[-52.018425,-23.50101],[-52.018127,-23.500593],[-52.018044,-23.500468],[-52.017747,-23.500052],[-52.01745,-23.499602],[-52.017335,-23.499053],[-52.017297,-23.498343],[-52.017156,-23.497759],[-52.017136,-23.496869],[-52.017261,-23.496162],[-52.017346,-23.495177],[-52.017435,-23.494689],[-52.017483,-23.494046],[-52.017427,-23.493827],[-52.017305,-23.493498],[-52.017242,-23.493033],[-52.01719,-23.492883],[-52.017076,-23.492711],[-52.016469,-23.492059],[-52.016352,-23.491926],[-52.016276,-23.491814],[-52.016153,-23.4916],[-52.016039,-23.4913],[-52.015952,-23.490839],[-52.015889,-23.490601],[-52.015824,-23.490184],[-52.015808,-23.489986],[-52.015791,-23.489783],[-52.015842,-23.48949],[-52.015927,-23.489221],[-52.016163,-23.488793],[-52.01631,-23.488409],[-52.016357,-23.488072],[-52.016367,-23.48767]]}},
{"type":"Feature","properties":{"name":"Cór. Corvo rei"},"geometry":{"type":"LineString","coordinates":[[-51.980216,-23.485691],[-51.980013,-23.485758],[-51.979933,-23.48579],[-51.979845,-23.485819],[-51.979782,-23.485854],[-51.979749,-23.485871],[-51.97971,-23.485927],[-51.979667,-23.48607],[-51.979611,-23.486261],[-51.979454,-23.486556],[-51.979145,-23.486853],[-51.978787,-23.487154],[-51.97796,-23.487753],[-51.977217,-23.488185],[-51.977039,-23.488284],[-51.976786,-23.488443],[-51.976711,-23.488476],[-51.976663,-23.488502],[-51.976624,-23.488512],[-51.976594,-23.488522],[-51.976577,-23.488541],[-51.976558,-23.488584],[-51.976549,-23.488629],[-51.976543,-23.488698],[-51.97654,-23.488726],[-51.976534,-23.488754],[-51.976528,-23.488781],[-51.976513,-23.488801],[-51.976347,-23.488932],[-51.976259,-23.488972],[-51.976169,-23.489022],[-51.976065,-23.489081],[-51.975977,-23.489172],[-51.975874,-23.489249],[-51.97564,-23.489487],[-51.975367,-23.48972],[-51.975192,-23.489886],[-51.975011,-23.490073],[-51.974832,-23.490252],[-51.974672,-23.490404],[-51.974552,-23.490539],[-51.974392,-23.490664],[-51.974297,-23.490755],[-51.974173,-23.490811],[-51.974028,-23.490875],[-51.973788,-23.490931],[-51.973381,-23.491025]]}},
{"type":"Feature","properties":{"name":"Cór. Sem Denominação"},"geometry":{"type":"LineString","coordinates":[[-52.041812,-23.509079],[-52.041685,-23.509216],[-52.041485,-23.509431],[-52.041282,-23.509615],[-52.041076,-23.509872],[-52.041025,-23.509935],[-52.040981,-23.509976],[-52.040914,-23.510027],[-52.040756,-23.510175],[-52.04069,-23.510262],[-52.040676,-23.51038],[-52.04072,-23.510588],[-52.040801,-23.511007],[-52.040775,-23.511197],[-52.040776,-23.511304],[-52.040801,-23.511426],[-52.040801,-23.511544],[-52.04076,-23.511682],[-52.040682,-23.511808],[-52.04067,-23.511816]]}},
{"type":"Feature","properties":{"name":"Cór. Sem Denominação"},"geometry":{"type":"LineString","coordinates":[[-51.923346,-23.474837],[-51.923517,-23.475461],[-51.923509,-23.475846],[-51.923512,-23.476308],[-51.923349,-23.476838],[-51.923426,-23.477309]]}},
{"type":"Feature","properties":{"name":"Cór. Cleópatra"},"geometry":{"type":"LineString","coordinates":[[-51.942137,-23.439567],[-51.942161,-23.439803],[-51.942178,-23.440018],[-51.942177,-23.440153],[-51.942197,-23.440272],[-51.942235,-23.440408],[-51.942242,-23.440531],[-51.942237,-23.440606],[-51.942235,-23.440662],[-51.942225,-23.440715],[-51.942197,-23.440775],[-51.94215,-23.440847],[-51.942108,-23.440925],[-51.942047,-23.440991],[-51.941979,-23.441061],[-51.941923,-23.441108],[-51.941892,-23.441141],[-51.941759,-23.441328],[-51.941591,-23.44156],[-51.941537,-23.441652],[-51.941474,-23.441723],[-51.941327,-23.441808],[-51.941255,-23.441835],[-51.941216,-23.441876],[-51.9412,-23.441941],[-51.941209,-23.442035],[-51.94122,-23.442164],[-51.941285,-23.442281],[-51.941281,-23.442363],[-51.941251,-23.442434],[-51.941193,-23.442528],[-51.94114,-23.442628],[-51.941073,-23.442753],[-51.941053,-23.442939],[-51.941008,-23.443066],[-51.940933,-23.443166],[-51.940865,-23.443271],[-51.940831,-23.443335],[-51.940812,-23.443394],[-51.940797,-23.443518],[-51.940766,-23.443679],[-51.940699,-23.443872],[-51.940644,-23.444007],[-51.940599,-23.444123],[-51.940562,-23.444211],[-51.940517,-23.44427],[-51.940492,-23.444325],[-51.940459,-23.444381],[-51.940415,-23.444432],[-51.940404,-23.44445],[-51.940374,-23.444481],[-51.940329,-23.444495],[-51.940291,-23.444521],[-51.940204,-23.444655],[-51.940158,-23.444699],[-51.940124,-23.444737],[-51.940101,-23.444773],[-51.940057,-23.44479],[-51.940034,-23.444819],[-51.940027,-23.444852],[-51.939988,-23.444893],[-51.939873,-23.445037],[-51.939841,-23.445147],[-51.93982,-23.445253],[-51.939797,-23.445389],[-51.939777,-23.445458],[-51.939736,-23.445518],[-51.939657,-23.445655],[-51.939632,-23.44576],[-51.93957,-23.445859],[-51.939495,-23.445909],[-51.939364,-23.446061],[-51.939175,-23.446353],[-51.938951,-23.446632],[-51.938879,-23.446699],[-51.938835,-23.446774],[-51.938837,-23.446872],[-51.93884,-23.447015],[-51.93881,-23.447142],[-51.938761,-23.447195],[-51.938689,-23.447231],[-51.93865,-23.447267],[-51.938635,-23.447303],[-51.938635,-23.44736],[-51.938643,-23.447408],[-51.938669,-23.447711],[-51.938657,-23.44781],[-51.938627,-23.448032],[-51.938571,-23.448178],[-51.938559,-23.448252],[-51.938515,-23.448298],[-51.938445,-23.448322],[-51.938402,-23.448373],[-51.938364,-23.448578],[-51.938321,-23.448627],[-51.93829,-23.448758],[-51.938294,-23.448918],[-51.938275,-23.449107],[-51.938257,-23.449162],[-51.938203,-23.449196],[-51.938134,-23.449342],[-51.938046,-23.449451],[-51.937972,-23.449584],[-51.937906,-23.449695],[-51.937839,-23.449781],[-51.937726,-23.449844],[-51.937604,-23.449902],[-51.937532,-23.449979],[-51.937471,-23.450068],[-51.937438,-23.450161],[-51.9374,-23.450283],[-51.937354,-23.450389],[-51.937277,-23.450485],[-51.937231,-23.450576],[-51.937203,-23.450676],[-51.937149,-23.450784],[-51.937017,-23.450942],[-51.93689,-23.451094],[-51.936824,-23.451216],[-51.936744,-23.451289],[-51.936548,-23.451513],[-51.936472,-23.451641],[-51.93633,-23.451779],[-51.936206,-23.451863],[-51.936163,-23.451909],[-51.936099,-23.451997],[-51.935715,-23.45232],[-51.935586,-23.452452],[-51.935515,-23.452551],[-51.935405,-23.452742],[-51.935307,-23.45296],[-51.935218,-23.453159],[-51.935101,-23.453406],[-51.935044,-23.453459],[-51.934949,-23.453474],[-51.934856,-23.453534],[-51.934799,-23.45359],[-51.93479,-23.453623],[-51.934786,-23.453662],[-51.934772,-23.453692],[-51.934744,-23.453718],[-51.934696,-23.45377],[-51.934638,-23.453816],[-51.934534,-23.453855],[-51.934461,-23.453913],[-51.934442,-23.453938],[-51.934435,-23.453957],[-51.934425,-23.453996],[-51.93441,-23.454057],[-51.934369,-23.454152],[-51.934331,-23.454214],[-51.934294,-23.454278],[-51.934251,-23.454324],[-51.934168,-23.454424],[-51.934114,-23.454509],[-51.934063,-23.454616],[-51.934032,-23.454674],[-51.933956,-23.454819],[-51.933843,-23.45501],[-51.933695,-23.455266],[-51.933424,-23.455667],[-51.933284,-23.455907],[-51.933257,-23.455987],[-51.933241,-23.45607],[-51.933217,-23.456129],[-51.93318,-23.456192],[-51.93315,-23.456226],[-51.933068,-23.456323],[-51.933018,-23.456372],[-51.932984,-23.4564],[-51.932945,-23.456438],[-51.932902,-23.456479],[-51.932867,-23.456509],[-51.932842,-23.456535],[-51.932808,-23.456558],[-51.932772,-23.456572],[-51.932754,-23.456574],[-51.93273,-23.456579],[-51.932699,-23.456595],[-51.932681,-23.456612],[-51.932666,-23.45663],[-51.93265,-23.456655],[-51.932642,-23.456681],[-51.93266,-23.456801],[-51.932657,-23.456851],[-51.932646,-23.456907],[-51.932636,-23.457013],[-51.932631,-23.457116],[-51.932623,-23.457334],[-51.932627,-23.45745],[-51.932652,-23.457542],[-51.932681,-23.45771],[-51.932713,-23.457831],[-51.932735,-23.457904],[-51.932784,-23.457979],[-51.932856,-23.458041],[-51.932895,-23.458123],[-51.932924,-23.458206],[-51.932932,-23.458256],[-51.932924,-23.458306],[-51.9329,-23.458392],[-51.932861,-23.45853],[-51.93284,-23.458618],[-51.932825,-23.458697],[-51.93282,-23.458734],[-51.932811,-23.458796],[-51.93281,-23.458889],[-51.932836,-23.459021],[-51.932877,-23.459111],[-51.93289,-23.459207],[-51.93288,-23.459294],[-51.932882,-23.45938],[-51.932908,-23.459552],[-51.932933,-23.459684],[-51.932938,-23.459726],[-51.933021,-23.459999],[-51.933037,-23.46014],[-51.93302,-23.46025],[-51.933001,-23.460383],[-51.933003,-23.460485],[-51.933038,-23.460568],[-51.933085,-23.460678],[-51.93313,-23.460773],[-51.933169,-23.460842],[-51.933216,-23.460902],[-51.933256,-23.460997],[-51.933267,-23.461061],[-51.933254,-23.461133],[-51.933249,-23.461285],[-51.933279,-23.461407],[-51.933292,-23.461433],[-51.933323,-23.461502],[-51.933385,-23.461606],[-51.933473,-23.461711],[-51.93358,-23.461868],[-51.933658,-23.461997],[-51.933755,-23.462128],[-51.933838,-23.462178],[-51.933971,-23.462234],[-51.934041,-23.462289],[-51.934065,-23.462341],[-51.934076,-23.462441],[-51.934064,-23.462606],[-51.934086,-23.462807],[-51.934118,-23.462914],[-51.934137,-23.463037],[-51.934187,-23.463177],[-51.934282,-23.463339],[-51.934311,-23.463473],[-51.934295,-23.463667],[-51.934254,-23.463743],[-51.934218,-23.46383],[-51.934224,-23.463944],[-51.934261,-23.464056],[-51.934353,-23.464202],[-51.934439,-23.464287],[-51.934502,-23.46438],[-51.934544,-23.464511],[-51.93454,-23.464626],[-51.934512,-23.464784],[-51.934458,-23.464868],[-51.93434,-23.464969],[-51.934247,-23.465008],[-51.934172,-23.465089],[-51.934137,-23.465147],[-51.934123,-23.465196],[-51.93413,-23.465309],[-51.934186,-23.465398],[-51.93424,-23.465498],[-51.934325,-23.465586],[-51.934431,-23.465829],[-51.934482,-23.465962],[-51.934496,-23.466115],[-51.934486,-23.466263],[-51.934438,-23.466433],[-51.934395,-23.466593],[-51.934396,-23.466742],[-51.934453,-23.466928],[-51.934539,-23.467223],[-51.934622,-23.467542],[-51.934672,-23.467721],[-51.934674,-23.467984],[-51.934623,-23.468134],[-51.934579,-23.468307],[-51.934566,-23.468488],[-51.934568,-23.468608],[-51.934546,-23.468761],[-51.934508,-23.468873],[-51.934467,-23.468943],[-51.934352,-23.469081],[-51.934301,-23.469181],[-51.934286,-23.469284],[-51.934307,-23.469403],[-51.934304,-23.469478],[-51.934289,-23.469607],[-51.934248,-23.469703],[-51.934115,-23.469886],[-51.933974,-23.470089],[-51.93393,-23.470142],[-51.933901,-23.470184],[-51.933779,-23.470355],[-51.933653,-23.47055],[-51.933573,-23.470647],[-51.933491,-23.470718],[-51.933204,-23.470948],[-51.932937,-23.471136],[-51.932606,-23.471346],[-51.932389,-23.471534],[-51.932263,-23.471666],[-51.932194,-23.471748],[-51.932082,-23.471918],[-51.931998,-23.472029],[-51.931934,-23.472143],[-51.931851,-23.472286],[-51.93182,-23.472388],[-51.931824,-23.472479],[-51.93181,-23.472734],[-51.931826,-23.472897],[-51.931865,-23.473126],[-51.93188,-23.473314],[-51.931866,-23.473392],[-51.931834,-23.473459],[-51.931762,-23.473536],[-51.931695,-23.473641],[-51.931622,-23.473743],[-51.931573,-23.473809],[-51.931545,-23.473868],[-51.931513,-23.473991],[-51.931495,-23.474081],[-51.931473,-23.474146],[-51.931447,-23.474186],[-51.931295,-23.474321],[-51.931206,-23.474477],[-51.9311,-23.474645],[-51.93079,-23.474966],[-51.930674,-23.475118],[-51.930599,-23.475378],[-51.930614,-23.475443],[-51.930604,-23.475483],[-51.930546,-23.475505],[-51.930523,-23.475539],[-51.930532,-23.475587],[-51.93053,-23.475637],[-51.930506,-23.475702],[-51.93045,-23.475737],[-51.930403,-23.475754],[-51.930318,-23.475808],[-51.930247,-23.475866],[-51.930192,-23.475899],[-51.930144,-23.475955],[-51.930101,-23.476007]]}},
{"type":"Feature","properties":{"name":"Cór. Sem Denominação"},"geometry":{"type":"LineString","coordinates":[[-52.049644,-23.404539],[-52.050031,-23.404346],[-52.050126,-23.404319],[-52.050355,-23.404218],[-52.050504,-23.404097],[-52.050665,-23.403969],[-52.050827,-23.403846],[-52.051095,-23.403684],[-52.051498,-23.403536],[-52.05182,-23.403364]]}},
{"type":"Feature","properties":{"name":"Cór. Sem Denominação"},"geometry":{"type":"LineString","coordinates":[[-51.968347,-23.476301],[-51.968155,-23.47629],[-51.967971,-23.47628],[-51.967704,-23.476268],[-51.967519,-23.476244],[-51.967446,-23.476222],[-51.967442,-23.476221]]}},
{"type":"Feature","properties":{"name":"Cór. Sem Denominação"},"geometry":{"type":"LineString","coordinates":[[-51.850153,-23.317192],[-51.849731,-23.318079],[-51.848822,-23.318642]]}},
{"type":"Feature","properties":{"name":"Cór. Sem Denominação"},"geometry":{"type":"LineString","coordinates":[[-51.916309,-23.332464],[-51.916163,-23.332513],[-51.915993,-23.332602],[-51.915719,-23.332802],[-51.915552,-23.332916],[-51.915421,-23.332978],[-51.915244,-23.333021],[-51.915081,-23.333032],[-51.914909,-23.333044],[-51.914868,-23.333043],[-51.914699,-23.333035],[-51.914333,-23.33302],[-51.914076,-23.333003],[-51.913964,-23.332976],[-51.913883,-23.332971],[-51.913823,-23.332968],[-51.913758,-23.332965],[-51.913705,-23.332968],[-51.913656,-23.332981],[-51.913595,-23.332994],[-51.913541,-23.332994],[-51.913492,-23.33299],[-51.913416,-23.332987],[-51.913353,-23.333003],[-51.913286,-23.333025],[-51.913241,-23.333042],[-51.913188,-23.333059],[-51.91313,-23.333064],[-51.913063,-23.33306],[-51.912995,-23.333062],[-51.912873,-23.33309],[-51.912739,-23.33312],[-51.912641,-23.333141],[-51.912483,-23.33321],[-51.912405,-23.333225],[-51.91227,-23.333253],[-51.912209,-23.333265],[-51.912161,-23.333262],[-51.912123,-23.333253],[-51.912075,-23.333257],[-51.912033,-23.333268],[-51.911888,-23.33328],[-51.911825,-23.333305],[-51.911742,-23.333307],[-51.911692,-23.333315],[-51.911635,-23.333338],[-51.91157,-23.333351],[-51.911522,-23.333347],[-51.911486,-23.333348],[-51.911439,-23.333356],[-51.911393,-23.33337],[-51.911354,-23.333395],[-51.91127,-23.333418],[-51.911204,-23.333436],[-51.911147,-23.333455],[-51.91108,-23.333447],[-51.91102,-23.333439],[-51.910949,-23.333414],[-51.910893,-23.333387],[-51.910849,-23.333371],[-51.910782,-23.333363],[-51.91074,-23.333367],[-51.910698,-23.333378],[-51.910655,-23.333383],[-51.910607,-23.333386],[-51.910583,-23.333377],[-51.910565,-23.333366],[-51.910538,-23.33336],[-51.910505,-23.333357],[-51.910465,-23.333361],[-51.910439,-23.333368],[-51.910431,-23.333372],[-51.910403,-23.333376],[-51.910351,-23.333376],[-51.910306,-23.333376],[-51.910283,-23.333379],[-51.910255,-23.333382],[-51.910223,-23.333392],[-51.910191,-23.333401],[-51.910138,-23.33341],[-51.910108,-23.333411],[-51.910062,-23.333407],[-51.909972,-23.33342],[-51.909883,-23.333432],[-51.909792,-23.333447],[-51.909705,-23.33346],[-51.909643,-23.333467],[-51.90958,-23.333472],[-51.90952,-23.333465],[-51.909486,-23.333466],[-51.909443,-23.333471],[-51.909386,-23.33348],[-51.909312,-23.333486],[-51.909265,-23.333484],[-51.909209,-23.33348],[-51.909177,-23.333483],[-51.909136,-23.33349],[-51.909105,-23.333494],[-51.909077,-23.333497],[-51.909047,-23.333497],[-51.909012,-23.33349],[-51.908998,-23.333483],[-51.908981,-23.333483],[-51.908956,-23.333486],[-51.908911,-23.333494],[-51.90887,-23.333502],[-51.908831,-23.333512],[-51.908805,-23.333527],[-51.908779,-23.333539],[-51.908727,-23.333543],[-51.908689,-23.333545],[-51.90866,-23.333556],[-51.908635,-23.333566],[-51.908607,-23.333573],[-51.908539,-23.333588],[-51.908468,-23.33362],[-51.908369,-23.333653],[-51.908225,-23.333707],[-51.908139,-23.333736],[-51.908008,-23.333786],[-51.907447,-23.333976]]}},
{"type":"Feature","properties":{"name":"Cór. Sem Denominação"},"geometry":{"type":"LineString","coordinates":[[-51.855497,-23.340686],[-51.855734,-23.340546],[-51.855903,-23.34047],[-51.856147,-23.340401],[-51.856536,-23.340215],[-51.856687,-23.340099],[-51.856832,-23.339978],[-51.857059,-23.339744],[-51.857138,-23.339607],[-51.857217,-23.33949],[-51.857346,-23.339343],[-51.857407,-23.339305],[-51.857526,-23.339231],[-51.857911,-23.339027],[-51.858112,-23.338881],[-51.858302,-23.338724],[-51.858433,-23.338616],[-51.858711,-23.338263],[-51.858867,-23.338071],[-51.858977,-23.337898],[-51.85908,-23.337745],[-51.859193,-23.337615],[-51.859421,-23.337376],[-51.859514,-23.337236],[-51.85966,-23.337015],[-51.859761,-23.336675],[-51.859838,-23.336514],[-51.859955,-23.336225],[-51.860223,-23.335573],[-51.860268,-23.335434],[-51.860331,-23.33522],[-51.86053,-23.334785],[-51.860691,-23.334469],[-51.860837,-23.334224],[-51.860963,-23.333937],[-51.861124,-23.333601],[-51.861164,-23.333179]]}},
{"type":"Feature","properties":{"name":"Cór. Cleópatra"},"geometry":{"type":"LineString","coordinates":[[-51.945033,-23.4283],[-51.945038,-23.42841],[-51.94503,-23.428618],[-51.945025,-23.428773],[-51.945016,-23.428863],[-51.944993,-23.428959],[-51.944859,-23.429243],[-51.944767,-23.429411],[-51.944621,-23.429556],[-51.944545,-23.429646],[-51.944503,-23.429731],[-51.944328,-23.429992],[-51.944161,-23.430183],[-51.944098,-23.430274],[-51.944021,-23.43042],[-51.943922,-23.430559],[-51.943749,-23.430799],[-51.943649,-23.430999],[-51.943554,-23.4312],[-51.943538,-23.431269],[-51.943493,-23.431332],[-51.943397,-23.431437],[-51.943284,-23.431491],[-51.943229,-23.431527],[-51.94319,-23.431578],[-51.943142,-23.431656],[-51.943046,-23.431738],[-51.942962,-23.431747],[-51.942888,-23.431789],[-51.942862,-23.431855],[-51.942847,-23.431933],[-51.942863,-23.432022],[-51.942922,-23.432085],[-51.942935,-23.432136],[-51.942884,-23.432199],[-51.942826,-23.43225],[-51.94273,-23.432334],[-51.94263,-23.43246],[-51.94255,-23.432604],[-51.942432,-23.432766],[-51.942285,-23.43308],[-51.942145,-23.433363],[-51.942109,-23.433447],[-51.942029,-23.433548],[-51.941991,-23.433618],[-51.941978,-23.433668],[-51.941998,-23.4338],[-51.942037,-23.434054],[-51.942092,-23.434222],[-51.942106,-23.434342],[-51.94211,-23.434421],[-51.942118,-23.434591],[-51.942119,-23.43472],[-51.942046,-23.434962],[-51.94201,-23.435151],[-51.941991,-23.435249],[-51.942002,-23.435379],[-51.942008,-23.435521],[-51.942003,-23.435654],[-51.942015,-23.435898],[-51.942008,-23.436196],[-51.942022,-23.436354],[-51.942035,-23.436503],[-51.942063,-23.436675],[-51.942056,-23.436827],[-51.942058,-23.437075],[-51.942061,-23.437254],[-51.942059,-23.437435],[-51.942043,-23.437607],[-51.942035,-23.43775],[-51.942023,-23.43787],[-51.942038,-23.438073],[-51.942092,-23.438217],[-51.942098,-23.438282],[-51.94209,-23.438591],[-51.942081,-23.438737],[-51.942078,-23.438851],[-51.942104,-23.43897],[-51.942106,-23.439117],[-51.942129,-23.439226],[-51.942139,-23.439346],[-51.94214,-23.439446],[-51.942137,-23.439567]]}},
{"type":"Feature","properties":{"name":"Cór. Sem Denominação"},"geometry":{"type":"LineString","coordinates":[[-51.87044,-23.35614],[-51.870034,-23.356345],[-51.869971,-23.35637],[-51.869884,-23.356415],[-51.86974,-23.356463],[-51.869616,-23.356504],[-51.869428,-23.356559],[-51.869331,-23.356591],[-51.869269,-23.356617],[-51.869204,-23.356648],[-51.869093,-23.356687],[-51.868857,-23.356714],[-51.868716,-23.35672],[-51.868564,-23.356733],[-51.868249,-23.356764],[-51.867957,-23.356818],[-51.867344,-23.357044],[-51.867153,-23.35712],[-51.867017,-23.357181],[-51.866895,-23.357248],[-51.866675,-23.357355],[-51.866486,-23.357451],[-51.866254,-23.357603],[-51.866209,-23.35764],[-51.866117,-23.357755],[-51.866012,-23.357869],[-51.865723,-23.358133],[-51.865585,-23.358226],[-51.865406,-23.358408],[-51.865352,-23.358499],[-51.865304,-23.358564],[-51.865174,-23.358625],[-51.865066,-23.358673],[-51.864641,-23.358945],[-51.864436,-23.359194],[-51.864331,-23.359419],[-51.864203,-23.359716],[-51.864042,-23.360023],[-51.863894,-23.360249],[-51.863735,-23.360408],[-51.863572,-23.360558],[-51.863153,-23.361174],[-51.862559,-23.361787],[-51.86246,-23.361921],[-51.862271,-23.362137],[-51.861913,-23.362502],[-51.861518,-23.362861]]}},
{"type":"Feature","properties":{"name":"Cór. Sem Denominação"},"geometry":{"type":"LineString","coordinates":[[-51.889929,-23.331769],[-51.889493,-23.331778],[-51.889237,-23.331784],[-51.889032,-23.331794],[-51.888545,-23.331825],[-51.887859,-23.331951],[-51.8867,-23.332241],[-51.886371,-23.332343],[-51.886073,-23.33246],[-51.885717,-23.332633],[-51.885388,-23.332822],[-51.885245,-23.332916],[-51.885137,-23.33302],[-51.885052,-23.333128],[-51.884983,-23.33325],[-51.884926,-23.333459],[-51.884777,-23.333761],[-51.884619,-23.333969],[-51.884345,-23.334146],[-51.884136,-23.334313],[-51.883902,-23.334454],[-51.883899,-23.334455],[-51.883691,-23.33458],[-51.883274,-23.33478],[-51.882411,-23.335226],[-51.882136,-23.335421],[-51.881931,-23.335508],[-51.881621,-23.335603],[-51.881354,-23.335633],[-51.881039,-23.335617],[-51.880655,-23.335666]]}},
{"type":"Feature","properties":{"name":"Cór. Sem Denominação"},"geometry":{"type":"LineString","coordinates":[[-51.887437,-23.361371],[-51.887464,-23.361956],[-51.887464,-23.361966],[-51.887464,-23.361967]]}},
{"type":"Feature","properties":{"name":"Cór. Lombo"},"geometry":{"type":"LineString","coordinates":[[-51.990452,-23.332055],[-51.990913,-23.332788]]}},
{"type":"Feature","properties":{"name":"Cór. Sem Denominação"},"geometry":{"type":"LineString","coordinates":[[-51.973223,-23.457451],[-51.972321,-23.457707],[-51.971352,-23.457825],[-51.970944,-23.457908],[-51.970821,-23.45792]]}},
{"type":"Feature","properties":{"name":"Cór. Sem Denominação"},"geometry":{"type":"LineString","coordinates":[[-52.087479,-23.517981],[-52.087622,-23.518228],[-52.087653,-23.51832],[-52.087669,-23.518418],[-52.087674,-23.5186],[-52.087661,-23.518686],[-52.087604,-23.518906],[-52.087506,-23.519208],[-52.087456,-23.519387],[-52.087423,-23.519485],[-52.087397,-23.519564],[-52.087369,-23.519749],[-52.087339,-23.519852],[-52.087293,-23.519926],[-52.087267,-23.519986],[-52.087234,-23.520077],[-52.087135,-23.52027],[-52.087066,-23.520404],[-52.086976,-23.520577],[-52.086917,-23.520672],[-52.086751,-23.520885],[-52.086709,-23.520941],[-52.08667,-23.520988],[-52.086647,-23.521009],[-52.0866,-23.521047],[-52.086553,-23.521082],[-52.08651,-23.521109],[-52.086489,-23.521142],[-52.086453,-23.521186],[-52.08641,-23.521239],[-52.08639,-23.521274],[-52.086365,-23.521298],[-52.086319,-23.521328],[-52.08629,-23.521347],[-52.086276,-23.521378],[-52.086271,-23.521414],[-52.086255,-23.521461],[-52.086207,-23.521541],[-52.086167,-23.521585],[-52.086091,-23.521643],[-52.086045,-23.521676],[-52.086006,-23.521683],[-52.085961,-23.521681],[-52.085881,-23.521679],[-52.08583,-23.521678],[-52.085806,-23.521689],[-52.085779,-23.521723],[-52.085752,-23.521776],[-52.085735,-23.521833],[-52.08572,-23.521867],[-52.08571,-23.521927],[-52.085685,-23.521989],[-52.085642,-23.522032],[-52.085629,-23.522067],[-52.085606,-23.522089],[-52.085574,-23.522099],[-52.085554,-23.522119],[-52.085541,-23.522142],[-52.085544,-23.522174],[-52.085562,-23.52221],[-52.085592,-23.522253],[-52.085592,-23.522289],[-52.085582,-23.522314],[-52.085563,-23.522331],[-52.085552,-23.522365],[-52.085549,-23.522416],[-52.085555,-23.522449],[-52.085555,-23.522483],[-52.085564,-23.522568],[-52.085568,-23.522655],[-52.085559,-23.52274],[-52.085533,-23.522809],[-52.08551,-23.522881],[-52.085488,-23.522939],[-52.085465,-23.523],[-52.08546,-23.523081],[-52.085464,-23.523135],[-52.085451,-23.523175],[-52.085405,-23.52324],[-52.085331,-23.52332],[-52.085219,-23.523427],[-52.085128,-23.523509],[-52.085087,-23.523566],[-52.085011,-23.52363],[-52.084911,-23.523686],[-52.084843,-23.523745],[-52.0848,-23.523794],[-52.084765,-23.523823],[-52.084726,-23.523833],[-52.084693,-23.523841],[-52.084639,-23.523854],[-52.084568,-23.523871],[-52.084503,-23.523887],[-52.084477,-23.523911],[-52.084443,-23.523973],[-52.084402,-23.524052],[-52.084358,-23.52412],[-52.084309,-23.524147],[-52.084304,-23.524158],[-52.084302,-23.524169],[-52.0843,-23.524185],[-52.084275,-23.524215],[-52.084242,-23.524235],[-52.084201,-23.524265],[-52.084183,-23.524299],[-52.084181,-23.524318],[-52.084157,-23.52435],[-52.084106,-23.524404],[-52.084008,-23.524469],[-52.083974,-23.524494],[-52.083924,-23.524509],[-52.08385,-23.524553],[-52.083738,-23.524604],[-52.083677,-23.524648],[-52.083564,-23.524687],[-52.083511,-23.524697],[-52.08347,-23.52471],[-52.083422,-23.524739],[-52.083393,-23.524761],[-52.083349,-23.524819],[-52.083281,-23.524878],[-52.083231,-23.524976],[-52.083187,-23.525085],[-52.083153,-23.52514],[-52.083114,-23.525183],[-52.083075,-23.525264],[-52.083011,-23.525369],[-52.082951,-23.52547],[-52.082891,-23.525513],[-52.082856,-23.525554],[-52.082817,-23.525632],[-52.082763,-23.525685],[-52.082722,-23.525711],[-52.082711,-23.52575],[-52.082717,-23.525798],[-52.082727,-23.52585],[-52.082726,-23.525924],[-52.082717,-23.526042],[-52.082707,-23.526078],[-52.082705,-23.526188],[-52.082685,-23.526255],[-52.082607,-23.526376],[-52.082536,-23.526539],[-52.082427,-23.526714],[-52.082315,-23.526928],[-52.082276,-23.527001],[-52.082225,-23.527053],[-52.082205,-23.527082],[-52.082202,-23.52712],[-52.082193,-23.52716],[-52.082148,-23.527226],[-52.082081,-23.527355],[-52.082012,-23.527436],[-52.081924,-23.5275],[-52.08188,-23.527523],[-52.081865,-23.527556],[-52.081851,-23.527598],[-52.081813,-23.527648],[-52.081759,-23.527686],[-52.08172,-23.527706],[-52.081681,-23.52774],[-52.081609,-23.527789],[-52.081483,-23.527821],[-52.081381,-23.527851],[-52.081294,-23.527903],[-52.081201,-23.527941],[-52.081119,-23.527966],[-52.080978,-23.528024],[-52.08089,-23.528052],[-52.080784,-23.528071],[-52.08068,-23.528078],[-52.080628,-23.528077],[-52.080453,-23.528074],[-52.080324,-23.528072],[-52.080261,-23.528071],[-52.080129,-23.528068],[-52.080022,-23.528067],[-52.079941,-23.528076],[-52.079881,-23.528102],[-52.079785,-23.5282],[-52.079729,-23.528288],[-52.07962,-23.528464],[-52.079564,-23.528535],[-52.079499,-23.528574],[-52.079422,-23.528609],[-52.07927,-23.528635],[-52.079198,-23.528665],[-52.079006,-23.528708],[-52.078792,-23.528777],[-52.078512,-23.52882],[-52.078218,-23.528842],[-52.07804,-23.528848],[-52.077869,-23.528872],[-52.077717,-23.528896],[-52.077604,-23.528934],[-52.07738,-23.529041],[-52.077154,-23.529106],[-52.076845,-23.529152],[-52.076607,-23.529163],[-52.076326,-23.529158],[-52.076008,-23.529133],[-52.075697,-23.529099],[-52.075591,-23.529087],[-52.075498,-23.529086],[-52.075354,-23.529043],[-52.075178,-23.528975],[-52.075009,-23.528879],[-52.074902,-23.528817],[-52.074807,-23.528688]]}},
{"type":"Feature","properties":{"name":"Cór. Sem Denominação"},"geometry":{"type":"MultiLineString","coordinates":[[[-51.863156,-23.353984],[-51.863037,-23.354047],[-51.862858,-23.354144],[-51.862686,-23.354237],[-51.862517,-23.354328],[-51.862319,-23.354427],[-51.862167,-23.354496],[-51.862038,-23.354555],[-51.861871,-23.354639],[-51.861697,-23.35476],[-51.861492,-23.354904],[-51.86128,-23.355054],[-51.861117,-23.355169],[-51.861031,-23.355229],[-51.860989,-23.355259]],[[-51.863156,-23.353984],[-51.863151,-23.353986]],[[-51.866145,-23.351436],[-51.865984,-23.351678],[-51.865928,-23.351749],[-51.865854,-23.351802],[-51.865727,-23.351886],[-51.865529,-23.35196],[-51.865415,-23.352017],[-51.865346,-23.352057],[-51.865264,-23.352069],[-51.865218,-23.352089],[-51.865178,-23.352134],[-51.86514,-23.352161],[-51.865094,-23.352186],[-51.865048,-23.352227],[-51.864915,-23.352306],[-51.864811,-23.352368],[-51.864763,-23.352415],[-51.86466,-23.35256],[-51.864606,-23.352629],[-51.864407,-23.352878],[-51.864229,-23.353066],[-51.864091,-23.353258],[-51.863947,-23.353447],[-51.863793,-23.353599],[-51.863592,-23.353757],[-51.863435,-23.353872],[-51.863308,-23.353942],[-51.863156,-23.353984]]]}},
{"type":"Feature","properties":{"name":"Cór. Sem Denominação"},"geometry":{"type":"LineString","coordinates":[[-51.968289,-23.418317],[-51.96822,-23.418129],[-51.96818,-23.417965],[-51.96814,-23.417804],[-51.968116,-23.417649],[-51.968089,-23.417434],[-51.968081,-23.417318],[-51.968045,-23.416379],[-51.968006,-23.415611],[-51.967938,-23.415308],[-51.967867,-23.415086],[-51.967726,-23.414782],[-51.967495,-23.414102],[-51.967345,-23.413786],[-51.967159,-23.413202],[-51.966879,-23.412586],[-51.966633,-23.412122],[-51.966588,-23.412012],[-51.966481,-23.411807],[-51.966392,-23.411636],[-51.966343,-23.411537],[-51.96626,-23.411364],[-51.966068,-23.411092],[-51.965557,-23.410679],[-51.96534,-23.410558],[-51.96496,-23.410411],[-51.964746,-23.410329],[-51.964602,-23.410273]]}},
{"type":"Feature","properties":{"name":"Cór. Sem Denominação"},"geometry":{"type":"LineString","coordinates":[[-52.059163,-23.521361],[-52.059134,-23.521511],[-52.059131,-23.521549],[-52.059112,-23.521574],[-52.059086,-23.521601],[-52.059047,-23.521623],[-52.059024,-23.521659],[-52.05902,-23.521755],[-52.059001,-23.521787],[-52.058973,-23.521826],[-52.058931,-23.521846],[-52.058894,-23.521866],[-52.058843,-23.521902],[-52.05882,-23.521969],[-52.058782,-23.522024],[-52.058727,-23.522076],[-52.058614,-23.522181],[-52.058396,-23.522402],[-52.058244,-23.522587],[-52.058198,-23.522659]]}},
{"type":"Feature","properties":{"name":"Cór. Sem Denominação"},"geometry":{"type":"LineString","coordinates":[[-52.030104,-23.511584],[-52.030094,-23.511253],[-52.030109,-23.511028],[-52.030194,-23.510626],[-52.030305,-23.510355],[-52.030306,-23.510353]]}},
{"type":"Feature","properties":{"name":"Cór. Sem Denominação"},"geometry":{"type":"LineString","coordinates":[[-51.875858,-23.360865],[-51.87581,-23.360881],[-51.875777,-23.360898],[-51.87573,-23.360929],[-51.875703,-23.360954],[-51.875633,-23.361055],[-51.875615,-23.361183],[-51.875578,-23.361248],[-51.875533,-23.3613],[-51.875373,-23.361435],[-51.87524,-23.361518],[-51.875166,-23.361543],[-51.875109,-23.361587],[-51.875065,-23.36165],[-51.875067,-23.361709],[-51.875055,-23.361772],[-51.875028,-23.361845],[-51.874969,-23.361923],[-51.874897,-23.361987],[-51.874844,-23.36202],[-51.874788,-23.362062],[-51.874711,-23.362103],[-51.874588,-23.362239],[-51.874297,-23.362531],[-51.874017,-23.362816],[-51.873861,-23.362999],[-51.873771,-23.363185],[-51.873673,-23.363428],[-51.873611,-23.363607],[-51.873594,-23.363741],[-51.873536,-23.363896],[-51.873417,-23.364103],[-51.873315,-23.364281],[-51.873235,-23.364428],[-51.873103,-23.364683],[-51.873036,-23.364859],[-51.872968,-23.364993],[-51.87285,-23.365142],[-51.872765,-23.365265],[-51.872694,-23.365372],[-51.87267,-23.365414],[-51.872594,-23.365534],[-51.872545,-23.365578],[-51.872519,-23.365618],[-51.872491,-23.365693],[-51.872469,-23.365799],[-51.872434,-23.365964],[-51.872393,-23.366153],[-51.872358,-23.366231],[-51.872305,-23.36644],[-51.872248,-23.366611],[-51.872208,-23.366745],[-51.872164,-23.366835],[-51.87207,-23.366973],[-51.872003,-23.367088],[-51.87197,-23.36719],[-51.871973,-23.367327],[-51.872009,-23.367442],[-51.872029,-23.36756],[-51.872059,-23.367782],[-51.872025,-23.368114],[-51.871895,-23.368473],[-51.871688,-23.368985],[-51.871483,-23.369321],[-51.871124,-23.369771],[-51.870772,-23.37005],[-51.870241,-23.370507],[-51.870021,-23.37089],[-51.869847,-23.371173]]}},
{"type":"Feature","properties":{"name":"Cór. Sem Denominação"},"geometry":{"type":"LineString","coordinates":[[-51.883848,-23.364963],[-51.884013,-23.364659],[-51.884113,-23.364525],[-51.88423,-23.364396],[-51.884329,-23.364287],[-51.884454,-23.36418],[-51.884589,-23.364041],[-51.884931,-23.363804],[-51.885346,-23.363517],[-51.885665,-23.363375],[-51.885832,-23.363224],[-51.886679,-23.362598],[-51.886901,-23.36243],[-51.887056,-23.362327],[-51.887191,-23.362201],[-51.887376,-23.36204],[-51.887513,-23.361927],[-51.887632,-23.361897],[-51.887726,-23.361883],[-51.887818,-23.361889],[-51.888253,-23.361915],[-51.888528,-23.361947],[-51.888823,-23.361972],[-51.88912,-23.361969],[-51.889429,-23.361944],[-51.889437,-23.361943],[-51.889673,-23.361927],[-51.890271,-23.361843],[-51.890782,-23.361727],[-51.891328,-23.361612]]}},
{"type":"Feature","properties":{"name":"Cór. do Patu"},"geometry":{"type":"LineString","coordinates":[[-52.084802,-23.516193],[-52.08462,-23.516059],[-52.084548,-23.51601],[-52.084467,-23.515972],[-52.084201,-23.51588],[-52.084115,-23.515836],[-52.084072,-23.515769],[-52.084037,-23.515685],[-52.083997,-23.515507],[-52.083945,-23.515405],[-52.083886,-23.515328],[-52.083761,-23.515239],[-52.083659,-23.515135],[-52.083571,-23.515026],[-52.08346,-23.514935],[-52.083386,-23.514868],[-52.083358,-23.514803],[-52.083365,-23.514699],[-52.083353,-23.514635],[-52.08331,-23.514577],[-52.08324,-23.514508],[-52.083175,-23.514455],[-52.083138,-23.514381],[-52.083111,-23.514346],[-52.083114,-23.514299],[-52.083131,-23.514254],[-52.083136,-23.514214],[-52.083124,-23.514158],[-52.083083,-23.514112],[-52.083053,-23.514068],[-52.083042,-23.514015],[-52.083049,-23.513972],[-52.083091,-23.513962],[-52.083145,-23.51398],[-52.083189,-23.513971],[-52.083201,-23.513915],[-52.083199,-23.513878],[-52.083169,-23.513825],[-52.083124,-23.51378],[-52.083086,-23.513764],[-52.083044,-23.513716],[-52.083014,-23.513666],[-52.082932,-23.51359],[-52.082866,-23.513531],[-52.082783,-23.513486],[-52.08272,-23.513493],[-52.082638,-23.513495],[-52.082581,-23.513473],[-52.082516,-23.513476],[-52.08244,-23.513487],[-52.08235,-23.513498],[-52.082203,-23.513462],[-52.082121,-23.51342],[-52.082042,-23.513394],[-52.081994,-23.513363],[-52.081931,-23.513349],[-52.081827,-23.513354],[-52.081731,-23.513332],[-52.081663,-23.513311],[-52.081598,-23.51329],[-52.08158,-23.513279],[-52.081572,-23.51322],[-52.081559,-23.513186],[-52.081507,-23.513156],[-52.081457,-23.513133],[-52.081434,-23.51312],[-52.081417,-23.513109],[-52.081406,-23.513076],[-52.081408,-23.513029],[-52.081392,-23.513009],[-52.081346,-23.512979],[-52.081302,-23.51295],[-52.08128,-23.512901],[-52.081255,-23.512837],[-52.081241,-23.51276],[-52.08122,-23.512707],[-52.081199,-23.512637],[-52.081171,-23.512598],[-52.08112,-23.512588],[-52.081021,-23.512548],[-52.08088,-23.512504],[-52.080754,-23.512452],[-52.080688,-23.512405],[-52.080651,-23.512375],[-52.080633,-23.512316],[-52.080623,-23.512254],[-52.08061,-23.512222],[-52.080593,-23.512212],[-52.080562,-23.512211],[-52.08044,-23.512184],[-52.08034,-23.512154],[-52.080276,-23.512103],[-52.080223,-23.512013],[-52.080184,-23.511965],[-52.080087,-23.511919],[-52.080008,-23.511851],[-52.079921,-23.511803],[-52.079851,-23.51172],[-52.079806,-23.511689],[-52.079752,-23.511668],[-52.079707,-23.511654],[-52.079666,-23.511668],[-52.079627,-23.511694],[-52.079595,-23.51174],[-52.079584,-23.511791],[-52.079547,-23.511831],[-52.079477,-23.511863],[-52.079418,-23.511896],[-52.07937,-23.511923],[-52.079294,-23.511924],[-52.079212,-23.511909],[-52.079134,-23.511897],[-52.07898,-23.511873],[-52.078893,-23.511863],[-52.078826,-23.511875],[-52.078731,-23.51187],[-52.078635,-23.511865],[-52.078539,-23.511825],[-52.078482,-23.511795],[-52.078458,-23.511761],[-52.078443,-23.511731],[-52.078423,-23.511712],[-52.078363,-23.511696],[-52.078301,-23.511681],[-52.078219,-23.51166],[-52.078121,-23.511611],[-52.078046,-23.511566],[-52.07793,-23.511532],[-52.077868,-23.511494],[-52.077788,-23.511428],[-52.07768,-23.511356],[-52.077567,-23.511312],[-52.077369,-23.511264],[-52.077301,-23.511243],[-52.077222,-23.511214],[-52.077081,-23.511154],[-52.077068,-23.511139],[-52.076974,-23.511092],[-52.076899,-23.511064],[-52.07679,-23.511028],[-52.076699,-23.511002],[-52.076581,-23.510986],[-52.076488,-23.510953],[-52.076458,-23.510938],[-52.076445,-23.510917],[-52.076418,-23.510858],[-52.076386,-23.51082],[-52.076325,-23.510786],[-52.076247,-23.510734],[-52.076171,-23.510695],[-52.076062,-23.51064],[-52.076039,-23.510613],[-52.076028,-23.51058],[-52.075997,-23.510541],[-52.075951,-23.510525],[-52.075897,-23.510515],[-52.075857,-23.510485],[-52.075825,-23.510426],[-52.075798,-23.510352],[-52.075782,-23.510294],[-52.075721,-23.510235],[-52.075661,-23.510173],[-52.075493,-23.509924],[-52.075456,-23.509877],[-52.075424,-23.509851],[-52.075369,-23.509823],[-52.0753,-23.509801],[-52.075259,-23.509779],[-52.075238,-23.509756],[-52.075232,-23.509728],[-52.075237,-23.509714],[-52.075254,-23.509701],[-52.075278,-23.509692],[-52.075303,-23.509687],[-52.075334,-23.509665],[-52.075353,-23.509636],[-52.075354,-23.509582],[-52.075301,-23.509517],[-52.075236,-23.50942],[-52.075221,-23.509399],[-52.075222,-23.509375],[-52.075239,-23.509343],[-52.075256,-23.509333],[-52.075267,-23.509313],[-52.075251,-23.50929],[-52.075211,-23.509283],[-52.07516,-23.509293],[-52.075061,-23.509258],[-52.074959,-23.50917],[-52.07486,-23.509051],[-52.074797,-23.508965],[-52.074753,-23.508873],[-52.074713,-23.508709],[-52.074648,-23.508573],[-52.074632,-23.50846],[-52.074613,-23.508331],[-52.074574,-23.50824],[-52.074512,-23.508174],[-52.074441,-23.508115],[-52.074377,-23.508031],[-52.07428,-23.507942],[-52.074203,-23.507895],[-52.074165,-23.507864],[-52.074152,-23.50783],[-52.074161,-23.507782],[-52.074196,-23.507735],[-52.074194,-23.507692],[-52.074162,-23.507651],[-52.074132,-23.507624],[-52.074115,-23.507602],[-52.074119,-23.507578],[-52.07413,-23.507529],[-52.074118,-23.507501],[-52.074073,-23.507467],[-52.074046,-23.507405],[-52.074015,-23.507353],[-52.073959,-23.507324],[-52.073867,-23.507313],[-52.0738,-23.507304],[-52.07374,-23.507279],[-52.073622,-23.507216],[-52.073538,-23.507145],[-52.073177,-23.506563],[-52.073074,-23.506389],[-52.073047,-23.506371],[-52.072961,-23.506245],[-52.072844,-23.506142],[-52.072682,-23.506061],[-52.072608,-23.506018],[-52.072548,-23.505976],[-52.072517,-23.50593],[-52.072487,-23.50586],[-52.072455,-23.505753],[-52.072369,-23.505637],[-52.072282,-23.505529],[-52.072131,-23.505377],[-52.071944,-23.505139],[-52.071843,-23.504973],[-52.071777,-23.504827],[-52.071741,-23.504622],[-52.071696,-23.504477],[-52.07155,-23.504248],[-52.0715,-23.50417],[-52.071449,-23.504076],[-52.07141,-23.503998],[-52.071369,-23.503891],[-52.071276,-23.503719],[-52.071136,-23.503533],[-52.071056,-23.503369],[-52.07099,-23.503222],[-52.070907,-23.503135],[-52.070776,-23.503078],[-52.070707,-23.503039],[-52.070626,-23.502971],[-52.07057,-23.502955],[-52.070516,-23.502949],[-52.070416,-23.502933],[-52.070359,-23.502903],[-52.070296,-23.502846],[-52.070145,-23.50277],[-52.070048,-23.502688],[-52.069936,-23.502593],[-52.069891,-23.502552],[-52.069797,-23.502518],[-52.069747,-23.502477],[-52.069687,-23.502456],[-52.069623,-23.502409],[-52.06953,-23.502301],[-52.069442,-23.502202],[-52.069351,-23.502119],[-52.06925,-23.502065],[-52.069124,-23.502044],[-52.069002,-23.50204],[-52.068943,-23.502051],[-52.068874,-23.5021],[-52.068824,-23.502114],[-52.068773,-23.502112],[-52.068651,-23.502066],[-52.068573,-23.501966],[-52.068521,-23.501948],[-52.068495,-23.501935],[-52.068483,-23.501912],[-52.068484,-23.501843],[-52.068484,-23.501783],[-52.068484,-23.501753],[-52.068472,-23.501724],[-52.068444,-23.501712],[-52.068395,-23.501712],[-52.068354,-23.501706],[-52.068337,-23.501685],[-52.068325,-23.501638],[-52.068312,-23.501623],[-52.068288,-23.501611],[-52.068215,-23.50158],[-52.068101,-23.501541],[-52.068033,-23.501509],[-52.067754,-23.501288],[-52.067462,-23.501058],[-52.067313,-23.500878],[-52.067263,-23.500756],[-52.067216,-23.500693],[-52.067144,-23.500634],[-52.067015,-23.500553],[-52.066879,-23.500465],[-52.066751,-23.500404],[-52.066636,-23.500352],[-52.066519,-23.500276],[-52.066365,-23.500192],[-52.066213,-23.500123],[-52.066074,-23.500074],[-52.065909,-23.500041],[-52.065761,-23.500023],[-52.065639,-23.500026],[-52.065481,-23.500024],[-52.065352,-23.500021],[-52.065196,-23.500022],[-52.064896,-23.499997],[-52.064558,-23.49992],[-52.064287,-23.49984],[-52.064013,-23.499723],[-52.063786,-23.499598],[-52.063446,-23.499332],[-52.063345,-23.499259],[-52.063275,-23.499201],[-52.06324,-23.499142],[-52.063206,-23.499085],[-52.063081,-23.49898],[-52.063052,-23.49896],[-52.063021,-23.49893],[-52.063005,-23.498905],[-52.062995,-23.498871],[-52.062987,-23.49882],[-52.062962,-23.49877],[-52.062916,-23.498734],[-52.062861,-23.498709],[-52.062753,-23.498642],[-52.062622,-23.498592],[-52.062507,-23.498572],[-52.062432,-23.49855],[-52.062329,-23.498551],[-52.062262,-23.498542],[-52.062213,-23.498561],[-52.062159,-23.498615],[-52.062114,-23.498651],[-52.062058,-23.49867],[-52.061979,-23.498629],[-52.061898,-23.498604],[-52.061793,-23.498568],[-52.061682,-23.498558],[-52.061514,-23.498546],[-52.061278,-23.498504],[-52.061158,-23.49849],[-52.06099,-23.498456],[-52.060882,-23.498418],[-52.060738,-23.498393],[-52.06065,-23.49837],[-52.060603,-23.498334],[-52.060509,-23.49828],[-52.060378,-23.498249],[-52.060306,-23.498225],[-52.060278,-23.498195],[-52.060268,-23.498162],[-52.060241,-23.498116],[-52.060163,-23.498054],[-52.060068,-23.497983],[-52.06,-23.497937],[-52.059969,-23.497922],[-52.059936,-23.497917],[-52.059879,-23.497905],[-52.059825,-23.497895],[-52.059782,-23.497874],[-52.059756,-23.497844],[-52.059698,-23.497812],[-52.059618,-23.497779],[-52.059448,-23.497698],[-52.059332,-23.497635],[-52.059057,-23.497526],[-52.05889,-23.497431],[-52.058784,-23.497369],[-52.058725,-23.49733],[-52.058662,-23.497305],[-52.058607,-23.497304],[-52.058524,-23.497296],[-52.05842,-23.497251],[-52.058309,-23.497161],[-52.058195,-23.497058],[-52.058124,-23.496999],[-52.058042,-23.496943],[-52.05795,-23.49691],[-52.05787,-23.496894],[-52.057815,-23.496889],[-52.057791,-23.496899],[-52.05777,-23.496917],[-52.05774,-23.496931],[-52.057686,-23.496929],[-52.057592,-23.496905],[-52.057524,-23.496889],[-52.057425,-23.496844],[-52.057253,-23.4968],[-52.05714,-23.496777],[-52.056938,-23.496755],[-52.056673,-23.49672],[-52.056447,-23.496694],[-52.055868,-23.496681],[-52.055768,-23.496679],[-52.055634,-23.496658],[-52.055547,-23.496607],[-52.055434,-23.496566],[-52.055329,-23.496512],[-52.055209,-23.496451],[-52.055086,-23.49642],[-52.055016,-23.49641],[-52.054901,-23.496419],[-52.05478,-23.496479],[-52.054678,-23.496534],[-52.054289,-23.496707],[-52.053694,-23.497057],[-52.053597,-23.497146],[-52.053513,-23.49719],[-52.05344,-23.497277],[-52.053394,-23.497337],[-52.053325,-23.497358],[-52.053272,-23.497382],[-52.053249,-23.497423],[-52.05322,-23.497444],[-52.053123,-23.497474],[-52.053048,-23.49755],[-52.053017,-23.497626],[-52.052976,-23.497676],[-52.052947,-23.497724],[-52.052889,-23.497747],[-52.052817,-23.497781],[-52.05277,-23.497794],[-52.052716,-23.497846],[-52.052661,-23.497911],[-52.052628,-23.49797],[-52.052546,-23.498009],[-52.052496,-23.498002],[-52.052445,-23.498018],[-52.052379,-23.49805],[-52.05232,-23.498095],[-52.052293,-23.498148],[-52.052251,-23.498159],[-52.052203,-23.498152],[-52.052154,-23.498167],[-52.052092,-23.498185],[-52.052044,-23.498201],[-52.051988,-23.498242],[-52.05194,-23.498276],[-52.051847,-23.498335],[-52.051691,-23.498506],[-52.051586,-23.498554],[-52.051503,-23.498552],[-52.051449,-23.498553],[-52.051221,-23.498592],[-52.050987,-23.49869],[-52.050836,-23.498775],[-52.050691,-23.498818],[-52.050552,-23.498819],[-52.050439,-23.498799],[-52.050373,-23.498797],[-52.050288,-23.498814],[-52.050234,-23.49885],[-52.050193,-23.498885],[-52.050124,-23.498947],[-52.05004,-23.499042],[-52.049973,-23.49906],[-52.049799,-23.499112],[-52.049364,-23.499151],[-52.048571,-23.499192],[-52.048233,-23.499223],[-52.047852,-23.499193],[-52.047521,-23.499177],[-52.047331,-23.499182],[-52.047062,-23.499127],[-52.046618,-23.498987],[-52.046311,-23.49885],[-52.046064,-23.498704],[-52.045921,-23.498588],[-52.045794,-23.498506],[-52.045682,-23.498482],[-52.045531,-23.49848],[-52.045404,-23.498465],[-52.045271,-23.498418],[-52.045036,-23.49829],[-52.04457,-23.497855],[-52.044257,-23.497557],[-52.044187,-23.49749],[-52.044007,-23.497319],[-52.043925,-23.497251],[-52.04385,-23.497208],[-52.043664,-23.497085],[-52.04351,-23.496954],[-52.043336,-23.496804],[-52.043153,-23.496638],[-52.043019,-23.496471],[-52.042881,-23.496283],[-52.042599,-23.496034],[-52.042416,-23.495919],[-52.042265,-23.49569],[-52.042051,-23.495241],[-52.041791,-23.49482],[-52.041585,-23.494568],[-52.041484,-23.494445],[-52.041373,-23.49434],[-52.041238,-23.494231],[-52.041079,-23.494132],[-52.04084,-23.494003],[-52.040054,-23.493634],[-52.039779,-23.49354],[-52.039183,-23.493296],[-52.038544,-23.492999],[-52.038167,-23.492863],[-52.037639,-23.492659],[-52.037172,-23.492482],[-52.036186,-23.492286],[-52.035216,-23.492071],[-52.035031,-23.492019],[-52.034507,-23.491823],[-52.033735,-23.491472],[-52.033331,-23.491223],[-52.033037,-23.491038],[-52.032771,-23.490837],[-52.032493,-23.490619],[-52.032068,-23.490232],[-52.031756,-23.489948],[-52.031299,-23.489484],[-52.030898,-23.488993],[-52.030544,-23.488571],[-52.030245,-23.488214],[-52.029886,-23.487787]]}},
{"type":"Feature","properties":{"name":"Cór. Sem Denominação"},"geometry":{"type":"LineString","coordinates":[[-52.027214,-23.35907],[-52.02738,-23.358989],[-52.027583,-23.358895],[-52.027828,-23.35876],[-52.027971,-23.358673],[-52.028122,-23.358579],[-52.028284,-23.358452],[-52.028458,-23.358322],[-52.028651,-23.358206],[-52.028829,-23.358108],[-52.028933,-23.357996],[-52.029037,-23.357938],[-52.029153,-23.357887],[-52.029254,-23.35784],[-52.029315,-23.357772],[-52.029404,-23.357721],[-52.029532,-23.357638],[-52.029768,-23.357528],[-52.02986,-23.357478],[-52.030031,-23.357412]]}},
{"type":"Feature","properties":{"name":"Cór. Sem Denominação"},"geometry":{"type":"LineString","coordinates":[[-51.850729,-23.393604],[-51.850578,-23.393759],[-51.850309,-23.394132],[-51.850199,-23.394272],[-51.850124,-23.39436],[-51.849823,-23.39457],[-51.849681,-23.394631],[-51.849536,-23.394665],[-51.849451,-23.394711],[-51.849412,-23.394771],[-51.849349,-23.394895],[-51.849167,-23.395059],[-51.849105,-23.395146],[-51.849065,-23.395255]]}},
{"type":"Feature","properties":{"name":"Cór. Sem Denominação"},"geometry":{"type":"LineString","coordinates":[[-52.056384,-23.522195],[-52.056445,-23.522141],[-52.056468,-23.522075],[-52.056499,-23.521994],[-52.056564,-23.521925],[-52.056634,-23.521871],[-52.056734,-23.521819],[-52.056808,-23.521753],[-52.056883,-23.521717],[-52.056947,-23.521695],[-52.057005,-23.521671],[-52.05704,-23.521617],[-52.057076,-23.521572],[-52.057147,-23.52156],[-52.057231,-23.521559],[-52.057315,-23.521556],[-52.057428,-23.52151],[-52.057538,-23.521491],[-52.057632,-23.521497],[-52.05772,-23.521496],[-52.05783,-23.52148],[-52.057969,-23.521461],[-52.058092,-23.521458],[-52.058228,-23.52146],[-52.058345,-23.521456],[-52.058458,-23.521455],[-52.058571,-23.521457],[-52.058711,-23.521442],[-52.058885,-23.521407],[-52.058989,-23.521374],[-52.059102,-23.52137],[-52.059163,-23.521362]]}},
{"type":"Feature","properties":{"name":"Rib. Chapecó ou Iguatemi"},"geometry":{"type":"LineString","coordinates":[[-52.092916,-23.397395],[-52.092032,-23.395081],[-52.091613,-23.394016],[-52.091395,-23.393464],[-52.091104,-23.392921],[-52.090703,-23.392436],[-52.090227,-23.392153],[-52.089809,-23.391702],[-52.089414,-23.391327],[-52.089331,-23.39129],[-52.089253,-23.391254],[-52.089149,-23.391212],[-52.089061,-23.391167],[-52.088982,-23.391151],[-52.088887,-23.391167],[-52.088778,-23.391182],[-52.088617,-23.391148],[-52.08835,-23.391037],[-52.088092,-23.390854],[-52.087901,-23.390727],[-52.087632,-23.390526],[-52.087492,-23.390415],[-52.087414,-23.390369],[-52.08737,-23.390354],[-52.087296,-23.390346],[-52.08725,-23.390329],[-52.087184,-23.390285],[-52.087139,-23.390267],[-52.087102,-23.390257],[-52.086979,-23.39025],[-52.086836,-23.390209],[-52.08677,-23.390199],[-52.086662,-23.390178],[-52.086583,-23.390149],[-52.086527,-23.390139],[-52.0865,-23.390127],[-52.086477,-23.390108],[-52.086436,-23.390069],[-52.086375,-23.390024],[-52.086329,-23.389995],[-52.086126,-23.389827],[-52.08592,-23.389685],[-52.08566,-23.389543],[-52.085484,-23.389492],[-52.085352,-23.389488],[-52.085082,-23.389504],[-52.084795,-23.389528],[-52.08462,-23.389569],[-52.084547,-23.389568],[-52.084495,-23.38953],[-52.084389,-23.38943],[-52.084289,-23.389383],[-52.084217,-23.389368],[-52.084039,-23.389327],[-52.083884,-23.389291],[-52.083802,-23.38927],[-52.083762,-23.389272],[-52.083704,-23.389292],[-52.08364,-23.389283],[-52.083584,-23.389275],[-52.083444,-23.389247],[-52.083268,-23.389229],[-52.083157,-23.389235],[-52.083059,-23.38924],[-52.082934,-23.389267],[-52.082836,-23.389261],[-52.082708,-23.389195],[-52.082431,-23.389106],[-52.081956,-23.389006],[-52.081725,-23.388919],[-52.081329,-23.38871],[-52.080776,-23.388325],[-52.080666,-23.388278],[-52.08056,-23.388231],[-52.080505,-23.388175],[-52.080429,-23.388067],[-52.080366,-23.388021],[-52.080259,-23.387883],[-52.080226,-23.387773],[-52.080174,-23.387692],[-52.080158,-23.387587],[-52.080162,-23.387457],[-52.080156,-23.387323],[-52.08015,-23.387217],[-52.080145,-23.38707],[-52.080148,-23.386948],[-52.080163,-23.386825],[-52.080189,-23.386648],[-52.080169,-23.386493],[-52.08014,-23.386371],[-52.080055,-23.386107],[-52.079954,-23.385801],[-52.079819,-23.385434],[-52.079762,-23.38521],[-52.079776,-23.385089],[-52.079812,-23.385007],[-52.079822,-23.384932],[-52.07979,-23.38485],[-52.079793,-23.384754],[-52.079812,-23.38471],[-52.079816,-23.384684],[-52.079775,-23.384613],[-52.079722,-23.384537],[-52.079579,-23.38439],[-52.079437,-23.38418],[-52.079311,-23.38392],[-52.079235,-23.38377],[-52.079174,-23.383634],[-52.079053,-23.383557],[-52.078984,-23.383479],[-52.078865,-23.383317],[-52.078775,-23.383184],[-52.07872,-23.38309],[-52.078709,-23.382951],[-52.078663,-23.382886],[-52.078625,-23.382814],[-52.078595,-23.38268],[-52.078538,-23.382579],[-52.078497,-23.382525],[-52.078446,-23.382483],[-52.078385,-23.382397],[-52.078374,-23.382305],[-52.078337,-23.382227],[-52.078238,-23.382127],[-52.0782,-23.382055],[-52.0781,-23.381949],[-52.077997,-23.381835],[-52.077957,-23.381792],[-52.077906,-23.381749],[-52.077789,-23.381676],[-52.077707,-23.38154],[-52.077629,-23.381372],[-52.077585,-23.38128],[-52.077503,-23.381198],[-52.077371,-23.381105],[-52.077291,-23.381041],[-52.077226,-23.380986],[-52.077199,-23.380919],[-52.077193,-23.380823],[-52.077182,-23.380734],[-52.077143,-23.380653],[-52.077096,-23.380591],[-52.076996,-23.380494],[-52.076912,-23.380388],[-52.076855,-23.380294],[-52.076753,-23.380213],[-52.076657,-23.380151],[-52.076586,-23.380097],[-52.076486,-23.379978],[-52.076404,-23.379862],[-52.076354,-23.37978],[-52.076297,-23.379703],[-52.076226,-23.37962],[-52.076081,-23.379512],[-52.075859,-23.379331],[-52.075772,-23.379237],[-52.075677,-23.37905],[-52.075613,-23.378965],[-52.075469,-23.378827],[-52.075395,-23.378709],[-52.075337,-23.378642],[-52.075255,-23.378493],[-52.075168,-23.378363],[-52.075067,-23.378273],[-52.074951,-23.378196],[-52.074898,-23.378156],[-52.074875,-23.378097],[-52.074869,-23.378032],[-52.07486,-23.37794],[-52.074831,-23.37791],[-52.074753,-23.377883],[-52.074701,-23.377858],[-52.074672,-23.377807],[-52.074651,-23.377688],[-52.074597,-23.377504],[-52.074566,-23.377311],[-52.074549,-23.37715],[-52.074504,-23.377035],[-52.074479,-23.376947],[-52.074469,-23.376871],[-52.074452,-23.376696],[-52.074426,-23.376618],[-52.074349,-23.376459],[-52.074255,-23.376298],[-52.07412,-23.376104],[-52.073952,-23.375891],[-52.073895,-23.375831],[-52.073796,-23.375717],[-52.073736,-23.375663],[-52.073671,-23.375627],[-52.07361,-23.375592],[-52.073544,-23.375552],[-52.073493,-23.375507],[-52.073425,-23.375446],[-52.073387,-23.375358],[-52.073358,-23.375228],[-52.073346,-23.375141],[-52.073354,-23.37498],[-52.073374,-23.374823],[-52.073369,-23.374512],[-52.073358,-23.374383],[-52.073348,-23.374274],[-52.07332,-23.373992],[-52.07328,-23.373824],[-52.073264,-23.373762],[-52.073235,-23.373673],[-52.073216,-23.373571],[-52.073204,-23.373509],[-52.073186,-23.373391],[-52.073166,-23.373278],[-52.073163,-23.373135],[-52.073128,-23.372905],[-52.073085,-23.37275],[-52.073057,-23.372493],[-52.073002,-23.37226],[-52.072963,-23.372018],[-52.072952,-23.371824],[-52.072944,-23.371764],[-52.072929,-23.371681],[-52.07287,-23.371531],[-52.072847,-23.371406],[-52.072843,-23.371287],[-52.072817,-23.371145],[-52.072795,-23.371039],[-52.072776,-23.370934],[-52.072727,-23.37067],[-52.072689,-23.37052],[-52.07266,-23.370379],[-52.072652,-23.370306],[-52.072656,-23.370273],[-52.072672,-23.370231],[-52.072705,-23.370129],[-52.07271,-23.370048],[-52.072703,-23.369974],[-52.072682,-23.369804],[-52.072637,-23.369642],[-52.072591,-23.369474],[-52.072514,-23.369167],[-52.07245,-23.368836],[-52.072387,-23.368624],[-52.072333,-23.368394],[-52.072311,-23.368054],[-52.072267,-23.367774],[-52.072277,-23.367525],[-52.072252,-23.367207],[-52.072229,-23.367102],[-52.072174,-23.36679],[-52.072079,-23.366523],[-52.072048,-23.366328],[-52.072028,-23.366177],[-52.071978,-23.366103]]}},
{"type":"Feature","properties":{"name":"Cór. Tatupeba"},"geometry":{"type":"LineString","coordinates":[[-52.009416,-23.486314],[-52.009514,-23.486208],[-52.009625,-23.486081],[-52.009733,-23.485949],[-52.009781,-23.485866],[-52.009838,-23.485748],[-52.009943,-23.485532],[-52.010064,-23.485284],[-52.010165,-23.485101],[-52.010267,-23.484915],[-52.010383,-23.484705]]}},
{"type":"Feature","properties":{"name":"Cór. Guaiapó"},"geometry":{"type":"LineString","coordinates":[[-51.866895,-23.415317],[-51.866797,-23.415314],[-51.866701,-23.415313],[-51.866591,-23.41532],[-51.866502,-23.415337],[-51.866429,-23.415354],[-51.86635,-23.415384],[-51.866226,-23.415394],[-51.866138,-23.415402],[-51.866044,-23.41541],[-51.865956,-23.415422],[-51.865902,-23.415438],[-51.865837,-23.415472],[-51.865787,-23.415536],[-51.865754,-23.415628],[-51.865692,-23.415728],[-51.865612,-23.415799],[-51.865509,-23.415832],[-51.865401,-23.415838],[-51.865289,-23.415816],[-51.865181,-23.415817],[-51.865124,-23.415838],[-51.865099,-23.41589],[-51.865072,-23.41592],[-51.865014,-23.415935],[-51.864949,-23.415924],[-51.864868,-23.415893],[-51.864806,-23.415875],[-51.864743,-23.415869],[-51.864681,-23.415877],[-51.864615,-23.415891],[-51.864533,-23.415932],[-51.864388,-23.415984],[-51.864309,-23.416041],[-51.864216,-23.416073],[-51.863903,-23.416136],[-51.863739,-23.416186],[-51.86365,-23.416209],[-51.863548,-23.416226],[-51.86345,-23.416232],[-51.863347,-23.416224],[-51.863299,-23.416212],[-51.863262,-23.416195],[-51.863215,-23.416172],[-51.863201,-23.41616],[-51.86319,-23.416135],[-51.863185,-23.416121],[-51.863188,-23.416102],[-51.863208,-23.416067],[-51.863271,-23.416002],[-51.863313,-23.415932],[-51.863323,-23.415846],[-51.863318,-23.415803],[-51.863298,-23.415753],[-51.863277,-23.415713],[-51.863233,-23.415661],[-51.863193,-23.41563],[-51.863127,-23.415605],[-51.862971,-23.415591],[-51.862776,-23.415589],[-51.862624,-23.415589],[-51.862493,-23.415593],[-51.862371,-23.415582],[-51.862276,-23.415568],[-51.862193,-23.415532],[-51.861968,-23.415443],[-51.861713,-23.415332],[-51.861384,-23.415188],[-51.861118,-23.415023],[-51.861004,-23.414949],[-51.860842,-23.414864],[-51.860696,-23.414787],[-51.860474,-23.41471],[-51.860204,-23.414657],[-51.86014,-23.414618],[-51.860102,-23.414578],[-51.860048,-23.414509],[-51.859975,-23.414397],[-51.859904,-23.414296],[-51.859825,-23.414184],[-51.859772,-23.414096],[-51.859709,-23.414018],[-51.859642,-23.413976],[-51.859597,-23.413951],[-51.859532,-23.413921],[-51.85911,-23.413773],[-51.858768,-23.413608],[-51.858482,-23.413471],[-51.858164,-23.413318],[-51.857843,-23.413189],[-51.85744,-23.413046],[-51.857047,-23.412924],[-51.856933,-23.41288],[-51.856848,-23.412855],[-51.856792,-23.412824],[-51.856696,-23.412747],[-51.856619,-23.412651],[-51.856506,-23.412556],[-51.856239,-23.412447],[-51.856159,-23.41239],[-51.856078,-23.412358],[-51.855983,-23.412362],[-51.855919,-23.412388],[-51.855863,-23.412418],[-51.855727,-23.412457],[-51.855473,-23.412449],[-51.855302,-23.412441],[-51.855097,-23.412386],[-51.854891,-23.412319],[-51.854746,-23.412264],[-51.854603,-23.412238],[-51.854476,-23.412237],[-51.85434,-23.412251],[-51.854195,-23.412313],[-51.854079,-23.412375],[-51.853986,-23.412394],[-51.853846,-23.412353],[-51.853762,-23.412285],[-51.853687,-23.412218],[-51.853637,-23.412195],[-51.853569,-23.412188],[-51.853498,-23.412185],[-51.853415,-23.412193],[-51.853338,-23.41221],[-51.853299,-23.412218],[-51.853252,-23.412211],[-51.853189,-23.412163],[-51.853135,-23.412099],[-51.853081,-23.412042],[-51.852691,-23.411522],[-51.852607,-23.411435],[-51.852495,-23.411344],[-51.852411,-23.411285],[-51.852321,-23.411257],[-51.85221,-23.411262],[-51.852135,-23.411294],[-51.852067,-23.411337],[-51.851996,-23.411362],[-51.851887,-23.411378],[-51.85176,-23.411355],[-51.851691,-23.411316],[-51.851641,-23.411275],[-51.851401,-23.41115],[-51.851192,-23.411056],[-51.851069,-23.41102],[-51.850872,-23.411],[-51.850796,-23.410997],[-51.850668,-23.410985],[-51.850467,-23.410992],[-51.850274,-23.411026],[-51.85018,-23.411038],[-51.850078,-23.411045],[-51.849983,-23.411027],[-51.849904,-23.410988],[-51.849828,-23.410956],[-51.849698,-23.410904],[-51.849601,-23.41088],[-51.849505,-23.410867],[-51.849418,-23.410875],[-51.849344,-23.410874],[-51.84928,-23.410861],[-51.849194,-23.410823],[-51.849113,-23.410795],[-51.849041,-23.410763],[-51.848963,-23.41074],[-51.848883,-23.410727],[-51.84874,-23.410693],[-51.848636,-23.41064],[-51.848569,-23.410572],[-51.848279,-23.410376],[-51.847661,-23.410126],[-51.847362,-23.410034],[-51.847284,-23.410045],[-51.847241,-23.410067],[-51.847234,-23.410106],[-51.847248,-23.410139],[-51.847259,-23.41016],[-51.847257,-23.410193],[-51.847213,-23.410227],[-51.847177,-23.410235],[-51.847104,-23.41022],[-51.847012,-23.410202],[-51.846903,-23.41017],[-51.846749,-23.410134],[-51.846601,-23.410094],[-51.846474,-23.410079],[-51.846349,-23.41003],[-51.846214,-23.409973],[-51.846061,-23.409932],[-51.845811,-23.409876],[-51.845619,-23.409851],[-51.84548,-23.40986],[-51.845293,-23.409864],[-51.845089,-23.409856],[-51.844894,-23.409848],[-51.844732,-23.409834],[-51.844669,-23.409794],[-51.844629,-23.409672],[-51.844656,-23.40955],[-51.84474,-23.409406],[-51.844828,-23.409201],[-51.844912,-23.408975],[-51.844977,-23.408753],[-51.845018,-23.408544],[-51.845044,-23.408347],[-51.845024,-23.408229],[-51.845031,-23.408068],[-51.845065,-23.407917],[-51.845126,-23.407716],[-51.845186,-23.407505],[-51.84518,-23.407304]]}},
{"type":"Feature","properties":{"name":"Água Keçaba"},"geometry":{"type":"LineString","coordinates":[[-51.890165,-23.351376],[-51.89014,-23.351474],[-51.890099,-23.351619],[-51.890057,-23.351708]]}},
{"type":"Feature","properties":{"name":"Cór. Amambahy"},"geometry":{"type":"LineString","coordinates":[[-52.055922,-23.370889],[-52.056167,-23.371236],[-52.056299,-23.37149],[-52.056585,-23.371972],[-52.056586,-23.371974]]}},
{"type":"Feature","properties":{"name":"Cór. Camacuã"},"geometry":{"type":"LineString","coordinates":[[-52.090579,-23.40195],[-52.088699,-23.402564],[-52.088215,-23.40277],[-52.087764,-23.403006],[-52.086949,-23.403646],[-52.08686,-23.403668],[-52.086782,-23.403714],[-52.086693,-23.403788],[-52.086532,-23.403837],[-52.086383,-23.40387],[-52.086203,-23.403892],[-52.086054,-23.403922],[-52.0859,-23.404003],[-52.085769,-23.404037],[-52.08568,-23.40406],[-52.085584,-23.404084],[-52.085465,-23.404087],[-52.085325,-23.404109],[-52.085263,-23.404123],[-52.085195,-23.404177],[-52.085084,-23.40426],[-52.084801,-23.404407],[-52.084432,-23.404577],[-52.08406,-23.40473],[-52.083716,-23.404861],[-52.083623,-23.404904],[-52.083545,-23.404936],[-52.083406,-23.404985],[-52.083297,-23.405047],[-52.083164,-23.405134],[-52.083034,-23.405231],[-52.08293,-23.405298],[-52.082746,-23.405398],[-52.082575,-23.405505],[-52.082408,-23.405582],[-52.082162,-23.405699],[-52.081978,-23.405819],[-52.08186,-23.405875],[-52.081751,-23.405934],[-52.081656,-23.405985],[-52.081518,-23.406055],[-52.081322,-23.406147],[-52.081096,-23.406262],[-52.080973,-23.406327],[-52.080879,-23.406377],[-52.080736,-23.4064],[-52.080562,-23.406379],[-52.080338,-23.406368],[-52.080098,-23.406354],[-52.079986,-23.406357],[-52.07964,-23.406363],[-52.07887,-23.406468],[-52.07818,-23.40659],[-52.077691,-23.406706],[-52.077373,-23.406811],[-52.076695,-23.407207],[-52.076135,-23.407521]]}},
{"type":"Feature","properties":{"name":"Cór. Sem Denominação"},"geometry":{"type":"LineString","coordinates":[[-51.856436,-23.342003],[-51.856418,-23.342144],[-51.85643,-23.34283],[-51.856374,-23.343329],[-51.856312,-23.343801],[-51.856268,-23.344088],[-51.85618,-23.344331],[-51.856072,-23.344587],[-51.855865,-23.344983],[-51.855585,-23.345296],[-51.855446,-23.345503],[-51.855304,-23.34568],[-51.855239,-23.345783],[-51.855177,-23.34598],[-51.855063,-23.346381],[-51.854959,-23.346651],[-51.854812,-23.346927],[-51.854825,-23.347352],[-51.854805,-23.347606],[-51.854757,-23.34788],[-51.854666,-23.348244],[-51.854605,-23.348481],[-51.854577,-23.348577],[-51.854548,-23.34882],[-51.854516,-23.349017]]}},
{"type":"Feature","properties":{"name":"Rib. Bandeirantes do Sul"},"geometry":{"type":"MultiLineString","coordinates":[[[-52.01346,-23.427038],[-52.013483,-23.427073],[-52.013512,-23.427102],[-52.013554,-23.427131],[-52.013598,-23.427158],[-52.013673,-23.427193],[-52.013717,-23.427212],[-52.013774,-23.427236],[-52.013825,-23.427257],[-52.013863,-23.427275],[-52.013893,-23.427289],[-52.013926,-23.427304],[-52.013958,-23.427316],[-52.013985,-23.427312],[-52.014007,-23.427295],[-52.014033,-23.427261],[-52.014058,-23.427236],[-52.014093,-23.427214],[-52.01413,-23.427202],[-52.014158,-23.427207],[-52.014181,-23.427219],[-52.014194,-23.427237],[-52.0142,-23.427278],[-52.01421,-23.427308],[-52.014231,-23.427338],[-52.014254,-23.427365],[-52.014279,-23.427374],[-52.014318,-23.427372],[-52.014378,-23.427362],[-52.014439,-23.427357],[-52.01446,-23.427365],[-52.014482,-23.427382],[-52.014495,-23.427411],[-52.014513,-23.427464],[-52.014527,-23.427509],[-52.014531,-23.427542],[-52.014533,-23.427604],[-52.014537,-23.427658],[-52.014553,-23.42769],[-52.014577,-23.427714],[-52.014602,-23.427734],[-52.01463,-23.427757],[-52.014665,-23.427774],[-52.014702,-23.42779],[-52.014751,-23.427837],[-52.0148,-23.427861],[-52.014851,-23.427853],[-52.014919,-23.427827],[-52.014987,-23.427825],[-52.015085,-23.427825],[-52.01519,-23.427841],[-52.015286,-23.427862],[-52.015344,-23.427895],[-52.015385,-23.427936],[-52.015416,-23.428005],[-52.015434,-23.428083],[-52.015461,-23.428136],[-52.015542,-23.428222],[-52.015605,-23.428264],[-52.015701,-23.428294],[-52.01581,-23.42833],[-52.015904,-23.428374],[-52.016025,-23.428406],[-52.016155,-23.428452],[-52.016227,-23.428488],[-52.016335,-23.428554],[-52.016438,-23.428605],[-52.016526,-23.428647],[-52.016596,-23.428682],[-52.016669,-23.428717],[-52.016745,-23.428779],[-52.016831,-23.428863],[-52.016924,-23.428958],[-52.017013,-23.429036],[-52.017048,-23.429064],[-52.017099,-23.429093],[-52.017132,-23.429099],[-52.01717,-23.429106],[-52.017215,-23.429123],[-52.017391,-23.42925],[-52.017536,-23.429367],[-52.017676,-23.429494],[-52.017791,-23.429614],[-52.017907,-23.429714],[-52.017962,-23.429751],[-52.018012,-23.42979],[-52.018058,-23.429825],[-52.018106,-23.429872],[-52.018165,-23.429909],[-52.018239,-23.429955],[-52.01832,-23.429988],[-52.018386,-23.430006],[-52.018448,-23.430035],[-52.01849,-23.430056],[-52.018534,-23.430089],[-52.018555,-23.430114],[-52.018568,-23.430151],[-52.018574,-23.430182],[-52.018572,-23.43021],[-52.018582,-23.430234],[-52.018592,-23.43026],[-52.018585,-23.430293],[-52.018595,-23.430323],[-52.018617,-23.430338],[-52.018656,-23.43034],[-52.018677,-23.430344],[-52.018703,-23.430351],[-52.018727,-23.430373],[-52.018751,-23.430397],[-52.018825,-23.430482],[-52.01888,-23.430557],[-52.018921,-23.430635],[-52.01895,-23.430679],[-52.018998,-23.430717],[-52.019107,-23.430831],[-52.01924,-23.430972],[-52.019292,-23.431039],[-52.01938,-23.431161],[-52.019422,-23.431234],[-52.019484,-23.431354],[-52.019502,-23.431415],[-52.019509,-23.431456],[-52.019516,-23.431494],[-52.01951,-23.431547],[-52.0195,-23.431598],[-52.019484,-23.431652],[-52.019469,-23.431726],[-52.019462,-23.431781],[-52.019465,-23.431829],[-52.019493,-23.431877],[-52.01953,-23.431921],[-52.019598,-23.431985],[-52.019657,-23.432031],[-52.019719,-23.432071],[-52.019804,-23.432121],[-52.019858,-23.432166],[-52.019876,-23.432192],[-52.019884,-23.432214],[-52.019888,-23.432251],[-52.019895,-23.432276],[-52.019921,-23.432305],[-52.019958,-23.432345],[-52.019994,-23.43237],[-52.020022,-23.432404],[-52.020078,-23.432453],[-52.020094,-23.432475],[-52.020138,-23.432541],[-52.020174,-23.432605],[-52.020229,-23.43269],[-52.020306,-23.432781],[-52.020371,-23.432843],[-52.020415,-23.432881],[-52.020454,-23.432926],[-52.020508,-23.433042],[-52.02056,-23.43315],[-52.020621,-23.433252],[-52.020803,-23.433489],[-52.020984,-23.433693],[-52.02114,-23.433878],[-52.021307,-23.434078],[-52.021377,-23.434161],[-52.021413,-23.434222],[-52.021443,-23.434292],[-52.021458,-23.434346],[-52.021485,-23.43447],[-52.021521,-23.434683],[-52.02156,-23.434833],[-52.021598,-23.434952],[-52.021656,-23.435041],[-52.02172,-23.435113],[-52.021787,-23.43517],[-52.021869,-23.43521],[-52.022026,-23.435263],[-52.022182,-23.435325],[-52.022297,-23.435365],[-52.022508,-23.435435],[-52.022753,-23.435509],[-52.022853,-23.435535],[-52.023065,-23.4356],[-52.023237,-23.435653],[-52.023427,-23.435712],[-52.023557,-23.435752],[-52.023697,-23.435821],[-52.023761,-23.435844],[-52.02381,-23.435871],[-52.023964,-23.435972],[-52.02416,-23.436072],[-52.024307,-23.43613],[-52.024502,-23.436203],[-52.024669,-23.436264],[-52.025059,-23.436441],[-52.025251,-23.436539],[-52.025386,-23.436612],[-52.025432,-23.436637],[-52.025463,-23.436654],[-52.025505,-23.436677],[-52.025555,-23.436704],[-52.025611,-23.436734],[-52.025664,-23.436762],[-52.025703,-23.436787],[-52.025764,-23.436831],[-52.025819,-23.436877],[-52.02589,-23.436936],[-52.025926,-23.43697],[-52.02604,-23.43708],[-52.026099,-23.437137],[-52.026262,-23.43727],[-52.026345,-23.437331],[-52.026374,-23.437353],[-52.026423,-23.437371],[-52.026485,-23.437374],[-52.026536,-23.437368],[-52.026587,-23.437358],[-52.026646,-23.437349],[-52.026679,-23.437342],[-52.026711,-23.43734],[-52.026773,-23.437345],[-52.026823,-23.437344],[-52.026903,-23.437346],[-52.02698,-23.437341],[-52.027063,-23.437321],[-52.027163,-23.437291],[-52.027276,-23.437261],[-52.027382,-23.437237],[-52.027517,-23.437197],[-52.027586,-23.437168],[-52.027655,-23.437123],[-52.027682,-23.437103],[-52.027721,-23.43708],[-52.02785,-23.437032],[-52.027991,-23.436976],[-52.028084,-23.436928],[-52.028278,-23.436832],[-52.028369,-23.436802],[-52.02845,-23.436785],[-52.02854,-23.436769],[-52.028665,-23.436748],[-52.028847,-23.436721],[-52.028998,-23.436705],[-52.02917,-23.43668],[-52.029307,-23.436659],[-52.029393,-23.43664],[-52.029489,-23.436605],[-52.029613,-23.436559],[-52.029711,-23.436525],[-52.029807,-23.436491],[-52.029949,-23.436441],[-52.030071,-23.436398],[-52.03018,-23.436354],[-52.030253,-23.436329],[-52.030348,-23.436296],[-52.030437,-23.43626],[-52.030487,-23.436235],[-52.030548,-23.436205],[-52.0306,-23.436176],[-52.030658,-23.436152],[-52.030724,-23.436137],[-52.030845,-23.436112],[-52.030909,-23.436095],[-52.030968,-23.436072],[-52.031015,-23.436057],[-52.031083,-23.436045],[-52.031176,-23.436023],[-52.031237,-23.436005],[-52.031299,-23.435984],[-52.031401,-23.435954],[-52.031459,-23.435931],[-52.031586,-23.435881],[-52.031693,-23.435839],[-52.031759,-23.435813],[-52.031798,-23.4358],[-52.031827,-23.435784],[-52.031874,-23.435765],[-52.031915,-23.435752],[-52.031955,-23.43575],[-52.032007,-23.435749],[-52.032154,-23.435721],[-52.032228,-23.435706],[-52.032284,-23.435693],[-52.032342,-23.435682],[-52.032399,-23.435671],[-52.032436,-23.435668],[-52.032453,-23.435666],[-52.032488,-23.435668],[-52.032559,-23.435666],[-52.032594,-23.435663],[-52.032646,-23.435668],[-52.032679,-23.435672],[-52.032711,-23.435672],[-52.032742,-23.435662],[-52.032775,-23.435644],[-52.032789,-23.435632],[-52.032799,-23.435625],[-52.03282,-23.435616],[-52.032875,-23.435608],[-52.032962,-23.435613],[-52.033085,-23.435611],[-52.03321,-23.4356],[-52.033272,-23.435596],[-52.033364,-23.435597],[-52.033424,-23.435599],[-52.033464,-23.435596],[-52.033499,-23.435587],[-52.033588,-23.435562],[-52.033652,-23.435547],[-52.03374,-23.435545],[-52.033848,-23.435554],[-52.033956,-23.435554],[-52.034046,-23.435542],[-52.034203,-23.435533],[-52.03426,-23.435534],[-52.034346,-23.435528],[-52.034439,-23.43552],[-52.034549,-23.435518],[-52.034647,-23.435513],[-52.034753,-23.435501],[-52.034932,-23.435481],[-52.035124,-23.435473],[-52.035188,-23.435471],[-52.035226,-23.435459],[-52.035252,-23.435441],[-52.035275,-23.43541],[-52.035298,-23.435392],[-52.035328,-23.435374],[-52.035363,-23.435372],[-52.035398,-23.435373],[-52.035438,-23.435387],[-52.035459,-23.435398],[-52.035484,-23.435402],[-52.035673,-23.435417],[-52.035781,-23.435419],[-52.035916,-23.435426],[-52.036006,-23.435424],[-52.036117,-23.435408],[-52.036244,-23.435387],[-52.036331,-23.435384],[-52.036504,-23.435379],[-52.036616,-23.435372],[-52.036747,-23.435366],[-52.036862,-23.43537],[-52.037212,-23.4354],[-52.037496,-23.435423],[-52.037629,-23.43542],[-52.037846,-23.435407],[-52.038033,-23.435403],[-52.03818,-23.4354],[-52.038387,-23.435396],[-52.038465,-23.435391],[-52.038536,-23.4354],[-52.038621,-23.435393],[-52.03873,-23.435398],[-52.038814,-23.435416],[-52.03891,-23.435445],[-52.038984,-23.435466],[-52.039128,-23.435495],[-52.039241,-23.435529],[-52.039322,-23.43556],[-52.039375,-23.435565],[-52.039457,-23.435575],[-52.039565,-23.435586],[-52.0396,-23.435586],[-52.039639,-23.435593],[-52.039677,-23.435627],[-52.039709,-23.435697],[-52.039735,-23.435763],[-52.039769,-23.435796],[-52.039821,-23.435813],[-52.039892,-23.435824],[-52.039979,-23.435825],[-52.040038,-23.435791],[-52.040138,-23.435762],[-52.040267,-23.435746],[-52.040357,-23.435737],[-52.040421,-23.435731],[-52.040487,-23.435725],[-52.040551,-23.435729],[-52.040603,-23.435748],[-52.040653,-23.435785],[-52.040722,-23.435843],[-52.040788,-23.435915],[-52.040822,-23.435979],[-52.040838,-23.436023],[-52.040862,-23.436087],[-52.040885,-23.43615],[-52.040922,-23.436208],[-52.040973,-23.436261],[-52.041035,-23.436308],[-52.041134,-23.436371],[-52.041206,-23.436444],[-52.041327,-23.436551],[-52.041388,-23.436592],[-52.041456,-23.436643],[-52.041527,-23.436691],[-52.041571,-23.436722],[-52.041611,-23.436751],[-52.041647,-23.436779],[-52.041659,-23.436802],[-52.041674,-23.436851],[-52.04168,-23.436882],[-52.041688,-23.436922],[-52.041693,-23.436967],[-52.041679,-23.437005],[-52.041657,-23.437032],[-52.04164,-23.437052],[-52.041613,-23.437085],[-52.041575,-23.437131],[-52.041563,-23.437165],[-52.041574,-23.437195],[-52.041604,-23.437218],[-52.041649,-23.437244],[-52.041738,-23.437283],[-52.041779,-23.437324],[-52.041816,-23.437374],[-52.041898,-23.437453],[-52.041963,-23.437517],[-52.042046,-23.437571],[-52.042163,-23.437629],[-52.042288,-23.437691],[-52.042361,-23.43776],[-52.042386,-23.437794],[-52.042413,-23.437821],[-52.042443,-23.437842],[-52.042488,-23.437866],[-52.042652,-23.437949],[-52.042845,-23.438003],[-52.04316,-23.438062],[-52.04351,-23.438151],[-52.043809,-23.438266],[-52.044037,-23.438372],[-52.044265,-23.438501],[-52.044407,-23.438613],[-52.044652,-23.438762],[-52.044858,-23.438859],[-52.044965,-23.438906],[-52.045099,-23.438928],[-52.045222,-23.438937],[-52.045324,-23.438942],[-52.045397,-23.438937],[-52.045461,-23.438953],[-52.045513,-23.438971],[-52.045577,-23.438993],[-52.045648,-23.438983],[-52.045702,-23.438942],[-52.045756,-23.43889],[-52.045816,-23.438825],[-52.045859,-23.438776],[-52.045916,-23.438724],[-52.045957,-23.438708],[-52.045999,-23.438709],[-52.046064,-23.438728],[-52.046139,-23.438767],[-52.046248,-23.438803],[-52.046298,-23.438835],[-52.046357,-23.43885],[-52.046414,-23.438885]],[[-52.013459,-23.427038],[-52.013454,-23.427023],[-52.013456,-23.427],[-52.013473,-23.426959],[-52.01349,-23.426928],[-52.013504,-23.42689],[-52.013513,-23.426841],[-52.013516,-23.426798],[-52.013508,-23.426756],[-52.013479,-23.426718],[-52.013461,-23.426699],[-52.013443,-23.426691],[-52.013402,-23.426679],[-52.013352,-23.426678],[-52.013337,-23.426679],[-52.013304,-23.426691],[-52.013271,-23.426703],[-52.013244,-23.426708],[-52.013217,-23.426706],[-52.01317,-23.426702],[-52.013131,-23.426694],[-52.013105,-23.426676],[-52.013089,-23.426648],[-52.013083,-23.426608],[-52.013074,-23.426574],[-52.01306,-23.426553],[-52.013031,-23.42653],[-52.012973,-23.426514],[-52.012917,-23.426509],[-52.012884,-23.426502],[-52.012851,-23.426488],[-52.012827,-23.426474],[-52.012816,-23.426459],[-52.012812,-23.426437],[-52.012812,-23.426413],[-52.012815,-23.426384],[-52.012824,-23.426365],[-52.012842,-23.426349],[-52.012862,-23.426327],[-52.012871,-23.42631],[-52.012873,-23.426279],[-52.012865,-23.426253],[-52.012853,-23.426242],[-52.012834,-23.426235],[-52.012807,-23.426227],[-52.012747,-23.426212],[-52.012705,-23.426198],[-52.012666,-23.426174],[-52.012636,-23.426148],[-52.01261,-23.426126],[-52.012595,-23.426104],[-52.012575,-23.426082],[-52.012537,-23.426055],[-52.012479,-23.426027],[-52.012422,-23.42599],[-52.012383,-23.425962],[-52.012362,-23.425939],[-52.012333,-23.425891],[-52.012314,-23.425851],[-52.012289,-23.425797],[-52.012255,-23.425718],[-52.012241,-23.425662],[-52.012239,-23.425621],[-52.012251,-23.425591],[-52.012275,-23.425563],[-52.01232,-23.425469],[-52.012316,-23.425426],[-52.01229,-23.425368],[-52.012246,-23.425326],[-52.012171,-23.42529],[-52.012079,-23.425269],[-52.012002,-23.425271],[-52.011931,-23.425293],[-52.011868,-23.42532],[-52.011806,-23.425358],[-52.01174,-23.42539],[-52.011691,-23.425395],[-52.011639,-23.425379],[-52.011526,-23.425323],[-52.01146,-23.425269],[-52.011391,-23.425211],[-52.011327,-23.425175],[-52.011263,-23.425158],[-52.011214,-23.425126],[-52.011145,-23.425062],[-52.011093,-23.424998],[-52.011056,-23.424936],[-52.011012,-23.424897],[-52.010977,-23.424844],[-52.010952,-23.424737],[-52.01092,-23.424692],[-52.010863,-23.424609],[-52.010808,-23.424532],[-52.010745,-23.424474],[-52.010711,-23.42444],[-52.010672,-23.424416],[-52.010621,-23.424409],[-52.010565,-23.42439],[-52.010523,-23.424374],[-52.010506,-23.424364],[-52.0105,-23.424356],[-52.010498,-23.424348],[-52.010498,-23.424339],[-52.010501,-23.424286],[-52.010496,-23.424248],[-52.010478,-23.424217],[-52.010463,-23.424198],[-52.01044,-23.424181],[-52.010377,-23.424168],[-52.010346,-23.424155],[-52.010318,-23.424139],[-52.010286,-23.424118],[-52.010266,-23.424092],[-52.010256,-23.424058],[-52.010254,-23.424022],[-52.010252,-23.423969],[-52.010243,-23.423945],[-52.01022,-23.423931],[-52.010199,-23.42392],[-52.010177,-23.423916],[-52.010087,-23.423879],[-52.01005,-23.423867],[-52.010016,-23.423855],[-52.010001,-23.423852],[-52.009977,-23.423839],[-52.009953,-23.423823],[-52.009918,-23.423801],[-52.009895,-23.423792],[-52.009879,-23.42378],[-52.009855,-23.423752],[-52.009835,-23.423702],[-52.00982,-23.423646],[-52.009788,-23.423596],[-52.009745,-23.423545],[-52.009718,-23.423505],[-52.009662,-23.423463],[-52.009601,-23.423422],[-52.009573,-23.42341],[-52.00953,-23.423408],[-52.009486,-23.423386],[-52.009422,-23.42336],[-52.009387,-23.423339],[-52.009352,-23.423296],[-52.009313,-23.423263],[-52.009265,-23.423236],[-52.009227,-23.423222],[-52.009171,-23.423207],[-52.009113,-23.423196],[-52.00905,-23.423198],[-52.008987,-23.423205],[-52.008942,-23.423212],[-52.008917,-23.423211],[-52.008874,-23.423198],[-52.008817,-23.423178],[-52.008766,-23.423157],[-52.008703,-23.423129],[-52.008655,-23.4231],[-52.008589,-23.423074],[-52.008541,-23.423051],[-52.008499,-23.423024],[-52.008479,-23.423002],[-52.008452,-23.422953],[-52.008442,-23.422901],[-52.008436,-23.422848],[-52.008436,-23.422807],[-52.008422,-23.422778],[-52.008406,-23.422765],[-52.008371,-23.422748],[-52.008333,-23.422726],[-52.008293,-23.422701],[-52.008239,-23.42267],[-52.008173,-23.422618],[-52.00815,-23.422601],[-52.008127,-23.42259],[-52.008094,-23.422571],[-52.008074,-23.422547],[-52.00804,-23.422532],[-52.007989,-23.4225],[-52.007935,-23.422454],[-52.007878,-23.422406],[-52.007813,-23.422361],[-52.007738,-23.422309],[-52.007664,-23.422265],[-52.007625,-23.422238],[-52.007595,-23.422209],[-52.007581,-23.422181],[-52.007571,-23.422146],[-52.007549,-23.422096],[-52.007499,-23.422035],[-52.007455,-23.422006],[-52.007438,-23.42198],[-52.007424,-23.421948],[-52.00741,-23.421913],[-52.007394,-23.421895],[-52.007368,-23.421887],[-52.007337,-23.421882],[-52.007282,-23.421864],[-52.007198,-23.421837],[-52.007151,-23.421813],[-52.007133,-23.421802],[-52.007067,-23.421786],[-52.007004,-23.421773],[-52.006982,-23.421762],[-52.006972,-23.421751],[-52.006966,-23.421732],[-52.006969,-23.42171],[-52.006968,-23.421689],[-52.006954,-23.421672],[-52.006929,-23.421659],[-52.006903,-23.421645],[-52.006854,-23.421617],[-52.006807,-23.421596],[-52.006774,-23.421587],[-52.006759,-23.421574],[-52.00675,-23.421559],[-52.006743,-23.421524],[-52.006736,-23.421493],[-52.006722,-23.421457],[-52.006686,-23.421418],[-52.006646,-23.421384],[-52.006594,-23.421354],[-52.00654,-23.421319],[-52.006487,-23.421276],[-52.006459,-23.421252],[-52.006422,-23.421237],[-52.006395,-23.421226],[-52.006365,-23.421211],[-52.006298,-23.421166],[-52.006211,-23.421111],[-52.00619,-23.421085],[-52.006162,-23.421068],[-52.006126,-23.421064],[-52.00605,-23.421066],[-52.005994,-23.421063],[-52.005949,-23.421053],[-52.005918,-23.421041],[-52.00588,-23.421026],[-52.005863,-23.421009],[-52.005847,-23.420983],[-52.005828,-23.420964],[-52.005777,-23.420935],[-52.005755,-23.420928],[-52.005733,-23.420925],[-52.005705,-23.420936],[-52.005681,-23.420955],[-52.005655,-23.420989],[-52.005627,-23.421024],[-52.0056,-23.421049],[-52.00558,-23.421059],[-52.005524,-23.421067],[-52.005476,-23.421056],[-52.005418,-23.421027],[-52.005349,-23.420995],[-52.005318,-23.420971],[-52.005287,-23.420949],[-52.005262,-23.42093],[-52.00524,-23.420914],[-52.005217,-23.420907],[-52.005183,-23.420899],[-52.00513,-23.420901],[-52.005075,-23.420892],[-52.005023,-23.420882],[-52.004967,-23.420867],[-52.004924,-23.420858],[-52.004885,-23.420842],[-52.004837,-23.420829],[-52.004801,-23.420815],[-52.004767,-23.420791],[-52.004723,-23.420759],[-52.004686,-23.420736],[-52.004659,-23.420714],[-52.004629,-23.420683],[-52.00459,-23.420653],[-52.004568,-23.420642],[-52.00452,-23.420613],[-52.004426,-23.420563],[-52.00436,-23.420532],[-52.004312,-23.420509],[-52.00426,-23.420499],[-52.004216,-23.420497],[-52.004142,-23.420497],[-52.004046,-23.420476],[-52.003947,-23.420448],[-52.00386,-23.420408],[-52.003758,-23.42034],[-52.003664,-23.420277],[-52.003579,-23.42022],[-52.003474,-23.42014],[-52.003384,-23.420075],[-52.003249,-23.419984],[-52.003209,-23.419962],[-52.003161,-23.419957],[-52.003095,-23.419967],[-52.003031,-23.419981],[-52.00295,-23.419984],[-52.002832,-23.419983],[-52.002753,-23.419977],[-52.002684,-23.419962],[-52.002621,-23.419938],[-52.002587,-23.419915],[-52.002556,-23.419894],[-52.002498,-23.419875],[-52.002421,-23.419852],[-52.002392,-23.419842],[-52.002368,-23.41983],[-52.002352,-23.419815],[-52.002327,-23.419787],[-52.002301,-23.419773],[-52.002276,-23.419764],[-52.002237,-23.419754],[-52.002199,-23.419734],[-52.002166,-23.419713],[-52.002132,-23.419688],[-52.002109,-23.419654],[-52.002087,-23.419617],[-52.002067,-23.419581],[-52.002053,-23.419565],[-52.00202,-23.419544],[-52.001973,-23.419515],[-52.001935,-23.419473],[-52.001891,-23.419442],[-52.001824,-23.419423],[-52.001752,-23.419412],[-52.001691,-23.419398],[-52.001646,-23.419384],[-52.001567,-23.419362],[-52.001434,-23.419321],[-52.001376,-23.419299],[-52.001246,-23.419254],[-52.00116,-23.419235],[-52.001062,-23.419222],[-52.000966,-23.419214],[-52.000859,-23.419213],[-52.000776,-23.419204],[-52.000709,-23.419194],[-52.000625,-23.419172],[-52.000581,-23.419145],[-52.000549,-23.41913],[-52.00048,-23.419119],[-52.000395,-23.419118],[-52.000236,-23.419117],[-52.000171,-23.419101],[-52.000106,-23.41908],[-52.000032,-23.419058],[-51.99999,-23.419031],[-51.999975,-23.419019],[-51.999958,-23.418994],[-51.999906,-23.418954],[-51.999831,-23.418899],[-51.999758,-23.41887],[-51.999654,-23.418848],[-51.999546,-23.418813],[-51.99942,-23.41878],[-51.999336,-23.418747],[-51.999274,-23.418721],[-51.999235,-23.418709],[-51.999161,-23.418698],[-51.999114,-23.418704],[-51.999064,-23.418736],[-51.999033,-23.418752]]]}},
{"type":"Feature","properties":{"name":"Rio Pirapó"},"geometry":{"type":"LineString","coordinates":[[-51.965405,-23.2532],[-51.965191,-23.253325],[-51.965368,-23.253658],[-51.965395,-23.253885],[-51.96541,-23.254112],[-51.965327,-23.254339],[-51.96511,-23.254663],[-51.964795,-23.25497],[-51.964449,-23.255337],[-51.964141,-23.255685],[-51.963916,-23.255878],[-51.96353,-23.256167],[-51.962699,-23.256674],[-51.961786,-23.257271],[-51.961096,-23.257586],[-51.96047,-23.257721],[-51.959946,-23.257754],[-51.959759,-23.257767],[-51.959047,-23.257676],[-51.958019,-23.257688],[-51.957353,-23.257758],[-51.956824,-23.257892],[-51.956443,-23.257996],[-51.956134,-23.258177],[-51.955922,-23.258388],[-51.955672,-23.258646],[-51.955318,-23.258887],[-51.955073,-23.258925],[-51.95473,-23.258879],[-51.954238,-23.258864],[-51.953519,-23.258677],[-51.953305,-23.258547],[-51.953117,-23.258471],[-51.952916,-23.258454],[-51.952638,-23.258497],[-51.952374,-23.258619],[-51.952213,-23.258739],[-51.952072,-23.258937],[-51.952055,-23.259206],[-51.952063,-23.259499],[-51.952052,-23.25969],[-51.951936,-23.259828],[-51.951658,-23.259848],[-51.951496,-23.259789],[-51.951231,-23.259689],[-51.950913,-23.259631],[-51.950551,-23.259633],[-51.950306,-23.259736],[-51.950184,-23.25988],[-51.950056,-23.259995],[-51.950038,-23.26024],[-51.95013,-23.260472],[-51.950262,-23.260758],[-51.9504,-23.261056],[-51.950487,-23.261462],[-51.950469,-23.261779],[-51.950431,-23.262162],[-51.950391,-23.262386],[-51.950343,-23.262548],[-51.950236,-23.262853],[-51.950092,-23.263111],[-51.949987,-23.263294],[-51.949842,-23.263411],[-51.94972,-23.263489],[-51.949345,-23.263509],[-51.949093,-23.263492],[-51.948866,-23.26344],[-51.94871,-23.263315],[-51.948535,-23.263263],[-51.948257,-23.26327],[-51.947967,-23.263374],[-51.947652,-23.263549],[-51.947297,-23.263694],[-51.946968,-23.263774],[-51.946722,-23.26374],[-51.946513,-23.263514],[-51.94644,-23.263269],[-51.946471,-23.263054],[-51.946521,-23.262773],[-51.946461,-23.262481],[-51.946252,-23.262267],[-51.945948,-23.262167],[-51.945682,-23.262127],[-51.945178,-23.262142],[-51.944835,-23.26212],[-51.944486,-23.262128],[-51.94415,-23.262208],[-51.943983,-23.262322],[-51.943932,-23.262478],[-51.943953,-23.262687],[-51.944162,-23.262943],[-51.944383,-23.263138],[-51.944585,-23.2634],[-51.944645,-23.263645],[-51.944569,-23.263872],[-51.944434,-23.263992],[-51.944118,-23.264024],[-51.943658,-23.263991],[-51.943244,-23.263922],[-51.94283,-23.263823],[-51.942279,-23.263766],[-51.941846,-23.263733],[-51.941387,-23.263736],[-51.940876,-23.263715],[-51.94041,-23.2637],[-51.93999,-23.263726],[-51.939525,-23.263819],[-51.939105,-23.263869],[-51.938905,-23.263954],[-51.93879,-23.264116],[-51.938752,-23.264289],[-51.938781,-23.264642],[-51.938856,-23.265155],[-51.93897,-23.265842],[-51.93911,-23.266402],[-51.939229,-23.266844],[-51.93936,-23.26698],[-51.939542,-23.267152],[-51.939743,-23.267259],[-51.939976,-23.267204],[-51.940175,-23.267041],[-51.940438,-23.266795],[-51.940832,-23.266625],[-51.941168,-23.266617],[-51.941505,-23.266687],[-51.941836,-23.266936],[-51.941903,-23.267228],[-51.941866,-23.267527],[-51.941649,-23.267958],[-51.94149,-23.2683],[-51.94137,-23.268683],[-51.941373,-23.269077],[-51.941439,-23.269376],[-51.941719,-23.269583],[-51.941785,-23.269768],[-51.941863,-23.269857],[-51.942012,-23.269832],[-51.942439,-23.269842],[-51.942885,-23.269875],[-51.943041,-23.269951],[-51.943074,-23.270053],[-51.943004,-23.270197],[-51.942759,-23.270359],[-51.942521,-23.270534],[-51.942329,-23.270798],[-51.942105,-23.27114],[-51.941703,-23.271859],[-51.941487,-23.272494],[-51.941388,-23.273032],[-51.941363,-23.273283],[-51.941203,-23.273452],[-51.941036,-23.273554],[-51.940783,-23.273514],[-51.940413,-23.273355],[-51.939901,-23.273101],[-51.939291,-23.272806],[-51.938765,-23.272552],[-51.938227,-23.272328],[-51.937871,-23.272265],[-51.937489,-23.272183],[-51.936926,-23.272199],[-51.936403,-23.272267],[-51.936106,-23.272365],[-51.935751,-23.272504],[-51.935339,-23.272704],[-51.935004,-23.272921],[-51.934741,-23.273269],[-51.93444,-23.273647],[-51.93421,-23.274019],[-51.933954,-23.274469],[-51.933892,-23.274804],[-51.933708,-23.275396],[-51.933492,-23.275935],[-51.93323,-23.276355],[-51.933013,-23.276751],[-51.932616,-23.277392],[-51.932231,-23.277723],[-51.931527,-23.277847],[-51.931152,-23.277909],[-51.930719,-23.277983],[-51.9303,-23.278087],[-51.930028,-23.278083],[-51.929847,-23.278161],[-51.92948,-23.278373],[-51.929255,-23.278601],[-51.928683,-23.278987],[-51.928464,-23.279114],[-51.92844,-23.279389],[-51.928564,-23.279597],[-51.928739,-23.27968],[-51.929089,-23.279779],[-51.929362,-23.279915],[-51.929544,-23.280081],[-51.929571,-23.280332],[-51.929502,-23.280512],[-51.929341,-23.280632],[-51.929166,-23.280657],[-51.928939,-23.280593],[-51.928635,-23.280487],[-51.928311,-23.280387],[-51.927987,-23.280341],[-51.927625,-23.280331],[-51.927082,-23.280359],[-51.926417,-23.2805],[-51.925733,-23.280761],[-51.92512,-23.28092],[-51.924699,-23.280928],[-51.924033,-23.280878],[-51.92358,-23.280923],[-51.923348,-23.28105],[-51.923272,-23.281223],[-51.923306,-23.281456],[-51.92343,-23.281587],[-51.923644,-23.281705],[-51.923981,-23.281787],[-51.924279,-23.281815],[-51.924628,-23.281831],[-51.925074,-23.281822],[-51.92541,-23.281808],[-51.925728,-23.281872],[-51.92582,-23.282105],[-51.925881,-23.282493],[-51.92587,-23.282797],[-51.925795,-23.283234],[-51.925689,-23.283802],[-51.925589,-23.284299],[-51.925354,-23.28485],[-51.925085,-23.28524],[-51.924905,-23.285438],[-51.924636,-23.28581],[-51.924386,-23.286164],[-51.924117,-23.28659],[-51.923738,-23.286867],[-51.923492,-23.286934],[-51.92324,-23.286893],[-51.922703,-23.286873],[-51.922185,-23.286816],[-51.921803,-23.286764],[-51.921615,-23.28673],[-51.921422,-23.286773],[-51.921073,-23.286906],[-51.920558,-23.287178],[-51.919835,-23.287403],[-51.919222,-23.287598],[-51.918447,-23.287824],[-51.917711,-23.287906],[-51.916929,-23.288018],[-51.916444,-23.288092],[-51.915947,-23.288251],[-51.915606,-23.28842],[-51.9152,-23.288673],[-51.914491,-23.289095],[-51.913931,-23.289457],[-51.913293,-23.289754],[-51.912737,-23.28987],[-51.911652,-23.290026],[-51.911174,-23.29013],[-51.910947,-23.290084],[-51.910726,-23.289924],[-51.910563,-23.28962],[-51.910455,-23.289077],[-51.910408,-23.288725],[-51.910303,-23.288475],[-51.909998,-23.288327],[-51.909687,-23.288269],[-51.909389,-23.288301],[-51.909086,-23.288398],[-51.90868,-23.28855],[-51.90839,-23.288737],[-51.907991,-23.28899],[-51.907636,-23.289219],[-51.907115,-23.289527],[-51.906729,-23.289834],[-51.906362,-23.290146],[-51.905983,-23.290507],[-51.90552,-23.290946],[-51.905225,-23.291246],[-51.904916,-23.291553],[-51.904582,-23.291847],[-51.904208,-23.292065],[-51.903822,-23.292384],[-51.90363,-23.29257],[-51.903321,-23.292882],[-51.902955,-23.293207],[-51.902608,-23.293579],[-51.902351,-23.293814],[-51.902133,-23.294078],[-51.901889,-23.294402],[-51.90149,-23.294619],[-51.901096,-23.294771],[-51.900677,-23.294947],[-51.900059,-23.295351],[-51.899545,-23.295838],[-51.898985,-23.296313],[-51.898393,-23.296716],[-51.897825,-23.297],[-51.89718,-23.297273],[-51.89669,-23.297383],[-51.89638,-23.297505],[-51.896259,-23.297744],[-51.896241,-23.298037],[-51.896263,-23.298437],[-51.896403,-23.299028],[-51.896555,-23.299559],[-51.896683,-23.300245],[-51.896835,-23.300752],[-51.897044,-23.301097],[-51.897474,-23.301483],[-51.898241,-23.302011],[-51.89865,-23.302271],[-51.899169,-23.302585],[-51.899513,-23.302744],[-51.89958,-23.302977],[-51.899536,-23.30327],[-51.899383,-23.303528],[-51.899015,-23.303691],[-51.898505,-23.303772],[-51.89771,-23.303836],[-51.896985,-23.303858],[-51.896293,-23.303874],[-51.895802,-23.303931],[-51.895445,-23.303988],[-51.895233,-23.304005],[-51.895042,-23.304035],[-51.894654,-23.304122],[-51.894437,-23.304177],[-51.893958,-23.304267],[-51.893448,-23.304431],[-51.893158,-23.304582],[-51.893004,-23.304732],[-51.892752,-23.304776],[-51.892467,-23.304807],[-51.892143,-23.304659],[-51.891636,-23.304268],[-51.891284,-23.303989],[-51.89099,-23.303501],[-51.890736,-23.303287],[-51.890347,-23.303057],[-51.889789,-23.302785],[-51.888893,-23.302366],[-51.888296,-23.302035],[-51.887698,-23.301632],[-51.887126,-23.301229],[-51.886528,-23.300754],[-51.886112,-23.300434],[-51.885806,-23.300125],[-51.885455,-23.29981],[-51.885052,-23.299627],[-51.884346,-23.299374],[-51.88362,-23.299175],[-51.883004,-23.299029],[-51.882441,-23.298913],[-51.881845,-23.298773],[-51.881385,-23.298662],[-51.881015,-23.298539],[-51.880666,-23.298499],[-51.880154,-23.298376],[-51.879759,-23.298265],[-51.879402,-23.2981],[-51.879032,-23.297863],[-51.878687,-23.297614],[-51.878524,-23.297388],[-51.878326,-23.296845],[-51.878239,-23.296362],[-51.878124,-23.29561],[-51.878103,-23.295329],[-51.878028,-23.294768],[-51.877973,-23.29398],[-51.877921,-23.293747],[-51.877802,-23.293357],[-51.877571,-23.292928],[-51.877285,-23.292564],[-51.876962,-23.292433],[-51.876651,-23.29237],[-51.876395,-23.292336],[-51.87608,-23.292341],[-51.875622,-23.292333],[-51.875335,-23.292299],[-51.875012,-23.292207],[-51.874717,-23.292105],[-51.874565,-23.29202],[-51.874276,-23.291803],[-51.873995,-23.291557],[-51.873936,-23.291342],[-51.87395,-23.291145],[-51.873998,-23.290872],[-51.874147,-23.290524],[-51.874286,-23.290294],[-51.874447,-23.29007],[-51.874504,-23.289826],[-51.874563,-23.28941],[-51.874603,-23.288994],[-51.874536,-23.288765],[-51.874441,-23.288543],[-51.87421,-23.288244],[-51.873863,-23.287969],[-51.873477,-23.287699],[-51.873166,-23.287593],[-51.872917,-23.28753],[-51.872638,-23.287553],[-51.872304,-23.28758],[-51.872064,-23.287578],[-51.87164,-23.287487],[-51.871345,-23.287388],[-51.87101,-23.287304],[-51.870661,-23.287239],[-51.870195,-23.28726],[-51.869872,-23.287321],[-51.869459,-23.287395],[-51.869175,-23.287486],[-51.868807,-23.287674],[-51.868473,-23.287986],[-51.868395,-23.288265],[-51.86835,-23.288545],[-51.868275,-23.289047],[-51.868288,-23.289757],[-51.868346,-23.29028],[-51.868504,-23.290731],[-51.868677,-23.291174],[-51.869162,-23.292037],[-51.869518,-23.292685],[-51.869616,-23.29342],[-51.869538,-23.294243],[-51.869398,-23.294922],[-51.86937,-23.29542],[-51.869478,-23.296193],[-51.869617,-23.296814],[-51.869683,-23.297378],[-51.86979,-23.297998],[-51.869981,-23.298638],[-51.870223,-23.299334],[-51.870611,-23.300059],[-51.87087,-23.300497],[-51.870934,-23.300769],[-51.871116,-23.30137],[-51.871229,-23.302065],[-51.871193,-23.302402],[-51.871188,-23.302904],[-51.871083,-23.303464],[-51.870937,-23.303754],[-51.870757,-23.303951],[-51.870412,-23.304235],[-51.87016,-23.30448],[-51.869871,-23.304682],[-51.869572,-23.304856],[-51.869178,-23.305061],[-51.868891,-23.305142],[-51.868573,-23.305158],[-51.868231,-23.305038],[-51.867694,-23.304847],[-51.867118,-23.304685],[-51.866628,-23.304416],[-51.866191,-23.304103],[-51.865808,-23.303761],[-51.86518,-23.303227],[-51.865066,-23.30312],[-51.864684,-23.302864],[-51.864385,-23.302722],[-51.86426,-23.30263],[-51.864025,-23.302351],[-51.863736,-23.302012],[-51.863631,-23.301959],[-51.863315,-23.301814],[-51.863028,-23.301751],[-51.862787,-23.301803],[-51.862447,-23.301966],[-51.862277,-23.302139],[-51.862038,-23.302395],[-51.861858,-23.302689],[-51.861732,-23.302991],[-51.861536,-23.303369],[-51.861348,-23.303735],[-51.861094,-23.304063],[-51.860871,-23.304254],[-51.860504,-23.304422],[-51.86003,-23.304652],[-51.859478,-23.304769],[-51.859178,-23.304842],[-51.859029,-23.304813],[-51.858867,-23.304832],[-51.858641,-23.304908],[-51.858467,-23.304956],[-51.858322,-23.305005],[-51.858093,-23.305117],[-51.857892,-23.305145],[-51.857628,-23.305221],[-51.857476,-23.305296],[-51.857335,-23.30542],[-51.857164,-23.305576],[-51.856903,-23.305759],[-51.856634,-23.305952],[-51.855992,-23.306349],[-51.855574,-23.306617],[-51.855212,-23.306934],[-51.855066,-23.307179],[-51.854959,-23.307538],[-51.854939,-23.30794],[-51.854894,-23.308298],[-51.854789,-23.308851],[-51.854596,-23.309359],[-51.854217,-23.310106],[-51.853909,-23.310481],[-51.853551,-23.311047],[-51.853255,-23.311765],[-51.853062,-23.312378],[-51.85279,-23.313751],[-51.85277,-23.313889],[-51.852725,-23.314138],[-51.852763,-23.314386],[-51.852744,-23.314626],[-51.852766,-23.314912],[-51.852768,-23.315142],[-51.852795,-23.315357],[-51.852869,-23.315609],[-51.852943,-23.315829],[-51.85305,-23.316121],[-51.853136,-23.316356],[-51.853179,-23.31653],[-51.853138,-23.316637],[-51.853038,-23.316754],[-51.852906,-23.316812],[-51.852673,-23.316846],[-51.852453,-23.31685],[-51.852279,-23.316851],[-51.852033,-23.316933],[-51.851894,-23.316952],[-51.851761,-23.316878],[-51.851648,-23.316887],[-51.851412,-23.316895],[-51.851186,-23.316905],[-51.850843,-23.316934],[-51.850407,-23.316987],[-51.850099,-23.316973],[-51.849938,-23.316983],[-51.849553,-23.317012],[-51.849371,-23.316962],[-51.849167,-23.316943],[-51.848931,-23.316896],[-51.848773,-23.316888],[-51.848552,-23.316835],[-51.848406,-23.316771],[-51.848328,-23.316711],[-51.848144,-23.316697],[-51.848001,-23.31668],[-51.847927,-23.316621],[-51.847855,-23.316549],[-51.847693,-23.316458],[-51.847547,-23.316396],[-51.847404,-23.316301],[-51.847277,-23.316125],[-51.847124,-23.315989],[-51.847013,-23.315852],[-51.846876,-23.315673],[-51.8468,-23.315453],[-51.846776,-23.315214],[-51.846762,-23.315023],[-51.846844,-23.31476],[-51.846901,-23.314565],[-51.846926,-23.314395],[-51.84697,-23.314227],[-51.84705,-23.314062],[-51.847146,-23.313877],[-51.847261,-23.313667],[-51.847321,-23.313502],[-51.847443,-23.313322],[-51.847552,-23.313155],[-51.847654,-23.312921],[-51.847833,-23.312565],[-51.848032,-23.312259],[-51.848095,-23.312109],[-51.848269,-23.31203],[-51.848326,-23.311713],[-51.848317,-23.311319],[-51.848192,-23.311045],[-51.847996,-23.310747],[-51.847788,-23.310533],[-51.847443,-23.310308],[-51.847054,-23.310137],[-51.846756,-23.310103],[-51.846433,-23.310111],[-51.846168,-23.310208],[-51.845859,-23.310347],[-51.845524,-23.310516],[-51.845136,-23.310602],[-51.84471,-23.310711],[-51.844522,-23.310754],[-51.844025,-23.310882],[-51.843469,-23.310981],[-51.843004,-23.311079],[-51.842752,-23.311098],[-51.842532,-23.311129],[-51.842365,-23.311274],[-51.84225,-23.311471],[-51.842251,-23.311681],[-51.84213,-23.312004],[-51.842048,-23.312261],[-51.841919,-23.312387],[-51.841514,-23.312766],[-51.841205,-23.313066],[-51.840891,-23.313414],[-51.840583,-23.313822],[-51.840159,-23.314303],[-51.839708,-23.314705],[-51.839393,-23.314964],[-51.839097,-23.315228],[-51.838769,-23.315445],[-51.838518,-23.31565],[-51.838228,-23.315848],[-51.838067,-23.315999],[-51.837848,-23.316143],[-51.837596,-23.31627],[-51.837339,-23.316421],[-51.8371,-23.316542],[-51.836842,-23.316639],[-51.8367,-23.316795],[-51.836612,-23.317058],[-51.836562,-23.317429],[-51.836487,-23.317865],[-51.836464,-23.318218],[-51.836363,-23.318613],[-51.836198,-23.319145],[-51.836117,-23.319624],[-51.836003,-23.320078],[-51.836005,-23.320377],[-51.835987,-23.320706],[-51.836021,-23.320957],[-51.8361,-23.321183],[-51.83629,-23.321451],[-51.836602,-23.3217],[-51.836972,-23.321991],[-51.837317,-23.32224],[-51.837642,-23.322436],[-51.837908,-23.322619],[-51.837999,-23.322768],[-51.838117,-23.323019],[-51.838392,-23.323411],[-51.838575,-23.323733],[-51.838823,-23.324036],[-51.839064,-23.324346],[-51.839448,-23.324678],[-51.83987,-23.325046],[-51.840428,-23.325223],[-51.840939,-23.325262],[-51.841418,-23.325217],[-51.841683,-23.325144],[-51.841953,-23.324964],[-51.842223,-23.324681],[-51.84257,-23.324255],[-51.84284,-23.324033],[-51.843144,-23.323959],[-51.843306,-23.324018],[-51.84341,-23.324131],[-51.843547,-23.324358],[-51.843681,-23.324708],[-51.843769,-23.325037],[-51.843888,-23.325445],[-51.844037,-23.325753],[-51.844264,-23.326024],[-51.844631,-23.326374],[-51.845092,-23.326787],[-51.845443,-23.327079],[-51.845591,-23.327078],[-51.845715,-23.327063],[-51.845855,-23.327148],[-51.846003,-23.327241],[-51.84623,-23.327469],[-51.846317,-23.327719],[-51.84624,-23.327878],[-51.846062,-23.327936],[-51.84593,-23.327901],[-51.845641,-23.327659],[-51.845384,-23.327452],[-51.845174,-23.327468],[-51.845019,-23.327554],[-51.845386,-23.327825],[-51.845588,-23.327895],[-51.845799,-23.328109],[-51.846072,-23.328251],[-51.846351,-23.328228],[-51.846552,-23.328127],[-51.84666,-23.32789],[-51.846596,-23.327646],[-51.846494,-23.32746],[-51.846259,-23.327096],[-51.845939,-23.326861],[-51.845635,-23.326641],[-51.845369,-23.326456],[-51.844863,-23.326164],[-51.84452,-23.325894],[-51.844054,-23.325148],[-51.843979,-23.324753],[-51.843868,-23.324395],[-51.843727,-23.324088],[-51.84357,-23.323891],[-51.843414,-23.323792],[-51.843138,-23.323743],[-51.842917,-23.323795],[-51.842666,-23.323878],[-51.842457,-23.323976],[-51.84226,-23.324131],[-51.842118,-23.324387],[-51.841896,-23.324589],[-51.841536,-23.324818],[-51.841097,-23.324969],[-51.840676,-23.324972],[-51.840268,-23.32489],[-51.839937,-23.324743],[-51.839632,-23.324511],[-51.839157,-23.324038],[-51.838781,-23.323524],[-51.838343,-23.322902],[-51.838147,-23.322566],[-51.837881,-23.322288],[-51.837382,-23.321925],[-51.836791,-23.321497],[-51.836498,-23.321215],[-51.836311,-23.321048],[-51.836212,-23.320829],[-51.836218,-23.32055],[-51.836275,-23.320324],[-51.83627,-23.320159],[-51.836284,-23.319915],[-51.836402,-23.319445],[-51.836569,-23.318928],[-51.836683,-23.318583],[-51.836762,-23.318149],[-51.83678,-23.317905],[-51.836814,-23.317693],[-51.836785,-23.317493],[-51.83685,-23.317245],[-51.836891,-23.317076],[-51.836999,-23.316868],[-51.837115,-23.316777],[-51.837366,-23.316647],[-51.837711,-23.316487],[-51.838028,-23.316296],[-51.838163,-23.316205],[-51.838399,-23.31605],[-51.838758,-23.315815],[-51.839067,-23.315566],[-51.839137,-23.315512],[-51.839434,-23.315281],[-51.839638,-23.315061],[-51.840002,-23.314776],[-51.840364,-23.31443],[-51.840626,-23.31416],[-51.840942,-23.313782],[-51.841154,-23.313544],[-51.841316,-23.313346],[-51.841474,-23.313223],[-51.841718,-23.312985],[-51.841972,-23.312668],[-51.842173,-23.312431],[-51.842341,-23.312071],[-51.842455,-23.311662],[-51.842578,-23.311439],[-51.842926,-23.31128],[-51.84329,-23.311177],[-51.843694,-23.311118],[-51.844237,-23.31105],[-51.844663,-23.310969],[-51.845342,-23.310787],[-51.845771,-23.310641],[-51.846044,-23.310544],[-51.846375,-23.310366],[-51.846663,-23.310235],[-51.846928,-23.310253],[-51.847125,-23.310366],[-51.84741,-23.310518],[-51.847697,-23.310741],[-51.847827,-23.31097],[-51.847979,-23.311222],[-51.848012,-23.31148],[-51.847988,-23.311748],[-51.847772,-23.312048],[-51.847516,-23.312486],[-51.84724,-23.312924],[-51.847055,-23.313349],[-51.846761,-23.313846],[-51.846564,-23.314349],[-51.846471,-23.314995],[-51.846466,-23.315282],[-51.846572,-23.315634],[-51.846716,-23.315902],[-51.846989,-23.316086],[-51.84723,-23.316389],[-51.847653,-23.316787],[-51.847938,-23.316899],[-51.84867,-23.31708],[-51.849117,-23.317191],[-51.849351,-23.317244],[-51.850204,-23.317197],[-51.850838,-23.317194],[-51.851886,-23.317146],[-51.852397,-23.317156],[-51.852953,-23.317099],[-51.853205,-23.31699],[-51.853359,-23.31681],[-51.853461,-23.31654],[-51.853381,-23.31623],[-51.853183,-23.315676],[-51.853064,-23.31515],[-51.853065,-23.314332],[-51.853088,-23.313854],[-51.853214,-23.313327],[-51.853377,-23.312627],[-51.853516,-23.312083],[-51.853739,-23.311437],[-51.853904,-23.311047],[-51.854173,-23.31061],[-51.854481,-23.310136],[-51.854833,-23.309626],[-51.85503,-23.309052],[-51.855099,-23.308693],[-51.85516,-23.308125],[-51.85519,-23.307742],[-51.855298,-23.307431],[-51.855496,-23.307072],[-51.855792,-23.306819],[-51.856037,-23.306632],[-51.856352,-23.30644],[-51.856733,-23.306228],[-51.857132,-23.305957],[-51.857428,-23.305681],[-51.857827,-23.305464],[-51.858234,-23.30527],[-51.858653,-23.305172],[-51.858821,-23.305112],[-51.859002,-23.305099],[-51.859435,-23.305054],[-51.859888,-23.30498],[-51.860417,-23.304828],[-51.860817,-23.304653],[-51.861332,-23.304309],[-51.861608,-23.303901],[-51.861844,-23.303374],[-51.862087,-23.303026],[-51.86217,-23.302787],[-51.862445,-23.302379],[-51.862715,-23.302127],[-51.863013,-23.302065],[-51.863324,-23.302147],[-51.863648,-23.302337],[-51.86389,-23.302634],[-51.864007,-23.302843],[-51.864521,-23.303216],[-51.864917,-23.303471],[-51.865171,-23.30372],[-51.865379,-23.30397],[-51.865627,-23.304178],[-51.866211,-23.304575],[-51.866724,-23.304865],[-51.867425,-23.305136],[-51.867723,-23.305236],[-51.868339,-23.30543],[-51.86863,-23.305518],[-51.868979,-23.305474],[-51.869398,-23.305292],[-51.870005,-23.30505],[-51.870359,-23.304821],[-51.870848,-23.304412],[-51.871253,-23.303926],[-51.87145,-23.303465],[-51.871468,-23.303214],[-51.871493,-23.30304],[-51.871567,-23.302496],[-51.87159,-23.302149],[-51.871456,-23.301368],[-51.87123,-23.300479],[-51.870948,-23.299871],[-51.870797,-23.299597],[-51.87062,-23.299108],[-51.87039,-23.298542],[-51.870172,-23.297903],[-51.870057,-23.297175],[-51.869885,-23.296519],[-51.869776,-23.295719],[-51.869708,-23.295116],[-51.869738,-23.294853],[-51.869813,-23.294416],[-51.869862,-23.294081],[-51.869891,-23.293502],[-51.869836,-23.292917],[-51.869664,-23.292332],[-51.869415,-23.291969],[-51.869108,-23.291409],[-51.868786,-23.290724],[-51.868614,-23.29002],[-51.86856,-23.289656],[-51.868543,-23.289166],[-51.868579,-23.288616],[-51.868679,-23.288203],[-51.868982,-23.287909],[-51.869355,-23.28765],[-51.869897,-23.287485],[-51.870408,-23.287429],[-51.871049,-23.287592],[-51.871432,-23.287728],[-51.871879,-23.287833],[-51.87228,-23.28786],[-51.872732,-23.287816],[-51.873192,-23.287832],[-51.873432,-23.28798],[-51.873789,-23.288187],[-51.874075,-23.28849],[-51.874323,-23.288805],[-51.874319,-23.289175],[-51.874238,-23.289588],[-51.874131,-23.290031],[-51.873939,-23.290343],[-51.873708,-23.290655],[-51.873607,-23.291067],[-51.873597,-23.291468],[-51.873728,-23.291724],[-51.874079,-23.292021],[-51.874482,-23.292275],[-51.875111,-23.292517],[-51.875383,-23.292557],[-51.875597,-23.29264],[-51.875791,-23.292668],[-51.876101,-23.292625],[-51.876703,-23.292705],[-51.877021,-23.292811],[-51.877222,-23.292977],[-51.877412,-23.293352],[-51.877504,-23.293585],[-51.87765,-23.294092],[-51.87762,-23.294421],[-51.877649,-23.294898],[-51.87773,-23.29543],[-51.877824,-23.295979],[-51.877905,-23.29648],[-51.877959,-23.296844],[-51.878072,-23.297292],[-51.878209,-23.2975],[-51.878386,-23.297762],[-51.878795,-23.298088],[-51.879146,-23.298379],[-51.879678,-23.298567],[-51.880423,-23.298784],[-51.880903,-23.298871],[-51.881538,-23.299047],[-51.882043,-23.299175],[-51.882813,-23.299267],[-51.883442,-23.299389],[-51.883863,-23.299494],[-51.884621,-23.29974],[-51.885198,-23.29997],[-51.885367,-23.300065],[-51.885556,-23.300237],[-51.88568,-23.300422],[-51.886025,-23.300724],[-51.886623,-23.301193],[-51.887176,-23.301632],[-51.887663,-23.301952],[-51.888234,-23.302313],[-51.888553,-23.302526],[-51.889085,-23.302816],[-51.889851,-23.303188],[-51.890299,-23.303407],[-51.890649,-23.30362],[-51.890799,-23.303798],[-51.891008,-23.304054],[-51.891308,-23.304399],[-51.89175,-23.304749],[-51.892172,-23.304961],[-51.892361,-23.305127],[-51.892555,-23.305168],[-51.892788,-23.305149],[-51.893188,-23.305003],[-51.893491,-23.304906],[-51.893885,-23.304718],[-51.894549,-23.304488],[-51.895098,-23.304335],[-51.895454,-23.304297],[-51.895945,-23.304235],[-51.896313,-23.304119],[-51.896759,-23.304129],[-51.897199,-23.304102],[-51.897801,-23.30414],[-51.898215,-23.30415],[-51.898822,-23.304027],[-51.899287,-23.303881],[-51.899467,-23.303766],[-51.899814,-23.303382],[-51.899863,-23.303089],[-51.89981,-23.302832],[-51.899653,-23.302576],[-51.89951,-23.302458],[-51.899244,-23.302364],[-51.89899,-23.302132],[-51.898646,-23.301919],[-51.898243,-23.301647],[-51.897886,-23.301422],[-51.897548,-23.301161],[-51.897287,-23.300887],[-51.897162,-23.300625],[-51.897029,-23.300046],[-51.896877,-23.299498],[-51.896751,-23.299026],[-51.896631,-23.298579],[-51.896538,-23.298209],[-51.896517,-23.297881],[-51.896639,-23.29773],[-51.896767,-23.297664],[-51.897207,-23.297602],[-51.89751,-23.297469],[-51.897968,-23.297293],[-51.898554,-23.296943],[-51.899012,-23.296683],[-51.899372,-23.296365],[-51.899822,-23.295992],[-51.900272,-23.295589],[-51.9006,-23.295306],[-51.90109,-23.295016],[-51.901393,-23.294925],[-51.901761,-23.294738],[-51.901993,-23.294623],[-51.902224,-23.294383],[-51.902577,-23.293992],[-51.902911,-23.293596],[-51.903342,-23.293289],[-51.903753,-23.292862],[-51.904145,-23.292454],[-51.904602,-23.29217],[-51.904956,-23.29184],[-51.905419,-23.291478],[-51.905817,-23.291046],[-51.906344,-23.290553],[-51.906601,-23.290283],[-51.907135,-23.289873],[-51.907856,-23.289397],[-51.90868,-23.288861],[-51.909067,-23.288649],[-51.909428,-23.288522],[-51.909726,-23.288496],[-51.909985,-23.288572],[-51.910122,-23.288745],[-51.910137,-23.289014],[-51.910119,-23.28933],[-51.910193,-23.289664],[-51.91037,-23.289992],[-51.91054,-23.290272],[-51.910754,-23.29039],[-51.911019,-23.290412],[-51.911433,-23.290326],[-51.91193,-23.290234],[-51.912402,-23.290177],[-51.912996,-23.290102],[-51.913487,-23.28995],[-51.914055,-23.289756],[-51.914318,-23.289527],[-51.914776,-23.289255],[-51.91538,-23.288895],[-51.915619,-23.288736],[-51.915777,-23.288584],[-51.915994,-23.288461],[-51.916265,-23.288352],[-51.916513,-23.288307],[-51.91673,-23.288252],[-51.917017,-23.288225],[-51.917365,-23.288252],[-51.917746,-23.288196],[-51.918315,-23.288181],[-51.91867,-23.288083],[-51.919206,-23.287925],[-51.919735,-23.287772],[-51.920361,-23.287559],[-51.920986,-23.287239],[-51.921328,-23.287124],[-51.921579,-23.286943],[-51.922006,-23.28697],[-51.922446,-23.287033],[-51.922996,-23.287078],[-51.923553,-23.28714],[-51.923818,-23.287109],[-51.92403,-23.286958],[-51.924294,-23.2867],[-51.92446,-23.286472],[-51.924768,-23.286082],[-51.924947,-23.2858],[-51.925166,-23.285607],[-51.92539,-23.28523],[-51.925645,-23.28478],[-51.925829,-23.284301],[-51.925917,-23.283805],[-51.925997,-23.283314],[-51.926111,-23.282889],[-51.92612,-23.282286],[-51.926046,-23.28197],[-51.925792,-23.28172],[-51.925481,-23.281638],[-51.925151,-23.281628],[-51.924628,-23.281661],[-51.924246,-23.28161],[-51.92387,-23.28154],[-51.923598,-23.281387],[-51.923571,-23.281237],[-51.923706,-23.281141],[-51.923996,-23.281086],[-51.92432,-23.281126],[-51.924767,-23.281195],[-51.92509,-23.281169],[-51.925439,-23.281089],[-51.926,-23.280895],[-51.926581,-23.2807],[-51.92731,-23.280552],[-51.927918,-23.280543],[-51.928398,-23.280665],[-51.928884,-23.280872],[-51.929156,-23.280894],[-51.929427,-23.280832],[-51.929614,-23.280712],[-51.92978,-23.280484],[-51.929869,-23.280197],[-51.929783,-23.279976],[-51.929627,-23.279804],[-51.929361,-23.279668],[-51.92905,-23.279556],[-51.92892,-23.279473],[-51.928854,-23.279348],[-51.928872,-23.279127],[-51.929091,-23.278941],[-51.929503,-23.278681],[-51.929921,-23.278428],[-51.930205,-23.278307],[-51.930683,-23.27825],[-51.931155,-23.278152],[-51.931672,-23.278071],[-51.931949,-23.278045],[-51.932208,-23.277972],[-51.932504,-23.277863],[-51.932813,-23.277652],[-51.932967,-23.2774],[-51.933126,-23.277082],[-51.933299,-23.276777],[-51.933517,-23.276548],[-51.933753,-23.276087],[-51.933899,-23.275692],[-51.934078,-23.275356],[-51.934172,-23.274997],[-51.934324,-23.274435],[-51.934572,-23.273872],[-51.934841,-23.273494],[-51.935149,-23.273157],[-51.935664,-23.272819],[-51.936199,-23.272595],[-51.936844,-23.272406],[-51.937271,-23.272398],[-51.937809,-23.272484],[-51.938269,-23.272607],[-51.938742,-23.272837],[-51.939326,-23.273102],[-51.9398,-23.273309],[-51.940371,-23.273616],[-51.940734,-23.273811],[-51.941129,-23.273779],[-51.941445,-23.273699],[-51.941548,-23.273609],[-51.941618,-23.273465],[-51.941661,-23.273172],[-51.94173,-23.272885],[-51.941843,-23.272322],[-51.941982,-23.271933],[-51.942135,-23.271526],[-51.942282,-23.271262],[-51.942461,-23.27101],[-51.942673,-23.27077],[-51.942974,-23.270487],[-51.943296,-23.270169],[-51.943327,-23.270013],[-51.943326,-23.269846],[-51.943079,-23.26965],[-51.942884,-23.269532],[-51.942593,-23.269534],[-51.942341,-23.269583],[-51.942095,-23.269591],[-51.941894,-23.269442],[-51.941737,-23.269234],[-51.941644,-23.268948],[-51.941636,-23.268703],[-51.941744,-23.268404],[-51.941942,-23.267996],[-51.94212,-23.267649],[-51.942183,-23.267374],[-51.942148,-23.267027],[-51.941991,-23.266771],[-51.941809,-23.266617],[-51.941504,-23.266458],[-51.941232,-23.266376],[-51.940967,-23.266395],[-51.940631,-23.266457],[-51.940238,-23.266656],[-51.939909,-23.266838],[-51.939683,-23.266875],[-51.939515,-23.266768],[-51.939423,-23.266566],[-51.939376,-23.266339],[-51.939315,-23.266023],[-51.939236,-23.26573],[-51.939144,-23.26554],[-51.939116,-23.265265],[-51.939049,-23.264937],[-51.939034,-23.264674],[-51.939046,-23.264435],[-51.939038,-23.26422],[-51.939121,-23.264148],[-51.939431,-23.264074],[-51.939773,-23.264],[-51.940413,-23.263961],[-51.940827,-23.26394],[-51.941254,-23.263968],[-51.941868,-23.263976],[-51.942561,-23.264043],[-51.943202,-23.264171],[-51.94381,-23.264215],[-51.94425,-23.264296],[-51.944592,-23.264169],[-51.944862,-23.263934],[-51.944964,-23.263694],[-51.94493,-23.263444],[-51.944747,-23.263176],[-51.944512,-23.262861],[-51.944303,-23.262623],[-51.944237,-23.26242],[-51.944327,-23.262324],[-51.944507,-23.262263],[-51.944812,-23.262309],[-51.945174,-23.262361],[-51.945613,-23.262316],[-51.945912,-23.262416],[-51.946139,-23.262588],[-51.946225,-23.262868],[-51.946201,-23.263167],[-51.946067,-23.263425],[-51.946121,-23.263622],[-51.946239,-23.263878],[-51.946485,-23.264008],[-51.946803,-23.264048],[-51.9471,-23.264004],[-51.947648,-23.263858],[-51.948112,-23.26361],[-51.948428,-23.263506],[-51.948623,-23.263559],[-51.948966,-23.263718],[-51.949387,-23.263793],[-51.949743,-23.263755],[-51.949897,-23.263647],[-51.950244,-23.263382],[-51.950449,-23.263046],[-51.950466,-23.262747],[-51.950632,-23.262447],[-51.9507,-23.261945],[-51.950755,-23.261497],[-51.950693,-23.261031],[-51.950497,-23.260626],[-51.950397,-23.260292],[-51.950402,-23.260041],[-51.950504,-23.259909],[-51.950769,-23.259848],[-51.951028,-23.25996],[-51.951495,-23.260124],[-51.951825,-23.26017],[-51.952051,-23.260127],[-51.952205,-23.259911],[-51.952281,-23.259659],[-51.952344,-23.259486],[-51.952414,-23.25933],[-51.952368,-23.259205],[-51.952393,-23.259019],[-51.952534,-23.258881],[-51.95285,-23.258772],[-51.953128,-23.258752],[-51.953323,-23.258846],[-51.953563,-23.259024],[-51.953745,-23.259101],[-51.953887,-23.259118],[-51.954237,-23.259158],[-51.95465,-23.259161],[-51.954961,-23.259231],[-51.955291,-23.259289],[-51.955562,-23.259209],[-51.955711,-23.259119],[-51.955819,-23.258933],[-51.956095,-23.258668],[-51.956462,-23.258367],[-51.956874,-23.25815],[-51.957358,-23.258039],[-51.958049,-23.257933],[-51.95867,-23.257906],[-51.95911,-23.257945],[-51.959408,-23.258039],[-51.959796,-23.258018],[-51.96018,-23.258017],[-51.960374,-23.258012],[-51.960482,-23.257965],[-51.960614,-23.257954],[-51.960843,-23.257956],[-51.961129,-23.257857],[-51.961311,-23.257799],[-51.961427,-23.25773],[-51.961562,-23.257668],[-51.961853,-23.257566],[-51.962154,-23.257442],[-51.962324,-23.257312],[-51.962552,-23.257157],[-51.962757,-23.257034],[-51.963039,-23.256888],[-51.96329,-23.256708],[-51.963556,-23.256548],[-51.96378,-23.256393],[-51.964043,-23.256201],[-51.964185,-23.256057],[-51.964265,-23.255902],[-51.964358,-23.255816],[-51.964466,-23.255736],[-51.96472,-23.255455],[-51.964882,-23.255289],[-51.965136,-23.25504],[-51.965432,-23.254709],[-51.965585,-23.25449],[-51.965686,-23.254174],[-51.965763,-23.254054],[-51.965866,-23.254082],[-51.966048,-23.254133],[-51.966126,-23.254166],[-51.966125,-23.254095],[-51.966031,-23.254009],[-51.965845,-23.253934],[-51.965715,-23.253844],[-51.965662,-23.253686],[-51.965609,-23.253495],[-51.965499,-23.253353],[-51.965405,-23.2532]]}},
{"type":"Feature","properties":{"name":"Cór. Mixto"},"geometry":{"type":"MultiLineString","coordinates":[[[-52.035793,-23.375085],[-52.035864,-23.375258],[-52.036007,-23.375725],[-52.036419,-23.376397]],[[-52.029856,-23.361714],[-52.030283,-23.362175],[-52.030646,-23.362358],[-52.030884,-23.362574],[-52.031084,-23.362872],[-52.031266,-23.363014],[-52.031387,-23.363136],[-52.031442,-23.363262],[-52.031518,-23.363496],[-52.031626,-23.363662],[-52.031735,-23.363828],[-52.031883,-23.364055],[-52.032083,-23.364347],[-52.032256,-23.364565],[-52.032337,-23.364656],[-52.032399,-23.364708],[-52.032498,-23.36477],[-52.032584,-23.364857],[-52.032621,-23.364928],[-52.032729,-23.365197],[-52.032875,-23.365389],[-52.033076,-23.365548],[-52.033184,-23.365732],[-52.033247,-23.365872],[-52.033314,-23.365967],[-52.033491,-23.366094],[-52.033635,-23.366192],[-52.033756,-23.366285],[-52.033798,-23.366352],[-52.033799,-23.366495],[-52.033785,-23.366629],[-52.033786,-23.366774],[-52.033786,-23.366865],[-52.033787,-23.366918],[-52.033904,-23.367252],[-52.033973,-23.367472],[-52.034097,-23.368158],[-52.034232,-23.368459],[-52.034287,-23.368619],[-52.034285,-23.369031],[-52.034266,-23.36922],[-52.034271,-23.369488],[-52.034353,-23.369698],[-52.034419,-23.369865],[-52.034521,-23.370126],[-52.034563,-23.370206],[-52.034591,-23.370307],[-52.03459,-23.370409],[-52.034589,-23.370569],[-52.03456,-23.370686],[-52.034513,-23.370881],[-52.034493,-23.371028],[-52.03448,-23.371165],[-52.034473,-23.371278],[-52.03448,-23.371374],[-52.034513,-23.371609],[-52.034659,-23.372034],[-52.034775,-23.372387],[-52.034825,-23.37256],[-52.03491,-23.372742],[-52.034996,-23.373005],[-52.035021,-23.373189],[-52.035162,-23.373533],[-52.03521,-23.373762],[-52.035212,-23.373967],[-52.035291,-23.37412],[-52.03541,-23.374398],[-52.035794,-23.375103]]]}},
{"type":"Feature","properties":{"name":"Cór. Isar"},"geometry":{"type":"LineString","coordinates":[[-52.030976,-23.341656],[-52.031139,-23.342023],[-52.031235,-23.342345]]}},
{"type":"Feature","properties":{"name":""},"geometry":{"type":"LineString","coordinates":[[-51.973874,-23.297562],[-51.974492,-23.297185],[-51.975092,-23.296847],[-51.975242,-23.296767],[-51.975385,-23.296725],[-51.975526,-23.296703],[-51.975662,-23.2967],[-51.975873,-23.296651],[-51.976431,-23.296531],[-51.976662,-23.29651],[-51.976902,-23.296481],[-51.977196,-23.29646],[-51.977414,-23.296445]]}},
{"type":"Feature","properties":{"name":"Cór. Sem Denominação"},"geometry":{"type":"LineString","coordinates":[[-51.988466,-23.51582],[-51.988641,-23.515725],[-51.988664,-23.515636],[-51.988694,-23.515493],[-51.988699,-23.515377],[-51.988688,-23.515166],[-51.98868,-23.514963]]}},
{"type":"Feature","properties":{"name":"Cór. Sem Denominação"},"geometry":{"type":"LineString","coordinates":[[-51.996214,-23.541738],[-51.996148,-23.54172],[-51.995936,-23.541649],[-51.995401,-23.541528],[-51.995066,-23.541406],[-51.994764,-23.541221],[-51.99461,-23.541041],[-51.994431,-23.540792],[-51.993998,-23.540296],[-51.993552,-23.539629],[-51.99348,-23.53947],[-51.993435,-23.53938]]}},
{"type":"Feature","properties":{"name":"Cór. Sem Denominação"},"geometry":{"type":"LineString","coordinates":[[-52.052272,-23.515547],[-52.051838,-23.515714],[-52.051522,-23.515902],[-52.051034,-23.516275],[-52.050912,-23.51638],[-52.050658,-23.516568],[-52.050569,-23.516627],[-52.050423,-23.516696],[-52.050247,-23.516759],[-52.050109,-23.51681],[-52.049984,-23.516849],[-52.049873,-23.516916],[-52.049721,-23.516974],[-52.049578,-23.517014],[-52.049431,-23.517065],[-52.049314,-23.517145],[-52.049227,-23.517217],[-52.048823,-23.517439],[-52.048749,-23.517502],[-52.048706,-23.517554],[-52.048706,-23.517555]]}},
{"type":"Feature","properties":{"name":"Cór. Sem Denominação"},"geometry":{"type":"LineString","coordinates":[[-52.049644,-23.404539],[-52.049509,-23.40458],[-52.049317,-23.404613],[-52.049167,-23.404623],[-52.048707,-23.404684],[-52.048533,-23.404729],[-52.048387,-23.40478],[-52.048082,-23.404887],[-52.047545,-23.405132],[-52.047264,-23.405289],[-52.046854,-23.405442],[-52.046534,-23.405549],[-52.046407,-23.405586],[-52.046285,-23.405631],[-52.046057,-23.405755],[-52.045794,-23.405936],[-52.045542,-23.406005],[-52.045384,-23.406044],[-52.045175,-23.406176],[-52.044964,-23.406387]]}},
{"type":"Feature","properties":{"name":"Cór. Sem Denominação"},"geometry":{"type":"LineString","coordinates":[[-51.969325,-23.438881],[-51.969548,-23.438737],[-51.969619,-23.438701],[-51.969764,-23.438602],[-51.96986,-23.438458],[-51.969944,-23.438311],[-51.969995,-23.438224],[-51.97003,-23.43817],[-51.970105,-23.438117],[-51.970178,-23.438067],[-51.970362,-23.438006],[-51.970708,-23.437912],[-51.971051,-23.437817],[-51.971377,-23.437736],[-51.971598,-23.437731]]}},
{"type":"Feature","properties":{"name":"Rib. Sarandi"},"geometry":{"type":"LineString","coordinates":[[-51.84518,-23.407304],[-51.845157,-23.407006],[-51.845143,-23.406703],[-51.845152,-23.406556],[-51.845151,-23.406423],[-51.845117,-23.406339],[-51.845038,-23.406265],[-51.844903,-23.406199],[-51.844779,-23.406131],[-51.844618,-23.40606],[-51.844504,-23.406027],[-51.844431,-23.40602],[-51.844293,-23.406061],[-51.844157,-23.4061],[-51.843856,-23.40617],[-51.843588,-23.406199],[-51.84333,-23.406327],[-51.843185,-23.406352],[-51.843076,-23.406352],[-51.842862,-23.406339],[-51.842775,-23.406394],[-51.842676,-23.406471],[-51.842584,-23.406576],[-51.842575,-23.406592],[-51.84244,-23.40674],[-51.842249,-23.406898],[-51.842145,-23.406983],[-51.842118,-23.407021],[-51.842095,-23.407104],[-51.842082,-23.407189],[-51.842067,-23.407218],[-51.842042,-23.407233],[-51.84198,-23.407241],[-51.841877,-23.407222],[-51.841775,-23.40723],[-51.841649,-23.407253],[-51.841476,-23.407237],[-51.841064,-23.407109],[-51.840731,-23.406988],[-51.840318,-23.406789],[-51.840066,-23.406631],[-51.839946,-23.406557],[-51.839847,-23.406479],[-51.839806,-23.406424],[-51.839787,-23.406362],[-51.839786,-23.406283],[-51.839832,-23.406185],[-51.839844,-23.406144],[-51.83984,-23.406104],[-51.839815,-23.406058],[-51.839799,-23.406024],[-51.839795,-23.405995],[-51.839814,-23.40596],[-51.83985,-23.405932],[-51.839953,-23.405871],[-51.839991,-23.405836],[-51.840018,-23.405789],[-51.84007,-23.405654],[-51.840122,-23.405577],[-51.840174,-23.405457],[-51.840246,-23.405274],[-51.840311,-23.405032],[-51.840387,-23.404894],[-51.840582,-23.404623],[-51.84065,-23.404538],[-51.840693,-23.404477],[-51.840724,-23.404403],[-51.840765,-23.404213],[-51.840784,-23.404086],[-51.840805,-23.403991],[-51.840834,-23.403954],[-51.840875,-23.403921],[-51.840926,-23.403891],[-51.840994,-23.403862],[-51.841017,-23.403848],[-51.841039,-23.403823],[-51.841071,-23.403747],[-51.841086,-23.403674],[-51.84109,-23.403599],[-51.84108,-23.403519],[-51.841063,-23.403449],[-51.841025,-23.403396],[-51.840832,-23.40333],[-51.840619,-23.403258],[-51.840493,-23.403151],[-51.840462,-23.403013],[-51.840485,-23.402898],[-51.840516,-23.402738],[-51.840565,-23.402581],[-51.840615,-23.402422],[-51.84064,-23.402392],[-51.840675,-23.402317],[-51.840731,-23.402228],[-51.840806,-23.40213],[-51.840957,-23.401975],[-51.841111,-23.401859],[-51.841238,-23.401757],[-51.841345,-23.401682],[-51.841462,-23.401588],[-51.841513,-23.401483],[-51.841556,-23.401358],[-51.841587,-23.401262],[-51.841634,-23.401151],[-51.841671,-23.401078],[-51.841722,-23.401008],[-51.841823,-23.400938],[-51.841934,-23.40088],[-51.842013,-23.400829],[-51.842097,-23.400766],[-51.84215,-23.40071],[-51.842184,-23.400673],[-51.842229,-23.400607],[-51.842261,-23.400553],[-51.84232,-23.40048],[-51.842375,-23.400417],[-51.84248,-23.40028],[-51.842556,-23.400176],[-51.842574,-23.400059],[-51.842568,-23.39995],[-51.842568,-23.399778],[-51.842552,-23.399661],[-51.842535,-23.399596],[-51.842506,-23.399542],[-51.842501,-23.399502],[-51.842506,-23.399449],[-51.842521,-23.399374],[-51.842559,-23.399225],[-51.842561,-23.399162],[-51.84254,-23.399107],[-51.842377,-23.39877],[-51.842337,-23.398672],[-51.842271,-23.398522],[-51.842235,-23.39838],[-51.842232,-23.398273],[-51.842235,-23.398162],[-51.842257,-23.398007],[-51.842268,-23.397956],[-51.842295,-23.397891],[-51.842325,-23.39785],[-51.842366,-23.397812],[-51.842424,-23.397787],[-51.842485,-23.397781],[-51.84256,-23.397793],[-51.842602,-23.397804],[-51.842647,-23.397831],[-51.842701,-23.397876],[-51.842748,-23.397904],[-51.842778,-23.397902],[-51.842802,-23.397889],[-51.842828,-23.397872],[-51.842846,-23.397846],[-51.842857,-23.397805],[-51.842859,-23.397773],[-51.842909,-23.397289],[-51.842926,-23.397146],[-51.84293,-23.396905],[-51.842917,-23.396673],[-51.842926,-23.396419],[-51.842943,-23.396209],[-51.842925,-23.395993],[-51.842849,-23.395809],[-51.842756,-23.395622],[-51.842642,-23.395402],[-51.84259,-23.39533],[-51.842487,-23.395235],[-51.842378,-23.395154],[-51.842298,-23.395103],[-51.84224,-23.395027],[-51.842227,-23.394988],[-51.842235,-23.394938],[-51.842289,-23.394875],[-51.842376,-23.394833],[-51.842462,-23.394821],[-51.842641,-23.394815],[-51.842837,-23.394755],[-51.842953,-23.394722],[-51.843022,-23.39468],[-51.843081,-23.394621],[-51.843106,-23.394578],[-51.843116,-23.394509],[-51.843103,-23.394411],[-51.843097,-23.394182],[-51.843117,-23.393897],[-51.843107,-23.393812],[-51.843088,-23.393675],[-51.843101,-23.393575],[-51.843292,-23.393462],[-51.843481,-23.39326],[-51.843532,-23.393175],[-51.843565,-23.393049],[-51.843642,-23.392674],[-51.843695,-23.392411],[-51.843748,-23.392156],[-51.843757,-23.391998],[-51.843758,-23.391945],[-51.843769,-23.391886],[-51.843828,-23.391853],[-51.843919,-23.391727],[-51.844001,-23.391651],[-51.844039,-23.391639],[-51.844077,-23.391651],[-51.844136,-23.391735],[-51.844175,-23.391848],[-51.844242,-23.391968],[-51.844255,-23.392005],[-51.844252,-23.392048],[-51.844225,-23.392084],[-51.844151,-23.392142],[-51.844108,-23.392198],[-51.844113,-23.392248],[-51.844147,-23.392291],[-51.844211,-23.392317],[-51.844309,-23.392323],[-51.844393,-23.392322],[-51.844483,-23.392312],[-51.844543,-23.392275],[-51.844609,-23.392194],[-51.844665,-23.392125],[-51.8447,-23.392062],[-51.844734,-23.391992],[-51.844779,-23.391937],[-51.844805,-23.391911],[-51.844843,-23.391884],[-51.844877,-23.391869],[-51.84496,-23.391831],[-51.845032,-23.391786],[-51.845039,-23.391779],[-51.845048,-23.391767],[-51.845055,-23.391755],[-51.84506,-23.391741],[-51.845064,-23.391724],[-51.845065,-23.391709],[-51.845062,-23.391693],[-51.845048,-23.391612],[-51.845083,-23.391521],[-51.845101,-23.391495],[-51.84513,-23.391478],[-51.845179,-23.391469],[-51.845231,-23.391477],[-51.845278,-23.391502],[-51.845333,-23.391511],[-51.845374,-23.391506],[-51.845397,-23.3915],[-51.845416,-23.391486],[-51.84543,-23.391466],[-51.845443,-23.391441],[-51.845461,-23.391358],[-51.845473,-23.391292],[-51.845436,-23.390993],[-51.845422,-23.390922],[-51.845412,-23.390785],[-51.845414,-23.390645],[-51.845445,-23.390537],[-51.845513,-23.390479],[-51.845584,-23.390443],[-51.845624,-23.390416],[-51.845665,-23.39037],[-51.845724,-23.390282],[-51.845808,-23.390137],[-51.845902,-23.38998],[-51.845941,-23.389913],[-51.845961,-23.389868],[-51.84598,-23.389821],[-51.84599,-23.389779],[-51.845942,-23.389047],[-51.845911,-23.388831],[-51.845831,-23.388414],[-51.845796,-23.388264],[-51.845749,-23.388142],[-51.845665,-23.388031],[-51.845579,-23.387966],[-51.845489,-23.38792],[-51.845381,-23.387888],[-51.845162,-23.387866],[-51.844989,-23.387867],[-51.844865,-23.387868],[-51.844779,-23.387852],[-51.844748,-23.387844],[-51.844725,-23.387827],[-51.844708,-23.387801],[-51.844703,-23.38777],[-51.844653,-23.387682],[-51.84457,-23.387621],[-51.8445,-23.387569],[-51.844443,-23.38754],[-51.844381,-23.387527],[-51.84422,-23.387536],[-51.843832,-23.387605],[-51.84371,-23.387597],[-51.843575,-23.387521],[-51.843473,-23.387489],[-51.843387,-23.387484],[-51.843157,-23.387494],[-51.843038,-23.387504],[-51.842862,-23.387523],[-51.842798,-23.387533],[-51.842686,-23.387541],[-51.842591,-23.387537],[-51.842543,-23.387501],[-51.842547,-23.387427],[-51.842623,-23.387381],[-51.842718,-23.387351],[-51.842877,-23.387266],[-51.842933,-23.387218],[-51.842963,-23.387151],[-51.842969,-23.387077],[-51.842938,-23.386985],[-51.842875,-23.386911],[-51.842777,-23.38685],[-51.842709,-23.386826],[-51.842614,-23.386796],[-51.842199,-23.386738],[-51.841981,-23.386703],[-51.841856,-23.386668],[-51.841738,-23.386623],[-51.841624,-23.386577],[-51.841537,-23.38652],[-51.841482,-23.386452],[-51.841438,-23.386353],[-51.841408,-23.386262],[-51.841321,-23.386064],[-51.841263,-23.385947],[-51.841204,-23.385848],[-51.841159,-23.385765],[-51.841134,-23.385701],[-51.841121,-23.385642],[-51.841126,-23.385558],[-51.841136,-23.385451],[-51.841112,-23.385196],[-51.841087,-23.385105],[-51.841063,-23.385052],[-51.841029,-23.384993],[-51.840996,-23.384913],[-51.840978,-23.384853],[-51.84097,-23.38477],[-51.840993,-23.384679],[-51.841029,-23.384595],[-51.841085,-23.384514],[-51.841159,-23.384435],[-51.841317,-23.3843],[-51.84151,-23.384158],[-51.841696,-23.384033],[-51.842216,-23.38375],[-51.842483,-23.383638],[-51.842701,-23.383509],[-51.842797,-23.383451],[-51.842949,-23.383439],[-51.843118,-23.383476],[-51.843379,-23.383439],[-51.843599,-23.38348],[-51.843817,-23.383553],[-51.84389,-23.38356],[-51.843957,-23.383545],[-51.844003,-23.383507],[-51.844039,-23.383454],[-51.844075,-23.383334],[-51.844038,-23.383234],[-51.843958,-23.383126],[-51.843891,-23.383035],[-51.843806,-23.382919],[-51.843761,-23.382813],[-51.843773,-23.38276],[-51.843804,-23.382703],[-51.843881,-23.382657],[-51.844078,-23.382651],[-51.844187,-23.382653],[-51.844329,-23.382654],[-51.844389,-23.382671],[-51.844459,-23.382666],[-51.844554,-23.382598],[-51.844631,-23.382452],[-51.844733,-23.382272],[-51.844814,-23.382164],[-51.844905,-23.382041],[-51.844937,-23.381918],[-51.844877,-23.381715],[-51.844828,-23.381548],[-51.844729,-23.381384],[-51.844602,-23.381149],[-51.844367,-23.380914],[-51.844292,-23.380804],[-51.844149,-23.380694],[-51.843919,-23.380606],[-51.843682,-23.380551],[-51.843419,-23.380447],[-51.843085,-23.380318],[-51.84273,-23.380155],[-51.842627,-23.380066],[-51.842548,-23.379923],[-51.842572,-23.379654],[-51.842576,-23.379534],[-51.84262,-23.379099],[-51.842569,-23.378336],[-51.84248,-23.377649],[-51.842397,-23.377001],[-51.842358,-23.376695],[-51.842328,-23.376077],[-51.842323,-23.375874],[-51.842307,-23.375809],[-51.842276,-23.375731],[-51.842239,-23.375654],[-51.842203,-23.375527],[-51.842149,-23.37533],[-51.84211,-23.375253],[-51.842068,-23.375187],[-51.841975,-23.37507],[-51.841863,-23.374882],[-51.841692,-23.374605],[-51.841606,-23.374498],[-51.841588,-23.37439],[-51.841583,-23.374286],[-51.841578,-23.3742],[-51.841545,-23.374121],[-51.841434,-23.374033],[-51.841329,-23.373927],[-51.841198,-23.373888],[-51.841069,-23.373844],[-51.840942,-23.373818],[-51.840783,-23.373838],[-51.840681,-23.373859],[-51.840601,-23.373915],[-51.840516,-23.373958],[-51.840438,-23.373989],[-51.84037,-23.373997],[-51.840329,-23.373997],[-51.840284,-23.373986],[-51.840257,-23.373959],[-51.840244,-23.373911],[-51.840247,-23.373805],[-51.840291,-23.373686],[-51.840357,-23.373584],[-51.840387,-23.373506],[-51.840393,-23.373432],[-51.840366,-23.37336],[-51.840299,-23.373273],[-51.840185,-23.373156],[-51.839953,-23.373002],[-51.839786,-23.372842],[-51.839587,-23.372566],[-51.839496,-23.372381],[-51.839478,-23.372314],[-51.839486,-23.372242],[-51.839501,-23.372211],[-51.839516,-23.372156],[-51.839623,-23.371902],[-51.840087,-23.371207],[-51.8401,-23.371168],[-51.84009,-23.371115],[-51.840047,-23.371052],[-51.84004,-23.370813],[-51.840087,-23.370651],[-51.840103,-23.370613],[-51.840148,-23.370514],[-51.840586,-23.370007],[-51.840825,-23.369729],[-51.840902,-23.369629],[-51.841256,-23.369341],[-51.841442,-23.369194],[-51.84162,-23.369081],[-51.84181,-23.36891],[-51.841893,-23.368859],[-51.841994,-23.368849],[-51.842095,-23.36888],[-51.842232,-23.368867],[-51.842381,-23.3688],[-51.842447,-23.368746],[-51.842555,-23.368667],[-51.842589,-23.368552],[-51.842628,-23.368466],[-51.842693,-23.368397],[-51.842775,-23.368372],[-51.84286,-23.36831],[-51.842925,-23.368245],[-51.842983,-23.368173],[-51.843006,-23.368084],[-51.842994,-23.368008],[-51.842943,-23.367948],[-51.842865,-23.367898],[-51.842799,-23.367859],[-51.842732,-23.367813],[-51.842693,-23.367748],[-51.842708,-23.367694],[-51.842813,-23.367622],[-51.842859,-23.367593],[-51.842882,-23.367529],[-51.842897,-23.367453],[-51.842862,-23.367403],[-51.842788,-23.367353],[-51.842714,-23.367311],[-51.842678,-23.367243],[-51.842709,-23.367153],[-51.842805,-23.367059],[-51.842929,-23.367026],[-51.843018,-23.366997],[-51.843065,-23.36695],[-51.843095,-23.366864],[-51.843122,-23.366739],[-51.843117,-23.366638],[-51.84312,-23.366582],[-51.84314,-23.366528],[-51.843167,-23.366503],[-51.843206,-23.3665],[-51.843246,-23.366498],[-51.843298,-23.366487],[-51.843328,-23.366475],[-51.843358,-23.366456],[-51.84338,-23.366417],[-51.843392,-23.36637],[-51.843394,-23.366314],[-51.843379,-23.366267],[-51.843333,-23.366225],[-51.84329,-23.366193],[-51.843237,-23.366173],[-51.843181,-23.366173],[-51.843113,-23.366173],[-51.843058,-23.366175],[-51.842985,-23.366171],[-51.842942,-23.366162],[-51.842868,-23.366116],[-51.84282,-23.36606],[-51.842788,-23.365974],[-51.84277,-23.365881],[-51.842775,-23.36584],[-51.842798,-23.365792],[-51.842833,-23.365768],[-51.842883,-23.365759],[-51.84293,-23.365759],[-51.842986,-23.36577],[-51.843049,-23.365785],[-51.843096,-23.365793],[-51.843139,-23.365796],[-51.843188,-23.365783],[-51.843217,-23.365763],[-51.843238,-23.365718],[-51.843243,-23.365684],[-51.843225,-23.365638],[-51.843197,-23.365621],[-51.843152,-23.365608],[-51.843088,-23.365577],[-51.843021,-23.365519],[-51.842937,-23.365479],[-51.84287,-23.365422],[-51.842832,-23.365368],[-51.842838,-23.365317],[-51.842866,-23.365246],[-51.842903,-23.365172],[-51.842955,-23.365086],[-51.842996,-23.365004],[-51.843016,-23.364914],[-51.843008,-23.364846],[-51.84299,-23.364803],[-51.842964,-23.364778],[-51.842909,-23.364762],[-51.842867,-23.364751],[-51.84278,-23.364727],[-51.842631,-23.364678],[-51.842573,-23.364648],[-51.842531,-23.364621],[-51.842515,-23.364595],[-51.842514,-23.364566],[-51.842521,-23.364538],[-51.842543,-23.364503],[-51.842594,-23.364464],[-51.842666,-23.364436],[-51.84273,-23.364412],[-51.842762,-23.364387],[-51.842778,-23.364368],[-51.842778,-23.364324],[-51.842759,-23.364283],[-51.842722,-23.364208],[-51.842686,-23.364137],[-51.842639,-23.364071],[-51.842559,-23.363972],[-51.842505,-23.363894],[-51.842468,-23.36382],[-51.842446,-23.363748],[-51.842438,-23.363683],[-51.842449,-23.363639],[-51.842487,-23.363613],[-51.842545,-23.36358],[-51.842583,-23.363539],[-51.842598,-23.363506],[-51.842598,-23.363446],[-51.84257,-23.363366],[-51.842521,-23.363294],[-51.842468,-23.363184],[-51.84242,-23.36308],[-51.842368,-23.362991],[-51.842295,-23.362865],[-51.84228,-23.362808],[-51.842278,-23.362721],[-51.842285,-23.362552],[-51.842284,-23.362474],[-51.842279,-23.362402],[-51.842257,-23.362354],[-51.842229,-23.362315],[-51.842187,-23.362297],[-51.842128,-23.362293],[-51.842064,-23.362308],[-51.842038,-23.362321],[-51.841985,-23.362355],[-51.841921,-23.362407],[-51.841877,-23.36244],[-51.841817,-23.362472],[-51.841772,-23.362481],[-51.841714,-23.36247],[-51.84168,-23.36244],[-51.841658,-23.36239],[-51.84165,-23.362232],[-51.841639,-23.36219],[-51.841612,-23.362146],[-51.84157,-23.362114],[-51.841527,-23.362107],[-51.841434,-23.362123],[-51.841388,-23.36214],[-51.841268,-23.362171],[-51.84113,-23.362183],[-51.840991,-23.362154],[-51.840839,-23.362045],[-51.840739,-23.361912],[-51.840692,-23.36174],[-51.840647,-23.361553],[-51.840605,-23.36141],[-51.840593,-23.361211],[-51.84058,-23.36112],[-51.840566,-23.361097],[-51.840526,-23.361082],[-51.840481,-23.36108],[-51.840419,-23.361078],[-51.840337,-23.361035],[-51.840244,-23.360972],[-51.84019,-23.360908],[-51.840173,-23.360827],[-51.840153,-23.360788],[-51.840141,-23.360774],[-51.840122,-23.360767],[-51.840075,-23.360764],[-51.840021,-23.36078],[-51.839943,-23.36079],[-51.839873,-23.360785],[-51.839794,-23.360759],[-51.839753,-23.360735],[-51.839713,-23.360697],[-51.839683,-23.360658],[-51.839665,-23.360604],[-51.839667,-23.360534],[-51.839698,-23.360446],[-51.839748,-23.360327],[-51.839785,-23.360254],[-51.839806,-23.360162],[-51.8398,-23.360095],[-51.839751,-23.359996],[-51.839721,-23.359926],[-51.83965,-23.3598],[-51.839611,-23.359737],[-51.839572,-23.359694],[-51.839494,-23.359636],[-51.839422,-23.359599],[-51.839382,-23.359553],[-51.839346,-23.359496],[-51.839324,-23.359443],[-51.83931,-23.359333],[-51.839289,-23.359211],[-51.839288,-23.359147],[-51.839291,-23.359094],[-51.83937,-23.359065],[-51.839448,-23.359037],[-51.839526,-23.358996],[-51.839599,-23.358944],[-51.839793,-23.358693],[-51.839927,-23.358373],[-51.83995,-23.358316],[-51.840035,-23.357993],[-51.840082,-23.357709],[-51.840106,-23.356993],[-51.840106,-23.356692],[-51.840136,-23.356489],[-51.840205,-23.356417],[-51.840352,-23.356323],[-51.840497,-23.356272],[-51.840598,-23.356238],[-51.840717,-23.356251],[-51.840772,-23.356335],[-51.840813,-23.35638],[-51.840891,-23.356417],[-51.841003,-23.356409],[-51.841077,-23.356368],[-51.84112,-23.356306],[-51.841134,-23.356235],[-51.841117,-23.35617],[-51.841091,-23.356101],[-51.841103,-23.356043],[-51.841139,-23.355988],[-51.841204,-23.355973],[-51.841276,-23.355983],[-51.841341,-23.356011],[-51.841432,-23.356092],[-51.841503,-23.356156],[-51.84156,-23.356211],[-51.841666,-23.356227],[-51.841803,-23.356178],[-51.841885,-23.35607],[-51.841972,-23.355978],[-51.842029,-23.35584],[-51.842048,-23.355651],[-51.842078,-23.355481],[-51.842105,-23.355438],[-51.842155,-23.355407],[-51.842283,-23.35536],[-51.842401,-23.355331],[-51.843004,-23.355253],[-51.843315,-23.355196],[-51.843369,-23.355179],[-51.843418,-23.35515],[-51.843468,-23.355121],[-51.843503,-23.35508],[-51.843531,-23.354992],[-51.843539,-23.354893],[-51.843507,-23.354748],[-51.843508,-23.354667],[-51.843539,-23.354602],[-51.843681,-23.354483],[-51.843789,-23.354417],[-51.843914,-23.354365],[-51.844055,-23.354345],[-51.844198,-23.35436],[-51.844391,-23.354383],[-51.844687,-23.354423],[-51.84487,-23.354426],[-51.845345,-23.354416],[-51.845611,-23.354424],[-51.845731,-23.354436],[-51.845849,-23.354491],[-51.845927,-23.354531],[-51.845991,-23.354542],[-51.846042,-23.354532],[-51.84609,-23.354502],[-51.846125,-23.354441],[-51.846156,-23.354365],[-51.846189,-23.354295],[-51.846237,-23.354221],[-51.846291,-23.354143],[-51.846354,-23.354094],[-51.846528,-23.353983],[-51.846674,-23.353867],[-51.846825,-23.353764],[-51.846989,-23.353592],[-51.847123,-23.353537],[-51.847223,-23.35352],[-51.847334,-23.353531],[-51.847421,-23.353561],[-51.84752,-23.353631],[-51.847585,-23.353711],[-51.847637,-23.353802],[-51.847646,-23.353906],[-51.847613,-23.354012],[-51.847381,-23.354533],[-51.847366,-23.354721],[-51.84734,-23.355001],[-51.847313,-23.355092],[-51.84731,-23.355132],[-51.847315,-23.355168],[-51.847347,-23.35521],[-51.84735,-23.355247],[-51.847338,-23.355279],[-51.847255,-23.35536],[-51.847206,-23.355415],[-51.847183,-23.355467],[-51.847178,-23.355483],[-51.847183,-23.355501],[-51.847214,-23.355514],[-51.84732,-23.355532],[-51.847547,-23.355529],[-51.847753,-23.355519],[-51.847864,-23.355521],[-51.847923,-23.355525],[-51.847993,-23.355543],[-51.848018,-23.355579],[-51.848012,-23.35566],[-51.848013,-23.355813],[-51.848011,-23.35588],[-51.848033,-23.355935],[-51.848069,-23.355992],[-51.848133,-23.356049],[-51.848266,-23.35617],[-51.848449,-23.356347],[-51.848542,-23.356416],[-51.848661,-23.356442],[-51.848807,-23.356435],[-51.848961,-23.356402],[-51.849177,-23.35632],[-51.849209,-23.356307],[-51.849422,-23.356228],[-51.849603,-23.356164],[-51.8497,-23.356117],[-51.849772,-23.356062],[-51.849807,-23.35601],[-51.849792,-23.355932],[-51.849758,-23.355831],[-51.849742,-23.355739],[-51.849718,-23.355642],[-51.849718,-23.355579],[-51.849718,-23.355541],[-51.849734,-23.355504],[-51.849822,-23.355435],[-51.849938,-23.355364],[-51.85007,-23.355311],[-51.850231,-23.355245],[-51.850425,-23.355179],[-51.850635,-23.355133],[-51.850767,-23.355097],[-51.850831,-23.35508],[-51.850891,-23.355043],[-51.850977,-23.354962],[-51.851055,-23.354872],[-51.851086,-23.35478],[-51.851091,-23.354677],[-51.851086,-23.354562],[-51.851026,-23.353728],[-51.850998,-23.353527],[-51.850918,-23.353205],[-51.850794,-23.352929],[-51.850641,-23.352661],[-51.850614,-23.352614],[-51.850445,-23.352326],[-51.850164,-23.351848],[-51.850066,-23.351688],[-51.849934,-23.351534],[-51.849761,-23.351371],[-51.849622,-23.351205],[-51.849392,-23.350983],[-51.849219,-23.350729],[-51.848971,-23.350429],[-51.848883,-23.350289],[-51.848804,-23.350206],[-51.84865,-23.350094],[-51.848548,-23.350031],[-51.848456,-23.349957],[-51.848406,-23.349887],[-51.84815,-23.349565],[-51.84788,-23.349224],[-51.847646,-23.348929],[-51.847393,-23.348527],[-51.847226,-23.348268],[-51.847182,-23.348188],[-51.847146,-23.348129],[-51.847058,-23.348003],[-51.846977,-23.347881],[-51.846842,-23.34779],[-51.846657,-23.347696],[-51.846226,-23.347505],[-51.846169,-23.34748],[-51.84589,-23.347316],[-51.845608,-23.34716],[-51.845369,-23.347051],[-51.845149,-23.346939],[-51.845061,-23.346869],[-51.844995,-23.346783],[-51.844955,-23.346711],[-51.844931,-23.346604],[-51.844943,-23.346531],[-51.844956,-23.346495],[-51.844998,-23.346395],[-51.845072,-23.346211],[-51.845148,-23.346026],[-51.845178,-23.345923],[-51.845193,-23.345832],[-51.845192,-23.345689],[-51.845191,-23.345467],[-51.8452,-23.345271],[-51.845232,-23.345177],[-51.845296,-23.345113],[-51.845408,-23.345076],[-51.845455,-23.345069],[-51.845517,-23.345076],[-51.84562,-23.345111],[-51.845753,-23.345187],[-51.845818,-23.345241],[-51.845872,-23.345262],[-51.845912,-23.345264],[-51.845959,-23.345253],[-51.846077,-23.345207],[-51.846394,-23.345077],[-51.84654,-23.345018],[-51.846595,-23.344989],[-51.846614,-23.344972],[-51.846636,-23.344947],[-51.846669,-23.344913],[-51.846704,-23.344848],[-51.846745,-23.344705],[-51.846768,-23.344594],[-51.846777,-23.344512],[-51.84678,-23.344294],[-51.846754,-23.344064],[-51.846732,-23.343963],[-51.846698,-23.343857],[-51.846657,-23.343766],[-51.846599,-23.343663],[-51.846439,-23.34341],[-51.846031,-23.342781],[-51.845969,-23.342694],[-51.845911,-23.342606],[-51.845895,-23.342545],[-51.845884,-23.342485],[-51.845899,-23.342401],[-51.845935,-23.342334],[-51.846005,-23.342221],[-51.846117,-23.342075],[-51.846142,-23.342051],[-51.846151,-23.342021],[-51.846149,-23.341981],[-51.846124,-23.341943],[-51.846066,-23.341884],[-51.845985,-23.341812],[-51.845964,-23.341774],[-51.845961,-23.341729],[-51.845973,-23.341678],[-51.845993,-23.341614],[-51.846013,-23.341576],[-51.846052,-23.34155],[-51.846097,-23.341552],[-51.846136,-23.341566],[-51.846175,-23.341608],[-51.846222,-23.341686],[-51.846507,-23.34192],[-51.84667,-23.342038],[-51.846751,-23.3421],[-51.846781,-23.342119],[-51.846811,-23.342124],[-51.846863,-23.342123],[-51.846917,-23.342095],[-51.846972,-23.342026],[-51.847016,-23.341952],[-51.847085,-23.341854],[-51.847118,-23.34178],[-51.847134,-23.341716],[-51.847132,-23.341667],[-51.847111,-23.341634],[-51.847077,-23.341604],[-51.847021,-23.341561],[-51.846988,-23.341518],[-51.846958,-23.341466],[-51.846903,-23.341358],[-51.846876,-23.341279],[-51.846868,-23.341197],[-51.846883,-23.341116],[-51.846876,-23.341032],[-51.846863,-23.340968],[-51.846843,-23.340841],[-51.846838,-23.340805],[-51.84684,-23.340788],[-51.846851,-23.34077],[-51.846871,-23.340754],[-51.846898,-23.340743],[-51.846935,-23.340736],[-51.84699,-23.340726],[-51.847027,-23.340724],[-51.847062,-23.340717],[-51.847116,-23.340708],[-51.84715,-23.340699],[-51.847183,-23.34068],[-51.847217,-23.340659],[-51.847257,-23.340628],[-51.847275,-23.340609],[-51.847293,-23.340591],[-51.847305,-23.340583],[-51.847323,-23.340579],[-51.847352,-23.340576],[-51.847385,-23.340586],[-51.847405,-23.340601],[-51.847426,-23.340625],[-51.847445,-23.340652],[-51.847462,-23.340675],[-51.847484,-23.340705],[-51.847519,-23.34075],[-51.847531,-23.340763],[-51.847544,-23.340771],[-51.847571,-23.340773],[-51.847596,-23.340761],[-51.847612,-23.340735],[-51.847626,-23.340708],[-51.847636,-23.340676],[-51.847639,-23.340643],[-51.847627,-23.340608],[-51.847606,-23.34058],[-51.847533,-23.340458],[-51.847524,-23.340429],[-51.847524,-23.340417],[-51.847529,-23.340401],[-51.847552,-23.340391],[-51.847569,-23.340391],[-51.847593,-23.340396],[-51.84763,-23.340412],[-51.847695,-23.340454],[-51.847716,-23.340471],[-51.84774,-23.340479],[-51.847755,-23.340478],[-51.847773,-23.340475],[-51.8478,-23.340464],[-51.847823,-23.340454],[-51.847839,-23.340442],[-51.847851,-23.340427],[-51.847857,-23.340404],[-51.847861,-23.340375],[-51.847879,-23.340254],[-51.847905,-23.340037],[-51.847912,-23.339911],[-51.847914,-23.339821],[-51.847885,-23.339623],[-51.847868,-23.339567],[-51.847859,-23.339504],[-51.847853,-23.339448],[-51.847862,-23.339401],[-51.847885,-23.339365],[-51.847926,-23.339342],[-51.847976,-23.33933],[-51.848059,-23.339325],[-51.848127,-23.339336],[-51.848154,-23.339365],[-51.84818,-23.339436],[-51.848229,-23.339562],[-51.848292,-23.339698],[-51.848466,-23.339887],[-51.848545,-23.339938],[-51.84857,-23.339955],[-51.848601,-23.339963],[-51.84864,-23.339961],[-51.848674,-23.339943],[-51.848709,-23.339906],[-51.848727,-23.339863],[-51.848755,-23.339791],[-51.84878,-23.339743],[-51.848782,-23.339739],[-51.848786,-23.339701],[-51.848783,-23.339664],[-51.848788,-23.339628],[-51.848803,-23.339592],[-51.848826,-23.339529],[-51.848856,-23.339481],[-51.848893,-23.339445],[-51.848958,-23.339399],[-51.848989,-23.339365],[-51.849006,-23.339305],[-51.849009,-23.339253],[-51.848999,-23.339218],[-51.848984,-23.339193],[-51.848966,-23.33917],[-51.848935,-23.33915],[-51.848848,-23.339113],[-51.848813,-23.33911],[-51.84878,-23.339117],[-51.848722,-23.339155],[-51.848686,-23.339182],[-51.848653,-23.339198],[-51.848618,-23.339213],[-51.848591,-23.339217],[-51.848563,-23.33921],[-51.848539,-23.339194],[-51.848523,-23.339173],[-51.848515,-23.339155],[-51.848518,-23.339132],[-51.848523,-23.339106],[-51.848533,-23.339079],[-51.848553,-23.339045],[-51.848585,-23.339004],[-51.848649,-23.33895],[-51.848714,-23.338906],[-51.848793,-23.338853],[-51.848856,-23.338817],[-51.848894,-23.338796],[-51.848979,-23.338772],[-51.849043,-23.33875],[-51.849089,-23.338732],[-51.849105,-23.338725],[-51.849114,-23.338714],[-51.849114,-23.338702],[-51.849104,-23.338691],[-51.849074,-23.338667],[-51.849036,-23.338637],[-51.848977,-23.338595],[-51.848881,-23.338542],[-51.848852,-23.338511],[-51.848828,-23.338482],[-51.848808,-23.338448],[-51.848796,-23.338422],[-51.848795,-23.338395],[-51.848807,-23.338371],[-51.848846,-23.33833],[-51.848875,-23.338299],[-51.848936,-23.338233],[-51.849059,-23.338031],[-51.849084,-23.337992],[-51.849127,-23.337941],[-51.849202,-23.337891],[-51.849269,-23.337854],[-51.849316,-23.337832],[-51.849373,-23.337812],[-51.849397,-23.33781],[-51.849419,-23.337814],[-51.849468,-23.337835],[-51.849521,-23.337864],[-51.849578,-23.337879],[-51.849635,-23.337885],[-51.849706,-23.33789],[-51.849766,-23.337883],[-51.849828,-23.337888],[-51.84989,-23.33791],[-51.84996,-23.337939],[-51.850008,-23.337964],[-51.850053,-23.337975],[-51.850086,-23.33797],[-51.8501,-23.337965],[-51.85011,-23.337939],[-51.850113,-23.337869],[-51.8501,-23.337794],[-51.850087,-23.337721],[-51.85008,-23.33765],[-51.850074,-23.337561],[-51.850064,-23.337475],[-51.850053,-23.337448],[-51.850033,-23.337419],[-51.850009,-23.337378],[-51.849986,-23.337325],[-51.84997,-23.337282],[-51.849982,-23.337263],[-51.850025,-23.337258],[-51.850071,-23.337265],[-51.850127,-23.337283],[-51.850188,-23.337303],[-51.850254,-23.337324],[-51.8503,-23.337325],[-51.850354,-23.337293],[-51.850395,-23.33726],[-51.850481,-23.337198],[-51.850549,-23.337024],[-51.850647,-23.336785],[-51.850686,-23.336647],[-51.850704,-23.336528],[-51.850713,-23.33641],[-51.850704,-23.336309],[-51.850694,-23.336194],[-51.850705,-23.336069],[-51.85071,-23.335968],[-51.850712,-23.335865],[-51.850688,-23.335744],[-51.850606,-23.335481],[-51.850513,-23.335239],[-51.850451,-23.335186],[-51.850397,-23.335163],[-51.850355,-23.335159],[-51.850331,-23.335179],[-51.850318,-23.335209],[-51.850286,-23.335229],[-51.850211,-23.335254],[-51.850126,-23.335245],[-51.850056,-23.335237],[-51.849967,-23.335238],[-51.849907,-23.33525],[-51.849851,-23.335277],[-51.849805,-23.335285],[-51.849756,-23.335298],[-51.849722,-23.335272],[-51.849712,-23.335199],[-51.849713,-23.335092],[-51.849728,-23.335018],[-51.849744,-23.334974],[-51.849812,-23.334918],[-51.849859,-23.334903],[-51.84991,-23.334895],[-51.849958,-23.334895],[-51.850022,-23.334896],[-51.850089,-23.334899],[-51.850171,-23.334889],[-51.850269,-23.334847],[-51.850385,-23.334769],[-51.850436,-23.334722],[-51.850458,-23.334696],[-51.850465,-23.334663],[-51.850451,-23.334618],[-51.850402,-23.334562],[-51.85038,-23.334537],[-51.850337,-23.334512],[-51.8503,-23.33449],[-51.850256,-23.334464],[-51.849932,-23.334159],[-51.849801,-23.334062],[-51.849691,-23.333949],[-51.849669,-23.333921],[-51.849651,-23.333897],[-51.849645,-23.333864],[-51.849651,-23.333816],[-51.849661,-23.333752],[-51.849674,-23.333674],[-51.849672,-23.33362],[-51.849661,-23.333577],[-51.849645,-23.333544],[-51.849589,-23.333485],[-51.849574,-23.333459],[-51.849566,-23.333423],[-51.849568,-23.33338],[-51.849609,-23.333332],[-51.849648,-23.333286],[-51.84969,-23.333236],[-51.849715,-23.333207],[-51.849728,-23.333178],[-51.849729,-23.333149],[-51.849724,-23.333119],[-51.849707,-23.333091],[-51.849678,-23.33302],[-51.849627,-23.332899],[-51.849597,-23.33286],[-51.84955,-23.332782],[-51.8495,-23.332723],[-51.84947,-23.332668],[-51.849435,-23.332621],[-51.849416,-23.332563],[-51.849411,-23.332408],[-51.849425,-23.33228],[-51.849442,-23.332214],[-51.849438,-23.332163],[-51.849418,-23.332122],[-51.849335,-23.33206],[-51.849259,-23.332013],[-51.849168,-23.331967],[-51.849129,-23.331931],[-51.849089,-23.331914],[-51.849047,-23.331897],[-51.848968,-23.33189],[-51.848858,-23.33191],[-51.848756,-23.331935],[-51.848665,-23.331956],[-51.848587,-23.331975],[-51.848422,-23.332044],[-51.848365,-23.332066],[-51.848317,-23.332064],[-51.84828,-23.332042],[-51.848259,-23.331998],[-51.84823,-23.331925],[-51.8482,-23.331852],[-51.848167,-23.33177],[-51.848137,-23.331755],[-51.848104,-23.331753],[-51.848081,-23.331767],[-51.84804,-23.331811],[-51.847973,-23.331962],[-51.847938,-23.332026],[-51.847904,-23.332052],[-51.847874,-23.332079],[-51.847845,-23.332094],[-51.847817,-23.332094],[-51.847774,-23.332085],[-51.847698,-23.332058],[-51.847627,-23.332036],[-51.84757,-23.332013],[-51.847385,-23.331948],[-51.847202,-23.331848],[-51.847163,-23.331788],[-51.84715,-23.331695],[-51.847128,-23.33154],[-51.847102,-23.331355],[-51.847079,-23.331275],[-51.847056,-23.331217],[-51.846994,-23.331155],[-51.846935,-23.331105],[-51.846897,-23.331067],[-51.846881,-23.331034],[-51.84688,-23.331007],[-51.846896,-23.330988],[-51.846917,-23.33098],[-51.846944,-23.330978],[-51.847022,-23.331015],[-51.847169,-23.331095],[-51.847292,-23.331148],[-51.847463,-23.331201],[-51.847596,-23.331198],[-51.847732,-23.331172],[-51.847828,-23.331144],[-51.847909,-23.331072],[-51.847942,-23.331039],[-51.847958,-23.330998],[-51.847961,-23.330971],[-51.847955,-23.330948],[-51.847936,-23.330926],[-51.847899,-23.330909],[-51.847814,-23.330888],[-51.8476,-23.330867],[-51.847566,-23.330855],[-51.84753,-23.330827],[-51.847516,-23.330801],[-51.847513,-23.330765],[-51.847511,-23.330737],[-51.847523,-23.330709],[-51.847558,-23.330693],[-51.847595,-23.330684],[-51.847935,-23.330628],[-51.847967,-23.330611],[-51.847994,-23.330582],[-51.848006,-23.330528],[-51.848002,-23.330473],[-51.847983,-23.330425],[-51.847948,-23.330391],[-51.847897,-23.330365],[-51.847824,-23.330344],[-51.847736,-23.330322],[-51.847678,-23.330284],[-51.847668,-23.330215],[-51.847659,-23.330109],[-51.847644,-23.330044],[-51.847628,-23.329983],[-51.847593,-23.329957],[-51.847551,-23.329947],[-51.8475,-23.329957],[-51.847454,-23.329987],[-51.847414,-23.330037],[-51.847399,-23.330109],[-51.84739,-23.330176],[-51.847364,-23.330265],[-51.847342,-23.330367],[-51.847324,-23.330388],[-51.8473,-23.3304],[-51.847241,-23.33044],[-51.847213,-23.330446],[-51.84719,-23.330447],[-51.847167,-23.330434],[-51.847149,-23.330414],[-51.847141,-23.33037],[-51.847148,-23.330271],[-51.847185,-23.330041],[-51.847187,-23.329971],[-51.847166,-23.329886],[-51.847136,-23.329841],[-51.847097,-23.329813],[-51.847046,-23.329803],[-51.846989,-23.329816],[-51.846937,-23.329836],[-51.846878,-23.329837],[-51.846794,-23.329832],[-51.846724,-23.329811],[-51.846683,-23.329769],[-51.84665,-23.329698],[-51.846605,-23.329627],[-51.846563,-23.329556],[-51.846529,-23.329506],[-51.846509,-23.32947],[-51.84646,-23.329425],[-51.846401,-23.329405],[-51.846346,-23.329412],[-51.846283,-23.329441],[-51.846246,-23.329491],[-51.846201,-23.32956],[-51.846156,-23.329607],[-51.846077,-23.329637],[-51.845998,-23.329617],[-51.84595,-23.329592],[-51.845906,-23.329561],[-51.845872,-23.329503],[-51.845865,-23.329445],[-51.845879,-23.329397],[-51.845938,-23.329273],[-51.845991,-23.329231],[-51.846053,-23.329199],[-51.846124,-23.329163],[-51.846216,-23.329115],[-51.846299,-23.329073],[-51.846355,-23.329045],[-51.84638,-23.329017],[-51.846386,-23.328987],[-51.846379,-23.328945],[-51.846345,-23.328896],[-51.846282,-23.32885],[-51.846118,-23.328767],[-51.846005,-23.32873],[-51.845959,-23.328716],[-51.845927,-23.328685],[-51.845922,-23.328655],[-51.84592,-23.32861],[-51.845944,-23.328576],[-51.846063,-23.328504],[-51.846307,-23.328413],[-51.846405,-23.328374],[-51.846439,-23.328336],[-51.846469,-23.32823],[-51.846489,-23.328101],[-51.846497,-23.328048],[-51.846498,-23.327943],[-51.846462,-23.327829]]}},
{"type":"Feature","properties":{"name":"Cór. Sem Denominação"},"geometry":{"type":"LineString","coordinates":[[-51.849948,-23.328451],[-51.849973,-23.328449],[-51.850028,-23.32842],[-51.85009,-23.328358],[-51.850138,-23.328336],[-51.850181,-23.328329],[-51.850333,-23.328328],[-51.850374,-23.328331],[-51.850412,-23.328343],[-51.850452,-23.32836],[-51.850475,-23.328377],[-51.850495,-23.328386],[-51.850515,-23.328388],[-51.85056,-23.328383],[-51.850658,-23.328347],[-51.850737,-23.328314],[-51.850816,-23.328296],[-51.850946,-23.328265],[-51.851093,-23.328254],[-51.851224,-23.328235],[-51.851272,-23.328241],[-51.851344,-23.328271],[-51.851376,-23.3283],[-51.851404,-23.328348],[-51.851431,-23.328447],[-51.851471,-23.328545],[-51.851498,-23.328569],[-51.851538,-23.328586],[-51.851627,-23.328601],[-51.851724,-23.3286],[-51.851861,-23.328625],[-51.852149,-23.328697],[-51.852311,-23.328754],[-51.852629,-23.328822]]}},
{"type":"Feature","properties":{"name":"Cór. Sem Denominação"},"geometry":{"type":"LineString","coordinates":[[-51.883169,-23.382032],[-51.883217,-23.382424],[-51.883238,-23.382582],[-51.883242,-23.38275],[-51.883211,-23.382923],[-51.883055,-23.383273],[-51.882875,-23.383558],[-51.882591,-23.384053],[-51.882342,-23.384658],[-51.88225,-23.384933],[-51.882154,-23.385334],[-51.882093,-23.385514],[-51.881767,-23.385973],[-51.88157,-23.386209],[-51.881429,-23.386365],[-51.881303,-23.386531],[-51.881188,-23.386718],[-51.881096,-23.386895],[-51.880965,-23.387085],[-51.880841,-23.38714],[-51.880692,-23.387244],[-51.879376,-23.388778],[-51.879042,-23.38911],[-51.878552,-23.389481],[-51.8782,-23.389731],[-51.877448,-23.390112],[-51.876944,-23.39046],[-51.876379,-23.390767],[-51.875739,-23.391129]]}},
{"type":"Feature","properties":{"name":"Cór. Sem Denominação"},"geometry":{"type":"LineString","coordinates":[[-51.866825,-23.351888],[-51.867185,-23.351414],[-51.86731,-23.35117],[-51.867433,-23.350992],[-51.867567,-23.350785],[-51.867723,-23.350589],[-51.86786,-23.350471],[-51.868011,-23.350317],[-51.868266,-23.350055],[-51.8686,-23.349735],[-51.868743,-23.349619],[-51.868867,-23.349532],[-51.869078,-23.349389],[-51.869236,-23.349313],[-51.869425,-23.349231],[-51.869547,-23.349162],[-51.869663,-23.349074],[-51.869708,-23.34902]]}},
{"type":"Feature","properties":{"name":"Cór. Sem Denominação"},"geometry":{"type":"LineString","coordinates":[[-51.983319,-23.519435],[-51.983393,-23.51899],[-51.983453,-23.518847],[-51.983575,-23.518693],[-51.984049,-23.518395],[-51.984281,-23.518282],[-51.984696,-23.517997],[-51.984985,-23.517855],[-51.98553,-23.51759],[-51.985914,-23.517396],[-51.985965,-23.517378],[-51.986255,-23.517252],[-51.986499,-23.517142],[-51.986594,-23.517088],[-51.987086,-23.516762],[-51.987112,-23.516738],[-51.987349,-23.51654],[-51.987593,-23.516365],[-51.987854,-23.516249],[-51.988151,-23.516094],[-51.988336,-23.51595],[-51.988466,-23.51582]]}},
{"type":"Feature","properties":{"name":""},"geometry":{"type":"LineString","coordinates":[[-52.01171,-23.317948],[-52.011497,-23.31817],[-52.011373,-23.318304],[-52.011204,-23.318473],[-52.010962,-23.318675],[-52.010684,-23.318868],[-52.010514,-23.318979],[-52.01005,-23.31925]]}},
{"type":"Feature","properties":{"name":"Cór. Borba Gato"},"geometry":{"type":"MultiLineString","coordinates":[[[-51.951964,-23.487096],[-51.951961,-23.486947],[-51.951959,-23.486879],[-51.951958,-23.486808],[-51.951936,-23.486729],[-51.951897,-23.486673],[-51.951846,-23.486617],[-51.951685,-23.486489],[-51.951607,-23.48641],[-51.95153,-23.486304],[-51.951435,-23.48613],[-51.951329,-23.485971],[-51.951285,-23.4859],[-51.951238,-23.485866],[-51.951192,-23.485829],[-51.951166,-23.485786],[-51.951164,-23.485737],[-51.951169,-23.485706],[-51.951183,-23.485683],[-51.951214,-23.485663],[-51.951287,-23.485642],[-51.951344,-23.485623],[-51.95142,-23.485577],[-51.951481,-23.485506],[-51.951534,-23.4854],[-51.951555,-23.485258],[-51.951568,-23.485142],[-51.9516,-23.485028],[-51.951635,-23.484954],[-51.951685,-23.484893],[-51.951696,-23.484884],[-51.951754,-23.48485],[-51.95181,-23.484824],[-51.951951,-23.484767],[-51.952235,-23.484581],[-51.952505,-23.484396],[-51.952708,-23.484284],[-51.952916,-23.484185],[-51.953088,-23.484151],[-51.953322,-23.484181],[-51.953476,-23.484229],[-51.953674,-23.484301],[-51.953771,-23.484323],[-51.953856,-23.484327],[-51.953924,-23.484298],[-51.95409,-23.484216],[-51.954216,-23.484194],[-51.954344,-23.484211],[-51.95445,-23.484246],[-51.954538,-23.484313],[-51.9546,-23.484331],[-51.954673,-23.48433],[-51.954739,-23.48432],[-51.954832,-23.484242],[-51.954953,-23.484181],[-51.955127,-23.484131],[-51.955232,-23.484106],[-51.955317,-23.484092],[-51.955386,-23.484092],[-51.955475,-23.484099],[-51.95565,-23.484108],[-51.955761,-23.484121],[-51.955818,-23.484124],[-51.955926,-23.484125],[-51.956051,-23.484134],[-51.956468,-23.484022],[-51.956664,-23.483896],[-51.956864,-23.483647],[-51.956981,-23.483369],[-51.957088,-23.483129],[-51.957262,-23.482808],[-51.957453,-23.482654],[-51.957685,-23.482537],[-51.957936,-23.482476],[-51.957968,-23.482456],[-51.957971,-23.482442],[-51.957967,-23.482416],[-51.957983,-23.482391],[-51.95802,-23.482378],[-51.95806,-23.482366],[-51.958108,-23.482346],[-51.958146,-23.482323],[-51.958196,-23.482262],[-51.958222,-23.482207],[-51.958244,-23.482144],[-51.958268,-23.482076],[-51.958321,-23.482014],[-51.958356,-23.48198],[-51.958387,-23.481916],[-51.958435,-23.481851],[-51.958476,-23.481812],[-51.958485,-23.481716],[-51.958497,-23.481666],[-51.958514,-23.481612],[-51.95854,-23.481528],[-51.958567,-23.481474],[-51.958623,-23.481421],[-51.958667,-23.481315],[-51.958704,-23.481244],[-51.958761,-23.481181],[-51.958809,-23.481152],[-51.958873,-23.481144],[-51.958939,-23.481153],[-51.959004,-23.481154],[-51.959039,-23.48115],[-51.959099,-23.481108],[-51.959156,-23.481048],[-51.959185,-23.480981],[-51.959193,-23.480918],[-51.959167,-23.48084],[-51.959117,-23.480756],[-51.959056,-23.480695],[-51.959006,-23.480642],[-51.958975,-23.480595],[-51.958954,-23.480541],[-51.958947,-23.480484],[-51.958967,-23.480405],[-51.959012,-23.48033],[-51.959051,-23.480219],[-51.959056,-23.480128],[-51.959049,-23.480034],[-51.959047,-23.479961],[-51.959069,-23.479908],[-51.959112,-23.47986],[-51.95915,-23.479848],[-51.959187,-23.479825],[-51.959224,-23.47977],[-51.959246,-23.479731],[-51.959295,-23.479657],[-51.959328,-23.479558],[-51.959343,-23.479475],[-51.959365,-23.479428],[-51.959395,-23.479366],[-51.95943,-23.47928],[-51.959437,-23.479225],[-51.959428,-23.479152],[-51.959437,-23.479065],[-51.959456,-23.47902],[-51.959491,-23.478962],[-51.959537,-23.478851],[-51.959584,-23.478763],[-51.959625,-23.478699],[-51.959643,-23.478639],[-51.959666,-23.478569],[-51.959691,-23.478517],[-51.959704,-23.478441],[-51.959702,-23.478371],[-51.959708,-23.478283],[-51.959723,-23.478254],[-51.959796,-23.478209],[-51.959811,-23.478186],[-51.959827,-23.478162],[-51.959832,-23.478113],[-51.959859,-23.478086],[-51.959896,-23.477964],[-51.959943,-23.477906],[-51.960071,-23.477804],[-51.960195,-23.477725],[-51.960302,-23.477665],[-51.960397,-23.477622],[-51.960482,-23.47761],[-51.960561,-23.477629],[-51.960644,-23.477653],[-51.96071,-23.477666],[-51.960799,-23.477649],[-51.960871,-23.477595],[-51.9609,-23.477518],[-51.96092,-23.477432],[-51.960926,-23.477344],[-51.960991,-23.477218],[-51.961072,-23.477143],[-51.961156,-23.477068],[-51.961226,-23.477003],[-51.961296,-23.476935],[-51.961346,-23.476901],[-51.961433,-23.476895],[-51.961505,-23.476881],[-51.961565,-23.476855],[-51.961629,-23.47683],[-51.961693,-23.476811],[-51.961751,-23.476776],[-51.961817,-23.476697],[-51.961825,-23.476674],[-51.961869,-23.47662],[-51.96191,-23.476558],[-51.96195,-23.476455],[-51.961964,-23.476143],[-51.962016,-23.475884],[-51.962229,-23.475584],[-51.962406,-23.475279],[-51.962472,-23.475197],[-51.962612,-23.475122],[-51.962733,-23.47496],[-51.962948,-23.474413],[-51.962966,-23.474307],[-51.963003,-23.474223],[-51.963135,-23.474149],[-51.963251,-23.474105],[-51.963385,-23.474086],[-51.963522,-23.474036],[-51.96365,-23.473929],[-51.963796,-23.473799],[-51.963945,-23.473506],[-51.964113,-23.47331],[-51.964222,-23.473131],[-51.964291,-23.472926],[-51.964306,-23.472731],[-51.96435,-23.472484],[-51.964391,-23.472373],[-51.964467,-23.472269],[-51.964535,-23.472197],[-51.964672,-23.472115],[-51.964891,-23.472011],[-51.965206,-23.471819],[-51.965366,-23.471662],[-51.96562,-23.471223],[-51.96578,-23.471076],[-51.966173,-23.470855],[-51.966351,-23.470789],[-51.966481,-23.470761],[-51.966823,-23.470736],[-51.967104,-23.470706],[-51.967294,-23.470663],[-51.967578,-23.47055],[-51.967848,-23.470373],[-51.968178,-23.470058],[-51.968434,-23.469713],[-51.968705,-23.469397],[-51.970098,-23.468402],[-51.970157,-23.46838],[-51.970044,-23.467935],[-51.969976,-23.467634],[-51.969922,-23.467258],[-51.969868,-23.466671],[-51.969912,-23.466195],[-51.96993,-23.465866],[-51.969953,-23.465555],[-51.969972,-23.465186],[-51.970012,-23.464932],[-51.969954,-23.464494],[-51.969905,-23.46426],[-51.969846,-23.463961],[-51.969827,-23.463799],[-51.969839,-23.463644],[-51.969864,-23.463582],[-51.969913,-23.463538],[-51.969992,-23.463488],[-51.970071,-23.463459],[-51.970105,-23.463416],[-51.970114,-23.463393],[-51.970137,-23.46331],[-51.970148,-23.463166],[-51.970217,-23.463058],[-51.970245,-23.463022],[-51.970262,-23.462983],[-51.970281,-23.462883],[-51.970267,-23.462825],[-51.970229,-23.462769],[-51.970153,-23.462705],[-51.970045,-23.462672],[-51.969989,-23.462645],[-51.969959,-23.462567],[-51.969965,-23.462532],[-51.969993,-23.462506],[-51.970031,-23.46248],[-51.970042,-23.462449],[-51.970026,-23.462409],[-51.97001,-23.462371],[-51.97,-23.462328],[-51.970027,-23.462292],[-51.970075,-23.462282],[-51.970107,-23.462255],[-51.970121,-23.462199],[-51.970105,-23.462112],[-51.970042,-23.462001],[-51.969999,-23.461938],[-51.969983,-23.461868],[-51.969997,-23.461798],[-51.970034,-23.461736],[-51.970171,-23.461671],[-51.970363,-23.461476],[-51.970468,-23.461253],[-51.970506,-23.46114],[-51.970543,-23.461004],[-51.970543,-23.460892],[-51.970537,-23.460839],[-51.970508,-23.460744],[-51.970471,-23.460667],[-51.970457,-23.460573],[-51.970463,-23.460526],[-51.970482,-23.460457],[-51.970559,-23.460313],[-51.9706,-23.460217],[-51.970617,-23.460119],[-51.970739,-23.459986],[-51.970841,-23.459762],[-51.970856,-23.459612],[-51.970859,-23.459466],[-51.970809,-23.459347],[-51.970808,-23.459183],[-51.970802,-23.458866],[-51.970801,-23.458609],[-51.97077,-23.458382],[-51.970768,-23.458177]],[[-51.970768,-23.458177],[-51.970768,-23.458173]],[[-51.970768,-23.458177],[-51.970808,-23.457999],[-51.97085,-23.457744],[-51.970845,-23.457639],[-51.970809,-23.457525],[-51.970788,-23.457381],[-51.970811,-23.457234],[-51.970868,-23.457079],[-51.97089,-23.457044],[-51.970921,-23.457029],[-51.971081,-23.457018],[-51.971103,-23.457017],[-51.971123,-23.457005],[-51.971141,-23.456993],[-51.971161,-23.456973],[-51.971175,-23.456945],[-51.971184,-23.456915],[-51.971189,-23.456883],[-51.971183,-23.456853],[-51.971116,-23.456741],[-51.971047,-23.456663],[-51.970984,-23.456533],[-51.970995,-23.456392],[-51.971036,-23.456244],[-51.971012,-23.456133],[-51.970937,-23.456057],[-51.970833,-23.456001],[-51.970688,-23.455922],[-51.970666,-23.455879],[-51.970653,-23.455793],[-51.97068,-23.455719],[-51.970735,-23.455663],[-51.970792,-23.455609],[-51.970873,-23.455538],[-51.970914,-23.455465],[-51.970945,-23.455386],[-51.970989,-23.455226],[-51.970895,-23.454827],[-51.970854,-23.454704],[-51.970823,-23.454597],[-51.970787,-23.45454],[-51.970731,-23.454517],[-51.970666,-23.454506],[-51.970581,-23.454503],[-51.970556,-23.454501],[-51.970535,-23.454488],[-51.970522,-23.454474],[-51.970513,-23.454448],[-51.970509,-23.454415],[-51.970514,-23.454374],[-51.970532,-23.454299],[-51.970577,-23.454205],[-51.970615,-23.454095],[-51.970642,-23.453902],[-51.970635,-23.453678],[-51.970607,-23.45348],[-51.970494,-23.453082],[-51.97044,-23.452893],[-51.970382,-23.452561],[-51.970367,-23.452448],[-51.970361,-23.452317],[-51.970379,-23.452112],[-51.970411,-23.451957],[-51.970451,-23.451819],[-51.97048,-23.451748],[-51.970543,-23.451688],[-51.970609,-23.451604],[-51.970639,-23.451481],[-51.970633,-23.451407],[-51.970553,-23.450968],[-51.970497,-23.450846],[-51.970464,-23.450795],[-51.970446,-23.45076],[-51.970427,-23.450685],[-51.970432,-23.450637],[-51.970452,-23.450576],[-51.970441,-23.450485],[-51.970405,-23.450431],[-51.970332,-23.450375],[-51.970302,-23.450346],[-51.970278,-23.450307],[-51.970271,-23.450251],[-51.970293,-23.450138],[-51.970302,-23.449986],[-51.970296,-23.449897],[-51.970297,-23.449862],[-51.970288,-23.449828],[-51.970271,-23.449801],[-51.970233,-23.449753],[-51.970211,-23.449708],[-51.970215,-23.449655],[-51.970234,-23.449587],[-51.970284,-23.449529],[-51.970294,-23.449478],[-51.970299,-23.449385],[-51.970299,-23.449291],[-51.970316,-23.449246],[-51.970334,-23.44921],[-51.970353,-23.449187],[-51.970361,-23.449165],[-51.970397,-23.448992],[-51.970396,-23.448784],[-51.970415,-23.448623],[-51.970428,-23.448491],[-51.970429,-23.448352],[-51.97042,-23.448231],[-51.970398,-23.448127],[-51.970346,-23.448007],[-51.970284,-23.447861],[-51.97025,-23.447679],[-51.970225,-23.447542],[-51.970205,-23.447436],[-51.970159,-23.447333],[-51.970123,-23.447312],[-51.970083,-23.447306],[-51.970048,-23.447311],[-51.970013,-23.44733],[-51.969944,-23.447431],[-51.969922,-23.447444],[-51.969893,-23.447439],[-51.969864,-23.44743],[-51.969838,-23.447398],[-51.969824,-23.447342],[-51.96981,-23.447271],[-51.969817,-23.447187],[-51.969836,-23.447158],[-51.969864,-23.447138],[-51.969884,-23.447093],[-51.969874,-23.447016],[-51.969756,-23.446837],[-51.969627,-23.446637],[-51.969496,-23.446413],[-51.969293,-23.446153],[-51.969087,-23.445786],[-51.968712,-23.444922],[-51.968662,-23.444741],[-51.968633,-23.44389],[-51.968577,-23.443585],[-51.968573,-23.443445],[-51.968595,-23.443293],[-51.968603,-23.443107],[-51.968582,-23.442878],[-51.968589,-23.442791],[-51.968647,-23.442567],[-51.968704,-23.442316],[-51.968712,-23.442094],[-51.968756,-23.441773],[-51.968818,-23.441328],[-51.968852,-23.441181],[-51.968882,-23.441023],[-51.969015,-23.440828],[-51.969063,-23.440687],[-51.969057,-23.440406],[-51.969046,-23.44015],[-51.969038,-23.43997],[-51.969039,-23.43977],[-51.969028,-23.439688],[-51.968996,-23.439612],[-51.968958,-23.43956],[-51.96894,-23.439503],[-51.968944,-23.439464],[-51.968992,-23.439384],[-51.96907,-23.439283],[-51.969121,-23.439189],[-51.969124,-23.439137],[-51.969137,-23.439085],[-51.969156,-23.439032],[-51.969171,-23.438999],[-51.969199,-23.438964],[-51.969252,-23.438936],[-51.969281,-23.438924],[-51.969305,-23.438913],[-51.969312,-23.43891],[-51.96932,-23.438903],[-51.969324,-23.438891],[-51.969325,-23.438877],[-51.969326,-23.438858],[-51.969332,-23.438772],[-51.969324,-23.438578],[-51.969323,-23.438468],[-51.969322,-23.438348],[-51.969299,-23.438244],[-51.969233,-23.438119],[-51.969148,-23.437949],[-51.969075,-23.437758],[-51.968984,-23.437625],[-51.96894,-23.437481],[-51.968894,-23.437353],[-51.968848,-23.437255],[-51.968837,-23.437133],[-51.968798,-23.43701],[-51.968764,-23.436925],[-51.968724,-23.43688],[-51.968714,-23.436835],[-51.968739,-23.436775],[-51.968767,-23.436705],[-51.968769,-23.436643],[-51.968742,-23.43655]],[[-51.968742,-23.43655],[-51.96874,-23.436545]],[[-51.968742,-23.43655],[-51.968691,-23.436427],[-51.968634,-23.436341],[-51.968556,-23.436269],[-51.968476,-23.436197],[-51.968391,-23.436146],[-51.968281,-23.436045]],[[-51.968109,-23.435843],[-51.967946,-23.435573],[-51.967836,-23.435305],[-51.967591,-23.434804],[-51.96739,-23.434512],[-51.967031,-23.434082],[-51.9668,-23.433806]]]}},
{"type":"Feature","properties":{"name":"Cór. Sem Denominação"},"geometry":{"type":"LineString","coordinates":[[-52.010761,-23.327629],[-52.01012,-23.327458],[-52.009834,-23.327354],[-52.009451,-23.327165],[-52.009299,-23.327098]]}},
{"type":"Feature","properties":{"name":"Cór. Sem Denominação"},"geometry":{"type":"LineString","coordinates":[[-51.885142,-23.340806],[-51.885243,-23.340744],[-51.88535,-23.340656],[-51.885425,-23.340549],[-51.885484,-23.340468],[-51.885566,-23.340399],[-51.8857,-23.340305],[-51.885891,-23.340124],[-51.886049,-23.339973],[-51.886152,-23.339879],[-51.886261,-23.339761],[-51.886374,-23.339635],[-51.886626,-23.339544],[-51.886867,-23.339376],[-51.887132,-23.339141],[-51.8875,-23.338802],[-51.887731,-23.338518],[-51.887768,-23.338492],[-51.887813,-23.338474],[-51.887821,-23.338458],[-51.887835,-23.33842],[-51.887853,-23.338355],[-51.887861,-23.338314],[-51.887877,-23.338281],[-51.887919,-23.338224],[-51.887949,-23.338172],[-51.887991,-23.33812],[-51.888059,-23.338071],[-51.888148,-23.338019],[-51.8883,-23.337943],[-51.888429,-23.337897],[-51.888628,-23.337753],[-51.888993,-23.337558],[-51.889117,-23.337447],[-51.88919,-23.337402],[-51.88927,-23.337353],[-51.88938,-23.337318],[-51.889485,-23.337315],[-51.889587,-23.337322],[-51.889709,-23.337348],[-51.889742,-23.337371],[-51.889801,-23.337385],[-51.889896,-23.337365],[-51.889959,-23.337325],[-51.89003,-23.337256],[-51.890092,-23.337206],[-51.890194,-23.337199],[-51.890244,-23.337208],[-51.890397,-23.337281],[-51.890517,-23.337273]]}},
{"type":"Feature","properties":{"name":"Cór. Sem Denominação"},"geometry":{"type":"LineString","coordinates":[[-51.885142,-23.340806],[-51.885107,-23.34081],[-51.885063,-23.340805],[-51.885029,-23.340799],[-51.885001,-23.340798],[-51.884978,-23.340804],[-51.88495,-23.340817],[-51.884923,-23.340831],[-51.884895,-23.340838],[-51.884859,-23.340838],[-51.884837,-23.340835],[-51.884814,-23.340841],[-51.884794,-23.340845],[-51.884771,-23.340857],[-51.884758,-23.340857],[-51.884749,-23.340843],[-51.884744,-23.34083],[-51.884734,-23.340821],[-51.884724,-23.340812],[-51.88471,-23.340804],[-51.884695,-23.340792],[-51.884678,-23.340772],[-51.88465,-23.340755],[-51.884622,-23.340739],[-51.884594,-23.340732],[-51.884566,-23.340721],[-51.884539,-23.340716],[-51.884506,-23.340715],[-51.884476,-23.340717],[-51.884455,-23.340718],[-51.884397,-23.340708],[-51.884355,-23.340703],[-51.88431,-23.340712],[-51.884266,-23.340708],[-51.884209,-23.340709],[-51.884165,-23.340706],[-51.884123,-23.340719],[-51.884118,-23.340722],[-51.884092,-23.340734],[-51.88406,-23.340752],[-51.884025,-23.340771],[-51.884009,-23.340776],[-51.883965,-23.340776],[-51.883904,-23.340788],[-51.883837,-23.340792],[-51.883799,-23.340802],[-51.883768,-23.340799],[-51.883739,-23.340807],[-51.883716,-23.340814],[-51.883668,-23.34082],[-51.883615,-23.340817],[-51.883569,-23.340802],[-51.883541,-23.340798],[-51.883496,-23.340799],[-51.883447,-23.340806],[-51.883407,-23.34082],[-51.883366,-23.340844],[-51.883333,-23.340859],[-51.883298,-23.340864],[-51.883256,-23.340848],[-51.883225,-23.340842],[-51.883146,-23.340842],[-51.883092,-23.340851],[-51.883027,-23.340851],[-51.882991,-23.340843],[-51.882939,-23.340838],[-51.882898,-23.340836],[-51.882854,-23.340838],[-51.882829,-23.340847],[-51.882805,-23.340848],[-51.882786,-23.340855],[-51.882765,-23.340869],[-51.882751,-23.340883],[-51.882731,-23.340902],[-51.882705,-23.340913],[-51.882647,-23.340918],[-51.882595,-23.34093],[-51.882538,-23.340958],[-51.882445,-23.340997],[-51.882392,-23.341024],[-51.882319,-23.341049],[-51.882228,-23.341074],[-51.882121,-23.341101],[-51.881915,-23.341169],[-51.881842,-23.341188],[-51.881792,-23.341214],[-51.881754,-23.341237],[-51.881622,-23.341291],[-51.881491,-23.341347],[-51.88142,-23.341367],[-51.881344,-23.34137],[-51.881181,-23.341342],[-51.880992,-23.341336],[-51.880832,-23.341358],[-51.880646,-23.34141],[-51.880393,-23.341511],[-51.880068,-23.341628],[-51.879921,-23.341705],[-51.879693,-23.341769],[-51.879598,-23.341798],[-51.879375,-23.341847],[-51.879228,-23.341905],[-51.879099,-23.341939],[-51.87897,-23.341957],[-51.878817,-23.341986],[-51.878626,-23.341994],[-51.878304,-23.34191],[-51.878144,-23.341849],[-51.877729,-23.341668]]}},
{"type":"Feature","properties":{"name":""},"geometry":{"type":"LineString","coordinates":[[-52.067021,-23.343055],[-52.066948,-23.343127],[-52.066893,-23.3432],[-52.066703,-23.343478],[-52.066625,-23.343582],[-52.066463,-23.343746],[-52.066291,-23.343898],[-52.06621,-23.343945],[-52.06616,-23.343987],[-52.066125,-23.344046],[-52.066079,-23.34418],[-52.066055,-23.344273],[-52.066053,-23.344359],[-52.066033,-23.344403],[-52.065999,-23.34447],[-52.065972,-23.344547],[-52.065973,-23.344644],[-52.065954,-23.344794],[-52.065953,-23.344796]]}},
{"type":"Feature","properties":{"name":"Cór. Ita"},"geometry":{"type":"LineString","coordinates":[[-52.044023,-23.389415],[-52.044287,-23.389359],[-52.044467,-23.389307],[-52.044728,-23.389302],[-52.045003,-23.38925],[-52.045242,-23.389156],[-52.045477,-23.38902],[-52.04573,-23.388762],[-52.046045,-23.388573],[-52.046511,-23.388331],[-52.046913,-23.388122],[-52.047284,-23.387759],[-52.047527,-23.387523],[-52.047916,-23.387206],[-52.048013,-23.387106],[-52.048163,-23.386945],[-52.048249,-23.386845],[-52.048431,-23.386682],[-52.048693,-23.386552],[-52.048831,-23.386492],[-52.048957,-23.38647],[-52.049179,-23.386402],[-52.049366,-23.386345],[-52.049478,-23.386306],[-52.049649,-23.386213],[-52.049762,-23.386129],[-52.050108,-23.385862],[-52.050348,-23.385678],[-52.050518,-23.385591],[-52.050964,-23.385481],[-52.051374,-23.385309],[-52.05188,-23.385034],[-52.052127,-23.384788],[-52.052281,-23.384677],[-52.052423,-23.384538],[-52.052561,-23.384381],[-52.052669,-23.384223]]}},
{"type":"Feature","properties":{"name":"Cór. Sem Denominação"},"geometry":{"type":"LineString","coordinates":[[-51.970553,-23.450968],[-51.970621,-23.450927],[-51.97106,-23.450656],[-51.971587,-23.450231],[-51.971904,-23.449892],[-51.971945,-23.449764],[-51.971974,-23.449721],[-51.972021,-23.449688],[-51.972132,-23.44964],[-51.972475,-23.449527],[-51.972531,-23.449486],[-51.972584,-23.449466],[-51.972612,-23.449464],[-51.972643,-23.449452],[-51.972655,-23.449426],[-51.972652,-23.449385],[-51.972643,-23.449362],[-51.972648,-23.44933],[-51.972659,-23.449294],[-51.972717,-23.449265],[-51.972769,-23.449255],[-51.972784,-23.449245],[-51.97282,-23.449206],[-51.972885,-23.449189],[-51.972983,-23.449184],[-51.973041,-23.449181],[-51.973059,-23.449173],[-51.973073,-23.449154],[-51.973078,-23.449111],[-51.973055,-23.449058],[-51.973066,-23.449028],[-51.973105,-23.448995],[-51.973181,-23.448968],[-51.973301,-23.448967],[-51.973369,-23.448947],[-51.973425,-23.448917],[-51.973465,-23.448883],[-51.973501,-23.448794],[-51.97351,-23.448776],[-51.973531,-23.448754],[-51.97358,-23.448725],[-51.973656,-23.448688],[-51.973724,-23.448641],[-51.973799,-23.448596],[-51.973864,-23.448545],[-51.973919,-23.448488]]}},
{"type":"Feature","properties":{"name":"Cór. Caravelas"},"geometry":{"type":"LineString","coordinates":[[-52.06344,-23.533708],[-52.063309,-23.533644],[-52.063238,-23.533604],[-52.063225,-23.533557],[-52.063192,-23.533536],[-52.063146,-23.533548],[-52.063078,-23.533548],[-52.062911,-23.533429],[-52.062815,-23.533388],[-52.062719,-23.533362],[-52.06254,-23.533256],[-52.06242,-23.533158],[-52.062302,-23.533099],[-52.062219,-23.533076],[-52.062059,-23.533058],[-52.061825,-23.532986],[-52.061689,-23.532893],[-52.061516,-23.532691],[-52.0613,-23.532485],[-52.06105,-23.532329],[-52.060885,-23.532272],[-52.060603,-23.532199],[-52.060375,-23.532151],[-52.060136,-23.532118],[-52.059737,-23.532086],[-52.059575,-23.532099],[-52.059431,-23.532107],[-52.059225,-23.532125],[-52.058952,-23.53216],[-52.058703,-23.532167],[-52.058591,-23.532158],[-52.058513,-23.53216],[-52.05842,-23.532186],[-52.05835,-23.532174],[-52.058324,-23.532144],[-52.058288,-23.532085],[-52.058244,-23.53202],[-52.058199,-23.531992],[-52.058114,-23.531999],[-52.058047,-23.532005],[-52.05795,-23.531988],[-52.057814,-23.531959],[-52.057662,-23.531928],[-52.057474,-23.531895],[-52.057271,-23.531883],[-52.057059,-23.531844],[-52.056822,-23.5318],[-52.056654,-23.531802],[-52.056417,-23.53184],[-52.056248,-23.531941],[-52.056044,-23.532021],[-52.055839,-23.532041],[-52.055692,-23.532047],[-52.055501,-23.532046],[-52.055238,-23.532013],[-52.05506,-23.531965],[-52.054717,-23.531833],[-52.054375,-23.531699],[-52.05419,-23.531627],[-52.053993,-23.531573],[-52.053624,-23.531521],[-52.053416,-23.531502],[-52.053227,-23.531501]]}},
{"type":"Feature","properties":{"name":"Cór. Zaúna"},"geometry":{"type":"LineString","coordinates":[[-51.845039,-23.391779],[-51.845065,-23.391848],[-51.845109,-23.391932],[-51.845188,-23.39205],[-51.845268,-23.392216],[-51.845354,-23.392334],[-51.845531,-23.392593],[-51.845718,-23.39287],[-51.845811,-23.392983],[-51.845942,-23.39311],[-51.846049,-23.393185],[-51.846115,-23.393297],[-51.846198,-23.393412],[-51.846313,-23.393494],[-51.846533,-23.393643],[-51.846671,-23.393783],[-51.846914,-23.393935],[-51.847013,-23.394016],[-51.847349,-23.394155],[-51.847612,-23.394325],[-51.847732,-23.394436],[-51.847999,-23.394662],[-51.848388,-23.394899],[-51.848787,-23.395138],[-51.849065,-23.395255],[-51.849247,-23.395342],[-51.849421,-23.395456],[-51.849553,-23.395577],[-51.850075,-23.396173],[-51.850151,-23.396242],[-51.850544,-23.396469],[-51.850684,-23.396567],[-51.850803,-23.396595],[-51.85095,-23.396647],[-51.85109,-23.396716],[-51.851316,-23.396794],[-51.851486,-23.396814],[-51.851682,-23.396823],[-51.851869,-23.396886],[-51.852007,-23.396927],[-51.852113,-23.396982],[-51.852202,-23.397055],[-51.852332,-23.397138],[-51.852723,-23.397297],[-51.852926,-23.397358],[-51.853302,-23.397512],[-51.853962,-23.397792],[-51.854149,-23.397876],[-51.854429,-23.397988],[-51.854614,-23.398073],[-51.854855,-23.398206],[-51.854994,-23.398287],[-51.855158,-23.398398],[-51.855368,-23.398489],[-51.855597,-23.398581],[-51.855799,-23.398633],[-51.856023,-23.398701],[-51.856144,-23.398725],[-51.856259,-23.398724],[-51.856706,-23.398694],[-51.857138,-23.398689],[-51.857439,-23.398711],[-51.857917,-23.398821],[-51.858322,-23.398953],[-51.858574,-23.399044],[-51.858825,-23.399183],[-51.858954,-23.399241],[-51.859086,-23.399263],[-51.859347,-23.399269],[-51.859462,-23.39928],[-51.85975,-23.39927],[-51.860625,-23.39916],[-51.860914,-23.399143],[-51.861445,-23.399142]]}},
{"type":"Feature","properties":{"name":"Cór. Sem Denominação"},"geometry":{"type":"LineString","coordinates":[[-51.891213,-23.309525],[-51.89136,-23.309472],[-51.891432,-23.309397],[-51.891551,-23.309272],[-51.891673,-23.309216],[-51.891801,-23.309157],[-51.891883,-23.309132],[-51.891964,-23.309107],[-51.892066,-23.309116],[-51.89216,-23.309165],[-51.892255,-23.309214]]}},
{"type":"Feature","properties":{"name":"Cór. Lizo"},"geometry":{"type":"LineString","coordinates":[[-51.997004,-23.546962],[-51.996973,-23.546871],[-51.996949,-23.546805],[-51.996941,-23.546735],[-51.996919,-23.546555],[-51.996893,-23.546248],[-51.996856,-23.546029],[-51.996778,-23.545256],[-51.996765,-23.545105],[-51.99673,-23.544943],[-51.99669,-23.544752],[-51.996672,-23.544664],[-51.996636,-23.544463],[-51.996602,-23.544208],[-51.996548,-23.544049],[-51.996478,-23.543793],[-51.996359,-23.543549],[-51.996258,-23.543289],[-51.996186,-23.543097],[-51.996116,-23.542902],[-51.996069,-23.542728],[-51.996047,-23.542608],[-51.996047,-23.542478],[-51.996046,-23.542386],[-51.99606,-23.542285],[-51.996075,-23.54223],[-51.996193,-23.54186],[-51.996397,-23.5411],[-51.996438,-23.540779],[-51.996421,-23.540471],[-51.996466,-23.539464],[-51.996418,-23.538794],[-51.996321,-23.538111],[-51.996407,-23.537578],[-51.996476,-23.537273],[-51.996531,-23.536837],[-51.996606,-23.536472],[-51.996735,-23.535473],[-51.996747,-23.535318],[-51.996758,-23.535208],[-51.996993,-23.534736],[-51.997074,-23.534525],[-51.997185,-23.534166],[-51.997223,-23.534044],[-51.997247,-23.533842],[-51.997303,-23.533459],[-51.997342,-23.533113],[-51.99747,-23.532673],[-51.997525,-23.531839],[-51.997652,-23.530791],[-51.997774,-23.529629],[-51.997882,-23.529219]]}},
{"type":"Feature","properties":{"name":"Cór. Sem Denominação"},"geometry":{"type":"LineString","coordinates":[[-51.998586,-23.384742],[-51.999731,-23.385666],[-51.999802,-23.385741]]}},
{"type":"Feature","properties":{"name":"Cór. Sem Denominação"},"geometry":{"type":"LineString","coordinates":[[-51.862474,-23.347659],[-51.8627,-23.348309],[-51.862966,-23.348221],[-51.863317,-23.348114],[-51.863635,-23.348017],[-51.863899,-23.347883],[-51.864238,-23.347753],[-51.864498,-23.347638],[-51.864646,-23.347533],[-51.864841,-23.347434],[-51.86498,-23.34737],[-51.865121,-23.34727],[-51.865242,-23.347167],[-51.865409,-23.347058],[-51.865461,-23.346972],[-51.865494,-23.346738],[-51.865642,-23.346535],[-51.865706,-23.346487],[-51.865771,-23.346432],[-51.86584,-23.346366],[-51.865897,-23.346331],[-51.86596,-23.346311],[-51.866038,-23.346295],[-51.866148,-23.346264],[-51.866304,-23.346189],[-51.866464,-23.346089],[-51.866563,-23.346013],[-51.867302,-23.345297],[-51.867586,-23.344999],[-51.867806,-23.344752],[-51.867849,-23.344662],[-51.867878,-23.344577],[-51.867902,-23.344493],[-51.867904,-23.344427],[-51.867898,-23.344365],[-51.867902,-23.344291],[-51.867911,-23.344224],[-51.867928,-23.344177]]}},
{"type":"Feature","properties":{"name":"Cór. Sem Denominação"},"geometry":{"type":"LineString","coordinates":[[-52.032693,-23.511646],[-52.032491,-23.511615],[-52.032124,-23.511503],[-52.031649,-23.511402],[-52.031358,-23.511371],[-52.030755,-23.5114],[-52.030549,-23.511427],[-52.030294,-23.511507],[-52.030104,-23.511584]]}},
{"type":"Feature","properties":{"name":"Cór. Sem Denominação"},"geometry":{"type":"LineString","coordinates":[[-52.01442,-23.442759],[-52.014465,-23.442507],[-52.014467,-23.442457],[-52.014472,-23.442431],[-52.014495,-23.442377],[-52.014521,-23.442315],[-52.014523,-23.442271],[-52.014522,-23.44223],[-52.014524,-23.442209],[-52.014537,-23.442164],[-52.014556,-23.442109],[-52.014572,-23.442057],[-52.014575,-23.44203],[-52.014574,-23.442013],[-52.014577,-23.441995],[-52.014587,-23.441905],[-52.01459,-23.441873],[-52.014607,-23.441785],[-52.014617,-23.441756],[-52.014628,-23.441722],[-52.014631,-23.4417],[-52.014632,-23.441676],[-52.014641,-23.441613],[-52.014645,-23.441586],[-52.014659,-23.441563],[-52.014665,-23.441558],[-52.014676,-23.441554],[-52.014694,-23.441549],[-52.014759,-23.441528],[-52.014782,-23.441517],[-52.014809,-23.441499],[-52.014826,-23.441485],[-52.014837,-23.441475],[-52.014853,-23.441467],[-52.014873,-23.441458],[-52.014898,-23.441447],[-52.014928,-23.441434],[-52.014969,-23.441402],[-52.014998,-23.441378],[-52.015016,-23.441362],[-52.01503,-23.441346],[-52.015038,-23.441335],[-52.015047,-23.441326],[-52.015074,-23.44131],[-52.015109,-23.441294],[-52.015138,-23.44128],[-52.015192,-23.441248],[-52.015216,-23.441231],[-52.015248,-23.441194],[-52.015303,-23.44115],[-52.015339,-23.441123],[-52.015366,-23.441103],[-52.015379,-23.441086],[-52.015391,-23.441066],[-52.01543,-23.441037],[-52.015489,-23.440999],[-52.015569,-23.44095],[-52.015617,-23.440921],[-52.015628,-23.440914],[-52.015638,-23.440901],[-52.015658,-23.440868],[-52.0157,-23.440813],[-52.015754,-23.440759],[-52.015813,-23.440703],[-52.015831,-23.44068],[-52.015855,-23.440659],[-52.015904,-23.440619],[-52.015968,-23.440565],[-52.016022,-23.440518],[-52.016046,-23.4405],[-52.016096,-23.440462],[-52.016179,-23.440398],[-52.016241,-23.440336],[-52.01628,-23.440298],[-52.01634,-23.440248],[-52.016365,-23.440229],[-52.016436,-23.440186],[-52.016465,-23.44017],[-52.016504,-23.440153],[-52.016555,-23.440139],[-52.016578,-23.440135],[-52.016615,-23.440122],[-52.016693,-23.440093],[-52.016729,-23.440081],[-52.016759,-23.440073],[-52.016788,-23.44007],[-52.01688,-23.440054],[-52.016909,-23.440048],[-52.01693,-23.440045],[-52.016968,-23.440037],[-52.017034,-23.440038],[-52.017067,-23.440041],[-52.01709,-23.440038],[-52.017122,-23.440027],[-52.017199,-23.43999],[-52.017241,-23.439975],[-52.017259,-23.439964],[-52.017312,-23.439934],[-52.017393,-23.439896],[-52.017464,-23.439853],[-52.017475,-23.439845],[-52.017502,-23.439826],[-52.017525,-23.439804],[-52.017547,-23.439777],[-52.017595,-23.439739],[-52.017631,-23.439702],[-52.017676,-23.439651],[-52.017735,-23.439606],[-52.017805,-23.439564],[-52.01786,-23.439528],[-52.017901,-23.439497],[-52.017925,-23.439485],[-52.017971,-23.439453],[-52.017996,-23.439436],[-52.018062,-23.439408],[-52.018077,-23.4394],[-52.018093,-23.439392],[-52.018123,-23.439374],[-52.018198,-23.439334],[-52.018264,-23.4393],[-52.018311,-23.439274],[-52.018356,-23.439258],[-52.018456,-23.439227],[-52.018544,-23.439217],[-52.018601,-23.439193],[-52.018667,-23.439163]]}},
{"type":"Feature","properties":{"name":"Cór. Sem Denominação"},"geometry":{"type":"LineString","coordinates":[[-52.01892,-23.50191],[-52.01897,-23.501809],[-52.01905,-23.501661],[-52.019167,-23.501364],[-52.019329,-23.500904]]}},
{"type":"Feature","properties":{"name":"Cór. Nazareth"},"geometry":{"type":"MultiLineString","coordinates":[[[-51.96177,-23.417945],[-51.961882,-23.417792],[-51.961992,-23.417693],[-51.962099,-23.417559],[-51.962189,-23.417416],[-51.962255,-23.417321],[-51.962292,-23.417209],[-51.962311,-23.417107],[-51.96234,-23.416906],[-51.962374,-23.416788],[-51.962451,-23.416619],[-51.962554,-23.416479],[-51.962689,-23.416267],[-51.962754,-23.415805],[-51.962862,-23.415418],[-51.962885,-23.415264],[-51.96293,-23.415126],[-51.963008,-23.414935],[-51.963008,-23.414729],[-51.96299,-23.414626],[-51.962959,-23.414496],[-51.962958,-23.414418],[-51.96297,-23.414364],[-51.96302,-23.414246],[-51.963128,-23.414071],[-51.963241,-23.413905],[-51.963273,-23.413814],[-51.963287,-23.413708],[-51.963283,-23.4136],[-51.963284,-23.413436],[-51.963316,-23.413296],[-51.96336,-23.413173],[-51.96341,-23.413072],[-51.963514,-23.41294],[-51.963648,-23.412798],[-51.963665,-23.412773],[-51.96367,-23.412741],[-51.963673,-23.412703],[-51.963675,-23.412684],[-51.963686,-23.412669],[-51.963724,-23.412656],[-51.963738,-23.41265],[-51.963746,-23.412636],[-51.963751,-23.412587],[-51.963753,-23.412532],[-51.963756,-23.412471],[-51.963773,-23.41232],[-51.963784,-23.412141],[-51.963794,-23.412026],[-51.9638,-23.412012],[-51.963805,-23.411999],[-51.96381,-23.411993],[-51.963822,-23.411983],[-51.963841,-23.411971],[-51.963893,-23.411949],[-51.963968,-23.411918],[-51.964059,-23.411868],[-51.964118,-23.411811],[-51.964168,-23.411741],[-51.964231,-23.411634],[-51.96425,-23.411589],[-51.96427,-23.411535],[-51.964277,-23.411496],[-51.964277,-23.411443],[-51.964254,-23.411397],[-51.964217,-23.41135],[-51.964176,-23.411291],[-51.964164,-23.411257],[-51.96416,-23.411216],[-51.964166,-23.411167],[-51.964182,-23.411113],[-51.964199,-23.411075],[-51.96422,-23.411021],[-51.964232,-23.41098],[-51.964226,-23.410904],[-51.964202,-23.410815],[-51.964209,-23.410739],[-51.964239,-23.410699],[-51.964289,-23.410651],[-51.964342,-23.410585],[-51.964392,-23.410503],[-51.964449,-23.41045],[-51.964509,-23.41039],[-51.964543,-23.410335],[-51.964556,-23.410319],[-51.964588,-23.410293],[-51.964612,-23.410258],[-51.964646,-23.410193],[-51.964647,-23.410155],[-51.964637,-23.410092],[-51.96464,-23.410017],[-51.964654,-23.409961],[-51.964672,-23.409926],[-51.964753,-23.40985],[-51.964821,-23.409792],[-51.965014,-23.409579]],[[-51.965012,-23.409579],[-51.965139,-23.409347],[-51.965226,-23.409271],[-51.965264,-23.409226],[-51.965311,-23.409162],[-51.965354,-23.409088],[-51.965388,-23.408998],[-51.965407,-23.408947],[-51.965417,-23.408894],[-51.96543,-23.408846],[-51.965472,-23.408797],[-51.965488,-23.40875],[-51.965482,-23.4087],[-51.965497,-23.408644],[-51.965508,-23.408605],[-51.965531,-23.40857],[-51.965553,-23.408545],[-51.965579,-23.408515],[-51.965602,-23.40848],[-51.965612,-23.408458],[-51.965617,-23.40844],[-51.965624,-23.408414],[-51.965636,-23.40833],[-51.96565,-23.408271],[-51.96567,-23.408201],[-51.965696,-23.408105],[-51.965704,-23.408025],[-51.965711,-23.407955],[-51.965719,-23.407875],[-51.965735,-23.40768],[-51.965745,-23.407567],[-51.965758,-23.407415],[-51.965769,-23.407291],[-51.96576,-23.407103],[-51.965755,-23.406974],[-51.96579,-23.406774],[-51.965835,-23.406645],[-51.965888,-23.406559],[-51.965946,-23.406459],[-51.966027,-23.406283],[-51.966137,-23.406045],[-51.96619,-23.405915],[-51.966216,-23.405762],[-51.966221,-23.405724],[-51.96625,-23.405648],[-51.966283,-23.405572],[-51.966351,-23.405478],[-51.966462,-23.405364],[-51.966586,-23.405276],[-51.966653,-23.405229],[-51.966725,-23.405178],[-51.966738,-23.405169],[-51.966749,-23.405152],[-51.966752,-23.405119],[-51.966707,-23.405016],[-51.966698,-23.404982],[-51.966693,-23.404939],[-51.966694,-23.40479],[-51.966704,-23.404704],[-51.96673,-23.404618],[-51.966796,-23.404217],[-51.966859,-23.403928],[-51.966914,-23.403692],[-51.966954,-23.403518],[-51.966998,-23.403325],[-51.967094,-23.403106],[-51.967112,-23.403042],[-51.967116,-23.402977],[-51.967156,-23.402789],[-51.967193,-23.402719],[-51.967241,-23.402661],[-51.967311,-23.40259],[-51.967701,-23.402089],[-51.967795,-23.401898],[-51.967881,-23.401722],[-51.967886,-23.401694],[-51.967895,-23.401666],[-51.967924,-23.401618],[-51.967964,-23.401531],[-51.967994,-23.401438]]]}},
{"type":"Feature","properties":{"name":"Cór. Xaréu"},"geometry":{"type":"LineString","coordinates":[[-52.038668,-23.396147],[-52.039134,-23.396276],[-52.039264,-23.396295],[-52.039449,-23.396305],[-52.039734,-23.396333],[-52.039955,-23.396361]]}},
{"type":"Feature","properties":{"name":"Cór. Sem Denominação"},"geometry":{"type":"LineString","coordinates":[[-51.880786,-23.362976],[-51.880575,-23.363273],[-51.880498,-23.363445],[-51.880047,-23.364031],[-51.879625,-23.364489],[-51.879297,-23.364807],[-51.879079,-23.365047],[-51.87879,-23.36539],[-51.878483,-23.365667],[-51.878164,-23.365905],[-51.878055,-23.366013],[-51.877985,-23.366136],[-51.877891,-23.36659],[-51.877878,-23.366749],[-51.877812,-23.366884],[-51.877787,-23.367003],[-51.87773,-23.367109],[-51.877651,-23.3672],[-51.877618,-23.367303],[-51.877483,-23.367602],[-51.877427,-23.36789],[-51.877468,-23.368177],[-51.877401,-23.368356],[-51.877363,-23.368473],[-51.87737,-23.368584],[-51.877345,-23.368757],[-51.877294,-23.368884],[-51.87716,-23.369141],[-51.876788,-23.369717],[-51.876779,-23.369727],[-51.876576,-23.369945],[-51.876174,-23.370382],[-51.87584,-23.370714],[-51.875582,-23.370897],[-51.875066,-23.371134],[-51.874674,-23.371294],[-51.874333,-23.37143],[-51.874064,-23.371517]]}},
{"type":"Feature","properties":{"name":"Cór. Sem Denominação"},"geometry":{"type":"LineString","coordinates":[[-51.941422,-23.273636],[-51.941533,-23.273761],[-51.942029,-23.274358],[-51.942301,-23.274629],[-51.942458,-23.274765],[-51.94265,-23.274883],[-51.943536,-23.275386],[-51.944221,-23.275848],[-51.944367,-23.275981],[-51.944656,-23.276302],[-51.944871,-23.276505],[-51.94509,-23.27678],[-51.945264,-23.277043],[-51.945695,-23.277584],[-51.946262,-23.278214],[-51.947351,-23.279539],[-51.947533,-23.279733]]}},
{"type":"Feature","properties":{"name":"Cór. Sem Denominação"},"geometry":{"type":"LineString","coordinates":[[-51.967442,-23.476221],[-51.9674,-23.476208],[-51.967336,-23.476201],[-51.967219,-23.476205],[-51.967056,-23.476215],[-51.966968,-23.476246],[-51.966884,-23.476253],[-51.966828,-23.476249],[-51.966775,-23.476259],[-51.966719,-23.476279],[-51.966691,-23.476298],[-51.966644,-23.47632],[-51.966569,-23.476351],[-51.966478,-23.476389],[-51.966408,-23.476423],[-51.966321,-23.476467],[-51.966273,-23.476488],[-51.966239,-23.476492],[-51.966207,-23.47652],[-51.966043,-23.476606],[-51.965885,-23.476655],[-51.965589,-23.476753],[-51.965344,-23.476813],[-51.965107,-23.47684],[-51.964714,-23.476827],[-51.964399,-23.476792],[-51.964078,-23.4767],[-51.963663,-23.476582],[-51.963312,-23.476486],[-51.963109,-23.476424],[-51.962896,-23.476448],[-51.96266,-23.476506],[-51.962473,-23.476551],[-51.962239,-23.476609],[-51.962014,-23.476657],[-51.961825,-23.476674]]}},
{"type":"Feature","properties":{"name":"Cór. Sem Denominação"},"geometry":{"type":"LineString","coordinates":[[-51.888756,-23.378187],[-51.888499,-23.378249],[-51.888386,-23.37826],[-51.888313,-23.378267],[-51.888246,-23.378308],[-51.888194,-23.378351],[-51.888099,-23.378397],[-51.888054,-23.378425],[-51.888002,-23.378505],[-51.887961,-23.378554],[-51.88792,-23.378585],[-51.887887,-23.378584],[-51.887838,-23.378588],[-51.88775,-23.378637],[-51.887688,-23.378679],[-51.887547,-23.378849],[-51.88734,-23.379089],[-51.887219,-23.379239],[-51.886901,-23.37953],[-51.886628,-23.379734],[-51.886094,-23.380192],[-51.885876,-23.380384],[-51.885587,-23.380598],[-51.885286,-23.38074],[-51.88505,-23.380818],[-51.88486,-23.380906],[-51.88477,-23.380935],[-51.884666,-23.380956],[-51.88456,-23.380982],[-51.884499,-23.380996],[-51.884433,-23.381009],[-51.884366,-23.381031],[-51.884302,-23.381061],[-51.884232,-23.381098],[-51.884184,-23.381137],[-51.884113,-23.3812],[-51.883972,-23.381317],[-51.883526,-23.381596],[-51.883414,-23.381663],[-51.883319,-23.381759],[-51.883255,-23.381851],[-51.883215,-23.381929],[-51.883191,-23.381976],[-51.883169,-23.382032]]}},
{"type":"Feature","properties":{"name":"Cór. Corvo rei"},"geometry":{"type":"LineString","coordinates":[[-51.95881,-23.500862],[-51.958971,-23.500548],[-51.95912,-23.500331],[-51.959242,-23.500112],[-51.959313,-23.499894],[-51.959701,-23.499399],[-51.960036,-23.499122],[-51.960888,-23.498281],[-51.961089,-23.498132],[-51.961563,-23.49787],[-51.962501,-23.497499],[-51.962961,-23.497277],[-51.963326,-23.497084],[-51.96359,-23.496928],[-51.963889,-23.496727],[-51.964276,-23.496501],[-51.964715,-23.496243],[-51.966255,-23.4952],[-51.966429,-23.495086],[-51.966585,-23.494991],[-51.966805,-23.494819],[-51.967005,-23.49461],[-51.967054,-23.49455],[-51.967133,-23.494488],[-51.967271,-23.494435],[-51.967387,-23.494386],[-51.967481,-23.494352],[-51.967575,-23.494337],[-51.967687,-23.494342],[-51.967783,-23.494327],[-51.967935,-23.49426],[-51.968087,-23.494161],[-51.968311,-23.494026],[-51.968484,-23.49383],[-51.969245,-23.493108],[-51.969415,-23.492862],[-51.969576,-23.492726],[-51.969802,-23.492572],[-51.970098,-23.492388],[-51.970376,-23.492252],[-51.970557,-23.492203],[-51.970804,-23.492074],[-51.971094,-23.491881],[-51.971202,-23.491795],[-51.971239,-23.491655],[-51.971284,-23.491517],[-51.971356,-23.491432],[-51.971476,-23.491355],[-51.971558,-23.491301],[-51.971691,-23.491275],[-51.971834,-23.491263],[-51.971928,-23.491215],[-51.972051,-23.491181],[-51.972291,-23.491176],[-51.972919,-23.491215],[-51.973173,-23.491157],[-51.973381,-23.491025]]}},
{"type":"Feature","properties":{"name":""},"geometry":{"type":"MultiLineString","coordinates":[[[-51.95261,-23.315517],[-51.95285,-23.31595],[-51.952974,-23.316215],[-51.953107,-23.316648],[-51.953142,-23.316972],[-51.953082,-23.317568],[-51.952999,-23.318027],[-51.952994,-23.318099]],[[-51.951961,-23.298735],[-51.951774,-23.299192],[-51.951631,-23.299584],[-51.951488,-23.299991],[-51.95135,-23.300539],[-51.951304,-23.300897],[-51.951351,-23.301246],[-51.951349,-23.301419],[-51.951378,-23.301781],[-51.951432,-23.302127],[-51.951426,-23.302282],[-51.951435,-23.302575],[-51.951497,-23.303046],[-51.951507,-23.303739],[-51.951439,-23.30422],[-51.951392,-23.304457],[-51.95134,-23.304793],[-51.95132,-23.304928],[-51.951248,-23.305248],[-51.951186,-23.305746],[-51.951138,-23.306112],[-51.95109,-23.30702],[-51.951055,-23.307824],[-51.951055,-23.308789],[-51.951068,-23.309673],[-51.95112,-23.310423],[-51.951185,-23.311675],[-51.951256,-23.312156],[-51.951286,-23.312387],[-51.951366,-23.312741],[-51.951514,-23.313129],[-51.951697,-23.313569],[-51.951829,-23.313924],[-51.951954,-23.314233],[-51.952234,-23.314958],[-51.952491,-23.315338],[-51.95261,-23.315517]]]}},
{"type":"Feature","properties":{"name":"Cór. Miringuava"},"geometry":{"type":"LineString","coordinates":[[-52.05101,-23.519475],[-52.051013,-23.519474],[-52.051205,-23.519408],[-52.051492,-23.519283],[-52.051909,-23.519071],[-52.052339,-23.518685],[-52.05252,-23.518512],[-52.052607,-23.518403],[-52.052734,-23.518217],[-52.052826,-23.518071],[-52.052907,-23.517898],[-52.053005,-23.51766],[-52.053066,-23.517497]]}},
{"type":"Feature","properties":{"name":"Cór. Miringuava"},"geometry":{"type":"LineString","coordinates":[[-52.047268,-23.519509],[-52.047377,-23.519551],[-52.047494,-23.519552],[-52.047568,-23.51954],[-52.047649,-23.519488],[-52.047727,-23.519457],[-52.047814,-23.51942],[-52.047957,-23.519409],[-52.048076,-23.519413],[-52.048164,-23.519416],[-52.048348,-23.51946],[-52.048434,-23.519486],[-52.048505,-23.519491],[-52.048541,-23.519477],[-52.048567,-23.51948],[-52.048609,-23.519491],[-52.048692,-23.51953],[-52.048868,-23.519562],[-52.049028,-23.51958],[-52.049141,-23.519592],[-52.049294,-23.51963],[-52.049435,-23.51964],[-52.049586,-23.519625],[-52.049632,-23.519621],[-52.049771,-23.519593],[-52.049853,-23.51958],[-52.050181,-23.519564],[-52.050313,-23.519539],[-52.05042,-23.519538],[-52.050488,-23.519553],[-52.050571,-23.519572],[-52.050658,-23.519567],[-52.050722,-23.519563],[-52.050787,-23.519543],[-52.050832,-23.519523],[-52.050921,-23.519513],[-52.050964,-23.519498],[-52.05101,-23.519475]]}},
{"type":"Feature","properties":{"name":"Cór. Sem Denominação"},"geometry":{"type":"LineString","coordinates":[[-51.845912,-23.398936],[-51.845203,-23.398925],[-51.844419,-23.398851],[-51.843839,-23.398768],[-51.842906,-23.398741],[-51.842635,-23.398747],[-51.842377,-23.39877]]}},
{"type":"Feature","properties":{"name":"Cór. Sem Denominação"},"geometry":{"type":"LineString","coordinates":[[-51.974543,-23.447201],[-51.974468,-23.447236],[-51.974424,-23.447264],[-51.974393,-23.447304],[-51.974355,-23.447347],[-51.974331,-23.447379],[-51.97433,-23.447399],[-51.974334,-23.447413],[-51.974366,-23.447423],[-51.974378,-23.447431],[-51.974383,-23.447439],[-51.974392,-23.447454],[-51.974408,-23.447468],[-51.974439,-23.447481],[-51.974462,-23.447489],[-51.974474,-23.447497],[-51.974476,-23.447519],[-51.974487,-23.447556],[-51.974498,-23.447584],[-51.974522,-23.447613],[-51.974541,-23.447625],[-51.97455,-23.447629],[-51.974564,-23.447646],[-51.974578,-23.447674]]}},
{"type":"Feature","properties":{"name":"Cór. Sem Denominação"},"geometry":{"type":"LineString","coordinates":[[-51.883257,-23.396463],[-51.883329,-23.396308],[-51.88335,-23.396222],[-51.883384,-23.396082],[-51.883449,-23.395899],[-51.883657,-23.395316],[-51.883761,-23.395061],[-51.883873,-23.394847],[-51.884068,-23.394588],[-51.884257,-23.394395],[-51.884404,-23.394272],[-51.884455,-23.39423],[-51.884523,-23.394138],[-51.884563,-23.39407],[-51.884615,-23.393985],[-51.884636,-23.393922],[-51.884635,-23.393887],[-51.884647,-23.393874],[-51.884669,-23.393864],[-51.884726,-23.393848],[-51.884755,-23.393825],[-51.884761,-23.393788],[-51.884749,-23.393732],[-51.884747,-23.393655],[-51.88475,-23.393594],[-51.884776,-23.393567],[-51.884807,-23.393547],[-51.88481,-23.393541],[-51.884836,-23.393503],[-51.88487,-23.393459],[-51.884894,-23.393439],[-51.884921,-23.393425],[-51.884959,-23.393376],[-51.884961,-23.393326],[-51.884988,-23.393289],[-51.88505,-23.393247],[-51.885112,-23.393193],[-51.885129,-23.393139],[-51.885127,-23.393076],[-51.885154,-23.392997],[-51.885184,-23.392935],[-51.885224,-23.392893],[-51.885286,-23.392834],[-51.885329,-23.392763],[-51.885337,-23.392709],[-51.885367,-23.392661],[-51.885377,-23.392599],[-51.885406,-23.392497],[-51.88544,-23.392436],[-51.885483,-23.392395],[-51.885562,-23.39234],[-51.885621,-23.392311],[-51.88568,-23.392266],[-51.885729,-23.392207],[-51.885786,-23.392153],[-51.885806,-23.392084],[-51.885768,-23.391426],[-51.885788,-23.391255],[-51.885808,-23.391166],[-51.885826,-23.391068],[-51.88585,-23.390992],[-51.88589,-23.39091],[-51.885914,-23.390865],[-51.885963,-23.390816],[-51.88628,-23.390412],[-51.886373,-23.390251],[-51.886446,-23.390105],[-51.886444,-23.390063],[-51.886485,-23.390016],[-51.886551,-23.389965],[-51.886594,-23.38993],[-51.886674,-23.389898],[-51.886725,-23.389863],[-51.886788,-23.389808],[-51.886839,-23.389749],[-51.886891,-23.389683],[-51.887074,-23.389521],[-51.88717,-23.389424],[-51.887236,-23.389357],[-51.887314,-23.389277],[-51.887392,-23.389198],[-51.887468,-23.389141],[-51.887534,-23.389121],[-51.887546,-23.389113],[-51.887557,-23.389087],[-51.88758,-23.389047],[-51.887608,-23.389027],[-51.887667,-23.388996],[-51.887711,-23.388956],[-51.887759,-23.388911],[-51.887788,-23.388869],[-51.88783,-23.388846],[-51.887871,-23.388828],[-51.887879,-23.38881],[-51.887896,-23.388771],[-51.887932,-23.388721],[-51.887951,-23.388701],[-51.888039,-23.388564],[-51.88806,-23.388525],[-51.888072,-23.388494],[-51.888106,-23.388385],[-51.888115,-23.388351],[-51.888118,-23.38833],[-51.888121,-23.388312],[-51.888121,-23.388292],[-51.88812,-23.388267],[-51.888127,-23.388249],[-51.888145,-23.388224],[-51.888172,-23.388165],[-51.888203,-23.38811],[-51.888291,-23.387937],[-51.888361,-23.387772],[-51.888395,-23.387626],[-51.888413,-23.387546],[-51.888431,-23.387502],[-51.888481,-23.387465],[-51.888607,-23.387373],[-51.888746,-23.387179],[-51.889106,-23.386755],[-51.889172,-23.386627],[-51.889274,-23.386486],[-51.889328,-23.38638],[-51.889374,-23.386318],[-51.889521,-23.3862],[-51.889605,-23.386137],[-51.889918,-23.385882],[-51.890142,-23.385721],[-51.890254,-23.385618],[-51.890296,-23.385572],[-51.890379,-23.385529],[-51.890506,-23.3855],[-51.89067,-23.385465],[-51.890773,-23.385427],[-51.890855,-23.385377],[-51.89088,-23.385358],[-51.890882,-23.385333],[-51.890901,-23.385305],[-51.890953,-23.385286],[-51.891069,-23.385272],[-51.891149,-23.38523],[-51.891188,-23.385197],[-51.891265,-23.385178],[-51.891345,-23.385168],[-51.891392,-23.385135],[-51.891425,-23.385105],[-51.891475,-23.385079],[-51.891541,-23.385022],[-51.891578,-23.384973],[-51.891602,-23.384933],[-51.891627,-23.384906],[-51.891658,-23.38489],[-51.89172,-23.384881],[-51.891773,-23.384869],[-51.891859,-23.384845],[-51.891939,-23.384806],[-51.892084,-23.384694]]}},
{"type":"Feature","properties":{"name":"Cór. Sem Denominação"},"geometry":{"type":"LineString","coordinates":[[-52.055768,-23.496679],[-52.055646,-23.496129],[-52.055579,-23.495801],[-52.055524,-23.495327],[-52.055428,-23.494825],[-52.055318,-23.494392],[-52.055254,-23.494076],[-52.055219,-23.493793],[-52.055205,-23.493366],[-52.055195,-23.493186],[-52.055137,-23.492834],[-52.055044,-23.492524],[-52.054893,-23.492254],[-52.054785,-23.492107],[-52.054631,-23.4919],[-52.054555,-23.491745],[-52.054424,-23.491477],[-52.054292,-23.491188],[-52.05415,-23.490988],[-52.054059,-23.490906],[-52.053881,-23.490741],[-52.053785,-23.490587],[-52.053673,-23.49039],[-52.053602,-23.490225],[-52.053561,-23.490129],[-52.053523,-23.490041],[-52.05346,-23.489935],[-52.053395,-23.489867],[-52.053341,-23.489815],[-52.053244,-23.489746],[-52.053036,-23.489576],[-52.05288,-23.489428],[-52.052753,-23.489321],[-52.052609,-23.489197]]}},
{"type":"Feature","properties":{"name":"Cór. Sem Denominação"},"geometry":{"type":"LineString","coordinates":[[-51.852745,-23.382223],[-51.853314,-23.382107],[-51.853682,-23.38201],[-51.85395,-23.381949],[-51.854264,-23.381908],[-51.854396,-23.381868],[-51.854684,-23.381837],[-51.854904,-23.381857],[-51.85518,-23.381984]]}},
{"type":"Feature","properties":{"name":"Rib. Atlantique"},"geometry":{"type":"LineString","coordinates":[[-51.977492,-23.296687],[-51.977453,-23.296656],[-51.977425,-23.296628],[-51.97741,-23.296604],[-51.977404,-23.296571],[-51.977406,-23.296492],[-51.977414,-23.296445]]}},
{"type":"Feature","properties":{"name":"Cór. Sem Denominação"},"geometry":{"type":"LineString","coordinates":[[-52.052407,-23.350685],[-52.05246,-23.350697],[-52.052509,-23.350699],[-52.052631,-23.350675],[-52.052923,-23.350609],[-52.053205,-23.350504],[-52.053424,-23.350405],[-52.05361,-23.350325],[-52.053835,-23.350297],[-52.054117,-23.350312],[-52.054121,-23.350312]]}},
{"type":"Feature","properties":{"name":"Cór. Sem Denominação"},"geometry":{"type":"LineString","coordinates":[[-52.077531,-23.523363],[-52.077779,-23.523332],[-52.077903,-23.523271],[-52.077988,-23.523205],[-52.078038,-23.523119],[-52.078126,-23.523015],[-52.078165,-23.522957],[-52.078311,-23.522768]]}},
{"type":"Feature","properties":{"name":"Cór. Ibipitanga"},"geometry":{"type":"LineString","coordinates":[[-51.971053,-23.381126],[-51.971105,-23.381199],[-51.97131,-23.381403],[-51.971514,-23.381607],[-51.971731,-23.381825],[-51.971965,-23.382061],[-51.972278,-23.38235],[-51.972314,-23.382397],[-51.97235,-23.382449],[-51.972377,-23.382482],[-51.972412,-23.382511],[-51.972436,-23.382527],[-51.972476,-23.38254],[-51.972495,-23.382557],[-51.972516,-23.382586],[-51.972547,-23.382626],[-51.972577,-23.382653],[-51.972598,-23.382676],[-51.972617,-23.38269],[-51.972652,-23.382713],[-51.97269,-23.382755],[-51.972727,-23.382832],[-51.972809,-23.382927],[-51.972881,-23.38301],[-51.972953,-23.383048],[-51.973052,-23.383117],[-51.973137,-23.383173],[-51.973194,-23.383245],[-51.973228,-23.38335],[-51.973291,-23.383455],[-51.973408,-23.383561],[-51.973452,-23.383628],[-51.973491,-23.383701],[-51.973578,-23.383864],[-51.973696,-23.384016],[-51.973797,-23.384152],[-51.973844,-23.384197],[-51.97393,-23.38428],[-51.974102,-23.384488],[-51.974279,-23.384652],[-51.97447,-23.384829],[-51.975012,-23.385327],[-51.97572,-23.385875],[-51.975876,-23.385993],[-51.976079,-23.386173],[-51.976209,-23.386282],[-51.976296,-23.386372],[-51.976354,-23.386447],[-51.976384,-23.386475],[-51.976408,-23.386497],[-51.976437,-23.386545],[-51.976446,-23.38663],[-51.976449,-23.386667],[-51.976458,-23.386692],[-51.976485,-23.386729],[-51.976523,-23.386756],[-51.976594,-23.386802],[-51.976673,-23.386893],[-51.976719,-23.386931],[-51.976805,-23.386959],[-51.976922,-23.387011],[-51.976962,-23.387035],[-51.977054,-23.387074],[-51.977143,-23.387108],[-51.977346,-23.38722],[-51.977573,-23.387398],[-51.977745,-23.387537],[-51.977873,-23.387735],[-51.978024,-23.38797],[-51.978283,-23.38828],[-51.978459,-23.3885],[-51.978558,-23.388632],[-51.97867,-23.38878],[-51.978812,-23.388873],[-51.978995,-23.388963],[-51.979082,-23.389051],[-51.979166,-23.389136],[-51.979336,-23.389221],[-51.979455,-23.389263],[-51.979517,-23.3893],[-51.979592,-23.389397],[-51.979676,-23.389529],[-51.980138,-23.390098],[-51.980246,-23.390165],[-51.980473,-23.390233],[-51.980626,-23.390333],[-51.980901,-23.390467],[-51.981139,-23.39065],[-51.981221,-23.390729],[-51.981329,-23.390837],[-51.981419,-23.390924],[-51.981493,-23.390968],[-51.981549,-23.391005],[-51.981598,-23.391047],[-51.981686,-23.391192],[-51.981757,-23.391246],[-51.98184,-23.39129],[-51.981986,-23.391407],[-51.982135,-23.391527],[-51.982333,-23.391653],[-51.982645,-23.391819],[-51.982979,-23.391953],[-51.983256,-23.392131],[-51.983673,-23.39238],[-51.983843,-23.392518],[-51.984168,-23.392678],[-51.984449,-23.392858],[-51.984864,-23.393085],[-51.985111,-23.393227],[-51.985216,-23.393301],[-51.985323,-23.393407],[-51.985416,-23.393546],[-51.985609,-23.393761],[-51.985688,-23.393904],[-51.985806,-23.394097],[-51.985924,-23.394264],[-51.986106,-23.394433],[-51.986161,-23.394516],[-51.986265,-23.394619],[-51.986444,-23.394769],[-51.986574,-23.394914],[-51.986761,-23.395178],[-51.986835,-23.395297],[-51.986917,-23.395459],[-51.98697,-23.395602],[-51.987015,-23.395698],[-51.98705,-23.395764],[-51.987137,-23.395836],[-51.987195,-23.395877],[-51.987246,-23.395924],[-51.987263,-23.395951],[-51.987267,-23.395977],[-51.987261,-23.396005],[-51.987262,-23.396045],[-51.987269,-23.396066],[-51.987281,-23.396089],[-51.987298,-23.396107],[-51.987324,-23.396132],[-51.987335,-23.396143],[-51.987351,-23.396154],[-51.987382,-23.396165],[-51.987399,-23.396181],[-51.987455,-23.396208],[-51.987481,-23.396218],[-51.987503,-23.396223],[-51.987547,-23.396233],[-51.987583,-23.396231],[-51.987606,-23.396237],[-51.987652,-23.39626],[-51.987668,-23.39627],[-51.987798,-23.396354],[-51.987874,-23.396415],[-51.987942,-23.396469],[-51.988346,-23.396662],[-51.988855,-23.396876]]}},
{"type":"Feature","properties":{"name":"Cór. Sem Denominação"},"geometry":{"type":"LineString","coordinates":[[-51.997041,-23.548434],[-51.997172,-23.548422],[-51.997229,-23.548407],[-51.99729,-23.548388],[-51.997349,-23.548389],[-51.997402,-23.54838],[-51.997496,-23.548335],[-51.99756,-23.548307],[-51.997713,-23.548222],[-51.99786,-23.548159],[-51.99807,-23.548066],[-51.998201,-23.547998],[-51.998325,-23.547932],[-51.998443,-23.547899],[-51.998605,-23.547842],[-51.99871,-23.547785],[-51.998829,-23.54771],[-51.998983,-23.547638],[-51.999068,-23.547594],[-51.999137,-23.547566],[-51.999215,-23.547531],[-51.999307,-23.547501],[-51.999398,-23.547477],[-51.999463,-23.547455],[-51.999505,-23.547437],[-51.999516,-23.547427],[-51.999526,-23.547412],[-51.99953,-23.547403],[-51.999539,-23.547394],[-51.999548,-23.54739],[-51.99957,-23.547386],[-51.99961,-23.547382],[-51.999657,-23.547371],[-51.999711,-23.54736],[-51.999751,-23.547342],[-51.999802,-23.547322],[-51.999829,-23.547316],[-51.999865,-23.54731],[-51.999931,-23.54729],[-51.999986,-23.547271],[-52.000022,-23.547246],[-52.000051,-23.547224],[-52.0001,-23.5472],[-52.000121,-23.547194],[-52.000149,-23.547186],[-52.000201,-23.547172],[-52.00025,-23.547156],[-52.000303,-23.547142],[-52.000341,-23.547131],[-52.000378,-23.547124],[-52.000411,-23.547117],[-52.000443,-23.547107],[-52.000493,-23.547093],[-52.000608,-23.547058],[-52.000682,-23.547029],[-52.000743,-23.547005],[-52.000802,-23.546984],[-52.000853,-23.546961],[-52.000902,-23.546952],[-52.000937,-23.546955],[-52.001004,-23.546957],[-52.00104,-23.546963],[-52.001074,-23.546968],[-52.001117,-23.546976],[-52.001158,-23.54698],[-52.001202,-23.546976],[-52.001227,-23.546967],[-52.001261,-23.546959],[-52.001289,-23.546954],[-52.001312,-23.546954],[-52.001338,-23.546952],[-52.00136,-23.546953],[-52.001395,-23.546952],[-52.00142,-23.546947],[-52.001449,-23.546933],[-52.001485,-23.546917],[-52.001542,-23.546894],[-52.001608,-23.546872],[-52.001671,-23.546846],[-52.001731,-23.546827],[-52.001818,-23.546811],[-52.001899,-23.546802],[-52.00199,-23.546788],[-52.002034,-23.546785],[-52.002152,-23.546769],[-52.002245,-23.546751],[-52.002351,-23.54671],[-52.002448,-23.546658],[-52.002535,-23.546625],[-52.002644,-23.54659],[-52.002717,-23.546572],[-52.002824,-23.546518],[-52.002876,-23.5465],[-52.002957,-23.5465],[-52.003021,-23.546495],[-52.003071,-23.546492],[-52.003126,-23.546486],[-52.003176,-23.546473],[-52.003232,-23.546452],[-52.0033,-23.546435],[-52.003353,-23.546427],[-52.003425,-23.546414],[-52.003492,-23.546397],[-52.003564,-23.54638],[-52.003632,-23.546363],[-52.003711,-23.546348],[-52.003798,-23.546325],[-52.003869,-23.546311],[-52.003959,-23.546305],[-52.004017,-23.546304],[-52.004078,-23.546301],[-52.004159,-23.546288],[-52.004256,-23.546258],[-52.004362,-23.546217],[-52.004445,-23.546181],[-52.004549,-23.54614],[-52.004639,-23.546099],[-52.004702,-23.546032],[-52.004787,-23.545918],[-52.004876,-23.545823],[-52.004937,-23.545782],[-52.005068,-23.545689],[-52.005124,-23.545652],[-52.005167,-23.545589],[-52.005232,-23.545502],[-52.005307,-23.545436],[-52.005376,-23.545359],[-52.005423,-23.545274],[-52.005445,-23.545195],[-52.005445,-23.545099],[-52.005453,-23.544993],[-52.005477,-23.544877],[-52.005491,-23.544802],[-52.005514,-23.544659],[-52.005521,-23.544544],[-52.005523,-23.544465],[-52.005538,-23.544234],[-52.005551,-23.544131],[-52.005515,-23.543865],[-52.005515,-23.543823]]}},
{"type":"Feature","properties":{"name":"Cór. Sem Denominação"},"geometry":{"type":"LineString","coordinates":[[-51.867928,-23.344177],[-51.867972,-23.343937],[-51.867982,-23.343808],[-51.867986,-23.343738],[-51.867988,-23.343634],[-51.867997,-23.343547],[-51.868002,-23.343461],[-51.868011,-23.343418],[-51.868038,-23.343362],[-51.868044,-23.343325],[-51.868044,-23.343261],[-51.868051,-23.343193],[-51.86807,-23.343147],[-51.868084,-23.343123],[-51.868131,-23.343078],[-51.868165,-23.343042],[-51.868215,-23.342991],[-51.868286,-23.342867],[-51.868322,-23.342815],[-51.868386,-23.342689],[-51.86878,-23.341841],[-51.869012,-23.341404],[-51.869089,-23.341267],[-51.869218,-23.341094],[-51.869232,-23.341073]]}},
{"type":"Feature","properties":{"name":"Cór. Sem Denominação"},"geometry":{"type":"LineString","coordinates":[[-51.84314,-23.366528],[-51.8434,-23.366682],[-51.843545,-23.366782],[-51.843697,-23.366874],[-51.843826,-23.366926],[-51.84394,-23.366938],[-51.844181,-23.366972],[-51.844461,-23.36703],[-51.84472,-23.367113],[-51.845008,-23.367207],[-51.845325,-23.367354],[-51.845421,-23.367446],[-51.845487,-23.36752],[-51.845556,-23.367575],[-51.845698,-23.367661],[-51.84581,-23.367727],[-51.84594,-23.367805],[-51.846021,-23.367872],[-51.846079,-23.367935],[-51.846137,-23.367998],[-51.846162,-23.368057],[-51.84618,-23.368174],[-51.846195,-23.368223],[-51.84622,-23.368246],[-51.846316,-23.368288],[-51.846418,-23.368336],[-51.846489,-23.368386],[-51.846565,-23.368436],[-51.846641,-23.368511],[-51.846682,-23.368595],[-51.846717,-23.368667],[-51.846762,-23.368747],[-51.846783,-23.368777],[-51.846815,-23.368797],[-51.846884,-23.368825],[-51.847018,-23.368885],[-51.847174,-23.368967],[-51.847258,-23.369009],[-51.847398,-23.369122],[-51.847508,-23.369209],[-51.847591,-23.369303],[-51.847657,-23.369384],[-51.8477,-23.369431],[-51.847746,-23.369473],[-51.847794,-23.369511],[-51.847839,-23.369531],[-51.847908,-23.369552],[-51.84808,-23.369604],[-51.848348,-23.369704],[-51.848532,-23.369779],[-51.848801,-23.369897],[-51.849049,-23.370036],[-51.849243,-23.370116],[-51.84935,-23.370177],[-51.849402,-23.370208],[-51.849494,-23.370245],[-51.849593,-23.370297],[-51.849667,-23.370332],[-51.849748,-23.370356],[-51.849925,-23.370395]]}},
{"type":"Feature","properties":{"name":"Cór. Sem Denominação"},"geometry":{"type":"LineString","coordinates":[[-51.95841,-23.261444],[-51.958441,-23.261532],[-51.958507,-23.26169],[-51.958623,-23.261855],[-51.95885,-23.2623],[-51.958979,-23.262699],[-51.959122,-23.263011],[-51.959239,-23.263288],[-51.95935,-23.263516],[-51.959435,-23.263717],[-51.959514,-23.263884],[-51.959695,-23.264139],[-51.959946,-23.26446],[-51.960446,-23.265147]]}},
{"type":"Feature","properties":{"name":"Rib. Maringá"},"geometry":{"type":"LineString","coordinates":[[-51.967994,-23.401437],[-51.968114,-23.401477],[-51.968163,-23.401502],[-51.968218,-23.40153],[-51.968317,-23.401564],[-51.968391,-23.401591],[-51.968446,-23.401602],[-51.968503,-23.401633],[-51.968622,-23.401677],[-51.9687,-23.401696],[-51.968754,-23.401712],[-51.968822,-23.401742],[-51.968864,-23.401754],[-51.968934,-23.401785],[-51.969021,-23.401824],[-51.969078,-23.401832],[-51.969159,-23.401839],[-51.9692,-23.401851],[-51.969269,-23.401874],[-51.969326,-23.401901],[-51.9694,-23.401923],[-51.969495,-23.401943],[-51.969551,-23.401952],[-51.969633,-23.401969],[-51.969694,-23.402012],[-51.969765,-23.402062],[-51.969852,-23.402134],[-51.969951,-23.402221],[-51.970022,-23.40229],[-51.970075,-23.402326],[-51.970169,-23.402358],[-51.970213,-23.402373],[-51.970259,-23.402398],[-51.970318,-23.402429],[-51.970377,-23.402461],[-51.970436,-23.402484],[-51.970493,-23.402488],[-51.970534,-23.402498],[-51.970566,-23.402513],[-51.970588,-23.402526],[-51.970767,-23.4026],[-51.970801,-23.402628],[-51.970849,-23.402664],[-51.970898,-23.402722],[-51.970929,-23.40277],[-51.970974,-23.402796],[-51.971015,-23.402824],[-51.971044,-23.40285],[-51.97108,-23.402892],[-51.971137,-23.402972],[-51.971182,-23.403053],[-51.97122,-23.403111],[-51.971293,-23.403188],[-51.971324,-23.403212],[-51.971352,-23.403244],[-51.97137,-23.403292],[-51.971389,-23.40334],[-51.971437,-23.403408],[-51.971487,-23.403484],[-51.9715,-23.40351],[-51.971544,-23.403616],[-51.971588,-23.403686],[-51.971632,-23.403734],[-51.971685,-23.403774],[-51.971752,-23.403809],[-51.971818,-23.403849],[-51.971867,-23.403875],[-51.971932,-23.403926],[-51.972032,-23.404006],[-51.972069,-23.404041],[-51.972097,-23.404087],[-51.972118,-23.404125],[-51.972146,-23.404268],[-51.972173,-23.404329],[-51.972201,-23.404381],[-51.97226,-23.404444],[-51.972298,-23.404485],[-51.972335,-23.404538],[-51.972363,-23.404587],[-51.972388,-23.404642],[-51.972407,-23.404744],[-51.972427,-23.404801],[-51.972467,-23.40487],[-51.972515,-23.404927],[-51.972571,-23.404989],[-51.972614,-23.405043],[-51.972665,-23.405096],[-51.9727,-23.405139],[-51.972713,-23.405172],[-51.972739,-23.40523],[-51.972779,-23.405286],[-51.972809,-23.405356],[-51.972824,-23.405397],[-51.972846,-23.40542],[-51.972908,-23.405455],[-51.973014,-23.405508],[-51.973143,-23.405563],[-51.973221,-23.405599],[-51.97328,-23.405638],[-51.973324,-23.405701],[-51.97335,-23.405774],[-51.973408,-23.40586],[-51.97343,-23.405909],[-51.973465,-23.405967],[-51.973496,-23.405999],[-51.973549,-23.406029],[-51.973583,-23.406045],[-51.973634,-23.406052],[-51.973714,-23.40606],[-51.973776,-23.40608],[-51.973818,-23.406104],[-51.973856,-23.406164],[-51.973902,-23.406246],[-51.973938,-23.406295],[-51.973966,-23.406333],[-51.973996,-23.406384],[-51.974005,-23.406434],[-51.974005,-23.406502],[-51.974019,-23.406554],[-51.974041,-23.406592],[-51.974065,-23.406619],[-51.974077,-23.406664],[-51.974081,-23.406745],[-51.974086,-23.406847],[-51.974092,-23.406939],[-51.974118,-23.407015],[-51.974164,-23.407111],[-51.974207,-23.407204],[-51.974247,-23.407287],[-51.9743,-23.407353],[-51.974327,-23.407401],[-51.974362,-23.407465],[-51.974381,-23.407506],[-51.974442,-23.40762],[-51.974474,-23.407647],[-51.974536,-23.407642],[-51.974602,-23.407653],[-51.974661,-23.40767],[-51.974748,-23.40769],[-51.97487,-23.407728],[-51.974938,-23.407784],[-51.974966,-23.407854],[-51.975005,-23.407899],[-51.975053,-23.40794],[-51.975098,-23.408087],[-51.975125,-23.408144],[-51.975212,-23.408259],[-51.97523,-23.408313],[-51.975257,-23.408375],[-51.975286,-23.408405],[-51.975326,-23.408431],[-51.975345,-23.40845],[-51.975367,-23.408494],[-51.975388,-23.408554],[-51.975428,-23.408636],[-51.975454,-23.408692],[-51.975463,-23.408747],[-51.975458,-23.408809],[-51.975441,-23.408955],[-51.975441,-23.409021],[-51.975449,-23.409064],[-51.975472,-23.409136],[-51.975512,-23.409261],[-51.975551,-23.409334],[-51.975561,-23.409354],[-51.975568,-23.409371],[-51.975572,-23.409404],[-51.975568,-23.40944],[-51.975576,-23.409467],[-51.975602,-23.409505],[-51.975626,-23.409541],[-51.975681,-23.409623],[-51.975716,-23.409662],[-51.975727,-23.409691],[-51.975741,-23.409718],[-51.975767,-23.409742],[-51.975793,-23.409758],[-51.975815,-23.409776],[-51.97583,-23.409804],[-51.975846,-23.409841],[-51.975856,-23.409894],[-51.975882,-23.409942],[-51.975907,-23.410006],[-51.975926,-23.41007],[-51.975942,-23.410117],[-51.975947,-23.410146],[-51.975949,-23.410165],[-51.975945,-23.410207],[-51.97594,-23.41029],[-51.975938,-23.410326],[-51.975943,-23.410348],[-51.975987,-23.410483],[-51.976012,-23.410513],[-51.97603,-23.410559],[-51.97603,-23.410599],[-51.976006,-23.410672],[-51.975995,-23.410692],[-51.97599,-23.410718],[-51.976005,-23.410746],[-51.975999,-23.410779],[-51.976017,-23.410875],[-51.976059,-23.410968],[-51.97607,-23.411045],[-51.976085,-23.411137],[-51.976093,-23.411153],[-51.976108,-23.411167],[-51.976129,-23.411184],[-51.976138,-23.411197],[-51.976142,-23.411234],[-51.976154,-23.411279],[-51.976215,-23.411367],[-51.976298,-23.411467],[-51.976383,-23.411535],[-51.976439,-23.411577],[-51.976565,-23.411656]]}},
{"type":"Feature","properties":{"name":"Cór. Sem Denominação"},"geometry":{"type":"LineString","coordinates":[[-52.001808,-23.534416],[-52.001688,-23.534409],[-52.001576,-23.534414],[-52.001455,-23.534413],[-52.001333,-23.534433],[-52.001224,-23.534466],[-52.001107,-23.534499],[-52.001081,-23.534508],[-52.001037,-23.534509],[-52.000986,-23.534506],[-52.000953,-23.53451],[-52.000932,-23.534521],[-52.000906,-23.534541],[-52.00088,-23.534566],[-52.000849,-23.534593],[-52.000807,-23.534623],[-52.000767,-23.534637],[-52.000723,-23.534644],[-52.000672,-23.534638],[-52.00064,-23.534627],[-52.000585,-23.534617],[-52.000546,-23.534613],[-52.000524,-23.53462],[-52.000506,-23.534631],[-52.00049,-23.534641],[-52.000471,-23.53464],[-52.000458,-23.534632],[-52.00044,-23.534634],[-52.000323,-23.534655],[-51.996623,-23.536344]]}},
{"type":"Feature","properties":{"name":"Cór. Sem Denominação"},"geometry":{"type":"LineString","coordinates":[[-51.907491,-23.45595],[-51.907332,-23.456562],[-51.907267,-23.456796],[-51.907061,-23.45712],[-51.906941,-23.45732],[-51.906841,-23.457519],[-51.906745,-23.457661],[-51.906681,-23.457848],[-51.90659,-23.458002],[-51.906505,-23.45811],[-51.90638,-23.458235],[-51.906269,-23.458345],[-51.906068,-23.45855],[-51.905742,-23.458841],[-51.905609,-23.458947],[-51.905443,-23.45911],[-51.905141,-23.459346],[-51.905036,-23.459414],[-51.904963,-23.45944],[-51.904882,-23.459451]]}},
{"type":"Feature","properties":{"name":"Cór. Sem Denominação"},"geometry":{"type":"LineString","coordinates":[[-52.012673,-23.400269],[-52.011648,-23.399443],[-52.011467,-23.399301],[-52.011073,-23.398969],[-52.010746,-23.398691]]}},
{"type":"Feature","properties":{"name":"Cór. Pixiricussu"},"geometry":{"type":"LineString","coordinates":[[-52.019994,-23.43237],[-52.019999,-23.432297],[-52.019993,-23.43199],[-52.020101,-23.431242],[-52.020114,-23.431184],[-52.02015,-23.431103],[-52.02022,-23.430977],[-52.020292,-23.430849],[-52.020352,-23.430747],[-52.020398,-23.430666],[-52.020421,-23.430603],[-52.020471,-23.430468],[-52.020511,-23.430382],[-52.020529,-23.430322],[-52.020544,-23.430276],[-52.020549,-23.430234],[-52.020555,-23.430191],[-52.020547,-23.430129],[-52.020529,-23.430033],[-52.02051,-23.429942],[-52.020497,-23.429857],[-52.020445,-23.429728],[-52.020412,-23.429658],[-52.020381,-23.42959],[-52.020326,-23.429486],[-52.020317,-23.429385],[-52.020329,-23.429285],[-52.020336,-23.42918],[-52.020358,-23.429073],[-52.020382,-23.428994],[-52.020415,-23.428922],[-52.020457,-23.428846],[-52.020501,-23.428783],[-52.020563,-23.42872],[-52.02065,-23.42862],[-52.02073,-23.428527],[-52.020817,-23.428484],[-52.020869,-23.428462],[-52.020897,-23.428449],[-52.020912,-23.428432],[-52.020922,-23.428372],[-52.020928,-23.428302],[-52.020936,-23.428251],[-52.020946,-23.42821],[-52.02096,-23.42816],[-52.021023,-23.427973],[-52.021023,-23.427959],[-52.021044,-23.427819],[-52.021054,-23.427739],[-52.021096,-23.427513],[-52.02114,-23.427303],[-52.021216,-23.427013],[-52.021309,-23.426679],[-52.021336,-23.426423],[-52.021318,-23.426239],[-52.021313,-23.426169],[-52.021319,-23.4261],[-52.021358,-23.42605],[-52.021368,-23.425985],[-52.021333,-23.425855],[-52.021319,-23.425752],[-52.021334,-23.425625],[-52.021349,-23.425556],[-52.021345,-23.425473],[-52.021365,-23.425448],[-52.021391,-23.425416],[-52.021394,-23.425377],[-52.021371,-23.425339],[-52.021352,-23.425309],[-52.02134,-23.425225],[-52.021349,-23.425131],[-52.021358,-23.425044],[-52.021368,-23.424938],[-52.021365,-23.424813],[-52.021356,-23.424661],[-52.021371,-23.42446],[-52.02137,-23.424339],[-52.021405,-23.424156],[-52.021426,-23.424045],[-52.021461,-23.423856],[-52.021476,-23.423775],[-52.021484,-23.423733],[-52.021485,-23.423645],[-52.021451,-23.423519],[-52.021436,-23.42343],[-52.021447,-23.423371],[-52.021461,-23.423314],[-52.021463,-23.423242],[-52.021455,-23.423207],[-52.021442,-23.423175],[-52.02141,-23.423057],[-52.021377,-23.422889],[-52.021363,-23.42278],[-52.021357,-23.422704],[-52.021341,-23.422638],[-52.021313,-23.422487],[-52.021288,-23.422338],[-52.021287,-23.422163],[-52.021286,-23.421979],[-52.02131,-23.421889],[-52.021336,-23.421792],[-52.021333,-23.421665],[-52.021329,-23.421455],[-52.021314,-23.42129],[-52.021318,-23.421158],[-52.021358,-23.421011]]}},
{"type":"Feature","properties":{"name":"Cór. Piracauba"},"geometry":{"type":"LineString","coordinates":[[-52.040197,-23.379471],[-52.039832,-23.378722],[-52.039657,-23.378285],[-52.039569,-23.377931],[-52.03955,-23.377856]]}},
{"type":"Feature","properties":{"name":"Cór. Sem Denominação"},"geometry":{"type":"LineString","coordinates":[[-51.87738,-23.361997],[-51.877507,-23.361777],[-51.87767,-23.361588],[-51.877752,-23.361499],[-51.877825,-23.361412],[-51.877945,-23.36129],[-51.878124,-23.361161],[-51.878223,-23.361094],[-51.878444,-23.360949],[-51.878654,-23.360818],[-51.87893,-23.360672],[-51.879267,-23.360469],[-51.879588,-23.360258],[-51.879739,-23.360137],[-51.879953,-23.359897],[-51.88016,-23.359674],[-51.880284,-23.359528],[-51.880405,-23.359374],[-51.880512,-23.35918],[-51.880703,-23.35883],[-51.880797,-23.358621],[-51.881064,-23.358147],[-51.881125,-23.35804],[-51.881179,-23.357827],[-51.881212,-23.357706],[-51.881234,-23.357536],[-51.881252,-23.357293]]}},
{"type":"Feature","properties":{"name":"Cór. Pixiricussu"},"geometry":{"type":"LineString","coordinates":[[-52.019825,-23.396455],[-52.019867,-23.396603],[-52.019906,-23.396802],[-52.01993,-23.39708],[-52.019924,-23.397302],[-52.019893,-23.397435],[-52.019851,-23.397534],[-52.019767,-23.397988],[-52.019651,-23.398522],[-52.019606,-23.398652],[-52.019543,-23.398779],[-52.019504,-23.398878],[-52.019417,-23.399063],[-52.019306,-23.399191],[-52.019179,-23.399288],[-52.019073,-23.399336],[-52.019032,-23.399369],[-52.019007,-23.399419],[-52.018991,-23.399463],[-52.018988,-23.399511],[-52.018991,-23.399576],[-52.018987,-23.399636],[-52.01898,-23.399718],[-52.018971,-23.399789],[-52.018953,-23.399814],[-52.018915,-23.399838],[-52.018849,-23.399869],[-52.018782,-23.399873],[-52.018727,-23.399859],[-52.018709,-23.399866],[-52.018698,-23.39988],[-52.018696,-23.399912],[-52.018704,-23.399949],[-52.018715,-23.400008],[-52.018718,-23.400092],[-52.01872,-23.400133],[-52.018705,-23.40016],[-52.018667,-23.400178],[-52.018643,-23.400198],[-52.018637,-23.400225],[-52.018633,-23.400276],[-52.01864,-23.400321],[-52.01866,-23.400377],[-52.018665,-23.40041],[-52.018653,-23.400433],[-52.018619,-23.400464],[-52.018519,-23.400484],[-52.018481,-23.400516],[-52.01847,-23.400536],[-52.01847,-23.400556],[-52.01851,-23.400611],[-52.018526,-23.400661],[-52.01853,-23.400719],[-52.018507,-23.400801],[-52.018471,-23.40087],[-52.018435,-23.400925],[-52.018417,-23.400974],[-52.018419,-23.401042],[-52.01846,-23.401165],[-52.018476,-23.401257],[-52.018475,-23.401316],[-52.018458,-23.401369],[-52.018437,-23.401422],[-52.018426,-23.401481],[-52.018451,-23.401528],[-52.018473,-23.40157],[-52.01849,-23.401631],[-52.018489,-23.401713],[-52.018459,-23.401784],[-52.01845,-23.401805],[-52.018447,-23.401826],[-52.018455,-23.401844],[-52.018483,-23.401885],[-52.018492,-23.401925],[-52.0185,-23.401971],[-52.018494,-23.402029],[-52.018473,-23.402095],[-52.018413,-23.402173],[-52.01833,-23.402248],[-52.018246,-23.402328],[-52.018219,-23.402379],[-52.018206,-23.402437],[-52.0182,-23.402535],[-52.018204,-23.402616],[-52.018201,-23.402709]]}},
{"type":"Feature","properties":{"name":"Cór. Piratuhy"},"geometry":{"type":"LineString","coordinates":[[-52.048123,-23.372723],[-52.048136,-23.372692],[-52.048144,-23.372672],[-52.048151,-23.372657],[-52.048173,-23.372569],[-52.048179,-23.372558],[-52.048186,-23.37255],[-52.048196,-23.372541],[-52.048207,-23.372533],[-52.048228,-23.372511],[-52.048238,-23.372495],[-52.048242,-23.372468],[-52.048266,-23.372427],[-52.048282,-23.372401],[-52.048351,-23.372282],[-52.048352,-23.372228],[-52.048368,-23.372185],[-52.048395,-23.372132],[-52.048395,-23.372103],[-52.048412,-23.371892],[-52.04842,-23.371826],[-52.04843,-23.371754],[-52.048434,-23.371685],[-52.04844,-23.371657],[-52.048459,-23.371619],[-52.048485,-23.371576],[-52.048496,-23.371545],[-52.048501,-23.371511],[-52.048503,-23.371456],[-52.048498,-23.37142],[-52.048482,-23.371349],[-52.048473,-23.371308],[-52.048447,-23.37122],[-52.048423,-23.371099],[-52.048419,-23.371047],[-52.048419,-23.371016],[-52.04842,-23.370985],[-52.048402,-23.370905],[-52.04838,-23.370869],[-52.048359,-23.370841],[-52.048341,-23.37082],[-52.048311,-23.370702],[-52.048297,-23.370662],[-52.048272,-23.370632],[-52.048244,-23.3706],[-52.04822,-23.37057],[-52.048204,-23.370544],[-52.048204,-23.370515],[-52.048209,-23.370481],[-52.048223,-23.370447],[-52.048255,-23.370367],[-52.048296,-23.370279],[-52.048325,-23.370222],[-52.04835,-23.370181],[-52.048353,-23.370158],[-52.048351,-23.370141],[-52.048349,-23.370115],[-52.048333,-23.370068],[-52.048311,-23.370009],[-52.048241,-23.369842],[-52.048199,-23.369768],[-52.048188,-23.369702],[-52.048186,-23.369678],[-52.048195,-23.369648],[-52.048218,-23.369608],[-52.048248,-23.36954],[-52.048266,-23.369497],[-52.048277,-23.36946],[-52.048284,-23.369443],[-52.048288,-23.369427],[-52.048282,-23.369395],[-52.048273,-23.36937],[-52.048246,-23.36934],[-52.048217,-23.369308],[-52.048188,-23.369276],[-52.04817,-23.369239],[-52.048161,-23.369189],[-52.048154,-23.369151],[-52.048147,-23.369106],[-52.0482,-23.368881],[-52.048226,-23.368817],[-52.048233,-23.368784],[-52.048238,-23.368713],[-52.048232,-23.368661],[-52.048224,-23.368628],[-52.048225,-23.368596],[-52.048244,-23.368571],[-52.048269,-23.368549],[-52.0483,-23.368532],[-52.048326,-23.368524],[-52.048353,-23.368522],[-52.048436,-23.368523],[-52.048477,-23.368521],[-52.04849,-23.368511],[-52.048494,-23.368498],[-52.048494,-23.368444],[-52.048495,-23.368382],[-52.04848,-23.368277],[-52.048481,-23.368233],[-52.048492,-23.368187],[-52.048525,-23.368104],[-52.048543,-23.368055],[-52.048552,-23.368012],[-52.048546,-23.367967],[-52.04853,-23.367891],[-52.048517,-23.367834],[-52.048516,-23.367796],[-52.04853,-23.367774],[-52.04855,-23.367751],[-52.048562,-23.367728],[-52.048572,-23.3677],[-52.048572,-23.367655],[-52.048582,-23.367631],[-52.0486,-23.367604],[-52.048621,-23.367567],[-52.048623,-23.367528],[-52.048615,-23.367492],[-52.0486,-23.367476],[-52.048581,-23.367461],[-52.048565,-23.36743],[-52.048557,-23.367397],[-52.048535,-23.367346],[-52.048536,-23.36731],[-52.048549,-23.367279],[-52.048563,-23.367261],[-52.048603,-23.367205],[-52.04861,-23.367177],[-52.048604,-23.367158],[-52.048584,-23.367105],[-52.048576,-23.36708],[-52.048553,-23.367016],[-52.048542,-23.366985],[-52.048538,-23.366946],[-52.048544,-23.366786],[-52.04855,-23.366734],[-52.048565,-23.366666],[-52.04858,-23.366624],[-52.048594,-23.366564],[-52.048603,-23.366516],[-52.048601,-23.366482],[-52.048588,-23.366441],[-52.048579,-23.366412],[-52.048578,-23.366388],[-52.04859,-23.366311],[-52.048596,-23.366273],[-52.048609,-23.36619],[-52.048632,-23.366094],[-52.048642,-23.366059],[-52.048643,-23.366014],[-52.048648,-23.365971],[-52.048658,-23.36594],[-52.048666,-23.365916],[-52.048674,-23.365902],[-52.048686,-23.365869],[-52.048704,-23.365837],[-52.048723,-23.365801],[-52.048736,-23.365782],[-52.048772,-23.365712],[-52.048809,-23.365616],[-52.048828,-23.365572],[-52.048843,-23.365548],[-52.048854,-23.365523],[-52.04887,-23.365478],[-52.04888,-23.365435],[-52.048889,-23.365391],[-52.048893,-23.365366],[-52.048905,-23.365326],[-52.048919,-23.365287],[-52.048939,-23.365216],[-52.048948,-23.365156],[-52.048965,-23.365083],[-52.048973,-23.365062],[-52.048981,-23.365038],[-52.048987,-23.365028],[-52.049001,-23.365002],[-52.049033,-23.364953],[-52.049046,-23.364932],[-52.049054,-23.364899],[-52.049068,-23.364872],[-52.049097,-23.364836],[-52.049126,-23.36481],[-52.049185,-23.364739],[-52.049231,-23.364683],[-52.049263,-23.364633],[-52.049292,-23.364574],[-52.049324,-23.364508],[-52.04934,-23.364475],[-52.049454,-23.36435],[-52.049498,-23.364293],[-52.049543,-23.364241],[-52.049573,-23.364188],[-52.049588,-23.364151],[-52.049613,-23.364103],[-52.04965,-23.364051],[-52.049677,-23.363995],[-52.049702,-23.363871],[-52.049719,-23.363848],[-52.049739,-23.363826],[-52.04978,-23.363783],[-52.049843,-23.363704],[-52.049921,-23.363617],[-52.050063,-23.363458],[-52.050068,-23.363452],[-52.050072,-23.36344],[-52.050072,-23.363419],[-52.050085,-23.363396],[-52.050105,-23.363369],[-52.050154,-23.363306],[-52.050208,-23.363223],[-52.050233,-23.363171],[-52.050272,-23.363109],[-52.050329,-23.36302],[-52.050365,-23.362962],[-52.050389,-23.362915],[-52.050406,-23.362864],[-52.050415,-23.362823],[-52.050421,-23.362808],[-52.050435,-23.362791],[-52.050498,-23.362764],[-52.050533,-23.362716],[-52.050562,-23.362671],[-52.050586,-23.362609],[-52.050595,-23.362577],[-52.050594,-23.362561],[-52.050588,-23.362547],[-52.050571,-23.36251],[-52.05055,-23.362405],[-52.050536,-23.362361],[-52.050528,-23.362325],[-52.050528,-23.362285],[-52.050538,-23.36226],[-52.050554,-23.36223],[-52.050578,-23.362201],[-52.050675,-23.362104],[-52.05074,-23.361919],[-52.05075,-23.361889],[-52.050774,-23.361845],[-52.050812,-23.361785],[-52.050901,-23.361665],[-52.05092,-23.36164],[-52.050926,-23.361628],[-52.050936,-23.361588],[-52.050942,-23.361541],[-52.050941,-23.36147],[-52.050935,-23.361386],[-52.050944,-23.36133],[-52.050951,-23.361312],[-52.050963,-23.36129],[-52.051,-23.361251],[-52.051011,-23.361239],[-52.051064,-23.361164],[-52.051071,-23.361151],[-52.051073,-23.361138],[-52.051075,-23.361108],[-52.051075,-23.361066],[-52.05108,-23.361033],[-52.051097,-23.360987],[-52.051123,-23.360951],[-52.051149,-23.360915],[-52.051161,-23.360887],[-52.051166,-23.360846],[-52.05117,-23.360781],[-52.051174,-23.360746],[-52.051181,-23.360714],[-52.051205,-23.360636],[-52.051214,-23.360489],[-52.05122,-23.360407],[-52.051254,-23.360239],[-52.051268,-23.360163],[-52.051285,-23.360112],[-52.051327,-23.359984],[-52.051343,-23.359936],[-52.051368,-23.359861],[-52.051395,-23.359818],[-52.051421,-23.359773],[-52.051448,-23.35973],[-52.051491,-23.359667],[-52.051562,-23.359579],[-52.051577,-23.359561],[-52.051597,-23.359527],[-52.051644,-23.359495],[-52.051674,-23.35946],[-52.05173,-23.359366],[-52.051783,-23.359293],[-52.051829,-23.359252],[-52.051872,-23.359209],[-52.051908,-23.359156],[-52.051927,-23.359125],[-52.051984,-23.359062],[-52.051999,-23.359024],[-52.05201,-23.359],[-52.052014,-23.35898],[-52.052028,-23.358961],[-52.052044,-23.358946],[-52.052085,-23.358895],[-52.052115,-23.358857],[-52.052146,-23.358829],[-52.052191,-23.358799],[-52.052233,-23.358778],[-52.05227,-23.358766],[-52.052339,-23.358745],[-52.052379,-23.35873],[-52.052431,-23.358708],[-52.052484,-23.358672],[-52.052559,-23.358626],[-52.052598,-23.358606],[-52.052628,-23.358574],[-52.05271,-23.35851],[-52.052732,-23.358488],[-52.052762,-23.358428],[-52.052786,-23.358395],[-52.052838,-23.358333],[-52.052869,-23.358298],[-52.052883,-23.358283],[-52.052912,-23.358259],[-52.052927,-23.358229],[-52.052936,-23.358202],[-52.052951,-23.358167],[-52.052962,-23.358151],[-52.052976,-23.358138],[-52.053005,-23.358117],[-52.053046,-23.358094],[-52.053106,-23.358048],[-52.053125,-23.358034],[-52.053147,-23.358026],[-52.053204,-23.358016],[-52.053261,-23.357997],[-52.053325,-23.357951],[-52.053349,-23.357915],[-52.053399,-23.357847],[-52.053437,-23.357782],[-52.053476,-23.357726],[-52.053501,-23.357691],[-52.053518,-23.357671],[-52.053541,-23.357645],[-52.053556,-23.357632],[-52.053569,-23.357611],[-52.053574,-23.35759],[-52.053572,-23.357571],[-52.053567,-23.357543],[-52.05356,-23.357487],[-52.053548,-23.357426],[-52.053537,-23.357407],[-52.053501,-23.357317],[-52.053467,-23.357227],[-52.053442,-23.357172],[-52.053435,-23.357129],[-52.053435,-23.35708],[-52.053443,-23.357037],[-52.05344,-23.356973],[-52.053445,-23.356951],[-52.053456,-23.356904],[-52.053448,-23.356859],[-52.053437,-23.356821],[-52.053403,-23.35678],[-52.053383,-23.356755],[-52.05337,-23.35673],[-52.053349,-23.356698],[-52.053339,-23.356661],[-52.053339,-23.356621],[-52.053348,-23.356577],[-52.053369,-23.356526],[-52.053398,-23.356474],[-52.053423,-23.356425],[-52.053432,-23.356388],[-52.053433,-23.356308],[-52.053407,-23.356244],[-52.053267,-23.356013],[-52.053191,-23.355942],[-52.053161,-23.35588],[-52.053105,-23.355768],[-52.053075,-23.355686],[-52.053063,-23.355555],[-52.053052,-23.355367],[-52.052963,-23.355155],[-52.052908,-23.355029],[-52.052889,-23.354958],[-52.052835,-23.354754],[-52.05278,-23.354551],[-52.052728,-23.354413],[-52.052633,-23.354274],[-52.052609,-23.354229],[-52.052588,-23.354171],[-52.052569,-23.354076],[-52.052566,-23.353926],[-52.052572,-23.35379],[-52.052567,-23.353716],[-52.05254,-23.353633],[-52.052469,-23.353533],[-52.052393,-23.353408],[-52.052361,-23.353341],[-52.052331,-23.353247],[-52.052315,-23.353129],[-52.052298,-23.353028],[-52.052281,-23.352773],[-52.052319,-23.352393],[-52.052357,-23.351956],[-52.052377,-23.351577],[-52.052391,-23.351227],[-52.052389,-23.35097],[-52.052412,-23.350897],[-52.052422,-23.350797],[-52.052407,-23.350685],[-52.05238,-23.350568],[-52.05237,-23.350471],[-52.052338,-23.350346],[-52.052294,-23.350241],[-52.052254,-23.350189],[-52.052175,-23.35014],[-52.051977,-23.349976],[-52.051912,-23.349927],[-52.051881,-23.349851],[-52.051862,-23.349771],[-52.051845,-23.3497],[-52.051793,-23.349501],[-52.051692,-23.349261],[-52.051658,-23.349103],[-52.051666,-23.348924],[-52.051701,-23.348709],[-52.051739,-23.348567],[-52.051731,-23.34829],[-52.051738,-23.348103],[-52.051708,-23.347974],[-52.051655,-23.347855],[-52.051541,-23.347737],[-52.051431,-23.347633],[-52.051343,-23.347569],[-52.05127,-23.347493],[-52.051239,-23.347422],[-52.05123,-23.34734],[-52.051201,-23.347174],[-52.051159,-23.347052],[-52.051092,-23.346941],[-52.051061,-23.346785],[-52.051024,-23.346591],[-52.05099,-23.346412],[-52.050914,-23.34623],[-52.050858,-23.346072],[-52.050828,-23.345956],[-52.050785,-23.345795],[-52.050763,-23.34558],[-52.050739,-23.345317],[-52.050682,-23.344797],[-52.050615,-23.34454],[-52.050489,-23.344241],[-52.050344,-23.343909],[-52.050278,-23.343814],[-52.050178,-23.343668],[-52.050048,-23.343514],[-52.049941,-23.343386],[-52.049673,-23.343201],[-52.049561,-23.343121],[-52.049537,-23.343025],[-52.049536,-23.342853],[-52.049549,-23.342562],[-52.049553,-23.342399],[-52.049544,-23.342071],[-52.049542,-23.341812],[-52.04954,-23.341564],[-52.049558,-23.341376],[-52.04968,-23.34104],[-52.049781,-23.340643],[-52.0498,-23.340498],[-52.049886,-23.340125],[-52.049869,-23.33991],[-52.049837,-23.33975],[-52.049817,-23.339584],[-52.049809,-23.339488],[-52.049834,-23.339404],[-52.049867,-23.339342],[-52.049903,-23.339253],[-52.049966,-23.339014]]}},
{"type":"Feature","properties":{"name":"Cór. Sem Denominação"},"geometry":{"type":"LineString","coordinates":[[-52.046328,-23.52184],[-52.046242,-23.521748],[-52.046021,-23.521524],[-52.045772,-23.521265],[-52.045654,-23.521137],[-52.045564,-23.521027],[-52.045489,-23.520899],[-52.045466,-23.520833],[-52.045442,-23.520752],[-52.045433,-23.520663],[-52.045436,-23.520552],[-52.045458,-23.520148],[-52.045452,-23.519707]]}},
{"type":"Feature","properties":{"name":"Cór. Marte"},"geometry":{"type":"LineString","coordinates":[[-51.917769,-23.478981],[-51.917721,-23.478635],[-51.917618,-23.47834],[-51.917596,-23.478271],[-51.917581,-23.478211],[-51.917574,-23.478106],[-51.917587,-23.478006],[-51.917597,-23.477871],[-51.91758,-23.477769],[-51.917569,-23.477674],[-51.917542,-23.477503],[-51.917478,-23.477107],[-51.917476,-23.477014],[-51.91746,-23.476908],[-51.917439,-23.476797],[-51.9174,-23.476664],[-51.917279,-23.4764],[-51.917142,-23.476142],[-51.917039,-23.475903],[-51.916928,-23.475599],[-51.916864,-23.475437],[-51.916801,-23.475124],[-51.916723,-23.474834],[-51.916611,-23.474448],[-51.916563,-23.47434],[-51.916543,-23.474263],[-51.916471,-23.474099],[-51.916306,-23.473814],[-51.916253,-23.473695],[-51.916215,-23.473608],[-51.91616,-23.473502],[-51.916114,-23.473441],[-51.91607,-23.47341],[-51.916008,-23.473367],[-51.915956,-23.473328],[-51.915919,-23.473308],[-51.915868,-23.473296],[-51.915776,-23.473294],[-51.915724,-23.473294],[-51.915682,-23.473282],[-51.915667,-23.473264],[-51.915666,-23.473239],[-51.915669,-23.473196],[-51.915668,-23.473184],[-51.91566,-23.473132],[-51.915621,-23.473077],[-51.915588,-23.473048],[-51.915519,-23.472983],[-51.915476,-23.472923],[-51.915459,-23.472874],[-51.915476,-23.472832],[-51.915506,-23.47276],[-51.915525,-23.472716],[-51.915532,-23.472668],[-51.915518,-23.472633],[-51.915488,-23.472606],[-51.915429,-23.472584],[-51.915298,-23.472506],[-51.915273,-23.472452],[-51.915255,-23.472373],[-51.915229,-23.472283],[-51.915193,-23.472236],[-51.915132,-23.47218],[-51.915098,-23.472104],[-51.915049,-23.471983],[-51.915017,-23.471955],[-51.914972,-23.47193],[-51.914859,-23.471796],[-51.91484,-23.471762],[-51.914831,-23.471709],[-51.914838,-23.471606],[-51.914872,-23.47133],[-51.914856,-23.47127],[-51.914835,-23.471233],[-51.914797,-23.471206],[-51.914772,-23.471159],[-51.914774,-23.470946],[-51.914814,-23.470783],[-51.914813,-23.470733],[-51.914811,-23.470683],[-51.914852,-23.470613],[-51.914864,-23.470487],[-51.914894,-23.470384],[-51.914961,-23.470269],[-51.915034,-23.469958],[-51.915016,-23.469582],[-51.915012,-23.469351],[-51.915021,-23.469205],[-51.915118,-23.468877],[-51.915206,-23.468688],[-51.915221,-23.468638]]}},
{"type":"Feature","properties":{"name":"Cór. Sem Denominação"},"geometry":{"type":"LineString","coordinates":[[-51.889274,-23.400983],[-51.889372,-23.400732],[-51.889403,-23.400544],[-51.889491,-23.400321],[-51.889634,-23.400208],[-51.88975,-23.400112],[-51.889876,-23.400039],[-51.890072,-23.399893],[-51.890407,-23.3996],[-51.890744,-23.399365],[-51.890926,-23.399265],[-51.891019,-23.399145],[-51.891057,-23.399037],[-51.891123,-23.398953],[-51.89117,-23.398825],[-51.891254,-23.398721],[-51.891289,-23.398635],[-51.891338,-23.398527],[-51.891393,-23.398403],[-51.891452,-23.398211],[-51.891493,-23.398129],[-51.891577,-23.398052],[-51.891626,-23.397957],[-51.891647,-23.397853],[-51.891673,-23.397778],[-51.891719,-23.397649],[-51.891743,-23.397538],[-51.891754,-23.397366],[-51.891762,-23.397245],[-51.891753,-23.397173],[-51.891778,-23.397096],[-51.891816,-23.397012],[-51.891813,-23.396758],[-51.891856,-23.396686],[-51.891913,-23.396633],[-51.891988,-23.396549],[-51.892047,-23.396482],[-51.892075,-23.396386],[-51.892066,-23.396295],[-51.892053,-23.396197],[-51.892075,-23.396104],[-51.892108,-23.395979],[-51.892099,-23.395797],[-51.892088,-23.395697],[-51.892123,-23.395384],[-51.892126,-23.395226],[-51.892161,-23.395046],[-51.892261,-23.394826],[-51.892355,-23.394587],[-51.892444,-23.39438],[-51.892534,-23.394277],[-51.892642,-23.394076],[-51.892808,-23.393831],[-51.892983,-23.393619],[-51.893019,-23.393518],[-51.893063,-23.393448],[-51.8931,-23.393336],[-51.89313,-23.393209],[-51.893153,-23.393146],[-51.893206,-23.393023],[-51.893281,-23.39286],[-51.89328,-23.392806],[-51.893279,-23.392728],[-51.893308,-23.392664],[-51.893373,-23.392593],[-51.893434,-23.392506],[-51.893485,-23.392452],[-51.893571,-23.392367],[-51.893632,-23.392242],[-51.89364,-23.392188],[-51.893655,-23.392079],[-51.893666,-23.39199],[-51.893686,-23.391884],[-51.893701,-23.391834],[-51.893731,-23.391734],[-51.893813,-23.39146],[-51.893846,-23.391369],[-51.89392,-23.391199],[-51.893944,-23.391151],[-51.894007,-23.391012],[-51.894065,-23.390924],[-51.894106,-23.390867],[-51.894155,-23.390808],[-51.89426,-23.390721],[-51.894465,-23.390568],[-51.894878,-23.390188],[-51.895065,-23.390034],[-51.895281,-23.389849],[-51.895428,-23.389729],[-51.895723,-23.389518],[-51.895955,-23.389376],[-51.896129,-23.389309],[-51.896187,-23.389298],[-51.896214,-23.38927],[-51.896228,-23.389227],[-51.896241,-23.389193],[-51.896271,-23.389166]]}},
{"type":"Feature","properties":{"name":"Água Keçaba"},"geometry":{"type":"LineString","coordinates":[[-51.892725,-23.341585],[-51.892528,-23.341665],[-51.892478,-23.341693],[-51.892262,-23.341858],[-51.892156,-23.341934],[-51.892034,-23.342045],[-51.891964,-23.342141],[-51.891868,-23.342297],[-51.89178,-23.34253],[-51.891738,-23.34268],[-51.89171,-23.342821],[-51.891694,-23.342946],[-51.89168,-23.34312],[-51.891671,-23.343288],[-51.891652,-23.343403],[-51.891624,-23.343529],[-51.891579,-23.34369],[-51.891539,-23.343862],[-51.891491,-23.344075],[-51.891441,-23.34422],[-51.89142,-23.344262],[-51.891402,-23.344285],[-51.891395,-23.344313],[-51.891386,-23.344353],[-51.891382,-23.344439],[-51.891378,-23.344454],[-51.891323,-23.344717],[-51.891298,-23.344906],[-51.891283,-23.345112],[-51.89125,-23.345521],[-51.891223,-23.345824],[-51.891132,-23.346212],[-51.891113,-23.346299],[-51.891106,-23.346408],[-51.89109,-23.346495],[-51.891053,-23.346573],[-51.891007,-23.346655],[-51.890957,-23.346722],[-51.890876,-23.346824],[-51.890792,-23.346942],[-51.89071,-23.347094],[-51.890688,-23.347168],[-51.890674,-23.347244],[-51.890657,-23.347393],[-51.890648,-23.347498],[-51.890638,-23.347604],[-51.890632,-23.347677],[-51.890628,-23.347724],[-51.890625,-23.347746],[-51.89061,-23.347804],[-51.890598,-23.347875],[-51.890585,-23.347945],[-51.890575,-23.347997],[-51.890559,-23.348067],[-51.890546,-23.348132],[-51.890535,-23.348187],[-51.890531,-23.348249],[-51.890526,-23.348307],[-51.890524,-23.348374],[-51.89052,-23.34843],[-51.890522,-23.348533],[-51.890519,-23.348589],[-51.890511,-23.348643],[-51.890502,-23.348698],[-51.890505,-23.348742],[-51.890497,-23.348775],[-51.890484,-23.34883],[-51.890476,-23.348909],[-51.890479,-23.348965],[-51.890479,-23.349035],[-51.890477,-23.349094],[-51.890468,-23.349147],[-51.890462,-23.349209],[-51.890451,-23.349258],[-51.890442,-23.349302],[-51.890419,-23.349342],[-51.890393,-23.349395],[-51.89037,-23.349446],[-51.890358,-23.34949],[-51.890352,-23.349531],[-51.89035,-23.349591],[-51.890351,-23.34965],[-51.890359,-23.349707],[-51.890396,-23.34977],[-51.890461,-23.349868],[-51.890486,-23.349932],[-51.890509,-23.349955],[-51.890531,-23.349965],[-51.890552,-23.349975],[-51.89056,-23.349996],[-51.890559,-23.350029],[-51.890556,-23.350061],[-51.890545,-23.350101],[-51.890535,-23.350151],[-51.89052,-23.35021],[-51.890509,-23.350267],[-51.890462,-23.350467],[-51.890388,-23.350703],[-51.890305,-23.350873],[-51.890277,-23.350929],[-51.890208,-23.351222],[-51.890171,-23.351348],[-51.890165,-23.351376]]}},
{"type":"Feature","properties":{"name":"Cór. Myosótis"},"geometry":{"type":"LineString","coordinates":[[-51.92687,-23.370398],[-51.926832,-23.370353],[-51.926809,-23.370319],[-51.926781,-23.370248],[-51.92677,-23.370176],[-51.926768,-23.370095],[-51.926763,-23.370014],[-51.926753,-23.369905],[-51.926733,-23.369863],[-51.926689,-23.369771],[-51.926672,-23.369673],[-51.926678,-23.369486],[-51.926682,-23.369329],[-51.926686,-23.36922],[-51.926726,-23.369145],[-51.926739,-23.369041],[-51.926736,-23.368924],[-51.926722,-23.368836],[-51.92672,-23.36874],[-51.926735,-23.368664],[-51.926728,-23.368581],[-51.926714,-23.368492],[-51.9267,-23.368392],[-51.926702,-23.368292],[-51.926709,-23.368206],[-51.92672,-23.368095]]}},
{"type":"Feature","properties":{"name":"Cór. Isar"},"geometry":{"type":"MultiLineString","coordinates":[[[-52.031235,-23.342345],[-52.03124,-23.342361],[-52.031319,-23.342565],[-52.031453,-23.342758],[-52.031802,-23.343072],[-52.032178,-23.343373],[-52.032302,-23.343552],[-52.032418,-23.343799],[-52.03253,-23.344151],[-52.032671,-23.344419],[-52.032855,-23.344698],[-52.033529,-23.345564],[-52.034027,-23.346209],[-52.034323,-23.346546],[-52.034819,-23.347211],[-52.035049,-23.347461],[-52.035342,-23.347831],[-52.03556,-23.348105],[-52.035666,-23.348202],[-52.03569,-23.348261],[-52.03569,-23.348298],[-52.035704,-23.348321],[-52.035734,-23.348337],[-52.03577,-23.348343],[-52.035802,-23.348367],[-52.035842,-23.348423],[-52.03587,-23.348452],[-52.035875,-23.348484],[-52.035879,-23.348543],[-52.035904,-23.348571],[-52.035944,-23.348581],[-52.036003,-23.348588],[-52.036061,-23.348599],[-52.036109,-23.34862],[-52.036153,-23.348686],[-52.036324,-23.349041],[-52.036551,-23.349545],[-52.036785,-23.350187],[-52.037423,-23.35138],[-52.03756,-23.351669]],[[-52.012637,-23.32037],[-52.012739,-23.320447],[-52.012842,-23.320505],[-52.012906,-23.320565],[-52.012973,-23.320635],[-52.013006,-23.320723],[-52.013057,-23.320812],[-52.013108,-23.320966],[-52.013169,-23.321098],[-52.013231,-23.321184],[-52.013299,-23.321329],[-52.013607,-23.321809],[-52.013865,-23.322171],[-52.014188,-23.322526],[-52.014595,-23.323048],[-52.015076,-23.323463],[-52.015363,-23.323711],[-52.015682,-23.323987],[-52.015873,-23.324219],[-52.016154,-23.3244],[-52.016351,-23.324563],[-52.016598,-23.324873],[-52.017031,-23.32532],[-52.017485,-23.325804],[-52.017539,-23.326057],[-52.017613,-23.326195],[-52.017781,-23.326505],[-52.018126,-23.327014],[-52.018343,-23.327328],[-52.018579,-23.32756],[-52.018861,-23.327855],[-52.018947,-23.327984],[-52.019119,-23.328109],[-52.019214,-23.328231],[-52.019308,-23.328514],[-52.019355,-23.328734],[-52.019376,-23.328795],[-52.019394,-23.328883],[-52.019376,-23.328967],[-52.019366,-23.329095],[-52.019407,-23.329235],[-52.019484,-23.329549],[-52.019516,-23.329717],[-52.01958,-23.329922],[-52.019721,-23.330384],[-52.019818,-23.330627],[-52.019907,-23.330829],[-52.020042,-23.331198],[-52.020128,-23.331334],[-52.02025,-23.331442],[-52.020353,-23.331559],[-52.020408,-23.331677],[-52.020489,-23.331803],[-52.020557,-23.331994],[-52.020611,-23.332173],[-52.020713,-23.332402],[-52.020855,-23.332616],[-52.020988,-23.33284],[-52.021205,-23.333139],[-52.021295,-23.333248],[-52.021404,-23.333379],[-52.021527,-23.333527],[-52.021657,-23.333657],[-52.021747,-23.333759],[-52.02181,-23.333868],[-52.02188,-23.333929],[-52.022009,-23.334001],[-52.022328,-23.334166],[-52.022447,-23.334228],[-52.022571,-23.334326],[-52.022661,-23.334408],[-52.022716,-23.334483],[-52.022818,-23.334573],[-52.022917,-23.334619],[-52.022977,-23.334635],[-52.023025,-23.334655],[-52.023201,-23.33472],[-52.02348,-23.334883],[-52.023595,-23.334985],[-52.023657,-23.335056],[-52.023745,-23.335137],[-52.023925,-23.335245],[-52.024086,-23.335334],[-52.02419,-23.335417],[-52.024449,-23.335629],[-52.024656,-23.335796],[-52.024837,-23.336025],[-52.025028,-23.336213],[-52.025071,-23.336286],[-52.025178,-23.336327],[-52.025273,-23.336411],[-52.025377,-23.33651],[-52.0255,-23.336667],[-52.025615,-23.33677],[-52.025712,-23.336857],[-52.025773,-23.336909],[-52.025843,-23.336955],[-52.025917,-23.337011],[-52.025986,-23.337088],[-52.026175,-23.337269],[-52.026261,-23.33735],[-52.026581,-23.337583],[-52.026844,-23.337776],[-52.027187,-23.338115],[-52.027296,-23.338255],[-52.027377,-23.338319],[-52.027425,-23.338393],[-52.027641,-23.338663],[-52.027964,-23.338998],[-52.028361,-23.339306],[-52.028703,-23.339627],[-52.029107,-23.33994],[-52.029337,-23.340114],[-52.029764,-23.34045],[-52.029978,-23.340607],[-52.03011,-23.340729],[-52.03022,-23.340831],[-52.030416,-23.341008],[-52.030535,-23.341074],[-52.030633,-23.341144],[-52.03074,-23.341273],[-52.030976,-23.341656]]]}},
{"type":"Feature","properties":{"name":"Cór. Iller"},"geometry":{"type":"LineString","coordinates":[[-52.004621,-23.375002],[-52.004488,-23.374558],[-52.004366,-23.374186],[-52.00378,-23.373228],[-52.003504,-23.372239],[-52.003421,-23.371707],[-52.003187,-23.370696],[-52.003114,-23.370368],[-52.002979,-23.37007],[-52.002803,-23.369898],[-52.00265,-23.369779],[-52.002438,-23.369649],[-52.002161,-23.369428],[-52.001825,-23.369082],[-52.001676,-23.368827],[-52.001409,-23.368245],[-52.001322,-23.367985],[-52.001124,-23.367497],[-52.000963,-23.367136],[-52.000795,-23.366769],[-52.000604,-23.366302],[-52.000335,-23.365763],[-52.000266,-23.365586],[-52.000197,-23.365348],[-52.000032,-23.365076],[-51.999956,-23.364969],[-51.999919,-23.364893],[-51.999912,-23.364618],[-51.999872,-23.364513],[-51.999817,-23.364405],[-51.999651,-23.364145],[-51.999545,-23.363867],[-51.999374,-23.363384],[-51.999252,-23.362987],[-51.999128,-23.362704],[-51.999026,-23.362461],[-51.998896,-23.36224],[-51.998664,-23.36184],[-51.998451,-23.361379],[-51.998256,-23.36086],[-51.998062,-23.360295],[-51.997977,-23.359863],[-51.997841,-23.359271],[-51.997696,-23.358623],[-51.997504,-23.357836],[-51.997391,-23.357288],[-51.997322,-23.356371],[-51.997273,-23.356023],[-51.997298,-23.355711],[-51.997308,-23.355495],[-51.997334,-23.355373],[-51.9974,-23.355169],[-51.997456,-23.354993],[-51.997527,-23.354698],[-51.997643,-23.354182],[-51.99778,-23.353739],[-51.998002,-23.35304],[-51.998165,-23.352557],[-51.998281,-23.352213],[-51.998322,-23.351849],[-51.998515,-23.351337],[-51.998671,-23.351043],[-51.998846,-23.350532],[-51.998962,-23.350158],[-51.999174,-23.349492],[-51.999287,-23.348978],[-51.999273,-23.348557],[-51.999416,-23.348208],[-51.999463,-23.347595],[-51.99948,-23.347203],[-51.999568,-23.346794],[-51.999589,-23.34659],[-51.999595,-23.346423],[-51.999672,-23.346061],[-51.999806,-23.344957],[-51.999911,-23.344378],[-51.999941,-23.344118],[-51.999963,-23.343884],[-52.000051,-23.343532],[-52.000137,-23.343312],[-52.00017,-23.343199],[-52.00025,-23.342862],[-52.000343,-23.342556],[-52.000405,-23.342446],[-52.000436,-23.342261],[-52.000478,-23.342106],[-52.000503,-23.342064],[-52.000573,-23.341852],[-52.000599,-23.341811],[-52.000603,-23.341767],[-52.000568,-23.341692],[-52.000525,-23.341654],[-52.000514,-23.341625],[-52.000519,-23.341586],[-52.000562,-23.341453],[-52.000625,-23.341217],[-52.000671,-23.341053],[-52.000726,-23.34076],[-52.000822,-23.340383],[-52.000942,-23.339988],[-52.000975,-23.339704],[-52.001085,-23.339244],[-52.001083,-23.339055],[-52.001089,-23.338963],[-52.001103,-23.338904],[-52.001127,-23.338843],[-52.001174,-23.338787],[-52.00119,-23.33867],[-52.001237,-23.338534],[-52.001376,-23.338313],[-52.001457,-23.338147],[-52.001506,-23.337969],[-52.001559,-23.337825],[-52.001625,-23.337574],[-52.001716,-23.337321],[-52.001884,-23.336787],[-52.001909,-23.336694],[-52.001933,-23.336411],[-52.001967,-23.336228],[-52.002047,-23.336077],[-52.002155,-23.335979],[-52.002344,-23.335852],[-52.002552,-23.335654],[-52.002732,-23.33541],[-52.003225,-23.334703],[-52.003654,-23.334205],[-52.003813,-23.334036],[-52.004003,-23.333885],[-52.00412,-23.333743],[-52.00421,-23.333611],[-52.004393,-23.333475],[-52.004667,-23.333315],[-52.004886,-23.333212],[-52.005147,-23.333127],[-52.005344,-23.333072],[-52.005683,-23.332989],[-52.005975,-23.332858],[-52.006482,-23.332566],[-52.00679,-23.332393],[-52.006999,-23.332255],[-52.007193,-23.332133],[-52.007443,-23.331944],[-52.00761,-23.331856],[-52.007826,-23.331765],[-52.008309,-23.331565],[-52.008502,-23.331417],[-52.00872,-23.33115],[-52.00905,-23.330795],[-52.009314,-23.330548],[-52.00941,-23.330455],[-52.009616,-23.330331],[-52.009851,-23.330216],[-52.010269,-23.329993]]}},
{"type":"Feature","properties":{"name":"Cór. Jumbo"},"geometry":{"type":"LineString","coordinates":[[-51.951685,-23.484893],[-51.951646,-23.484734],[-51.951501,-23.484412],[-51.951424,-23.484147],[-51.951429,-23.483921],[-51.951469,-23.483701],[-51.951434,-23.483472],[-51.951395,-23.483264],[-51.951336,-23.482658],[-51.951338,-23.48259],[-51.951322,-23.482517],[-51.951273,-23.482394],[-51.951249,-23.482344],[-51.95121,-23.482284],[-51.951197,-23.48227],[-51.951138,-23.482196],[-51.951003,-23.482071],[-51.950884,-23.482004],[-51.950668,-23.481888],[-51.950434,-23.481803],[-51.950257,-23.481695],[-51.950189,-23.481648],[-51.950112,-23.481574],[-51.950041,-23.481481],[-51.949989,-23.481358],[-51.949937,-23.481201],[-51.949891,-23.481054],[-51.94985,-23.480981],[-51.949805,-23.480919],[-51.949782,-23.480858],[-51.949788,-23.480791],[-51.949771,-23.480732],[-51.949751,-23.480656],[-51.949715,-23.480592],[-51.949726,-23.480336],[-51.949764,-23.480145],[-51.949737,-23.48001],[-51.949649,-23.47993],[-51.949592,-23.479814],[-51.94956,-23.479686],[-51.949427,-23.479179],[-51.94931,-23.478779],[-51.949217,-23.478424],[-51.949174,-23.478308],[-51.94918,-23.478183],[-51.949208,-23.478042],[-51.949188,-23.477941],[-51.949132,-23.477854],[-51.949053,-23.477718],[-51.949007,-23.477545],[-51.948917,-23.477237],[-51.948887,-23.477106],[-51.948896,-23.476939],[-51.948945,-23.476583],[-51.949008,-23.476284],[-51.94908,-23.476033],[-51.94914,-23.475722],[-51.949203,-23.475533],[-51.949302,-23.475329],[-51.949333,-23.47515],[-51.94929,-23.475019],[-51.949218,-23.474876],[-51.949155,-23.474815],[-51.949111,-23.474749],[-51.949066,-23.47461],[-51.949078,-23.474541],[-51.949119,-23.474466],[-51.94915,-23.474421],[-51.94916,-23.474375],[-51.949149,-23.47434],[-51.949128,-23.474292],[-51.949058,-23.474194],[-51.949046,-23.474156],[-51.949042,-23.474095],[-51.949036,-23.473943],[-51.949013,-23.473836],[-51.948998,-23.473689]]}},
{"type":"Feature","properties":{"name":"Cór. Sem Denominação"},"geometry":{"type":"LineString","coordinates":[[-51.853637,-23.383792],[-51.853677,-23.384004],[-51.853704,-23.384178]]}},
{"type":"Feature","properties":{"name":"Rib. Morangueiro"},"geometry":{"type":"LineString","coordinates":[[-51.865915,-23.351376],[-51.866145,-23.351436]]}},
{"type":"Feature","properties":{"name":"Cór. Sem Denominação"},"geometry":{"type":"LineString","coordinates":[[-51.89058,-23.326505],[-51.890954,-23.326379],[-51.891386,-23.326287]]}},
{"type":"Feature","properties":{"name":"Cór. Sem Denominação"},"geometry":{"type":"LineString","coordinates":[[-51.857732,-23.367455],[-51.858069,-23.367583],[-51.858524,-23.3677],[-51.859004,-23.367823],[-51.859216,-23.367902],[-51.859588,-23.368004],[-51.859881,-23.368052],[-51.860031,-23.368055],[-51.860381,-23.368064],[-51.861144,-23.368026],[-51.861666,-23.368004]]}},
{"type":"Feature","properties":{"name":"Rib. Atlantique"},"geometry":{"type":"LineString","coordinates":[[-51.977492,-23.296687],[-51.977453,-23.296656],[-51.977425,-23.296628],[-51.97741,-23.296604],[-51.977404,-23.296571],[-51.977406,-23.296492],[-51.977414,-23.296445]]}},
{"type":"Feature","properties":{"name":"Cór. Sem Denominação"},"geometry":{"type":"LineString","coordinates":[[-52.059508,-23.363841],[-52.059468,-23.363459],[-52.059433,-23.363294],[-52.059404,-23.363213],[-52.05936,-23.363122],[-52.059261,-23.362842],[-52.059178,-23.362622],[-52.059138,-23.362402],[-52.059126,-23.362171],[-52.059119,-23.362081],[-52.059126,-23.361998],[-52.059146,-23.36195],[-52.059152,-23.361914],[-52.059127,-23.361822],[-52.05912,-23.361737],[-52.059107,-23.36168],[-52.059099,-23.361511],[-52.05907,-23.361311],[-52.059051,-23.361187],[-52.059035,-23.361067],[-52.059005,-23.36096],[-52.058968,-23.360885]]}},
{"type":"Feature","properties":{"name":"Cór. Sem Denominação"},"geometry":{"type":"LineString","coordinates":[[-51.866458,-23.319526],[-51.866459,-23.319618],[-51.866434,-23.319804],[-51.866423,-23.319895],[-51.866405,-23.319959],[-51.86638,-23.320079],[-51.866367,-23.320455],[-51.866386,-23.320531],[-51.866389,-23.320583],[-51.866363,-23.320637],[-51.866308,-23.320696],[-51.866271,-23.320744],[-51.866191,-23.32084],[-51.866167,-23.320878],[-51.866155,-23.320915],[-51.866146,-23.32098],[-51.866155,-23.32117],[-51.866171,-23.321329],[-51.866141,-23.321482],[-51.866061,-23.321644],[-51.865616,-23.322016],[-51.865176,-23.322544],[-51.864881,-23.322976]]}},
{"type":"Feature","properties":{"name":"Rib. Atlantique"},"geometry":{"type":"MultiLineString","coordinates":[[[-52.017884,-23.314593],[-52.017816,-23.31456],[-52.017726,-23.314526],[-52.01767,-23.314521],[-52.017629,-23.314523],[-52.017557,-23.314528],[-52.017438,-23.314546],[-52.017338,-23.314577],[-52.017251,-23.314605],[-52.017113,-23.314626],[-52.017032,-23.314636],[-52.016944,-23.314646],[-52.016864,-23.314672],[-52.016791,-23.314694],[-52.016762,-23.31471],[-52.016753,-23.314727],[-52.016745,-23.314781],[-52.016738,-23.314849],[-52.016677,-23.315111],[-52.016628,-23.315333],[-52.016591,-23.315418],[-52.016478,-23.315514],[-52.016348,-23.315601],[-52.016229,-23.31565],[-52.016121,-23.315694],[-52.016028,-23.315684],[-52.01586,-23.315601],[-52.01571,-23.315542],[-52.015602,-23.315491],[-52.015475,-23.315409],[-52.015308,-23.315273],[-52.015215,-23.315233],[-52.015098,-23.315232],[-52.014987,-23.315256],[-52.014938,-23.315288],[-52.014812,-23.315377],[-52.014611,-23.315519],[-52.014487,-23.315588],[-52.014304,-23.315689],[-52.014244,-23.315737],[-52.014214,-23.315815],[-52.01419,-23.315903],[-52.014165,-23.316011],[-52.014126,-23.316094],[-52.014089,-23.31614],[-52.014033,-23.316174],[-52.013978,-23.316171],[-52.013903,-23.316153],[-52.013842,-23.31611],[-52.013764,-23.31601],[-52.013604,-23.315781],[-52.013543,-23.315689],[-52.013483,-23.315652],[-52.013316,-23.315586],[-52.013227,-23.315547],[-52.013016,-23.315453],[-52.012613,-23.315274],[-52.012115,-23.31499],[-52.011959,-23.314886],[-52.011685,-23.314678],[-52.011462,-23.314528],[-52.011349,-23.314433],[-52.011219,-23.314323],[-52.011162,-23.314269],[-52.011066,-23.314192],[-52.011016,-23.314139],[-52.010962,-23.314101],[-52.010883,-23.314104],[-52.010791,-23.314132],[-52.010677,-23.314222],[-52.010582,-23.314252],[-52.010479,-23.314252],[-52.010419,-23.314222],[-52.010348,-23.31415],[-52.010302,-23.314058],[-52.010247,-23.313948],[-52.010181,-23.313815],[-52.010108,-23.313631],[-52.010062,-23.31349],[-52.010005,-23.313313],[-52.009941,-23.313181],[-52.009911,-23.313096],[-52.009848,-23.31302],[-52.009777,-23.312948],[-52.009741,-23.312862],[-52.009724,-23.312812],[-52.009714,-23.31275],[-52.009698,-23.312658],[-52.009656,-23.312451],[-52.009624,-23.31228],[-52.009593,-23.312197],[-52.009539,-23.312159],[-52.009419,-23.312146],[-52.009296,-23.312125],[-52.009132,-23.312096],[-52.00904,-23.312086],[-52.008905,-23.312091],[-52.008806,-23.312112],[-52.008622,-23.312223],[-52.008447,-23.312372],[-52.008324,-23.312447],[-52.008187,-23.312488],[-52.008024,-23.312491],[-52.007856,-23.312459],[-52.007708,-23.312391],[-52.007592,-23.312285],[-52.007492,-23.312188],[-52.007344,-23.31204],[-52.00727,-23.311949],[-52.007218,-23.311863],[-52.007182,-23.311772],[-52.007127,-23.311659],[-52.007093,-23.311545],[-52.00705,-23.31134],[-52.007041,-23.311199],[-52.007018,-23.311083],[-52.006947,-23.310976],[-52.00687,-23.310858],[-52.006812,-23.310722],[-52.006701,-23.310596],[-52.006611,-23.310511],[-52.006504,-23.310427],[-52.006284,-23.310326],[-52.006014,-23.310227],[-52.005796,-23.310134],[-52.005647,-23.310087],[-52.005514,-23.310073],[-52.005382,-23.310076],[-52.005278,-23.310086],[-52.005198,-23.310127],[-52.00509,-23.310159],[-52.004924,-23.310179],[-52.00481,-23.310208],[-52.004638,-23.310211],[-52.004433,-23.310211],[-52.004278,-23.310207],[-52.004119,-23.310186],[-52.004067,-23.310161],[-52.004023,-23.310133],[-52.003957,-23.310079],[-52.003923,-23.310035],[-52.003898,-23.309989],[-52.00386,-23.30995],[-52.00382,-23.309929],[-52.003776,-23.309921],[-52.003723,-23.309927],[-52.003661,-23.309937],[-52.003575,-23.309954],[-52.003471,-23.309978],[-52.003426,-23.309992],[-52.00331,-23.310015],[-52.003248,-23.310054],[-52.003226,-23.310081],[-52.003219,-23.310132],[-52.003219,-23.310202],[-52.003233,-23.310288],[-52.003256,-23.310347],[-52.003262,-23.310374],[-52.003256,-23.310397],[-52.003241,-23.310425],[-52.003219,-23.310453],[-52.003204,-23.310467],[-52.003148,-23.310495],[-52.003085,-23.31051],[-52.00301,-23.310518],[-52.00293,-23.310523],[-52.002887,-23.310527],[-52.002824,-23.310536],[-52.002689,-23.310557],[-52.002619,-23.310578],[-52.002539,-23.310609],[-52.002461,-23.310645],[-52.002353,-23.310714],[-52.002218,-23.310821],[-52.002149,-23.310881],[-52.002098,-23.310937],[-52.002032,-23.311028],[-52.001975,-23.311103],[-52.001926,-23.311157],[-52.001898,-23.311203],[-52.001887,-23.311265],[-52.001893,-23.311322],[-52.001883,-23.311388],[-52.001868,-23.311419],[-52.001844,-23.311444],[-52.001782,-23.311464],[-52.001727,-23.311467],[-52.00164,-23.311469],[-52.001591,-23.311466],[-52.001416,-23.311452],[-52.001293,-23.311434],[-52.001242,-23.311409],[-52.001202,-23.311379],[-52.001155,-23.311345],[-52.001115,-23.311311],[-52.000963,-23.311222],[-52.000908,-23.311145],[-52.000866,-23.311046],[-52.00082,-23.31096],[-52.000761,-23.310894],[-52.000686,-23.310836],[-52.000612,-23.310799],[-52.000478,-23.310744],[-52.000309,-23.310672],[-52.000146,-23.31061],[-52.000016,-23.310576],[-51.999857,-23.310541],[-51.999681,-23.310497],[-51.999535,-23.310459],[-51.999383,-23.310442],[-51.999292,-23.310455],[-51.999204,-23.310481],[-51.999094,-23.310529],[-51.999045,-23.310564],[-51.99897,-23.310613],[-51.998917,-23.310643],[-51.998874,-23.310652],[-51.998836,-23.310634],[-51.998792,-23.310583],[-51.998723,-23.310518],[-51.998679,-23.31051],[-51.998621,-23.310522],[-51.998575,-23.310555],[-51.998546,-23.31059],[-51.998544,-23.310616],[-51.998551,-23.310671],[-51.998556,-23.310705],[-51.998586,-23.310776],[-51.998587,-23.31084],[-51.998586,-23.3109],[-51.998584,-23.310973],[-51.998555,-23.311013],[-51.998499,-23.311026],[-51.998444,-23.311023],[-51.998355,-23.311009],[-51.998232,-23.310979],[-51.998101,-23.310952],[-51.998037,-23.310944],[-51.997959,-23.31094],[-51.997889,-23.31095],[-51.99783,-23.310971],[-51.997761,-23.311013],[-51.997704,-23.311025],[-51.997651,-23.311022],[-51.997552,-23.311001],[-51.997457,-23.310974],[-51.997381,-23.310939],[-51.997318,-23.310907],[-51.997203,-23.310834],[-51.997164,-23.31079],[-51.997145,-23.31077],[-51.997121,-23.310717],[-51.997091,-23.310648],[-51.997012,-23.310495],[-51.996983,-23.310454],[-51.99694,-23.310427],[-51.996812,-23.310351],[-51.9968,-23.310327],[-51.996794,-23.310296],[-51.996806,-23.31019],[-51.99682,-23.310075],[-51.996838,-23.309961],[-51.996841,-23.309876],[-51.996835,-23.309843],[-51.99681,-23.309801],[-51.996775,-23.30977],[-51.996749,-23.309749],[-51.996681,-23.309727],[-51.996622,-23.309709],[-51.996554,-23.309704],[-51.996499,-23.30972],[-51.996458,-23.309743],[-51.996383,-23.309799],[-51.996281,-23.309863],[-51.996223,-23.309873],[-51.996167,-23.309872],[-51.996113,-23.309844],[-51.996061,-23.309783],[-51.996029,-23.309713],[-51.995983,-23.309627],[-51.995878,-23.309502],[-51.99577,-23.309416],[-51.995675,-23.309362],[-51.995615,-23.309362],[-51.995582,-23.309381],[-51.995518,-23.309464],[-51.995498,-23.309488],[-51.995432,-23.30961],[-51.995398,-23.309685],[-51.995355,-23.30975],[-51.995296,-23.309777],[-51.995244,-23.309767],[-51.995198,-23.309747],[-51.995152,-23.309716],[-51.995132,-23.309673],[-51.995142,-23.309614],[-51.995185,-23.309521],[-51.995225,-23.309434],[-51.99526,-23.309356],[-51.995282,-23.309242],[-51.995271,-23.309169],[-51.995249,-23.309129],[-51.995213,-23.309095],[-51.99517,-23.309092],[-51.995118,-23.309107],[-51.995081,-23.309129],[-51.995024,-23.309177],[-51.994969,-23.309212],[-51.994938,-23.309218],[-51.994911,-23.309204],[-51.994874,-23.309153],[-51.994839,-23.309098],[-51.994791,-23.30907],[-51.994733,-23.309075],[-51.994687,-23.309124],[-51.994658,-23.309227],[-51.994628,-23.309287],[-51.99458,-23.309299],[-51.994528,-23.309284],[-51.994508,-23.309264],[-51.994483,-23.309235],[-51.994465,-23.309201],[-51.994434,-23.309154],[-51.994428,-23.309092],[-51.994417,-23.30903],[-51.994393,-23.308934],[-51.99428,-23.308727],[-51.9942,-23.308612],[-51.994141,-23.30849],[-51.994089,-23.308389],[-51.994026,-23.308315],[-51.993939,-23.308251],[-51.993814,-23.308166],[-51.993672,-23.308058],[-51.993494,-23.307973],[-51.993351,-23.307939],[-51.993166,-23.307919],[-51.993044,-23.307939],[-51.992966,-23.308003],[-51.992919,-23.308062],[-51.992893,-23.308171],[-51.992881,-23.308217],[-51.992869,-23.308267],[-51.992824,-23.308327],[-51.992725,-23.308402],[-51.992595,-23.30847],[-51.992454,-23.308499],[-51.992349,-23.308538],[-51.992271,-23.308567],[-51.992186,-23.308545],[-51.992113,-23.308515],[-51.992067,-23.308442],[-51.992035,-23.308357],[-51.991999,-23.30826],[-51.991956,-23.308173],[-51.991914,-23.308088],[-51.991882,-23.307991],[-51.991865,-23.30793],[-51.991822,-23.30785],[-51.991783,-23.307777],[-51.991708,-23.307723],[-51.991656,-23.307676],[-51.991629,-23.307632],[-51.991597,-23.30754],[-51.991598,-23.307376],[-51.99157,-23.307258],[-51.991492,-23.307134],[-51.991371,-23.306987],[-51.991209,-23.306834],[-51.991141,-23.306771],[-51.991059,-23.306694],[-51.990994,-23.306581],[-51.990958,-23.306517],[-51.990908,-23.306406],[-51.990901,-23.306363],[-51.990903,-23.306307],[-51.990942,-23.30618],[-51.99095,-23.306075],[-51.990946,-23.305968],[-51.990939,-23.305903],[-51.990925,-23.305826],[-51.990903,-23.305759],[-51.990853,-23.305712],[-51.990723,-23.305662],[-51.990633,-23.305612],[-51.990578,-23.305582],[-51.990497,-23.305537],[-51.990469,-23.305475],[-51.990465,-23.305445],[-51.990473,-23.305409],[-51.990525,-23.305353],[-51.990627,-23.305269],[-51.990682,-23.305212],[-51.990718,-23.30516],[-51.99079,-23.305082],[-51.990821,-23.30503],[-51.990837,-23.304961],[-51.990824,-23.304881],[-51.990765,-23.304799],[-51.990746,-23.304754],[-51.99068,-23.304698],[-51.990636,-23.304607],[-51.990587,-23.304492],[-51.990557,-23.304422],[-51.990517,-23.3044],[-51.990428,-23.304384],[-51.990345,-23.30436],[-51.990267,-23.304317],[-51.990155,-23.304236],[-51.99004,-23.304131],[-51.989917,-23.304051],[-51.989795,-23.303981],[-51.989687,-23.303893],[-51.98963,-23.303842],[-51.989596,-23.303783],[-51.989584,-23.303715],[-51.989596,-23.303658],[-51.989629,-23.303602],[-51.989695,-23.303571],[-51.989778,-23.303557],[-51.989865,-23.303573],[-51.989965,-23.303575],[-51.990047,-23.303567],[-51.99011,-23.303539],[-51.990157,-23.303492],[-51.990215,-23.303417],[-51.990275,-23.303349],[-51.990346,-23.303282],[-51.990387,-23.303213],[-51.990421,-23.303146],[-51.990428,-23.303076],[-51.990413,-23.303019],[-51.990393,-23.302972],[-51.990335,-23.302916],[-51.990279,-23.302871],[-51.990195,-23.302845],[-51.990064,-23.302807],[-51.989985,-23.302784],[-51.989907,-23.302779],[-51.989834,-23.302793],[-51.989783,-23.302816],[-51.989729,-23.302853],[-51.989646,-23.302971],[-51.989624,-23.302989],[-51.989595,-23.302997],[-51.989582,-23.302989],[-51.989576,-23.302975],[-51.989575,-23.302942],[-51.989573,-23.302908],[-51.989575,-23.302804],[-51.989574,-23.302695],[-51.989579,-23.30265],[-51.989585,-23.30261],[-51.989604,-23.302585],[-51.989624,-23.302568],[-51.989959,-23.302317],[-51.990131,-23.302239],[-51.990395,-23.302087],[-51.990518,-23.302007],[-51.990607,-23.301932],[-51.990656,-23.30188],[-51.990655,-23.30181],[-51.990638,-23.301707],[-51.990584,-23.301617],[-51.990519,-23.301551],[-51.990411,-23.301491],[-51.990314,-23.301459],[-51.990247,-23.301436],[-51.990196,-23.301439],[-51.990137,-23.301451],[-51.990109,-23.301479],[-51.990129,-23.301539],[-51.990156,-23.301593],[-51.990203,-23.301657],[-51.99024,-23.30171],[-51.990278,-23.301769],[-51.990289,-23.301819],[-51.990268,-23.301859],[-51.990235,-23.301882],[-51.9902,-23.301892],[-51.99017,-23.301903],[-51.990149,-23.301905],[-51.990102,-23.301903],[-51.990051,-23.301889],[-51.989966,-23.301841],[-51.989889,-23.301719],[-51.989862,-23.301625],[-51.989818,-23.301525],[-51.989781,-23.301482],[-51.98973,-23.301456],[-51.989653,-23.301446],[-51.989537,-23.301418],[-51.98948,-23.301396],[-51.989422,-23.301389],[-51.989382,-23.301394],[-51.989329,-23.301406],[-51.989238,-23.301421],[-51.989205,-23.301429],[-51.98916,-23.301437],[-51.989117,-23.301442],[-51.989063,-23.301449],[-51.98902,-23.301451],[-51.988986,-23.301447],[-51.988958,-23.301442],[-51.988938,-23.301429],[-51.98891,-23.3014],[-51.988862,-23.30137],[-51.988829,-23.301353],[-51.988799,-23.301337],[-51.988753,-23.301311],[-51.988737,-23.301286],[-51.988725,-23.301236],[-51.988708,-23.30116],[-51.988686,-23.301087],[-51.988652,-23.301018],[-51.98862,-23.300951],[-51.988576,-23.300884],[-51.988503,-23.300786],[-51.988426,-23.300658],[-51.988381,-23.30058],[-51.988345,-23.300526],[-51.988282,-23.300478],[-51.988245,-23.300444],[-51.988105,-23.300338],[-51.987947,-23.300193],[-51.987857,-23.300047],[-51.98779,-23.299923],[-51.987779,-23.299806],[-51.987786,-23.299724],[-51.987794,-23.299621],[-51.987836,-23.299481],[-51.987909,-23.299331],[-51.988002,-23.299233],[-51.988113,-23.299168],[-51.988154,-23.299108],[-51.988149,-23.299022],[-51.988118,-23.298923],[-51.988111,-23.298835],[-51.988131,-23.298728],[-51.988149,-23.298666],[-51.988151,-23.298631],[-51.988128,-23.298609],[-51.988072,-23.298609],[-51.988005,-23.29863],[-51.987942,-23.298637],[-51.987875,-23.298632],[-51.987704,-23.298614],[-51.98753,-23.298621],[-51.98745,-23.29862],[-51.987408,-23.298613],[-51.987368,-23.298579],[-51.98735,-23.298503],[-51.987349,-23.298387],[-51.987356,-23.298229],[-51.987363,-23.298107],[-51.987351,-23.298045],[-51.98734,-23.298017],[-51.987307,-23.297909],[-51.987275,-23.297791],[-51.98724,-23.297729],[-51.987184,-23.297645],[-51.987106,-23.297545],[-51.987019,-23.297441],[-51.986947,-23.29735],[-51.986847,-23.297261],[-51.986715,-23.297156],[-51.98661,-23.297059],[-51.986527,-23.297009],[-51.986468,-23.296906],[-51.986447,-23.296791],[-51.986477,-23.296724],[-51.986571,-23.296735],[-51.986681,-23.29678],[-51.986824,-23.29686],[-51.986895,-23.29688],[-51.986959,-23.296861],[-51.986993,-23.296807],[-51.987001,-23.29673],[-51.986988,-23.29665],[-51.98693,-23.296591],[-51.98683,-23.296557],[-51.986699,-23.296516],[-51.986616,-23.296503],[-51.986538,-23.29651],[-51.986456,-23.296524],[-51.986346,-23.296553],[-51.986216,-23.296628],[-51.986135,-23.296652],[-51.986087,-23.296655],[-51.98591,-23.296663],[-51.985722,-23.296694],[-51.985558,-23.296716],[-51.985364,-23.29675],[-51.985246,-23.29673],[-51.985188,-23.2967],[-51.985148,-23.296648],[-51.985129,-23.296587],[-51.985153,-23.29653],[-51.985201,-23.296485],[-51.985308,-23.296431],[-51.985475,-23.296369],[-51.985537,-23.296327],[-51.985536,-23.296258],[-51.985497,-23.296197],[-51.985432,-23.296146],[-51.985304,-23.29612],[-51.985165,-23.296117],[-51.98507,-23.296115],[-51.984981,-23.296129],[-51.984875,-23.296141],[-51.984749,-23.296144],[-51.984424,-23.296123],[-51.984254,-23.296134],[-51.984145,-23.296146],[-51.984093,-23.296167],[-51.984087,-23.2962],[-51.984106,-23.296276],[-51.984136,-23.296355],[-51.984155,-23.296406],[-51.984145,-23.296462],[-51.984088,-23.296527],[-51.983997,-23.29655],[-51.983924,-23.296515],[-51.983895,-23.29648],[-51.98388,-23.296444],[-51.983859,-23.296351],[-51.983831,-23.29624],[-51.983797,-23.296167],[-51.983749,-23.296112],[-51.983687,-23.296084],[-51.983571,-23.296113],[-51.983443,-23.29612],[-51.983352,-23.296113],[-51.983258,-23.296075],[-51.983229,-23.295987],[-51.983263,-23.295883],[-51.983285,-23.295761],[-51.98333,-23.295646],[-51.983316,-23.295496],[-51.983261,-23.295352],[-51.98318,-23.295272],[-51.982975,-23.295152],[-51.982764,-23.294981],[-51.98259,-23.294839],[-51.98246,-23.294739],[-51.982374,-23.294694],[-51.982294,-23.294709],[-51.982204,-23.294779],[-51.982161,-23.294863],[-51.982123,-23.29499],[-51.982103,-23.295093],[-51.982057,-23.295167],[-51.981977,-23.295211],[-51.981899,-23.295206],[-51.981777,-23.295169],[-51.981679,-23.29515],[-51.981583,-23.295146],[-51.98149,-23.295171],[-51.981395,-23.295219],[-51.981274,-23.295318],[-51.981189,-23.29538],[-51.981109,-23.29545],[-51.981058,-23.295548],[-51.981054,-23.29567],[-51.98105,-23.295795],[-51.98104,-23.295905],[-51.98101,-23.295962],[-51.980937,-23.295991],[-51.980869,-23.29598],[-51.980805,-23.295969],[-51.980693,-23.295881],[-51.980583,-23.295707],[-51.980526,-23.295604],[-51.980463,-23.295519],[-51.980382,-23.295457],[-51.980289,-23.295434],[-51.980188,-23.295442],[-51.980041,-23.295495],[-51.979923,-23.295568],[-51.97983,-23.295652],[-51.979746,-23.295757],[-51.97969,-23.295925],[-51.979609,-23.296246],[-51.97954,-23.296344],[-51.979455,-23.296407],[-51.979226,-23.296487],[-51.979135,-23.296538],[-51.979079,-23.296605],[-51.979025,-23.296649],[-51.978958,-23.29667],[-51.978914,-23.296661],[-51.978877,-23.29663],[-51.978825,-23.296535],[-51.97878,-23.296406],[-51.978766,-23.296363],[-51.978742,-23.296342],[-51.978704,-23.296328],[-51.978611,-23.296319],[-51.978529,-23.296327],[-51.978485,-23.296332],[-51.978454,-23.296353],[-51.978431,-23.296414],[-51.978427,-23.296475],[-51.978425,-23.296614],[-51.978402,-23.296695],[-51.978345,-23.296753],[-51.978286,-23.296773],[-51.978175,-23.296797],[-51.978082,-23.296793],[-51.977973,-23.296765],[-51.977848,-23.296704],[-51.97774,-23.296683],[-51.977492,-23.296687]],[[-51.965704,-23.253957],[-51.96577,-23.253988],[-51.965922,-23.25404],[-51.965967,-23.254057],[-51.966058,-23.254102],[-51.966086,-23.254156],[-51.966096,-23.254198],[-51.966089,-23.254287],[-51.96607,-23.254324],[-51.966035,-23.25436],[-51.965948,-23.254434],[-51.965833,-23.254548],[-51.96573,-23.25469],[-51.96568,-23.254785],[-51.965653,-23.254905],[-51.965619,-23.255044],[-51.965571,-23.25521],[-51.965562,-23.255277],[-51.965572,-23.255328],[-51.965588,-23.255357],[-51.965612,-23.255385],[-51.965637,-23.2554],[-51.965693,-23.255419],[-51.965768,-23.255409],[-51.965796,-23.2554],[-51.965822,-23.25538],[-51.965838,-23.255327],[-51.965849,-23.255258],[-51.965845,-23.255187],[-51.965851,-23.255099],[-51.965893,-23.255022],[-51.965975,-23.254962],[-51.966058,-23.254946],[-51.966112,-23.254961],[-51.966153,-23.254998],[-51.966205,-23.255048],[-51.966277,-23.255108],[-51.966324,-23.255134],[-51.966379,-23.255143],[-51.966448,-23.255146],[-51.966512,-23.255125],[-51.966584,-23.255075],[-51.966664,-23.255036],[-51.966744,-23.255016],[-51.96689,-23.255004],[-51.967072,-23.254993],[-51.967283,-23.25497],[-51.967636,-23.254955],[-51.967731,-23.254979],[-51.967779,-23.255018],[-51.967803,-23.255063],[-51.967796,-23.255131],[-51.967778,-23.255217],[-51.96778,-23.25532],[-51.967816,-23.255364],[-51.967893,-23.255432],[-51.968073,-23.255548],[-51.968131,-23.255578],[-51.968157,-23.255609],[-51.968165,-23.255656],[-51.968148,-23.255744],[-51.968126,-23.255857],[-51.968131,-23.255963],[-51.968181,-23.255988],[-51.96823,-23.255972],[-51.96829,-23.255924],[-51.968321,-23.255833],[-51.968335,-23.255761],[-51.968356,-23.255682],[-51.968384,-23.255618],[-51.968482,-23.255529],[-51.968579,-23.255444],[-51.968802,-23.255214],[-51.968899,-23.255102],[-51.968961,-23.255046],[-51.969057,-23.254978],[-51.969113,-23.254946],[-51.969172,-23.254931],[-51.969237,-23.254933],[-51.969287,-23.254946],[-51.969312,-23.254962],[-51.96934,-23.254988],[-51.969354,-23.255022],[-51.96935,-23.255068],[-51.969331,-23.25512],[-51.969313,-23.255157],[-51.96929,-23.255206],[-51.969234,-23.255322],[-51.969171,-23.255433],[-51.969129,-23.255494],[-51.969112,-23.255551],[-51.969117,-23.255609],[-51.96913,-23.255642],[-51.969171,-23.255679],[-51.969214,-23.255693],[-51.969261,-23.255666],[-51.969387,-23.255501],[-51.969547,-23.255366],[-51.969687,-23.255305],[-51.969768,-23.255296],[-51.96985,-23.255338],[-51.969925,-23.255414],[-51.969938,-23.255494],[-51.969935,-23.255527],[-51.969908,-23.255557],[-51.969755,-23.255612],[-51.969716,-23.255621],[-51.969689,-23.255633],[-51.969666,-23.255651],[-51.96966,-23.255672],[-51.969677,-23.255712],[-51.969718,-23.255751],[-51.969817,-23.2558],[-51.969919,-23.2558],[-51.970009,-23.255782],[-51.970076,-23.255762],[-51.970148,-23.255751],[-51.970238,-23.25576],[-51.97027,-23.255772],[-51.970294,-23.255791],[-51.970306,-23.255828],[-51.970295,-23.255847],[-51.970262,-23.255852],[-51.970208,-23.255843],[-51.970145,-23.255855],[-51.970091,-23.255885],[-51.970069,-23.255923],[-51.970075,-23.255974],[-51.970097,-23.256009],[-51.970128,-23.256037],[-51.970177,-23.256066],[-51.970248,-23.256097],[-51.970299,-23.256127],[-51.97032,-23.256181],[-51.970306,-23.25624],[-51.970268,-23.256293],[-51.970179,-23.256331],[-51.970033,-23.256435],[-51.969962,-23.25648],[-51.969955,-23.256511],[-51.969958,-23.256547],[-51.969986,-23.256619],[-51.970034,-23.25667],[-51.97006,-23.256695],[-51.970093,-23.256702],[-51.970121,-23.256701],[-51.970195,-23.256682],[-51.970236,-23.256662],[-51.97028,-23.256627],[-51.970315,-23.256591],[-51.970375,-23.256564],[-51.970432,-23.256561],[-51.970485,-23.256574],[-51.970522,-23.256599],[-51.970547,-23.256624],[-51.970563,-23.256668],[-51.970622,-23.25684],[-51.970638,-23.256936],[-51.97064,-23.257045],[-51.970658,-23.257137],[-51.970688,-23.257175],[-51.970786,-23.257257],[-51.970861,-23.257304],[-51.970934,-23.257337],[-51.971007,-23.257362],[-51.971141,-23.257418],[-51.971175,-23.257453],[-51.971191,-23.257491],[-51.97119,-23.25754],[-51.971174,-23.25763],[-51.971157,-23.257691],[-51.971143,-23.257751],[-51.971139,-23.257811],[-51.971169,-23.25791],[-51.971206,-23.258017],[-51.97128,-23.25811],[-51.971335,-23.25818],[-51.971348,-23.258252],[-51.971345,-23.258302],[-51.97132,-23.258342],[-51.971279,-23.258347],[-51.971214,-23.258333],[-51.971116,-23.25829],[-51.971034,-23.25824],[-51.970891,-23.2581],[-51.970855,-23.258076],[-51.970814,-23.25807],[-51.970771,-23.258079],[-51.970726,-23.2581],[-51.970665,-23.258146],[-51.970645,-23.258213],[-51.970645,-23.258275],[-51.970663,-23.258317],[-51.970703,-23.258349],[-51.97081,-23.258379],[-51.970854,-23.258411],[-51.970876,-23.258441],[-51.970878,-23.258482],[-51.970815,-23.258541],[-51.970703,-23.258589],[-51.970598,-23.258592],[-51.970464,-23.258559],[-51.970344,-23.258504],[-51.970192,-23.258392],[-51.970127,-23.258367],[-51.970094,-23.258357],[-51.970048,-23.258352],[-51.970009,-23.258357],[-51.969973,-23.258366],[-51.969947,-23.258379],[-51.96994,-23.258414],[-51.969944,-23.258438],[-51.969949,-23.258486],[-51.969974,-23.258533],[-51.970027,-23.258607],[-51.970065,-23.258691],[-51.970087,-23.258775],[-51.970092,-23.258861],[-51.970077,-23.258939],[-51.97004,-23.259014],[-51.97,-23.259064],[-51.969918,-23.259119],[-51.969869,-23.25916],[-51.969759,-23.259234],[-51.969673,-23.259289],[-51.96961,-23.259342],[-51.969597,-23.259368],[-51.969608,-23.259389],[-51.96963,-23.259408],[-51.969674,-23.259426],[-51.969723,-23.25942],[-51.969883,-23.259304],[-51.969925,-23.259293],[-51.969964,-23.259301],[-51.970011,-23.259332],[-51.970032,-23.25936],[-51.970032,-23.25939],[-51.970018,-23.259427],[-51.97,-23.259469],[-51.969966,-23.259519],[-51.969881,-23.259565],[-51.969757,-23.259613],[-51.969641,-23.259635],[-51.969571,-23.259663],[-51.969535,-23.259699],[-51.969524,-23.259728],[-51.969537,-23.259766],[-51.969569,-23.259799],[-51.969624,-23.25984],[-51.969685,-23.259867],[-51.969759,-23.259874],[-51.969835,-23.25988],[-51.96987,-23.259897],[-51.969887,-23.259915],[-51.969892,-23.259944],[-51.969879,-23.259989],[-51.969854,-23.260035],[-51.969827,-23.260075],[-51.969775,-23.260115],[-51.969571,-23.260238],[-51.969427,-23.2603],[-51.969354,-23.260321],[-51.969279,-23.260339],[-51.969207,-23.260361],[-51.969176,-23.260383],[-51.96916,-23.260407],[-51.96914,-23.260485],[-51.969117,-23.260608],[-51.969107,-23.260656],[-51.969077,-23.260722],[-51.969011,-23.260793],[-51.968815,-23.261005],[-51.968757,-23.261095],[-51.968747,-23.261124],[-51.968749,-23.261146],[-51.968757,-23.261159],[-51.968768,-23.261167],[-51.968799,-23.261171],[-51.968959,-23.261176],[-51.969069,-23.261177],[-51.969131,-23.261175],[-51.969192,-23.261165],[-51.969252,-23.261145],[-51.969303,-23.261102],[-51.969341,-23.261093],[-51.969381,-23.261091],[-51.96942,-23.261107],[-51.969456,-23.26115],[-51.96947,-23.261198],[-51.969481,-23.261246],[-51.96949,-23.261291],[-51.969481,-23.26135],[-51.969473,-23.261423],[-51.969428,-23.261556],[-51.969376,-23.261675],[-51.969358,-23.26174],[-51.96935,-23.261811],[-51.969358,-23.261859],[-51.969394,-23.261901],[-51.969468,-23.261986],[-51.969497,-23.262062],[-51.969475,-23.262144],[-51.969443,-23.262233],[-51.969377,-23.262324],[-51.969301,-23.262394],[-51.969215,-23.262432],[-51.969035,-23.262513],[-51.96892,-23.262512],[-51.968872,-23.262513],[-51.968834,-23.262507],[-51.968803,-23.262481],[-51.968755,-23.26246],[-51.968685,-23.262467],[-51.968566,-23.262517],[-51.968442,-23.262589],[-51.96827,-23.262661],[-51.967952,-23.262809],[-51.967819,-23.2629],[-51.967767,-23.262955],[-51.967726,-23.263012],[-51.967704,-23.263077],[-51.967676,-23.263163],[-51.967643,-23.263249],[-51.967572,-23.263353],[-51.967529,-23.263395],[-51.967457,-23.263434],[-51.967269,-23.263571],[-51.967209,-23.263652],[-51.96719,-23.263719],[-51.967189,-23.26377],[-51.967204,-23.263824],[-51.96723,-23.263848],[-51.96728,-23.26385],[-51.967345,-23.263826],[-51.967426,-23.263788],[-51.967522,-23.26371],[-51.967575,-23.263651],[-51.967603,-23.263619],[-51.967648,-23.263612],[-51.9677,-23.263624],[-51.96773,-23.26366],[-51.967746,-23.263706],[-51.967737,-23.263759],[-51.967712,-23.263809],[-51.967638,-23.263881],[-51.967453,-23.264014],[-51.967014,-23.264316],[-51.966751,-23.264507],[-51.9667,-23.264573],[-51.966639,-23.264681],[-51.966644,-23.264767],[-51.966681,-23.264895],[-51.966703,-23.265002],[-51.96674,-23.265061],[-51.966769,-23.265086],[-51.966877,-23.265077],[-51.967178,-23.265012],[-51.967289,-23.265],[-51.967415,-23.265035],[-51.967501,-23.265082],[-51.967563,-23.26512],[-51.967604,-23.265163],[-51.967645,-23.265255],[-51.967696,-23.2655],[-51.967724,-23.265582],[-51.967776,-23.265695],[-51.967836,-23.265798],[-51.967867,-23.265863],[-51.967878,-23.265918],[-51.967875,-23.265986],[-51.967848,-23.266049],[-51.967809,-23.266084],[-51.967607,-23.266169],[-51.967422,-23.266246],[-51.967342,-23.266298],[-51.967283,-23.266357],[-51.967261,-23.266387],[-51.967259,-23.266402],[-51.967266,-23.266419],[-51.967305,-23.26644],[-51.967371,-23.26645],[-51.9676,-23.266455],[-51.967636,-23.266471],[-51.96766,-23.266498],[-51.967666,-23.266544],[-51.967649,-23.266598],[-51.96759,-23.266695],[-51.967478,-23.266754],[-51.967308,-23.266827],[-51.967186,-23.266869],[-51.967127,-23.266907],[-51.967106,-23.26694],[-51.967127,-23.267028],[-51.96714,-23.267121],[-51.96715,-23.267222],[-51.967147,-23.267329],[-51.967112,-23.267425],[-51.967025,-23.267531],[-51.966922,-23.267624],[-51.966852,-23.267716],[-51.966848,-23.267765],[-51.966861,-23.267796],[-51.966891,-23.267809],[-51.966915,-23.267821],[-51.966952,-23.267839],[-51.967,-23.267876],[-51.967019,-23.267922],[-51.967001,-23.267965],[-51.966978,-23.268017],[-51.966942,-23.268073],[-51.966903,-23.268124],[-51.966879,-23.268157],[-51.96663,-23.268415],[-51.966312,-23.268721],[-51.966133,-23.268882],[-51.966109,-23.268926],[-51.966109,-23.268969],[-51.966131,-23.269011],[-51.966213,-23.269086],[-51.96623,-23.269128],[-51.966252,-23.269184],[-51.966246,-23.26924],[-51.966225,-23.26928],[-51.966189,-23.269315],[-51.966116,-23.269369],[-51.966072,-23.269409],[-51.966047,-23.269446],[-51.966046,-23.269473],[-51.966063,-23.269519],[-51.966134,-23.269578],[-51.966172,-23.269617],[-51.966194,-23.269658],[-51.966201,-23.269753],[-51.96616,-23.269857],[-51.966099,-23.269999],[-51.966024,-23.270138],[-51.965959,-23.27019],[-51.965903,-23.270202],[-51.965815,-23.270203],[-51.965738,-23.27023],[-51.965707,-23.270313],[-51.965701,-23.270402],[-51.965695,-23.270471],[-51.965706,-23.27054],[-51.965738,-23.2706],[-51.965813,-23.270679],[-51.965856,-23.270805],[-51.965874,-23.270888],[-51.965867,-23.270979],[-51.965873,-23.271051],[-51.965906,-23.271114],[-51.966089,-23.271455],[-51.966252,-23.271767],[-51.966394,-23.272081],[-51.966583,-23.272472],[-51.9668,-23.272831],[-51.966884,-23.272993],[-51.966935,-23.273106],[-51.966976,-23.273237],[-51.967061,-23.273615],[-51.967124,-23.27383],[-51.967176,-23.27409],[-51.967247,-23.274297],[-51.967304,-23.274387],[-51.967403,-23.274475],[-51.967481,-23.274505],[-51.967644,-23.274539],[-51.967793,-23.274574],[-51.967882,-23.27461],[-51.968271,-23.274824],[-51.968421,-23.274925],[-51.968526,-23.274968],[-51.96874,-23.275054],[-51.968867,-23.275123],[-51.968962,-23.275182],[-51.969067,-23.275278],[-51.96914,-23.275347],[-51.969173,-23.27538],[-51.969194,-23.275402],[-51.969232,-23.275455],[-51.969278,-23.275487],[-51.96934,-23.275509],[-51.969396,-23.275497],[-51.96946,-23.275452],[-51.9695,-23.275398],[-51.969523,-23.27535],[-51.969533,-23.275292],[-51.969529,-23.275221],[-51.969522,-23.275159],[-51.969496,-23.275097],[-51.969451,-23.27506],[-51.969399,-23.275045],[-51.9693,-23.275033],[-51.969244,-23.27503],[-51.969188,-23.27502],[-51.969142,-23.274997],[-51.969093,-23.274973],[-51.969071,-23.274961],[-51.969057,-23.274951],[-51.969049,-23.274933],[-51.969048,-23.274921],[-51.969049,-23.274912],[-51.969059,-23.274901],[-51.96908,-23.274891],[-51.969096,-23.274886],[-51.969106,-23.274885],[-51.969134,-23.274881],[-51.969193,-23.274865],[-51.969262,-23.274846],[-51.969391,-23.274827],[-51.969529,-23.274821],[-51.969922,-23.274794],[-51.970001,-23.274776],[-51.970046,-23.27475],[-51.970067,-23.274724],[-51.970076,-23.27469],[-51.970077,-23.274627],[-51.970087,-23.274578],[-51.970103,-23.274518],[-51.97013,-23.274463],[-51.970155,-23.274442],[-51.970195,-23.274422],[-51.97024,-23.274426],[-51.970281,-23.274434],[-51.970362,-23.274462],[-51.970451,-23.274494],[-51.970559,-23.27453],[-51.970644,-23.274557],[-51.970729,-23.274584],[-51.97081,-23.274621],[-51.970915,-23.274673],[-51.970924,-23.274681],[-51.970953,-23.274694],[-51.97099,-23.274702],[-51.971023,-23.274694],[-51.971041,-23.274671],[-51.97106,-23.274599],[-51.971053,-23.274518],[-51.971073,-23.274457],[-51.971104,-23.27442],[-51.971237,-23.274273],[-51.971266,-23.274255],[-51.971297,-23.274235],[-51.971346,-23.274204],[-51.971388,-23.27419],[-51.971425,-23.274196],[-51.971448,-23.274218],[-51.971499,-23.274286],[-51.971602,-23.27443],[-51.971703,-23.274678],[-51.971733,-23.274756],[-51.97178,-23.274813],[-51.971818,-23.274856],[-51.971864,-23.27488],[-51.971887,-23.274885],[-51.971911,-23.274882],[-51.97195,-23.274862],[-51.971988,-23.274831],[-51.972022,-23.274809],[-51.972086,-23.274781],[-51.972126,-23.274769],[-51.972155,-23.274774],[-51.972184,-23.274793],[-51.972221,-23.274825],[-51.972301,-23.27488],[-51.972369,-23.274917],[-51.972427,-23.274937],[-51.972474,-23.274947],[-51.97251,-23.274936],[-51.972558,-23.274892],[-51.972625,-23.274844],[-51.972692,-23.274813],[-51.972744,-23.274815],[-51.972781,-23.274826],[-51.972816,-23.274851],[-51.972837,-23.274897],[-51.972825,-23.274955],[-51.972784,-23.275015],[-51.97273,-23.27505],[-51.972672,-23.275115],[-51.972666,-23.27515],[-51.972668,-23.275187],[-51.972688,-23.275218],[-51.972714,-23.275244],[-51.972791,-23.275276],[-51.972928,-23.275327],[-51.973088,-23.275344],[-51.973178,-23.275375],[-51.973237,-23.275417],[-51.973274,-23.275486],[-51.973302,-23.27557],[-51.973278,-23.275684],[-51.973241,-23.275788],[-51.973219,-23.275866],[-51.973232,-23.275922],[-51.973294,-23.275958],[-51.973349,-23.275971],[-51.973395,-23.275971],[-51.97345,-23.275966],[-51.973501,-23.275934],[-51.973544,-23.275911],[-51.973594,-23.275904],[-51.973632,-23.275927],[-51.973672,-23.275973],[-51.973734,-23.276178],[-51.973761,-23.276282],[-51.973792,-23.276351],[-51.973841,-23.276379],[-51.973901,-23.276397],[-51.973993,-23.276435],[-51.974046,-23.27648],[-51.974073,-23.276533],[-51.974071,-23.276598],[-51.974033,-23.276645],[-51.973967,-23.2767],[-51.973858,-23.27674],[-51.973671,-23.276784],[-51.973596,-23.276801],[-51.973538,-23.276849],[-51.973402,-23.277048],[-51.973313,-23.277163],[-51.973268,-23.277246],[-51.973238,-23.277355],[-51.973208,-23.277485],[-51.973179,-23.277603],[-51.973168,-23.277751],[-51.97315,-23.277978],[-51.973151,-23.278075],[-51.973169,-23.278144],[-51.973203,-23.278177],[-51.973256,-23.278201],[-51.973306,-23.278193],[-51.973351,-23.278157],[-51.973371,-23.278135],[-51.973397,-23.278106],[-51.97343,-23.278086],[-51.973468,-23.278071],[-51.973495,-23.278062],[-51.973532,-23.278052],[-51.973552,-23.278062],[-51.973557,-23.278082],[-51.973555,-23.278117],[-51.973537,-23.278158],[-51.973488,-23.278238],[-51.973447,-23.278312],[-51.973438,-23.278361],[-51.97344,-23.278418],[-51.973454,-23.278488],[-51.973475,-23.278534],[-51.973509,-23.278582],[-51.973555,-23.278617],[-51.973614,-23.278631],[-51.973673,-23.278628],[-51.973742,-23.278609],[-51.973913,-23.278509],[-51.973972,-23.278479],[-51.974043,-23.278425],[-51.974078,-23.278408],[-51.974108,-23.278406],[-51.97417,-23.278424],[-51.974287,-23.278486],[-51.97436,-23.278528],[-51.974422,-23.278594],[-51.974453,-23.278688],[-51.974474,-23.278863],[-51.974491,-23.278946],[-51.974504,-23.279016],[-51.974533,-23.279047],[-51.974569,-23.279056],[-51.974687,-23.279081],[-51.974742,-23.279102],[-51.974788,-23.279132],[-51.974836,-23.279182],[-51.974862,-23.27921],[-51.974882,-23.279237],[-51.974907,-23.279303],[-51.974964,-23.279497],[-51.97499,-23.279557],[-51.97504,-23.279646],[-51.975058,-23.279745],[-51.975073,-23.279842],[-51.975084,-23.279915],[-51.975104,-23.279958],[-51.975152,-23.280008],[-51.975218,-23.280064],[-51.975251,-23.28008],[-51.97529,-23.280078],[-51.975359,-23.280052],[-51.975395,-23.28001],[-51.975396,-23.279964],[-51.975378,-23.279888],[-51.975386,-23.279835],[-51.975396,-23.279771],[-51.975393,-23.279741],[-51.97538,-23.27971],[-51.975367,-23.279643],[-51.975381,-23.279605],[-51.975422,-23.27958],[-51.975493,-23.279576],[-51.975714,-23.279566],[-51.975808,-23.279576],[-51.975849,-23.279586],[-51.975916,-23.279606],[-51.975962,-23.279628],[-51.976001,-23.279655],[-51.976035,-23.279688],[-51.976081,-23.279754],[-51.976164,-23.279828],[-51.976348,-23.279953],[-51.97655,-23.280061],[-51.976619,-23.280105],[-51.976661,-23.280137],[-51.976671,-23.280173],[-51.976657,-23.280209],[-51.976577,-23.28029],[-51.976481,-23.280341],[-51.976334,-23.280393],[-51.976274,-23.280428],[-51.976229,-23.280475],[-51.976194,-23.280526],[-51.976177,-23.280573],[-51.97618,-23.280624],[-51.976204,-23.280669],[-51.97624,-23.280709],[-51.976284,-23.280735],[-51.97647,-23.280785],[-51.97662,-23.280821],[-51.976684,-23.280845],[-51.976729,-23.280877],[-51.976734,-23.280911],[-51.97672,-23.280948],[-51.976697,-23.280983],[-51.976654,-23.280999],[-51.976578,-23.281016],[-51.976497,-23.281035],[-51.976423,-23.281072],[-51.976374,-23.281144],[-51.976349,-23.281205],[-51.976306,-23.281333],[-51.976284,-23.281456],[-51.976285,-23.281553],[-51.976337,-23.281643],[-51.976416,-23.281681],[-51.976502,-23.281696],[-51.976603,-23.281722],[-51.976684,-23.281788],[-51.976775,-23.281904],[-51.97686,-23.282035],[-51.976908,-23.282183],[-51.976918,-23.282296],[-51.976938,-23.282372],[-51.976994,-23.282421],[-51.977018,-23.282448],[-51.977052,-23.282466],[-51.977113,-23.282459],[-51.977156,-23.282438],[-51.977207,-23.282395],[-51.977252,-23.282363],[-51.977287,-23.28236],[-51.977319,-23.282376],[-51.977333,-23.28241],[-51.977329,-23.282467],[-51.977321,-23.282532],[-51.97734,-23.282606],[-51.977386,-23.282683],[-51.97744,-23.282722],[-51.977579,-23.282762],[-51.977679,-23.282761],[-51.977752,-23.282742],[-51.977828,-23.282707],[-51.977872,-23.282678],[-51.977906,-23.282644],[-51.977941,-23.282581],[-51.97797,-23.282491],[-51.978027,-23.282397],[-51.978101,-23.282337],[-51.97814,-23.28232],[-51.978196,-23.282308],[-51.978259,-23.282318],[-51.978303,-23.282353],[-51.978338,-23.282412],[-51.978383,-23.282529],[-51.978405,-23.282678],[-51.978411,-23.282902],[-51.978414,-23.283047],[-51.978406,-23.283268],[-51.978459,-23.283363],[-51.978437,-23.283447],[-51.978321,-23.283636],[-51.978287,-23.283785],[-51.978263,-23.283983],[-51.978239,-23.284361],[-51.978239,-23.284506],[-51.978236,-23.284616],[-51.97823,-23.284688],[-51.978211,-23.28473],[-51.978171,-23.284779],[-51.978037,-23.284891],[-51.9778,-23.285066],[-51.977543,-23.285263],[-51.977292,-23.285441],[-51.977127,-23.285541],[-51.976913,-23.285672],[-51.976853,-23.285735],[-51.97683,-23.285797],[-51.976831,-23.285851],[-51.976851,-23.285886],[-51.977113,-23.286038],[-51.977254,-23.286125],[-51.977297,-23.286154],[-51.977328,-23.286179],[-51.977346,-23.286202],[-51.977344,-23.286226],[-51.977331,-23.286266],[-51.977297,-23.286319],[-51.977275,-23.286364],[-51.977257,-23.28642],[-51.977261,-23.286499],[-51.977292,-23.286572],[-51.977347,-23.286619],[-51.977402,-23.286673],[-51.977461,-23.28671],[-51.977586,-23.286794],[-51.977628,-23.286843],[-51.977652,-23.286899],[-51.977667,-23.286992],[-51.977673,-23.28707],[-51.977669,-23.287134],[-51.977632,-23.287199],[-51.977563,-23.287265],[-51.977507,-23.287296],[-51.977339,-23.287392],[-51.977173,-23.287498],[-51.977124,-23.287535],[-51.977107,-23.287571],[-51.977111,-23.287605],[-51.977134,-23.287665],[-51.977163,-23.28777],[-51.977211,-23.287886],[-51.977288,-23.287997],[-51.977355,-23.288065],[-51.977432,-23.288114],[-51.977517,-23.288118],[-51.977593,-23.288119],[-51.977651,-23.288151],[-51.977683,-23.288207],[-51.977681,-23.288281],[-51.977678,-23.288346],[-51.977649,-23.288407],[-51.977579,-23.288499],[-51.977502,-23.28858],[-51.977417,-23.288667],[-51.977374,-23.288764],[-51.977364,-23.288843],[-51.977297,-23.288933],[-51.977196,-23.289014],[-51.97713,-23.289098],[-51.977091,-23.289185],[-51.977094,-23.289259],[-51.977107,-23.289318],[-51.977155,-23.289366],[-51.977245,-23.289394],[-51.97733,-23.289389],[-51.9774,-23.289381],[-51.97744,-23.289376],[-51.977478,-23.289378],[-51.97751,-23.289405],[-51.977516,-23.289441],[-51.977497,-23.289486],[-51.977463,-23.289557],[-51.977405,-23.289663],[-51.977359,-23.289774],[-51.977355,-23.28986],[-51.97737,-23.289956],[-51.977385,-23.289993],[-51.97739,-23.290025],[-51.977388,-23.290065],[-51.977374,-23.290095],[-51.977321,-23.290137],[-51.977251,-23.29016],[-51.977204,-23.290174],[-51.97716,-23.290199],[-51.977113,-23.290237],[-51.9771,-23.290274],[-51.9771,-23.290306],[-51.977116,-23.290355],[-51.977148,-23.290406],[-51.977203,-23.290459],[-51.97724,-23.290488],[-51.977312,-23.290542],[-51.977415,-23.290647],[-51.977506,-23.290759],[-51.977588,-23.29092],[-51.977633,-23.290958],[-51.977683,-23.290998],[-51.977701,-23.291042],[-51.977704,-23.291088],[-51.977655,-23.291269],[-51.977611,-23.291395],[-51.977571,-23.29151],[-51.977501,-23.291627],[-51.977437,-23.291727],[-51.977338,-23.291862],[-51.977302,-23.29192],[-51.977273,-23.291998],[-51.977269,-23.29206],[-51.977281,-23.292172],[-51.977305,-23.292348],[-51.977312,-23.292413],[-51.977311,-23.292474],[-51.97731,-23.292528],[-51.977298,-23.292574],[-51.97726,-23.292623],[-51.97698,-23.292777],[-51.97686,-23.292871],[-51.976811,-23.292907],[-51.976772,-23.292927],[-51.976715,-23.292956],[-51.976654,-23.293001],[-51.97664,-23.29305],[-51.976647,-23.293116],[-51.976674,-23.293193],[-51.976713,-23.29325],[-51.976761,-23.293284],[-51.97687,-23.293315],[-51.976979,-23.293332],[-51.977029,-23.29335],[-51.97706,-23.293376],[-51.977078,-23.293428],[-51.977074,-23.293688],[-51.977082,-23.293798],[-51.977093,-23.29387],[-51.97711,-23.29391],[-51.977145,-23.293961],[-51.977171,-23.294042],[-51.977189,-23.294126],[-51.977219,-23.294217],[-51.977263,-23.294313],[-51.977334,-23.294468],[-51.977438,-23.294652],[-51.977492,-23.294774],[-51.9775,-23.294843],[-51.97749,-23.294908],[-51.977408,-23.295073],[-51.977346,-23.295197],[-51.977315,-23.295293],[-51.977288,-23.295458],[-51.977279,-23.295525],[-51.977288,-23.295594],[-51.977314,-23.295664],[-51.97735,-23.295743],[-51.977404,-23.295826],[-51.977473,-23.295881],[-51.977485,-23.295902],[-51.977503,-23.295944],[-51.97753,-23.295973],[-51.977566,-23.295997],[-51.97763,-23.296026],[-51.977683,-23.29606],[-51.977722,-23.296093],[-51.977748,-23.296129],[-51.977754,-23.296161],[-51.977744,-23.2962],[-51.977712,-23.29625],[-51.977661,-23.2963],[-51.977579,-23.296351],[-51.977484,-23.296406],[-51.977414,-23.296445]]]}},
{"type":"Feature","properties":{"name":"Cór. da Romeira"},"geometry":{"type":"LineString","coordinates":[[-51.99938,-23.388272],[-51.999188,-23.38785],[-51.999091,-23.387434],[-51.99904,-23.386769],[-51.999128,-23.386242],[-51.999177,-23.385654],[-51.999117,-23.385426],[-51.998888,-23.385127],[-51.998586,-23.384742]]}},
{"type":"Feature","properties":{"name":"Cór. Coara"},"geometry":{"type":"LineString","coordinates":[[-51.874855,-23.318067],[-51.874775,-23.317966],[-51.874727,-23.317861],[-51.874716,-23.317777],[-51.874713,-23.3177],[-51.874704,-23.31757],[-51.874676,-23.317077],[-51.874572,-23.316746],[-51.874372,-23.316389],[-51.874261,-23.31616],[-51.874279,-23.315951],[-51.874367,-23.315636],[-51.874412,-23.315463],[-51.874381,-23.315296],[-51.874322,-23.31515],[-51.874137,-23.315019],[-51.874003,-23.314847],[-51.873886,-23.314713],[-51.873746,-23.314535],[-51.873647,-23.314338],[-51.873564,-23.314207],[-51.873481,-23.314076],[-51.873454,-23.313915],[-51.873378,-23.313766],[-51.873366,-23.313638],[-51.873375,-23.313504],[-51.873367,-23.313406],[-51.87332,-23.313328],[-51.87318,-23.313252],[-51.873021,-23.313203],[-51.872863,-23.31312],[-51.872738,-23.313027],[-51.872665,-23.31292],[-51.872654,-23.312763],[-51.872609,-23.31266],[-51.872503,-23.312594],[-51.872373,-23.312583],[-51.872202,-23.312552],[-51.871968,-23.312432],[-51.871696,-23.312239],[-51.871547,-23.312069],[-51.871411,-23.311912],[-51.8713,-23.311749],[-51.87119,-23.31162],[-51.871123,-23.311533],[-51.871091,-23.31144],[-51.871008,-23.311322],[-51.87086,-23.311159],[-51.870505,-23.3109],[-51.870154,-23.310642],[-51.869887,-23.310353],[-51.869655,-23.310166],[-51.869033,-23.309686],[-51.868968,-23.309598],[-51.868908,-23.309502],[-51.868889,-23.30946],[-51.868877,-23.309411],[-51.868881,-23.30935],[-51.868872,-23.309308],[-51.868836,-23.309281],[-51.868816,-23.309233],[-51.868795,-23.309149],[-51.86878,-23.309082],[-51.868738,-23.308776],[-51.868669,-23.308497],[-51.868644,-23.308344],[-51.868591,-23.308223],[-51.86849,-23.308036],[-51.868486,-23.307576],[-51.868444,-23.307316],[-51.868348,-23.306847],[-51.868309,-23.306598],[-51.868299,-23.306473],[-51.868314,-23.306408],[-51.86834,-23.306334],[-51.868381,-23.30622],[-51.868456,-23.306109],[-51.868521,-23.305983],[-51.868538,-23.305805],[-51.868548,-23.305459]]}},
{"type":"Feature","properties":{"name":"Cór. Sem Denominação"},"geometry":{"type":"LineString","coordinates":[[-52.018667,-23.439163],[-52.018971,-23.439026],[-52.019045,-23.438999],[-52.019079,-23.438979],[-52.019117,-23.438942],[-52.019154,-23.438893],[-52.019196,-23.438842],[-52.019272,-23.438781],[-52.019354,-23.438733],[-52.019444,-23.438703],[-52.019496,-23.438662],[-52.019567,-23.43857],[-52.019694,-23.438461],[-52.019848,-23.438304],[-52.019922,-23.438257],[-52.020023,-23.438155],[-52.020123,-23.438038],[-52.020272,-23.437816],[-52.020431,-23.437587],[-52.020631,-23.437341],[-52.021015,-23.436843],[-52.021113,-23.436739],[-52.021188,-23.436627],[-52.021308,-23.436478],[-52.021495,-23.436276],[-52.021924,-23.435998],[-52.022344,-23.4358],[-52.022521,-23.435723],[-52.022742,-23.435612],[-52.022853,-23.435535]]}},
{"type":"Feature","properties":{"name":""},"geometry":{"type":"LineString","coordinates":[[-51.969088,-23.32451],[-51.968937,-23.323696],[-51.968849,-23.323348],[-51.968797,-23.323186],[-51.968621,-23.322794],[-51.968405,-23.322251],[-51.968225,-23.321711],[-51.968022,-23.320814],[-51.967983,-23.320655],[-51.96796,-23.320523],[-51.967955,-23.320403],[-51.967916,-23.320248],[-51.967885,-23.32016],[-51.967868,-23.320079],[-51.967872,-23.319976],[-51.967915,-23.319752],[-51.967947,-23.319634],[-51.96799,-23.319571],[-51.968023,-23.319551],[-51.968048,-23.319523],[-51.968071,-23.319459],[-51.968071,-23.319321],[-51.968061,-23.319267],[-51.968034,-23.319215],[-51.968006,-23.319117],[-51.968005,-23.318989],[-51.968016,-23.318914],[-51.968037,-23.318849],[-51.968048,-23.31882],[-51.968063,-23.31877],[-51.968075,-23.3187],[-51.968076,-23.31836],[-51.968107,-23.318206],[-51.968138,-23.318156],[-51.968184,-23.318043],[-51.96822,-23.317924],[-51.96824,-23.317743],[-51.968258,-23.317527],[-51.968301,-23.317386],[-51.968378,-23.31728],[-51.968597,-23.316981],[-51.968681,-23.316646],[-51.968642,-23.316247],[-51.968668,-23.316109],[-51.968738,-23.315743],[-51.96888,-23.31531],[-51.968916,-23.314797],[-51.968982,-23.313866]]}},
{"type":"Feature","properties":{"name":"Cór. Sem Denominação"},"geometry":{"type":"LineString","coordinates":[[-51.987266,-23.530784],[-51.987036,-23.530751],[-51.986768,-23.530678],[-51.986522,-23.530584],[-51.985931,-23.530312],[-51.985488,-23.53],[-51.985195,-23.529754],[-51.984994,-23.529586],[-51.984832,-23.529462],[-51.984634,-23.529351],[-51.984428,-23.529216],[-51.984231,-23.529082],[-51.984147,-23.528987],[-51.983983,-23.52879],[-51.983849,-23.528623],[-51.983727,-23.528514],[-51.983609,-23.528367],[-51.983506,-23.528174],[-51.983362,-23.527998],[-51.98325,-23.527807],[-51.983169,-23.527703],[-51.983056,-23.527558],[-51.982866,-23.527326]]}},
{"type":"Feature","properties":{"name":"Rib. Morangueiro"},"geometry":{"type":"MultiLineString","coordinates":[[[-51.866145,-23.351436],[-51.866253,-23.351467],[-51.866349,-23.351508],[-51.866432,-23.351536],[-51.86649,-23.351568],[-51.866578,-23.351625],[-51.866647,-23.35168],[-51.866973,-23.35206],[-51.867204,-23.352357],[-51.867275,-23.352432],[-51.867367,-23.352506],[-51.86746,-23.352567],[-51.86764,-23.352688],[-51.867752,-23.352761],[-51.868056,-23.352947],[-51.868232,-23.353044],[-51.868421,-23.353179],[-51.868524,-23.353264],[-51.868592,-23.353319],[-51.86882,-23.353574],[-51.868997,-23.353794],[-51.869133,-23.353975],[-51.869286,-23.354215],[-51.869515,-23.354597],[-51.869968,-23.355216],[-51.870185,-23.35559],[-51.870296,-23.355785],[-51.870382,-23.355948],[-51.870458,-23.356202],[-51.870545,-23.356462],[-51.87059,-23.356693],[-51.870818,-23.356997],[-51.871055,-23.357176],[-51.871229,-23.35728],[-51.871383,-23.357359],[-51.871506,-23.357418],[-51.871632,-23.35744],[-51.871857,-23.357427],[-51.871905,-23.357432],[-51.871966,-23.357447],[-51.872048,-23.357483],[-51.872122,-23.357524],[-51.872209,-23.35758],[-51.872393,-23.357727],[-51.872448,-23.35778],[-51.872505,-23.35784],[-51.872629,-23.357934],[-51.872747,-23.35801],[-51.872846,-23.358075],[-51.872914,-23.358152],[-51.872969,-23.358226],[-51.872994,-23.358294],[-51.873033,-23.35833],[-51.873096,-23.358364],[-51.873144,-23.358405],[-51.87322,-23.358492],[-51.873334,-23.35863],[-51.873455,-23.358754],[-51.87369,-23.358911],[-51.873836,-23.359],[-51.873963,-23.359088],[-51.874026,-23.359155],[-51.874042,-23.359224],[-51.874032,-23.359291],[-51.873975,-23.359387],[-51.873954,-23.359458],[-51.873956,-23.359529],[-51.873988,-23.359587],[-51.874031,-23.359627],[-51.874125,-23.35972],[-51.874178,-23.359782],[-51.874227,-23.359834],[-51.874302,-23.359913],[-51.874347,-23.359961],[-51.874384,-23.360001],[-51.874443,-23.360032],[-51.874504,-23.360041],[-51.874584,-23.36002],[-51.874677,-23.359971],[-51.874793,-23.359929],[-51.874941,-23.359896],[-51.875067,-23.35989],[-51.875191,-23.359905],[-51.875272,-23.35992],[-51.875329,-23.35996],[-51.875384,-23.360034],[-51.875431,-23.360105],[-51.8755,-23.360197],[-51.875543,-23.360258],[-51.875574,-23.360278],[-51.875611,-23.360331],[-51.875662,-23.360417],[-51.875725,-23.360528],[-51.87577,-23.360626],[-51.875803,-23.360694],[-51.875828,-23.360802],[-51.875839,-23.360835],[-51.875858,-23.360865],[-51.875889,-23.360886],[-51.87591,-23.360909],[-51.876068,-23.361231],[-51.876116,-23.36133],[-51.876146,-23.361388],[-51.876173,-23.361428],[-51.87622,-23.36147],[-51.876327,-23.361526],[-51.876514,-23.361609],[-51.87738,-23.361997],[-51.877653,-23.362164],[-51.877814,-23.362262],[-51.877985,-23.362339],[-51.878191,-23.362429],[-51.878357,-23.362501],[-51.878689,-23.362695],[-51.878737,-23.362728],[-51.878814,-23.362755],[-51.878878,-23.362766],[-51.878906,-23.362774],[-51.878967,-23.36277],[-51.879039,-23.362746],[-51.879115,-23.362722],[-51.879193,-23.3627],[-51.879266,-23.362698],[-51.879321,-23.362704],[-51.87937,-23.362717],[-51.879496,-23.362749],[-51.879577,-23.362781],[-51.87967,-23.362818],[-51.879723,-23.362841],[-51.879786,-23.362876],[-51.879867,-23.362919],[-51.879939,-23.362948],[-51.880002,-23.362969],[-51.880049,-23.362985],[-51.880096,-23.362994],[-51.880144,-23.362995],[-51.880191,-23.362982],[-51.880245,-23.362961],[-51.880291,-23.362938],[-51.880349,-23.36291],[-51.8804,-23.362902],[-51.880459,-23.362904],[-51.880531,-23.362914],[-51.880593,-23.362927],[-51.88068,-23.362943],[-51.880746,-23.362962],[-51.880786,-23.362976],[-51.880813,-23.362994],[-51.880869,-23.363043],[-51.880912,-23.3631],[-51.88095,-23.363171],[-51.88099,-23.363235],[-51.881094,-23.363353],[-51.881166,-23.363421],[-51.881275,-23.363497],[-51.881307,-23.363525],[-51.881384,-23.363571],[-51.88142,-23.363593],[-51.881445,-23.36362],[-51.881546,-23.363672],[-51.882131,-23.364003],[-51.882326,-23.3641],[-51.882514,-23.364209],[-51.882642,-23.364278],[-51.883122,-23.364557],[-51.883223,-23.36461],[-51.883415,-23.364726],[-51.883684,-23.364883],[-51.883826,-23.364952],[-51.883961,-23.365018],[-51.88408,-23.365088],[-51.884195,-23.365159],[-51.88432,-23.365237],[-51.884459,-23.36534],[-51.884613,-23.365446],[-51.884718,-23.365525],[-51.884884,-23.365658],[-51.885113,-23.365896],[-51.885269,-23.366067],[-51.885463,-23.366273],[-51.885495,-23.366424],[-51.885524,-23.366545],[-51.885782,-23.366966],[-51.88602,-23.367395],[-51.886301,-23.368054],[-51.886816,-23.368742],[-51.886916,-23.36893],[-51.886988,-23.3691],[-51.887097,-23.369377],[-51.887172,-23.369542],[-51.887235,-23.369693],[-51.887279,-23.370052],[-51.887326,-23.37033],[-51.887341,-23.370848],[-51.887392,-23.371125],[-51.887453,-23.371258],[-51.887496,-23.371464],[-51.887515,-23.371667],[-51.887536,-23.372083],[-51.887525,-23.372256],[-51.887523,-23.372495],[-51.887513,-23.37293],[-51.887504,-23.373145],[-51.887509,-23.373406],[-51.887509,-23.373449],[-51.887509,-23.373491],[-51.887526,-23.373556],[-51.887537,-23.373606],[-51.887558,-23.373661],[-51.887577,-23.37376],[-51.88759,-23.373852],[-51.887599,-23.373936],[-51.887587,-23.374009],[-51.887542,-23.374068],[-51.887485,-23.374114],[-51.887407,-23.374208],[-51.887383,-23.374317],[-51.887382,-23.374516],[-51.887408,-23.374654],[-51.887449,-23.374755],[-51.887491,-23.374832],[-51.887532,-23.374886],[-51.887655,-23.375011],[-51.887772,-23.375118],[-51.887891,-23.375239],[-51.888036,-23.37535],[-51.888176,-23.375429],[-51.888265,-23.375491],[-51.888351,-23.375576],[-51.8884,-23.375636],[-51.888441,-23.375719],[-51.888501,-23.375877],[-51.88857,-23.376157],[-51.888645,-23.376464],[-51.888698,-23.376742],[-51.888734,-23.376888],[-51.888748,-23.377041],[-51.888736,-23.37716],[-51.888717,-23.377308],[-51.88874,-23.377473],[-51.888791,-23.377672],[-51.888801,-23.377789],[-51.888791,-23.377915],[-51.888775,-23.378011],[-51.888756,-23.378187],[-51.888826,-23.378486],[-51.888886,-23.378635],[-51.888948,-23.378742],[-51.888976,-23.378817],[-51.889011,-23.378885],[-51.889078,-23.378938],[-51.88919,-23.378995],[-51.889304,-23.379067],[-51.889417,-23.379144],[-51.889499,-23.379222],[-51.889551,-23.379359],[-51.889603,-23.37959],[-51.889621,-23.379722],[-51.889613,-23.379819],[-51.889614,-23.379911],[-51.889615,-23.380054],[-51.889628,-23.380196],[-51.88968,-23.380471],[-51.889736,-23.380599],[-51.889798,-23.380701],[-51.889875,-23.380817],[-51.889949,-23.380937],[-51.890009,-23.381066],[-51.890062,-23.381146],[-51.890137,-23.381243],[-51.890204,-23.381341],[-51.890249,-23.381381],[-51.890267,-23.381467],[-51.890287,-23.381502],[-51.890322,-23.381543],[-51.890346,-23.38161],[-51.890359,-23.381677],[-51.890365,-23.381756],[-51.890381,-23.381788],[-51.89054,-23.381999],[-51.890676,-23.382157],[-51.890754,-23.382285],[-51.890846,-23.382397],[-51.890939,-23.382526],[-51.891027,-23.382645],[-51.891067,-23.382695],[-51.891171,-23.382812],[-51.891231,-23.382886],[-51.891285,-23.382959],[-51.891341,-23.383057],[-51.891402,-23.38315],[-51.891468,-23.383283],[-51.891541,-23.383441],[-51.891598,-23.38362],[-51.891638,-23.383776],[-51.891712,-23.383964],[-51.891835,-23.384179],[-51.891956,-23.384452],[-51.892084,-23.384694],[-51.892118,-23.384739],[-51.892195,-23.384838],[-51.892283,-23.384952],[-51.892419,-23.385128],[-51.892517,-23.385255],[-51.892608,-23.385372],[-51.892662,-23.385475],[-51.892769,-23.385627],[-51.892814,-23.385702],[-51.892944,-23.385906],[-51.893054,-23.386016],[-51.893204,-23.386216],[-51.89338,-23.386417],[-51.893568,-23.386661],[-51.893662,-23.386777],[-51.893756,-23.386915],[-51.893836,-23.387048],[-51.8939,-23.387174],[-51.893927,-23.387255],[-51.893948,-23.387351],[-51.894017,-23.387466],[-51.894094,-23.387552],[-51.894161,-23.38763],[-51.894228,-23.387702],[-51.894299,-23.387763],[-51.89439,-23.387825],[-51.894455,-23.387922],[-51.894582,-23.388036],[-51.894753,-23.388127],[-51.894921,-23.388212],[-51.89517,-23.388373],[-51.895217,-23.388417],[-51.895268,-23.388483],[-51.895312,-23.38856],[-51.895375,-23.388666],[-51.895417,-23.388715],[-51.895483,-23.388758],[-51.896163,-23.38915],[-51.896271,-23.389166],[-51.896414,-23.389202],[-51.896499,-23.389225],[-51.896572,-23.389257],[-51.896685,-23.389321],[-51.896808,-23.38938],[-51.896908,-23.389418],[-51.897017,-23.389449],[-51.897139,-23.389468],[-51.897323,-23.389508],[-51.897555,-23.389567],[-51.897772,-23.389629],[-51.898529,-23.38984],[-51.898809,-23.389913],[-51.899181,-23.389999],[-51.899383,-23.390056],[-51.899579,-23.390129],[-51.899772,-23.390218],[-51.900019,-23.390352],[-51.900242,-23.390474],[-51.900519,-23.390617],[-51.900599,-23.390637],[-51.900703,-23.39067],[-51.900856,-23.390717],[-51.901049,-23.390777],[-51.901172,-23.390831],[-51.901263,-23.390894],[-51.901339,-23.390952],[-51.901431,-23.391025],[-51.901527,-23.391104],[-51.901574,-23.391167],[-51.901656,-23.391237],[-51.901724,-23.391317],[-51.901746,-23.391403],[-51.901793,-23.391478],[-51.901867,-23.391557],[-51.901947,-23.391597],[-51.902049,-23.391659],[-51.902184,-23.391718],[-51.902491,-23.39198],[-51.902746,-23.392203],[-51.90291,-23.392364],[-51.90296,-23.392422],[-51.903015,-23.392458],[-51.903057,-23.392491],[-51.903075,-23.392535],[-51.903066,-23.392585],[-51.903083,-23.392634],[-51.903139,-23.392665],[-51.90324,-23.392676],[-51.903326,-23.392724],[-51.903379,-23.392786],[-51.903437,-23.392861],[-51.903489,-23.392953],[-51.903574,-23.393055],[-51.903644,-23.393134],[-51.903769,-23.393268],[-51.903851,-23.393354],[-51.903882,-23.393385],[-51.903895,-23.393417],[-51.903892,-23.393492],[-51.903902,-23.393534],[-51.903922,-23.393568],[-51.904016,-23.393628],[-51.904098,-23.393707],[-51.904128,-23.393756],[-51.904136,-23.393796],[-51.904166,-23.393829],[-51.904243,-23.393878],[-51.904338,-23.393978],[-51.90449,-23.394203],[-51.904972,-23.394956],[-51.905214,-23.395381],[-51.905305,-23.395555],[-51.905355,-23.395679],[-51.9054,-23.395849],[-51.905468,-23.396049],[-51.905523,-23.396232],[-51.90556,-23.396378],[-51.905553,-23.396556],[-51.905564,-23.396826],[-51.905568,-23.396997],[-51.905591,-23.397089],[-51.905638,-23.397148],[-51.905699,-23.397245],[-51.905762,-23.397346],[-51.905814,-23.397457],[-51.905835,-23.397579],[-51.905982,-23.398128],[-51.906122,-23.398594],[-51.906167,-23.398981],[-51.906196,-23.399417],[-51.906268,-23.399785],[-51.906348,-23.399957],[-51.906456,-23.400224],[-51.906491,-23.400575],[-51.906518,-23.400771],[-51.906571,-23.401163],[-51.906638,-23.401658],[-51.906681,-23.401969],[-51.906733,-23.402225],[-51.906822,-23.402578],[-51.906855,-23.402737],[-51.906873,-23.402889],[-51.906909,-23.403025],[-51.90695,-23.40313],[-51.906989,-23.403201],[-51.907028,-23.403294],[-51.907049,-23.403369],[-51.907164,-23.40368],[-51.907228,-23.403856],[-51.907253,-23.403974],[-51.907326,-23.404176],[-51.907356,-23.404337],[-51.907356,-23.40441],[-51.907377,-23.404494],[-51.907414,-23.404631],[-51.907511,-23.405017],[-51.907537,-23.405204],[-51.907573,-23.405272],[-51.907642,-23.405315],[-51.907768,-23.405367]],[[-51.850481,-23.337198],[-51.850468,-23.337241],[-51.85039,-23.337631],[-51.85039,-23.337693],[-51.850402,-23.337743],[-51.850451,-23.337811],[-51.850585,-23.337971],[-51.850759,-23.33817],[-51.85089,-23.338312],[-51.851062,-23.338495],[-51.851176,-23.338628],[-51.851317,-23.338783],[-51.851464,-23.33898],[-51.851496,-23.339029],[-51.85161,-23.339192],[-51.851847,-23.33942],[-51.851975,-23.339517],[-51.852069,-23.339606],[-51.852143,-23.339679],[-51.852261,-23.339799],[-51.852309,-23.339889],[-51.85235,-23.339985],[-51.852392,-23.340069],[-51.852463,-23.340232],[-51.852536,-23.340315],[-51.852608,-23.340366],[-51.852649,-23.340406],[-51.852677,-23.340439],[-51.852718,-23.340472],[-51.852755,-23.340513],[-51.852797,-23.340549],[-51.852837,-23.340613],[-51.8529,-23.340654],[-51.853011,-23.340677],[-51.853045,-23.340689],[-51.853117,-23.340688],[-51.853256,-23.340684],[-51.853436,-23.340683],[-51.85357,-23.340679],[-51.85383,-23.340631],[-51.853902,-23.34062],[-51.853972,-23.340607],[-51.854104,-23.340602],[-51.854217,-23.340614],[-51.854307,-23.340631],[-51.854439,-23.340672],[-51.854537,-23.340698],[-51.85467,-23.340741],[-51.854814,-23.340779],[-51.854873,-23.340773],[-51.854918,-23.340749],[-51.855,-23.340713],[-51.855107,-23.340645],[-51.855177,-23.3406],[-51.855211,-23.340579],[-51.855257,-23.340573],[-51.855312,-23.340584],[-51.855473,-23.340672],[-51.855575,-23.340734],[-51.855686,-23.340832],[-51.855817,-23.341044],[-51.855909,-23.34125],[-51.856042,-23.341703],[-51.856052,-23.341771],[-51.856052,-23.341845],[-51.856067,-23.341896],[-51.856091,-23.341922],[-51.856133,-23.341943],[-51.856202,-23.341954],[-51.856436,-23.342003],[-51.856491,-23.342008],[-51.856553,-23.342015],[-51.856622,-23.342045],[-51.857089,-23.342384],[-51.857215,-23.342474],[-51.857334,-23.342584],[-51.857508,-23.342764],[-51.85773,-23.343029],[-51.857916,-23.343296],[-51.858114,-23.343539],[-51.858376,-23.343723],[-51.858698,-23.343834],[-51.858916,-23.343915],[-51.859737,-23.344379],[-51.859825,-23.344483],[-51.859879,-23.344684],[-51.859961,-23.344861],[-51.860078,-23.344977],[-51.860201,-23.345059],[-51.860271,-23.345112],[-51.860357,-23.345209],[-51.860392,-23.345297],[-51.860439,-23.345358],[-51.860566,-23.345466],[-51.860639,-23.345515],[-51.860736,-23.345526],[-51.860784,-23.345526],[-51.860907,-23.345558],[-51.861011,-23.345641],[-51.861109,-23.345766],[-51.86124,-23.345924],[-51.861302,-23.346031],[-51.861419,-23.346102],[-51.861497,-23.346152],[-51.86154,-23.34626],[-51.861524,-23.346376],[-51.861505,-23.346463],[-51.861481,-23.346558],[-51.8615,-23.346649],[-51.861532,-23.346737],[-51.861589,-23.346801],[-51.861951,-23.34708],[-51.862039,-23.34717],[-51.862089,-23.347248],[-51.86212,-23.347317],[-51.862129,-23.347387],[-51.862127,-23.347448],[-51.86213,-23.347499],[-51.862137,-23.347517],[-51.86215,-23.347527],[-51.862199,-23.347531],[-51.862256,-23.347555],[-51.86229,-23.347575],[-51.862335,-23.347589],[-51.86238,-23.347592],[-51.862417,-23.347601],[-51.862447,-23.347625],[-51.862476,-23.347659],[-51.862482,-23.347748],[-51.862529,-23.347874],[-51.86259,-23.347952],[-51.862602,-23.347971],[-51.862617,-23.347978],[-51.862639,-23.347983],[-51.862659,-23.347983],[-51.862695,-23.347984],[-51.862708,-23.347986],[-51.862713,-23.347997],[-51.862717,-23.348043],[-51.862709,-23.348089],[-51.862695,-23.348127],[-51.862686,-23.348179],[-51.862685,-23.348202],[-51.862686,-23.348252],[-51.8627,-23.348309],[-51.862744,-23.348396],[-51.862805,-23.348474],[-51.86288,-23.348564],[-51.862967,-23.348618],[-51.863065,-23.348662],[-51.863121,-23.348671],[-51.863183,-23.348674],[-51.863259,-23.348683],[-51.863315,-23.348688],[-51.86333,-23.348696],[-51.86334,-23.34871],[-51.863348,-23.348744],[-51.863354,-23.3488],[-51.863346,-23.348878],[-51.863355,-23.348931],[-51.86337,-23.348985],[-51.863392,-23.349036],[-51.86342,-23.349073],[-51.863461,-23.349114],[-51.863556,-23.349192],[-51.863647,-23.349253],[-51.863717,-23.349302],[-51.863777,-23.349344],[-51.863816,-23.349365],[-51.863884,-23.349397],[-51.863971,-23.349431],[-51.864052,-23.349454],[-51.864136,-23.349465],[-51.86423,-23.349478],[-51.86429,-23.349485],[-51.864309,-23.349495],[-51.864312,-23.34951],[-51.864285,-23.349611],[-51.864283,-23.349698],[-51.864295,-23.349734],[-51.864313,-23.349774],[-51.864374,-23.34983],[-51.864481,-23.349878],[-51.864555,-23.349919],[-51.864619,-23.349969],[-51.864681,-23.350027],[-51.864724,-23.350085],[-51.864752,-23.350145],[-51.864796,-23.350261],[-51.864843,-23.35033],[-51.86492,-23.350416],[-51.864979,-23.350469],[-51.86514,-23.350575],[-51.865241,-23.350635],[-51.86531,-23.350676],[-51.865389,-23.350723],[-51.865462,-23.350774],[-51.86551,-23.350834],[-51.865565,-23.350921],[-51.865613,-23.351098],[-51.865686,-23.351281],[-51.865915,-23.351376]]]}},
{"type":"Feature","properties":{"name":"Cór. Sem Denominação"},"geometry":{"type":"LineString","coordinates":[[-52.032602,-23.396956],[-52.032767,-23.396961],[-52.032946,-23.396943],[-52.033051,-23.39691],[-52.03323,-23.396862],[-52.033566,-23.396769],[-52.033735,-23.396735],[-52.033932,-23.396704],[-52.03412,-23.396674],[-52.034222,-23.396657],[-52.034515,-23.396622],[-52.034766,-23.396627],[-52.035135,-23.396598],[-52.035759,-23.396593],[-52.035894,-23.396582],[-52.036002,-23.396573],[-52.036068,-23.396562],[-52.036191,-23.396539],[-52.036503,-23.396479],[-52.036859,-23.396399],[-52.036975,-23.396372],[-52.037063,-23.396341],[-52.037215,-23.396255],[-52.03743,-23.39617],[-52.03766,-23.396109],[-52.03788,-23.396097],[-52.038039,-23.396098],[-52.038309,-23.396108],[-52.038527,-23.39612],[-52.0386,-23.396129],[-52.038668,-23.396147]]}},
{"type":"Feature","properties":{"name":"Cór. Sem Denominação"},"geometry":{"type":"LineString","coordinates":[[-52.006827,-23.556849],[-52.006849,-23.556694],[-52.006867,-23.556517],[-52.006893,-23.556426],[-52.006924,-23.556371],[-52.006959,-23.556316],[-52.006984,-23.556279],[-52.006977,-23.556214],[-52.006972,-23.556154],[-52.006978,-23.556087],[-52.006983,-23.556044],[-52.006984,-23.556006],[-52.006977,-23.555968],[-52.006975,-23.555929],[-52.006969,-23.555882],[-52.007039,-23.555358],[-52.007032,-23.554405],[-52.007006,-23.554381],[-52.007073,-23.553204],[-52.007256,-23.552074],[-52.007405,-23.551449],[-52.007681,-23.550812],[-52.008074,-23.55031],[-52.008256,-23.550078],[-52.009545,-23.548927]]}},
{"type":"Feature","properties":{"name":"Cór. Sem Denominação"},"geometry":{"type":"LineString","coordinates":[[-51.883169,-23.382032],[-51.883094,-23.382105],[-51.883029,-23.382163],[-51.883002,-23.382197],[-51.882975,-23.382236],[-51.882942,-23.3823],[-51.882917,-23.382376],[-51.88288,-23.382466],[-51.882855,-23.382515],[-51.882826,-23.382537],[-51.882722,-23.382584],[-51.882596,-23.382623],[-51.882427,-23.382662],[-51.882261,-23.382701],[-51.882101,-23.382738],[-51.88201,-23.382759],[-51.881922,-23.382779],[-51.881655,-23.382811],[-51.881433,-23.382832],[-51.881322,-23.382857],[-51.881227,-23.382881],[-51.881154,-23.382898],[-51.881109,-23.38291],[-51.881074,-23.382923],[-51.881063,-23.382953],[-51.881051,-23.382991],[-51.881001,-23.383018],[-51.88093,-23.383023],[-51.880764,-23.383038],[-51.880565,-23.383109],[-51.880097,-23.383224],[-51.879735,-23.383319],[-51.879531,-23.38338],[-51.879345,-23.383412],[-51.879153,-23.383435],[-51.878983,-23.383476],[-51.878802,-23.383556],[-51.878727,-23.383609],[-51.878431,-23.383783],[-51.87823,-23.383884],[-51.877937,-23.383965],[-51.877331,-23.384255],[-51.876998,-23.384313],[-51.876529,-23.384426],[-51.876048,-23.384515]]}},
{"type":"Feature","properties":{"name":"Cór. Sem Denominação"},"geometry":{"type":"LineString","coordinates":[[-51.967257,-23.505102],[-51.967318,-23.504901],[-51.967382,-23.504832],[-51.967506,-23.504632],[-51.96752,-23.504441],[-51.967555,-23.504312],[-51.967634,-23.504133],[-51.967888,-23.503643],[-51.968139,-23.503334],[-51.96868,-23.502933],[-51.969118,-23.502548],[-51.969485,-23.502355],[-51.969661,-23.502236],[-51.970115,-23.502043],[-51.970129,-23.502036]]}},
{"type":"Feature","properties":{"name":"Cór. Myosótis"},"geometry":{"type":"LineString","coordinates":[[-51.922304,-23.379573],[-51.922554,-23.379388],[-51.922599,-23.37935],[-51.922686,-23.379304],[-51.922756,-23.379271],[-51.922881,-23.379247],[-51.923027,-23.379207],[-51.92322,-23.379213],[-51.923355,-23.379177],[-51.923417,-23.379145],[-51.923457,-23.379139],[-51.923492,-23.379146],[-51.923536,-23.37915],[-51.923565,-23.379127],[-51.923612,-23.379117],[-51.923687,-23.379136],[-51.923751,-23.379139],[-51.923817,-23.379126],[-51.923863,-23.3791],[-51.923898,-23.379074],[-51.923933,-23.379058],[-51.923986,-23.379089],[-51.924025,-23.379079],[-51.924084,-23.379046],[-51.9242,-23.378993],[-51.924408,-23.378955],[-51.924572,-23.378888],[-51.924679,-23.378821],[-51.92475,-23.378791],[-51.924837,-23.378768],[-51.924946,-23.37872],[-51.925201,-23.378583],[-51.925304,-23.37852],[-51.925404,-23.378426],[-51.925543,-23.378286],[-51.925644,-23.378207],[-51.925863,-23.378045],[-51.926083,-23.377891],[-51.926314,-23.377723],[-51.926719,-23.377303],[-51.926932,-23.377082],[-51.92719,-23.376796],[-51.92735,-23.376593],[-51.927424,-23.376451],[-51.92756,-23.376281],[-51.92767,-23.376174],[-51.927832,-23.376037],[-51.92796,-23.375947],[-51.9281,-23.375834],[-51.928267,-23.375725],[-51.928355,-23.375677],[-51.92845,-23.375636],[-51.928672,-23.375603],[-51.929075,-23.375638],[-51.929153,-23.375657],[-51.929212,-23.375648],[-51.929293,-23.375613],[-51.92937,-23.375564],[-51.929515,-23.375449],[-51.92963,-23.375335],[-51.929738,-23.375252],[-51.929854,-23.375176],[-51.929932,-23.375089],[-51.930008,-23.374991],[-51.930081,-23.374869],[-51.930097,-23.37478],[-51.930099,-23.374675],[-51.93005,-23.374472],[-51.929858,-23.373861],[-51.929788,-23.373544],[-51.92967,-23.373262],[-51.9296,-23.373156],[-51.929484,-23.373028],[-51.929436,-23.372964],[-51.928888,-23.372223],[-51.928725,-23.372024],[-51.928629,-23.371904],[-51.928568,-23.371865],[-51.928508,-23.371861],[-51.928456,-23.371851],[-51.9284,-23.371807],[-51.928257,-23.37159],[-51.928163,-23.371477],[-51.928074,-23.371419],[-51.928,-23.371356],[-51.927934,-23.371274],[-51.927847,-23.37118],[-51.927775,-23.371112],[-51.927738,-23.371081],[-51.927698,-23.371059],[-51.927655,-23.371046],[-51.927615,-23.371046],[-51.92757,-23.371046],[-51.927521,-23.371049],[-51.927492,-23.371059],[-51.927471,-23.371085],[-51.927459,-23.371111],[-51.927433,-23.371149],[-51.927406,-23.371182],[-51.927366,-23.371205],[-51.927336,-23.371201],[-51.927298,-23.371175],[-51.927249,-23.371125],[-51.9272,-23.371064],[-51.927162,-23.371017],[-51.927137,-23.370986],[-51.927099,-23.370902],[-51.927062,-23.370812],[-51.927058,-23.370774],[-51.927056,-23.370753],[-51.927062,-23.370724],[-51.92707,-23.370658],[-51.927081,-23.370585],[-51.927089,-23.370522],[-51.927088,-23.370508],[-51.927082,-23.37049],[-51.927067,-23.370476],[-51.927049,-23.370469],[-51.926963,-23.370435],[-51.926901,-23.37041],[-51.92687,-23.370398]]}},
{"type":"Feature","properties":{"name":"Cór. Sem Denominação"},"geometry":{"type":"LineString","coordinates":[[-51.847883,-23.349227],[-51.848038,-23.349182],[-51.848173,-23.349147],[-51.848298,-23.349115],[-51.848372,-23.349084],[-51.848584,-23.348927],[-51.848765,-23.348772],[-51.848912,-23.348637],[-51.849052,-23.34853],[-51.849198,-23.348432],[-51.849271,-23.348395],[-51.849403,-23.348344],[-51.849578,-23.348279],[-51.849792,-23.348235],[-51.850004,-23.348196],[-51.850323,-23.34817],[-51.850589,-23.348141],[-51.850801,-23.348112],[-51.85109,-23.348068]]}},
{"type":"Feature","properties":{"name":"Cór. Sem Denominação"},"geometry":{"type":"LineString","coordinates":[[-51.902994,-23.358647],[-51.902838,-23.358545],[-51.902697,-23.358514],[-51.902418,-23.358509]]}},
{"type":"Feature","properties":{"name":"Cór. Sem Denominação"},"geometry":{"type":"LineString","coordinates":[[-51.98226,-23.522106],[-51.982324,-23.522074],[-51.98246,-23.522042],[-51.982685,-23.522042],[-51.983295,-23.522117],[-51.983547,-23.522163],[-51.984442,-23.522376],[-51.985029,-23.52262],[-51.985434,-23.522776],[-51.985879,-23.522957]]}},
{"type":"Feature","properties":{"name":"Cór. Sem Denominação"},"geometry":{"type":"LineString","coordinates":[[-52.030342,-23.544931],[-52.030362,-23.5448],[-52.030421,-23.544639],[-52.030534,-23.544464],[-52.030599,-23.544331],[-52.030677,-23.544191],[-52.030783,-23.544051],[-52.030901,-23.543968],[-52.031089,-23.543863],[-52.031273,-23.543677],[-52.031521,-23.543374],[-52.031616,-23.543261],[-52.031791,-23.543111],[-52.032082,-23.542971],[-52.032421,-23.542812],[-52.032555,-23.542754],[-52.03269,-23.542726],[-52.032914,-23.542702],[-52.03299,-23.542688],[-52.033127,-23.542622],[-52.033364,-23.542492],[-52.033478,-23.542425],[-52.033579,-23.542351],[-52.033704,-23.542213],[-52.033827,-23.542038],[-52.033942,-23.541859],[-52.033997,-23.541784],[-52.034258,-23.541389],[-52.034437,-23.541034],[-52.034553,-23.54067],[-52.034658,-23.540495],[-52.034779,-23.540334],[-52.034844,-23.540152],[-52.034913,-23.539922],[-52.035027,-23.539606],[-52.035209,-23.539319],[-52.035535,-23.538924],[-52.035699,-23.538726],[-52.035874,-23.538582],[-52.036056,-23.538444],[-52.036184,-23.538377],[-52.036302,-23.538332],[-52.036368,-23.538306]]}},
{"type":"Feature","properties":{"name":"Cór. Pixiricussu"},"geometry":{"type":"LineString","coordinates":[[-52.021358,-23.421011],[-52.021418,-23.420948],[-52.021453,-23.420788],[-52.021449,-23.420611],[-52.021417,-23.420458],[-52.021358,-23.420266],[-52.021307,-23.420183],[-52.021282,-23.4201],[-52.02128,-23.42001],[-52.021299,-23.419786],[-52.021311,-23.419568],[-52.021304,-23.419488],[-52.021262,-23.419109],[-52.021235,-23.418899],[-52.021256,-23.418762],[-52.021313,-23.418548],[-52.021408,-23.418343],[-52.021424,-23.418274],[-52.021407,-23.418185],[-52.02134,-23.418065],[-52.021248,-23.417945],[-52.021158,-23.41783],[-52.021107,-23.417726],[-52.02103,-23.417618],[-52.020994,-23.417549],[-52.020977,-23.417444],[-52.020967,-23.417308],[-52.020942,-23.41722],[-52.020942,-23.417178],[-52.020962,-23.417117],[-52.020963,-23.417037],[-52.020963,-23.416976],[-52.020986,-23.416731],[-52.020959,-23.416486],[-52.020885,-23.416213],[-52.020822,-23.41607],[-52.020744,-23.415951],[-52.020642,-23.415795],[-52.02058,-23.415701],[-52.020509,-23.415548],[-52.020438,-23.415414],[-52.02039,-23.41526],[-52.020347,-23.415107],[-52.020333,-23.415039],[-52.02032,-23.414975],[-52.020321,-23.414904],[-52.020335,-23.414844],[-52.020343,-23.414792],[-52.020335,-23.414745],[-52.020325,-23.414723],[-52.020306,-23.414703],[-52.020285,-23.414668],[-52.020269,-23.414634],[-52.020264,-23.41461],[-52.020267,-23.414582],[-52.020276,-23.414551],[-52.020282,-23.414529],[-52.020295,-23.414486],[-52.020305,-23.414446],[-52.02032,-23.414417],[-52.020328,-23.414395],[-52.020325,-23.41437],[-52.020302,-23.41432],[-52.020285,-23.414286],[-52.020288,-23.414255],[-52.020312,-23.414194],[-52.020334,-23.41411],[-52.020334,-23.414034],[-52.020322,-23.413958],[-52.020324,-23.413922],[-52.020315,-23.413877],[-52.020319,-23.413836],[-52.020319,-23.413798],[-52.020317,-23.413733],[-52.020301,-23.413679],[-52.020283,-23.41362],[-52.020247,-23.41356],[-52.020221,-23.413509],[-52.020189,-23.413456],[-52.02017,-23.413388],[-52.020157,-23.413292],[-52.02014,-23.413165],[-52.020109,-23.413057],[-52.020106,-23.412961],[-52.020091,-23.412881],[-52.020088,-23.412769],[-52.02008,-23.412708],[-52.020073,-23.412693],[-52.020061,-23.412676],[-52.020054,-23.412653],[-52.020053,-23.41263],[-52.020059,-23.412556],[-52.020072,-23.41249],[-52.020084,-23.412428],[-52.020096,-23.412368],[-52.020104,-23.412327],[-52.02011,-23.41229],[-52.020098,-23.412252],[-52.02008,-23.412227],[-52.02005,-23.41222],[-52.020002,-23.412211],[-52.019936,-23.412179],[-52.019912,-23.412165],[-52.0199,-23.412139],[-52.019896,-23.41207],[-52.019871,-23.411961],[-52.019847,-23.411849],[-52.019816,-23.411717],[-52.01981,-23.411532],[-52.019805,-23.411382],[-52.019782,-23.411149],[-52.019724,-23.410898],[-52.019683,-23.410719],[-52.019627,-23.410476],[-52.019569,-23.410253],[-52.019502,-23.409993],[-52.019436,-23.409734],[-52.019375,-23.409612],[-52.019353,-23.40956],[-52.019333,-23.409484],[-52.019322,-23.409362],[-52.019297,-23.409295],[-52.019245,-23.409207],[-52.019214,-23.409127],[-52.019199,-23.409032],[-52.019202,-23.408953],[-52.019214,-23.408845],[-52.019231,-23.408756],[-52.019234,-23.408702],[-52.019223,-23.408659],[-52.019191,-23.408606],[-52.019158,-23.408552],[-52.019095,-23.408438],[-52.019068,-23.408362],[-52.019049,-23.408246],[-52.019047,-23.408172],[-52.019046,-23.408009],[-52.019046,-23.40794],[-52.019035,-23.407858],[-52.019015,-23.407767],[-52.01899,-23.407701],[-52.018973,-23.407654],[-52.018955,-23.407601],[-52.018935,-23.407494],[-52.018927,-23.407347],[-52.018925,-23.407245],[-52.018926,-23.407136],[-52.018933,-23.407089],[-52.018935,-23.407044],[-52.018933,-23.40701],[-52.018914,-23.406944],[-52.018894,-23.406896],[-52.01888,-23.406866],[-52.018868,-23.406834],[-52.018844,-23.406776],[-52.018835,-23.406748],[-52.018835,-23.406711],[-52.018845,-23.406664],[-52.018853,-23.406596],[-52.018853,-23.406536],[-52.01882,-23.406468],[-52.018793,-23.406404],[-52.018758,-23.406322],[-52.018683,-23.406118],[-52.018652,-23.405989],[-52.018644,-23.405841],[-52.018646,-23.405722],[-52.018634,-23.405638],[-52.01861,-23.405563],[-52.018566,-23.405475],[-52.018524,-23.405394],[-52.01848,-23.405324],[-52.018409,-23.40523],[-52.018338,-23.405112],[-52.018295,-23.405016],[-52.018251,-23.404922],[-52.018221,-23.404844],[-52.018169,-23.404758],[-52.018132,-23.404678],[-52.018125,-23.404605],[-52.018127,-23.404514],[-52.018127,-23.404415],[-52.01812,-23.40432],[-52.018113,-23.404237],[-52.018103,-23.404182],[-52.018095,-23.40413],[-52.01809,-23.404089],[-52.018105,-23.404017],[-52.018112,-23.403936],[-52.018105,-23.403509],[-52.018097,-23.403241],[-52.018113,-23.403088],[-52.018191,-23.4028],[-52.018201,-23.402709]]}},
{"type":"Feature","properties":{"name":"Cór. Betty"},"geometry":{"type":"LineString","coordinates":[[-51.948564,-23.440649],[-51.948594,-23.440643],[-51.948615,-23.440624],[-51.948635,-23.440604],[-51.94868,-23.440573],[-51.948733,-23.440537],[-51.948807,-23.440484],[-51.948861,-23.440475],[-51.948897,-23.440453],[-51.948954,-23.440405],[-51.949004,-23.440372],[-51.949066,-23.44033],[-51.949129,-23.440292],[-51.949166,-23.440269],[-51.949194,-23.440261],[-51.949231,-23.440252],[-51.949272,-23.440254],[-51.949311,-23.44028],[-51.949382,-23.440295],[-51.949443,-23.440289],[-51.949534,-23.44026],[-51.949584,-23.440244],[-51.949658,-23.440221],[-51.949784,-23.440191],[-51.949995,-23.440125],[-51.950117,-23.440113],[-51.950211,-23.44011],[-51.950295,-23.440093],[-51.950406,-23.440082],[-51.9505,-23.440085],[-51.950595,-23.440063],[-51.950731,-23.440032],[-51.950883,-23.439999],[-51.951038,-23.439947],[-51.95124,-23.439903],[-51.951356,-23.43986],[-51.951438,-23.439834],[-51.951559,-23.439827],[-51.951728,-23.439815],[-51.951875,-23.439782],[-51.952046,-23.439729],[-51.952187,-23.439667],[-51.952414,-23.439579],[-51.952611,-23.439525],[-51.952761,-23.439465],[-51.952869,-23.439375],[-51.953036,-23.439221],[-51.953157,-23.439068],[-51.953221,-23.438978],[-51.953324,-23.438889],[-51.953475,-23.438846],[-51.953563,-23.43879],[-51.953755,-23.438657],[-51.953916,-23.438553]]}},
{"type":"Feature","properties":{"name":"Cór. Isalto"},"geometry":{"type":"LineString","coordinates":[[-51.885463,-23.366273],[-51.885514,-23.366279],[-51.885572,-23.366293],[-51.885661,-23.366333],[-51.885735,-23.36638],[-51.886115,-23.366665],[-51.886241,-23.366793],[-51.886327,-23.366893],[-51.886385,-23.366943],[-51.886497,-23.36708],[-51.886551,-23.367144],[-51.886795,-23.367407],[-51.886888,-23.367496],[-51.887097,-23.367693],[-51.887277,-23.367996],[-51.887437,-23.368253],[-51.88762,-23.368539],[-51.887882,-23.368975],[-51.888267,-23.369658],[-51.888482,-23.369909],[-51.888665,-23.370033],[-51.888796,-23.370127],[-51.888941,-23.370178],[-51.889028,-23.370192],[-51.889194,-23.370214],[-51.889311,-23.370239],[-51.889495,-23.37029],[-51.889713,-23.370374],[-51.889814,-23.370405],[-51.889892,-23.370416],[-51.889964,-23.370431],[-51.890036,-23.370449],[-51.890117,-23.370486],[-51.890172,-23.37051],[-51.890245,-23.370562],[-51.890318,-23.370609],[-51.890411,-23.370666],[-51.890487,-23.370725],[-51.89056,-23.370769],[-51.890635,-23.370819],[-51.890694,-23.37086],[-51.890744,-23.370893],[-51.890769,-23.370913],[-51.8908,-23.370926],[-51.890831,-23.370935],[-51.890855,-23.370946],[-51.890875,-23.370965],[-51.89089,-23.370982],[-51.89091,-23.370995],[-51.890939,-23.371],[-51.890991,-23.370995],[-51.891039,-23.370982],[-51.891083,-23.370954],[-51.891146,-23.370922],[-51.891215,-23.370907],[-51.891261,-23.370912],[-51.891297,-23.370931],[-51.891359,-23.370984],[-51.891411,-23.371025],[-51.891504,-23.371077],[-51.891576,-23.37113],[-51.891659,-23.371175],[-51.891744,-23.371203],[-51.891847,-23.371206],[-51.891937,-23.371208],[-51.892015,-23.371219],[-51.89208,-23.371251],[-51.89215,-23.371292],[-51.892231,-23.371358],[-51.892297,-23.371443],[-51.892332,-23.371523],[-51.892376,-23.371585],[-51.892465,-23.371606],[-51.89256,-23.371631],[-51.892645,-23.37162],[-51.892681,-23.371597],[-51.892746,-23.371578],[-51.8928,-23.371588],[-51.892839,-23.371607],[-51.89286,-23.371642],[-51.892892,-23.371687],[-51.892935,-23.371735],[-51.892997,-23.371768],[-51.893065,-23.371772],[-51.89312,-23.371777],[-51.893163,-23.371752],[-51.893217,-23.371715],[-51.893278,-23.371699],[-51.893338,-23.371727],[-51.893409,-23.371774],[-51.893438,-23.371817],[-51.893465,-23.371859],[-51.89349,-23.371892],[-51.893525,-23.37194],[-51.893564,-23.371972],[-51.893598,-23.371994],[-51.89365,-23.372022],[-51.893793,-23.372109],[-51.893924,-23.37218],[-51.894022,-23.372246],[-51.894178,-23.37227],[-51.894372,-23.37229],[-51.894527,-23.372275],[-51.894571,-23.372308],[-51.894635,-23.372332],[-51.894742,-23.37235],[-51.89486,-23.372365],[-51.894933,-23.372398],[-51.895035,-23.372414],[-51.895154,-23.372432],[-51.895246,-23.372427],[-51.895368,-23.372427],[-51.895454,-23.372435],[-51.895526,-23.372446],[-51.895565,-23.37247],[-51.895591,-23.372539],[-51.895605,-23.372565],[-51.895762,-23.372641],[-51.896143,-23.372834],[-51.896372,-23.372984],[-51.896924,-23.373345],[-51.896978,-23.373465],[-51.897461,-23.373844],[-51.897789,-23.374023],[-51.898077,-23.374127],[-51.898408,-23.374265],[-51.898616,-23.374345],[-51.898769,-23.374392],[-51.898826,-23.374401],[-51.898854,-23.374438],[-51.898885,-23.374456],[-51.898927,-23.374452],[-51.898986,-23.374447],[-51.899053,-23.374443],[-51.899141,-23.374457],[-51.899234,-23.374486],[-51.899348,-23.374507],[-51.899453,-23.374522],[-51.899555,-23.374543],[-51.899701,-23.374584],[-51.899856,-23.374643],[-51.899965,-23.374693],[-51.900284,-23.37478],[-51.900362,-23.374826],[-51.900385,-23.374841],[-51.900437,-23.374855],[-51.900501,-23.374886],[-51.900619,-23.37493],[-51.900658,-23.37495],[-51.90071,-23.374967],[-51.900789,-23.374988],[-51.900879,-23.375019],[-51.900961,-23.375046],[-51.901026,-23.375078],[-51.901084,-23.37512],[-51.901146,-23.375151],[-51.901225,-23.375191],[-51.901319,-23.37522],[-51.901442,-23.375265],[-51.90149,-23.375285],[-51.901573,-23.375329],[-51.901793,-23.37542],[-51.901941,-23.375467],[-51.902091,-23.375511],[-51.90221,-23.375535],[-51.902304,-23.375572],[-51.902383,-23.375608],[-51.902395,-23.375615],[-51.902517,-23.375666],[-51.902668,-23.375721],[-51.902773,-23.375745],[-51.902847,-23.375778],[-51.902912,-23.375808],[-51.902964,-23.37583],[-51.903004,-23.375856],[-51.903035,-23.375909],[-51.903084,-23.375937],[-51.903122,-23.375935],[-51.903161,-23.375919],[-51.903513,-23.375924],[-51.903581,-23.375927],[-51.903665,-23.375955],[-51.903785,-23.376011],[-51.903934,-23.376087],[-51.904028,-23.376158],[-51.904107,-23.37619],[-51.90421,-23.376223],[-51.904274,-23.376254],[-51.904339,-23.376302],[-51.904713,-23.376648],[-51.904941,-23.376801],[-51.905008,-23.376871],[-51.905093,-23.376944],[-51.905133,-23.376983],[-51.905154,-23.377026],[-51.905183,-23.377049],[-51.905215,-23.37706],[-51.905263,-23.377066],[-51.905291,-23.377068],[-51.905327,-23.377069],[-51.905403,-23.377075],[-51.905449,-23.377084],[-51.905477,-23.377098],[-51.905536,-23.377169],[-51.90557,-23.37721],[-51.905656,-23.377314],[-51.905698,-23.377365],[-51.905759,-23.377399],[-51.905787,-23.377443],[-51.905797,-23.377487],[-51.905798,-23.37751],[-51.905823,-23.377514],[-51.905865,-23.377513],[-51.905882,-23.377517],[-51.905886,-23.377541],[-51.905883,-23.377569],[-51.905891,-23.377603],[-51.905961,-23.3777],[-51.906098,-23.377935],[-51.906198,-23.378091],[-51.906292,-23.378239],[-51.90639,-23.378338],[-51.906575,-23.378523],[-51.906661,-23.378606],[-51.90674,-23.378709],[-51.906869,-23.378812],[-51.906942,-23.378888],[-51.906974,-23.378949],[-51.907015,-23.379008],[-51.907109,-23.379074],[-51.907305,-23.379188],[-51.907524,-23.379354],[-51.907619,-23.379471],[-51.907692,-23.379558],[-51.907793,-23.37968],[-51.907837,-23.379752],[-51.907883,-23.379876],[-51.908085,-23.38003],[-51.908218,-23.380148],[-51.908334,-23.380277],[-51.90847,-23.380451],[-51.908527,-23.380523],[-51.90868,-23.380671],[-51.908761,-23.380741],[-51.908867,-23.380815],[-51.909018,-23.380866],[-51.909166,-23.380932],[-51.909289,-23.380988],[-51.909467,-23.381081],[-51.909729,-23.381213],[-51.910002,-23.38138],[-51.910885,-23.381766],[-51.911078,-23.381831],[-51.911194,-23.381901],[-51.911223,-23.381927],[-51.911248,-23.381975],[-51.91127,-23.382065],[-51.911322,-23.382192],[-51.911474,-23.382287],[-51.911832,-23.382494],[-51.912341,-23.382816],[-51.912714,-23.383085],[-51.912897,-23.383275],[-51.912898,-23.383277]]}},
{"type":"Feature","properties":{"name":"Cór. Sem Denominação"},"geometry":{"type":"LineString","coordinates":[[-51.968681,-23.506311],[-51.968927,-23.506222],[-51.969201,-23.506127],[-51.969483,-23.506039],[-51.969734,-23.50598],[-51.969956,-23.505914],[-51.970093,-23.505837],[-51.970186,-23.505768],[-51.970203,-23.505748],[-51.970294,-23.505687],[-51.970404,-23.505649],[-51.97079,-23.505409],[-51.970857,-23.505372],[-51.971358,-23.505094],[-51.971359,-23.505093]]}},
{"type":"Feature","properties":{"name":"Rib. Floriano"},"geometry":{"type":"LineString","coordinates":[[-51.989885,-23.477135],[-51.989879,-23.477382],[-51.989839,-23.477709],[-51.989757,-23.478107],[-51.989696,-23.478355],[-51.98951,-23.478672],[-51.98942,-23.478798],[-51.989362,-23.478924],[-51.98936,-23.479081],[-51.989396,-23.479246],[-51.989498,-23.479407],[-51.989752,-23.479609],[-51.989925,-23.47982],[-51.990125,-23.480123],[-51.990383,-23.480487],[-51.990605,-23.480725],[-51.990796,-23.480962],[-51.990909,-23.481108],[-51.990989,-23.481174],[-51.991042,-23.48122],[-51.991109,-23.481262],[-51.991234,-23.481331],[-51.991356,-23.481399],[-51.991452,-23.481408],[-51.991573,-23.481485],[-51.991764,-23.481739],[-51.991815,-23.48188],[-51.991945,-23.482013],[-51.992237,-23.482253],[-51.992549,-23.482563],[-51.992847,-23.482758],[-51.993092,-23.482986],[-51.993216,-23.483188],[-51.993247,-23.483237],[-51.993316,-23.4833],[-51.993402,-23.483345],[-51.993543,-23.483468],[-51.993642,-23.483583],[-51.993799,-23.483675],[-51.993908,-23.483783],[-51.993977,-23.48388],[-51.994032,-23.483937],[-51.994119,-23.48404],[-51.994249,-23.484156],[-51.99443,-23.484329],[-51.994608,-23.484503],[-51.994771,-23.484661],[-51.995034,-23.484902],[-51.995227,-23.485109],[-51.99543,-23.485265],[-51.995553,-23.485367],[-51.995656,-23.485447]]}},
{"type":"Feature","properties":{"name":"Cór. Xaréu"},"geometry":{"type":"LineString","coordinates":[[-52.038668,-23.396147],[-52.038657,-23.396113],[-52.038637,-23.396064],[-52.038621,-23.396037],[-52.038599,-23.396014],[-52.038517,-23.39598],[-52.038454,-23.395953],[-52.038405,-23.395897],[-52.038329,-23.395875],[-52.038195,-23.395807],[-52.038107,-23.395774],[-52.038045,-23.395726],[-52.038001,-23.395661],[-52.037869,-23.395395],[-52.037695,-23.395144],[-52.037594,-23.395026],[-52.037427,-23.39489],[-52.037243,-23.394772],[-52.037023,-23.394645],[-52.036936,-23.39458],[-52.036872,-23.394514],[-52.036833,-23.394468],[-52.036816,-23.394419],[-52.036798,-23.394331],[-52.036777,-23.394084],[-52.036748,-23.393862],[-52.036706,-23.393664],[-52.036519,-23.393171],[-52.036391,-23.392629],[-52.036342,-23.392452],[-52.036289,-23.392328],[-52.036236,-23.392175],[-52.036223,-23.392043],[-52.036219,-23.391867],[-52.036211,-23.391778],[-52.036193,-23.391718],[-52.036158,-23.391631],[-52.036075,-23.391442],[-52.035928,-23.391162],[-52.035843,-23.390993],[-52.035813,-23.390933],[-52.0358,-23.390876],[-52.03579,-23.390672],[-52.035791,-23.39049],[-52.035804,-23.390276],[-52.035814,-23.389966],[-52.035798,-23.389741],[-52.035761,-23.389563],[-52.035702,-23.389438],[-52.035523,-23.389045],[-52.035477,-23.388789],[-52.03549,-23.388575],[-52.035514,-23.388346],[-52.035563,-23.38811]]}},
{"type":"Feature","properties":{"name":"Rib. Caxias"},"geometry":{"type":"LineString","coordinates":[[-52.06344,-23.533708],[-52.063495,-23.533491],[-52.06351,-23.533306],[-52.063472,-23.532993],[-52.063409,-23.532688],[-52.063346,-23.532385],[-52.063284,-23.532084],[-52.06325,-23.531863],[-52.063158,-23.531547],[-52.06309,-23.531344],[-52.062992,-23.531226],[-52.062851,-23.531026],[-52.062783,-23.530815],[-52.062765,-23.530564],[-52.062794,-23.530299],[-52.062847,-23.530066],[-52.062849,-23.529339],[-52.062922,-23.528776],[-52.062953,-23.528288],[-52.062986,-23.528073],[-52.063028,-23.527926],[-52.06313,-23.527556],[-52.06312,-23.527341],[-52.063084,-23.527223],[-52.063001,-23.527103],[-52.062907,-23.526916],[-52.062769,-23.526723],[-52.062527,-23.526531],[-52.06233,-23.526278]]}},
{"type":"Feature","properties":{"name":"Rib. Bandeirantes do Sul"},"geometry":{"type":"LineString","coordinates":[[-51.999033,-23.418752],[-51.999021,-23.418764],[-51.999006,-23.418778],[-51.998983,-23.418791],[-51.998948,-23.418814],[-51.998915,-23.418832],[-51.998883,-23.418859],[-51.998848,-23.418878],[-51.998814,-23.418887],[-51.998769,-23.418881],[-51.998705,-23.418861],[-51.998631,-23.418844],[-51.998547,-23.418822],[-51.998478,-23.41881],[-51.998405,-23.41881],[-51.998347,-23.418819],[-51.998301,-23.418826],[-51.998228,-23.418847],[-51.998159,-23.41887],[-51.998105,-23.418888],[-51.998074,-23.418905],[-51.998051,-23.418919],[-51.998025,-23.41894],[-51.998006,-23.418954],[-51.997984,-23.418967],[-51.997956,-23.418977],[-51.997934,-23.418984],[-51.997899,-23.418992],[-51.997868,-23.418995],[-51.997843,-23.419],[-51.997819,-23.41902],[-51.997795,-23.419052],[-51.997758,-23.419085],[-51.997701,-23.419112],[-51.997671,-23.419123],[-51.997626,-23.419128],[-51.997575,-23.419136],[-51.997538,-23.419146],[-51.997504,-23.419172],[-51.997472,-23.419208],[-51.997425,-23.419262],[-51.997352,-23.419302],[-51.997259,-23.419343],[-51.99719,-23.419363],[-51.997132,-23.419366],[-51.997062,-23.419383],[-51.99699,-23.419404],[-51.996852,-23.419468],[-51.996601,-23.419591],[-51.996507,-23.419633],[-51.996272,-23.419805],[-51.996158,-23.419881],[-51.996043,-23.419953],[-51.995889,-23.420016],[-51.995749,-23.420063],[-51.995683,-23.420079],[-51.995654,-23.420083],[-51.995623,-23.420079],[-51.995591,-23.420064],[-51.995557,-23.42006],[-51.995514,-23.420061],[-51.995448,-23.420078],[-51.995404,-23.420097],[-51.995352,-23.420112],[-51.995297,-23.420147],[-51.995245,-23.42018],[-51.99517,-23.420206],[-51.9951,-23.420218],[-51.995024,-23.420228],[-51.994932,-23.420259],[-51.99486,-23.420292],[-51.99481,-23.420299],[-51.994724,-23.420302],[-51.994697,-23.420303],[-51.994659,-23.42032],[-51.994611,-23.420345],[-51.99454,-23.42037],[-51.99447,-23.420384],[-51.994384,-23.420396],[-51.994243,-23.420404],[-51.994205,-23.420405],[-51.994161,-23.420409],[-51.994109,-23.420414],[-51.993989,-23.420454],[-51.99375,-23.420528],[-51.993683,-23.420555],[-51.993451,-23.420589],[-51.993353,-23.420612],[-51.993206,-23.420622],[-51.993122,-23.420604],[-51.993077,-23.420602],[-51.993037,-23.420605],[-51.992952,-23.420616],[-51.992788,-23.420645],[-51.99273,-23.42065],[-51.992656,-23.420667],[-51.992566,-23.42069],[-51.992503,-23.420709],[-51.992442,-23.42072],[-51.992349,-23.420732],[-51.99227,-23.420741],[-51.992199,-23.420752],[-51.992124,-23.420762],[-51.992091,-23.420768],[-51.99206,-23.420777],[-51.992021,-23.420788],[-51.99194,-23.420807],[-51.991848,-23.420842],[-51.991793,-23.42086],[-51.99172,-23.42087],[-51.991623,-23.420878],[-51.99154,-23.420889],[-51.991414,-23.420914],[-51.991257,-23.420919],[-51.991165,-23.420907],[-51.991088,-23.420887],[-51.991006,-23.420882],[-51.990921,-23.420898],[-51.990787,-23.420938],[-51.990732,-23.420953],[-51.990604,-23.420989],[-51.990563,-23.421003],[-51.990532,-23.421018],[-51.990443,-23.421039],[-51.990345,-23.421055],[-51.990294,-23.421055],[-51.990268,-23.421059],[-51.990228,-23.421078],[-51.99019,-23.421108],[-51.99016,-23.421126],[-51.990129,-23.421142],[-51.990095,-23.421169],[-51.990075,-23.421192],[-51.990055,-23.421215],[-51.990023,-23.421228],[-51.989989,-23.421226],[-51.98995,-23.421217],[-51.989902,-23.421214],[-51.989869,-23.42121],[-51.989813,-23.421209],[-51.989709,-23.42122],[-51.989646,-23.421236],[-51.989592,-23.421249],[-51.98954,-23.421265],[-51.989475,-23.421287],[-51.989403,-23.421316],[-51.989233,-23.421356],[-51.98911,-23.421388],[-51.989006,-23.421431],[-51.988908,-23.421458],[-51.988851,-23.421473],[-51.988816,-23.421484],[-51.988791,-23.421497],[-51.988768,-23.421515],[-51.988753,-23.421533],[-51.988721,-23.421573],[-51.988675,-23.42159],[-51.988562,-23.421614],[-51.988483,-23.421631],[-51.988362,-23.421659],[-51.988246,-23.421673],[-51.988209,-23.421676],[-51.988194,-23.421677],[-51.988181,-23.421677],[-51.988129,-23.421683],[-51.988062,-23.421703],[-51.988011,-23.421718],[-51.987941,-23.421746],[-51.987889,-23.421783],[-51.987869,-23.421803],[-51.987846,-23.421818],[-51.987818,-23.42182],[-51.987736,-23.421823],[-51.98765,-23.421818],[-51.987593,-23.421817],[-51.987551,-23.421828],[-51.987462,-23.421862],[-51.987399,-23.421878],[-51.987297,-23.421888],[-51.98726,-23.421897],[-51.987181,-23.421901],[-51.987157,-23.421901],[-51.987127,-23.421905],[-51.987106,-23.421909],[-51.98708,-23.421919],[-51.987043,-23.421927],[-51.987005,-23.42193],[-51.986959,-23.421926],[-51.986902,-23.421917],[-51.986863,-23.421908],[-51.986808,-23.421901],[-51.98676,-23.421891],[-51.986727,-23.421877],[-51.98668,-23.421848],[-51.986618,-23.421801],[-51.986573,-23.421791],[-51.986532,-23.421795],[-51.986475,-23.421813],[-51.986447,-23.421823],[-51.986416,-23.42184],[-51.986388,-23.42186],[-51.986342,-23.421874],[-51.986305,-23.421896],[-51.986216,-23.42196],[-51.986154,-23.422],[-51.986059,-23.422065],[-51.986009,-23.422096],[-51.985971,-23.422116],[-51.985911,-23.422133],[-51.985831,-23.422152],[-51.98578,-23.422158],[-51.985742,-23.422157],[-51.985698,-23.42215],[-51.985608,-23.422152],[-51.985556,-23.422162],[-51.985536,-23.42217],[-51.985485,-23.422205],[-51.985433,-23.422233],[-51.985399,-23.422261],[-51.985369,-23.422287],[-51.985336,-23.422298],[-51.985284,-23.422303],[-51.985196,-23.422314],[-51.985168,-23.42232],[-51.985113,-23.422327],[-51.985064,-23.42233],[-51.985031,-23.422329],[-51.984995,-23.422328],[-51.984972,-23.422325],[-51.984943,-23.422328],[-51.984922,-23.422338],[-51.984893,-23.422352],[-51.984868,-23.42237],[-51.984854,-23.422393],[-51.984828,-23.422411],[-51.984792,-23.422429],[-51.984753,-23.422437],[-51.984711,-23.422435],[-51.984664,-23.42243],[-51.984634,-23.422426],[-51.984616,-23.422429],[-51.984594,-23.422436],[-51.984569,-23.422443],[-51.984544,-23.422449],[-51.984524,-23.422443],[-51.984502,-23.422434],[-51.984485,-23.422414],[-51.984465,-23.4224],[-51.984446,-23.422394],[-51.984414,-23.422388],[-51.98438,-23.422383],[-51.984344,-23.422386],[-51.984305,-23.422384],[-51.984273,-23.422386],[-51.984208,-23.422395],[-51.984119,-23.42243],[-51.984093,-23.422439],[-51.984069,-23.422446],[-51.984036,-23.422445],[-51.983996,-23.422446],[-51.983955,-23.422448],[-51.983923,-23.422456],[-51.9839,-23.422471],[-51.983854,-23.422504],[-51.983807,-23.422544],[-51.98377,-23.422579],[-51.983722,-23.422613],[-51.983699,-23.422635],[-51.983662,-23.422675],[-51.9836,-23.422716],[-51.983578,-23.422732],[-51.983542,-23.422759],[-51.983479,-23.422803],[-51.983438,-23.422824],[-51.983405,-23.422834],[-51.983368,-23.422834],[-51.98334,-23.422835],[-51.983306,-23.422847],[-51.983217,-23.422884],[-51.983177,-23.422903],[-51.983161,-23.422915],[-51.98314,-23.422932],[-51.983114,-23.422951],[-51.98309,-23.422967],[-51.983072,-23.422976],[-51.982908,-23.423024],[-51.982799,-23.423044],[-51.982701,-23.423071],[-51.98258,-23.423092],[-51.982558,-23.423095],[-51.982557,-23.423095]]}},
{"type":"Feature","properties":{"name":""},"geometry":{"type":"LineString","coordinates":[[-52.0301,-23.327423],[-52.030057,-23.3269],[-52.029969,-23.326527],[-52.029655,-23.326135],[-52.02949,-23.325885],[-52.029417,-23.325534],[-52.029237,-23.325242],[-52.029235,-23.325005],[-52.029218,-23.324783],[-52.029253,-23.324631]]}},
{"type":"Feature","properties":{"name":"Cór. Itaituba"},"geometry":{"type":"LineString","coordinates":[[-51.981798,-23.462897],[-51.981797,-23.462898],[-51.981234,-23.463209],[-51.981045,-23.463333],[-51.980899,-23.463481],[-51.980431,-23.464182],[-51.97997,-23.464737],[-51.979686,-23.465099],[-51.979452,-23.465383],[-51.97928,-23.465651],[-51.978879,-23.465979],[-51.978696,-23.466085],[-51.978299,-23.466326]]}},
{"type":"Feature","properties":{"name":"Cór. Sem Denominação"},"geometry":{"type":"LineString","coordinates":[[-51.914121,-23.363753],[-51.913845,-23.363904],[-51.913606,-23.364013],[-51.913512,-23.364055],[-51.91342,-23.364109],[-51.913354,-23.364157],[-51.913284,-23.364206],[-51.913244,-23.364242],[-51.913158,-23.364286],[-51.913117,-23.364337],[-51.913023,-23.364383],[-51.912519,-23.364646],[-51.912331,-23.364721],[-51.912135,-23.364825],[-51.911921,-23.364948],[-51.911774,-23.365028],[-51.911571,-23.365106],[-51.911468,-23.365144],[-51.91142,-23.365156],[-51.911349,-23.365218],[-51.911294,-23.365253],[-51.911211,-23.365267],[-51.91116,-23.365292],[-51.911108,-23.365354],[-51.911049,-23.365405],[-51.910946,-23.36546],[-51.910827,-23.365511],[-51.910753,-23.365555],[-51.910683,-23.365581],[-51.910639,-23.365641],[-51.910588,-23.365673],[-51.910504,-23.365683],[-51.910461,-23.365702],[-51.910412,-23.365738],[-51.910312,-23.365798],[-51.910224,-23.365837],[-51.910149,-23.365914],[-51.910039,-23.365996],[-51.909997,-23.366049],[-51.909946,-23.366093],[-51.909895,-23.366145],[-51.909882,-23.366205],[-51.909833,-23.366226],[-51.909771,-23.366282],[-51.909671,-23.366326],[-51.909514,-23.366411],[-51.909389,-23.366498],[-51.909271,-23.366568],[-51.909155,-23.366642],[-51.909024,-23.366713],[-51.908955,-23.366748],[-51.908817,-23.366818],[-51.90862,-23.366848],[-51.908466,-23.366912],[-51.908266,-23.366967]]}},
{"type":"Feature","properties":{"name":"Rib. Bandeirantes do Sul"},"geometry":{"type":"LineString","coordinates":[[-52.04722,-23.439287],[-52.047046,-23.439213],[-52.046941,-23.439158],[-52.046816,-23.439086],[-52.046699,-23.439034],[-52.04657,-23.438965],[-52.046414,-23.438885]]}},
{"type":"Feature","properties":{"name":"Cór. Sem Denominação"},"geometry":{"type":"LineString","coordinates":[[-51.852747,-23.317098],[-51.852766,-23.317205],[-51.852802,-23.317373],[-51.852809,-23.317757],[-51.852807,-23.318071],[-51.852798,-23.318207],[-51.852807,-23.318367],[-51.85286,-23.318514],[-51.852982,-23.318756],[-51.853156,-23.318982],[-51.853232,-23.319109],[-51.853336,-23.319285],[-51.853486,-23.319538],[-51.853709,-23.319809],[-51.85378,-23.319916],[-51.85398,-23.32029],[-51.854049,-23.320417],[-51.854128,-23.320471],[-51.854251,-23.320512],[-51.854571,-23.320564],[-51.85473,-23.320625],[-51.854935,-23.320728],[-51.855131,-23.320837],[-51.855329,-23.320979],[-51.85556,-23.321152],[-51.855712,-23.321335],[-51.855819,-23.321577],[-51.856337,-23.322455],[-51.856552,-23.322663]]}},
{"type":"Feature","properties":{"name":"Cór. Sem Denominação"},"geometry":{"type":"LineString","coordinates":[[-51.916619,-23.333212],[-51.91633,-23.333454],[-51.916133,-23.333559],[-51.916029,-23.333668],[-51.915935,-23.333756],[-51.915917,-23.333771],[-51.915907,-23.333779],[-51.9159,-23.333783],[-51.915894,-23.333785],[-51.915891,-23.333788],[-51.91589,-23.333791],[-51.91589,-23.333796],[-51.915892,-23.333803],[-51.915895,-23.333807],[-51.915903,-23.333817],[-51.915905,-23.333823],[-51.915905,-23.333829],[-51.9159,-23.333848],[-51.9159,-23.333856],[-51.915902,-23.333872],[-51.915902,-23.333893],[-51.915896,-23.333907],[-51.915884,-23.333921],[-51.915868,-23.33394],[-51.915847,-23.333957],[-51.915809,-23.33397],[-51.915783,-23.33398],[-51.915724,-23.334012],[-51.915685,-23.334033],[-51.915669,-23.334048],[-51.915636,-23.334081],[-51.915552,-23.334147],[-51.915405,-23.334263],[-51.915189,-23.334419],[-51.915097,-23.334467],[-51.914983,-23.334532],[-51.914938,-23.334567],[-51.914894,-23.334609],[-51.914845,-23.33465],[-51.914748,-23.334707],[-51.914681,-23.334756],[-51.914475,-23.33489],[-51.914317,-23.334989],[-51.914211,-23.335055],[-51.914086,-23.335133],[-51.913691,-23.335364],[-51.913478,-23.335489],[-51.913356,-23.335542],[-51.913233,-23.335596],[-51.91311,-23.335671],[-51.912883,-23.335784],[-51.912788,-23.335821],[-51.912748,-23.33585],[-51.912688,-23.335883],[-51.912579,-23.33593],[-51.912485,-23.335979],[-51.912166,-23.336124],[-51.91202,-23.336189],[-51.911958,-23.336218],[-51.911915,-23.336223],[-51.91188,-23.336231],[-51.911855,-23.336248],[-51.91183,-23.336273],[-51.911813,-23.336288],[-51.911794,-23.336294],[-51.911765,-23.336298],[-51.91169,-23.336308],[-51.911587,-23.336334],[-51.911514,-23.33634],[-51.91143,-23.33636],[-51.911385,-23.336376],[-51.911271,-23.336389],[-51.911242,-23.3364],[-51.911216,-23.336413],[-51.911203,-23.336423],[-51.911196,-23.33643],[-51.911195,-23.336438],[-51.911199,-23.336456],[-51.911196,-23.336475],[-51.911183,-23.336485],[-51.911169,-23.336484],[-51.911153,-23.336474],[-51.911124,-23.336453],[-51.91111,-23.336447],[-51.911088,-23.336446],[-51.91104,-23.336465],[-51.910978,-23.336477],[-51.910862,-23.336509],[-51.910793,-23.336534],[-51.910758,-23.336546],[-51.910657,-23.336583],[-51.910475,-23.336684],[-51.910386,-23.336737],[-51.910306,-23.336786],[-51.91025,-23.336832],[-51.910205,-23.336857],[-51.910132,-23.336888],[-51.910038,-23.336898],[-51.909937,-23.33689],[-51.909853,-23.336889],[-51.909738,-23.336892],[-51.909628,-23.336887],[-51.909478,-23.336887],[-51.909348,-23.336899],[-51.909251,-23.336919],[-51.909146,-23.336944],[-51.909005,-23.336966],[-51.908887,-23.336992],[-51.90878,-23.337021],[-51.908699,-23.33705],[-51.908544,-23.337114],[-51.908422,-23.33717],[-51.908263,-23.337232],[-51.908174,-23.337282],[-51.908003,-23.337378],[-51.907824,-23.337439],[-51.907595,-23.337513],[-51.907463,-23.337555],[-51.907275,-23.337595],[-51.907033,-23.337617],[-51.906973,-23.337633],[-51.906917,-23.33765],[-51.906796,-23.337658],[-51.906515,-23.337713],[-51.906196,-23.337811],[-51.905985,-23.337838],[-51.905875,-23.337848]]}},
{"type":"Feature","properties":{"name":"Cór. Sem Denominação"},"geometry":{"type":"LineString","coordinates":[[-51.846355,-23.329045],[-51.8468,-23.329112],[-51.847126,-23.329151],[-51.847809,-23.329169],[-51.848163,-23.329164],[-51.848452,-23.329118],[-51.84869,-23.329081],[-51.848806,-23.329062],[-51.848924,-23.32904],[-51.849005,-23.329001],[-51.849118,-23.328947],[-51.849227,-23.328867],[-51.849274,-23.32882],[-51.849323,-23.328776],[-51.849375,-23.32873],[-51.849414,-23.328703],[-51.849466,-23.328662],[-51.849507,-23.328644],[-51.849555,-23.328631],[-51.849667,-23.328581],[-51.849774,-23.328532],[-51.849849,-23.328497],[-51.849948,-23.328451]]}},
{"type":"Feature","properties":{"name":"Cór. Sem Denominação"},"geometry":{"type":"LineString","coordinates":[[-51.988641,-23.515727],[-51.988724,-23.515772],[-51.98884,-23.515829],[-51.988964,-23.515881],[-51.98915,-23.515961],[-51.989398,-23.516062],[-51.989697,-23.516095],[-51.989941,-23.516109],[-51.9902,-23.516057],[-51.990441,-23.515974],[-51.99066,-23.515947],[-51.991452,-23.515793],[-51.99208,-23.515725]]}},
{"type":"Feature","properties":{"name":"Rib. Morangueiro"},"geometry":{"type":"LineString","coordinates":[[-51.907768,-23.405367],[-51.907871,-23.405358],[-51.907953,-23.405323],[-51.907998,-23.4053],[-51.908204,-23.405233],[-51.908523,-23.405243],[-51.908791,-23.405295],[-51.909123,-23.405402],[-51.909341,-23.405494],[-51.90948,-23.405552],[-51.909707,-23.405646],[-51.91002,-23.405775],[-51.910336,-23.405907],[-51.910741,-23.406077],[-51.911113,-23.406237],[-51.911352,-23.406364],[-51.912006,-23.406834],[-51.912295,-23.406937],[-51.912775,-23.407172],[-51.913093,-23.407382],[-51.91326,-23.407528],[-51.913453,-23.407642],[-51.91363,-23.407759],[-51.913949,-23.407993],[-51.914103,-23.408099],[-51.914257,-23.408207],[-51.914427,-23.408259],[-51.914585,-23.408374],[-51.914735,-23.408492],[-51.914804,-23.408552],[-51.914819,-23.408602],[-51.914803,-23.408654],[-51.91476,-23.408731],[-51.915993,-23.409724],[-51.916178,-23.409901]]}},
{"type":"Feature","properties":{"name":"Cór. Sem Denominação"},"geometry":{"type":"LineString","coordinates":[[-52.019825,-23.396455],[-52.019407,-23.396127],[-52.019114,-23.395883],[-52.018788,-23.395611],[-52.018509,-23.395362],[-52.018183,-23.395025],[-52.018115,-23.394939],[-52.017787,-23.394545],[-52.01758,-23.394214],[-52.017449,-23.394069],[-52.01731,-23.393979],[-52.01715,-23.393851],[-52.016801,-23.393653],[-52.016726,-23.393627],[-52.016427,-23.393532],[-52.016025,-23.39337],[-52.015525,-23.393156],[-52.01552,-23.393154]]}},
{"type":"Feature","properties":{"name":"Rib. Paiçandu"},"geometry":{"type":"MultiLineString","coordinates":[[[-52.101191,-23.52079],[-52.101197,-23.520764],[-52.101216,-23.52065],[-52.101104,-23.5204],[-52.101018,-23.520265],[-52.100893,-23.520193],[-52.100752,-23.520181],[-52.100613,-23.520182],[-52.100507,-23.520165],[-52.100397,-23.520103],[-52.1003,-23.519968],[-52.100252,-23.519892],[-52.100196,-23.519843],[-52.100135,-23.51979],[-52.100104,-23.519752],[-52.100097,-23.519704],[-52.100134,-23.519606],[-52.100138,-23.51954],[-52.100137,-23.519539],[-52.10013,-23.519519],[-52.100122,-23.519509],[-52.10011,-23.519502],[-52.100044,-23.519452],[-52.099969,-23.519397],[-52.09995,-23.519379],[-52.099925,-23.519349],[-52.099914,-23.519338],[-52.099881,-23.519321],[-52.099833,-23.519317],[-52.09979,-23.519321],[-52.099753,-23.519317],[-52.099726,-23.519306],[-52.099695,-23.519285],[-52.099624,-23.51922],[-52.099585,-23.519188],[-52.099543,-23.519174],[-52.099492,-23.519181],[-52.099447,-23.519203],[-52.099397,-23.519242],[-52.099321,-23.519265],[-52.099261,-23.519269],[-52.099196,-23.519262],[-52.099062,-23.519236],[-52.098962,-23.519204],[-52.098895,-23.519193],[-52.098847,-23.519198],[-52.09881,-23.519216],[-52.098774,-23.519249],[-52.098764,-23.519293],[-52.098769,-23.519337],[-52.098823,-23.519386],[-52.098843,-23.51943],[-52.098849,-23.519479],[-52.098836,-23.519496],[-52.098811,-23.519502],[-52.098695,-23.519542],[-52.098607,-23.519593],[-52.098529,-23.519642],[-52.098478,-23.519692],[-52.098446,-23.51974],[-52.098411,-23.519767],[-52.098364,-23.519771],[-52.09832,-23.519755],[-52.098256,-23.519731],[-52.098214,-23.519718],[-52.098123,-23.519677],[-52.098063,-23.519652],[-52.098012,-23.519649],[-52.097976,-23.519664],[-52.097936,-23.51969],[-52.097903,-23.519718],[-52.097863,-23.519785],[-52.097806,-23.519871],[-52.097732,-23.519931],[-52.097683,-23.519941],[-52.097629,-23.519926],[-52.097564,-23.519926],[-52.097521,-23.519951],[-52.097513,-23.519984],[-52.097491,-23.520081],[-52.097446,-23.520162],[-52.097395,-23.520229],[-52.097353,-23.520298],[-52.097313,-23.520336],[-52.09726,-23.520342],[-52.097215,-23.52031],[-52.097185,-23.520272],[-52.097156,-23.520259],[-52.097123,-23.520271],[-52.097092,-23.520308],[-52.09705,-23.520415],[-52.096936,-23.520634],[-52.096901,-23.520699],[-52.096875,-23.520769],[-52.096824,-23.520836],[-52.096765,-23.520905],[-52.096711,-23.520931],[-52.096609,-23.520958],[-52.096516,-23.520949],[-52.096444,-23.520912],[-52.09641,-23.520901],[-52.09638,-23.520898],[-52.096302,-23.520909],[-52.096118,-23.52097],[-52.096005,-23.520982],[-52.095918,-23.520954],[-52.095797,-23.520885],[-52.095727,-23.520839],[-52.095665,-23.520809],[-52.095617,-23.520802],[-52.095521,-23.520814],[-52.095449,-23.520799],[-52.095402,-23.520778],[-52.095383,-23.520747],[-52.095381,-23.520702],[-52.095401,-23.52066],[-52.095451,-23.52061],[-52.095463,-23.520541],[-52.095454,-23.520511],[-52.095427,-23.520477],[-52.095375,-23.520435],[-52.095316,-23.520395],[-52.095241,-23.520356],[-52.095142,-23.520343],[-52.095024,-23.520388],[-52.094962,-23.520444],[-52.094948,-23.520497],[-52.094915,-23.520522],[-52.094853,-23.520504],[-52.094784,-23.520445],[-52.094652,-23.520344],[-52.094577,-23.520309],[-52.094492,-23.5203],[-52.094412,-23.520321],[-52.094317,-23.520389],[-52.094218,-23.520409],[-52.094157,-23.520388],[-52.09409,-23.520327],[-52.093996,-23.520173],[-52.093937,-23.52004],[-52.093889,-23.519841],[-52.093882,-23.519748],[-52.093861,-23.51965],[-52.093811,-23.519576],[-52.093775,-23.519559],[-52.093707,-23.519546],[-52.093678,-23.519531],[-52.093665,-23.519499],[-52.093645,-23.519384],[-52.093553,-23.519222],[-52.093488,-23.519105],[-52.093443,-23.519039],[-52.093409,-23.519001],[-52.09338,-23.51899],[-52.093344,-23.519002],[-52.093291,-23.51903],[-52.093228,-23.51909],[-52.093176,-23.519128],[-52.09312,-23.519145],[-52.093086,-23.519142],[-52.093059,-23.519116],[-52.09304,-23.519076],[-52.093011,-23.519023],[-52.092976,-23.518993],[-52.092932,-23.518972],[-52.09286,-23.518936],[-52.092782,-23.518884],[-52.092734,-23.518832],[-52.092633,-23.518703],[-52.092512,-23.518594],[-52.092416,-23.518508],[-52.092355,-23.518459],[-52.092309,-23.518424],[-52.092296,-23.51838],[-52.092301,-23.518317],[-52.09232,-23.518252],[-52.092322,-23.518208],[-52.092311,-23.518172],[-52.092293,-23.518154],[-52.092258,-23.518145],[-52.092165,-23.518166],[-52.092083,-23.518157],[-52.092001,-23.518117],[-52.091933,-23.518064],[-52.091891,-23.518023],[-52.091834,-23.517933],[-52.091731,-23.517779],[-52.091619,-23.517663],[-52.09153,-23.517627],[-52.091454,-23.517626],[-52.09139,-23.517639],[-52.091332,-23.517731],[-52.091284,-23.517799],[-52.091221,-23.517848],[-52.091099,-23.517916],[-52.091005,-23.517925],[-52.090976,-23.517931],[-52.090952,-23.517948],[-52.090961,-23.517994],[-52.090956,-23.518051],[-52.090927,-23.518135],[-52.090867,-23.518202],[-52.09077,-23.518227],[-52.090627,-23.518226],[-52.090511,-23.518216],[-52.090374,-23.518199],[-52.09028,-23.518176],[-52.090231,-23.518185],[-52.090217,-23.518208],[-52.090195,-23.518244],[-52.090165,-23.518314],[-52.090087,-23.518368],[-52.090002,-23.518417],[-52.089897,-23.518445],[-52.08976,-23.518455],[-52.089677,-23.518434],[-52.089635,-23.518387],[-52.089622,-23.518299],[-52.089621,-23.518187],[-52.089629,-23.518122],[-52.089607,-23.51805],[-52.089565,-23.518],[-52.089469,-23.517886],[-52.089395,-23.517817],[-52.089241,-23.51767],[-52.08914,-23.517574],[-52.088949,-23.517479],[-52.08873,-23.517429],[-52.088541,-23.517409],[-52.088446,-23.517382],[-52.088368,-23.517345],[-52.08825,-23.517332],[-52.088176,-23.517365],[-52.0881,-23.517422],[-52.087987,-23.517473],[-52.087943,-23.517516],[-52.08794,-23.517519],[-52.0879,-23.517559],[-52.087814,-23.517626],[-52.087726,-23.51772],[-52.087663,-23.517799],[-52.087571,-23.517913],[-52.087479,-23.517981],[-52.08737,-23.518008],[-52.087259,-23.518027],[-52.087132,-23.518049],[-52.087032,-23.51807],[-52.086915,-23.51809],[-52.086826,-23.518102],[-52.086782,-23.518085],[-52.086736,-23.518054],[-52.086644,-23.517978],[-52.08651,-23.517816],[-52.086299,-23.517613],[-52.086222,-23.517551],[-52.086109,-23.517456],[-52.08593,-23.517378],[-52.085713,-23.517294],[-52.085469,-23.517266],[-52.085403,-23.517248],[-52.085335,-23.517212],[-52.085308,-23.517159],[-52.085333,-23.51705],[-52.085315,-23.516906],[-52.085289,-23.51683],[-52.085251,-23.516774],[-52.085207,-23.516726],[-52.085157,-23.516685],[-52.085113,-23.516616],[-52.085083,-23.516562],[-52.085052,-23.516504],[-52.085025,-23.516464],[-52.084983,-23.516424],[-52.084884,-23.516309],[-52.084847,-23.516253],[-52.084802,-23.516193],[-52.084794,-23.516012],[-52.084796,-23.51601],[-52.084776,-23.515859],[-52.084779,-23.515742],[-52.084787,-23.515654],[-52.084802,-23.515476],[-52.084849,-23.515329],[-52.084935,-23.515225],[-52.084991,-23.515127],[-52.085068,-23.515029],[-52.085134,-23.514954],[-52.085187,-23.514839],[-52.085215,-23.514736],[-52.085235,-23.514659],[-52.08529,-23.514517],[-52.085299,-23.514431],[-52.085304,-23.514384],[-52.085303,-23.514332],[-52.085336,-23.514286],[-52.085396,-23.514259],[-52.085459,-23.51423],[-52.085494,-23.514182],[-52.085536,-23.514123],[-52.085659,-23.514037],[-52.085705,-23.513981],[-52.085733,-23.513875],[-52.085745,-23.51382],[-52.085771,-23.513804],[-52.085825,-23.513793],[-52.085946,-23.513779],[-52.086041,-23.513758],[-52.086078,-23.513736],[-52.086131,-23.51368],[-52.086193,-23.513562],[-52.086264,-23.513438],[-52.086305,-23.513342],[-52.086324,-23.513284],[-52.086367,-23.513211],[-52.086449,-23.513124],[-52.086573,-23.513026],[-52.086673,-23.512947],[-52.086758,-23.512844],[-52.086785,-23.5128],[-52.086778,-23.512761],[-52.086757,-23.512722],[-52.086753,-23.512679],[-52.086771,-23.512652],[-52.086826,-23.512605],[-52.086866,-23.512572],[-52.086907,-23.512537],[-52.08693,-23.512518],[-52.086959,-23.512477],[-52.086982,-23.512422],[-52.08701,-23.512372],[-52.087044,-23.51233],[-52.087087,-23.512319],[-52.087164,-23.512312],[-52.087213,-23.512302],[-52.087252,-23.512289],[-52.087289,-23.512255],[-52.087304,-23.512198],[-52.087301,-23.512078],[-52.087321,-23.512023],[-52.08735,-23.511974],[-52.087391,-23.511944],[-52.08742,-23.51194],[-52.087448,-23.511951],[-52.08748,-23.511988],[-52.087515,-23.512016],[-52.087565,-23.512027],[-52.087613,-23.512006],[-52.087651,-23.511956],[-52.087668,-23.511892],[-52.087686,-23.511804],[-52.087733,-23.511728],[-52.087786,-23.511685],[-52.087779,-23.511643],[-52.087757,-23.511567],[-52.087736,-23.511536],[-52.087733,-23.51149],[-52.087756,-23.511447],[-52.087782,-23.511405],[-52.087791,-23.511356],[-52.087775,-23.511318],[-52.08773,-23.511272],[-52.087647,-23.511235],[-52.08762,-23.511185],[-52.087621,-23.511138],[-52.087638,-23.511095],[-52.087702,-23.51099],[-52.087779,-23.510833],[-52.087808,-23.510751],[-52.08785,-23.510659],[-52.087862,-23.510561],[-52.087854,-23.510508],[-52.087789,-23.510394],[-52.087766,-23.510295],[-52.087723,-23.510179],[-52.087692,-23.510118],[-52.087687,-23.510081],[-52.087711,-23.510038],[-52.087742,-23.509972],[-52.087721,-23.509898],[-52.087646,-23.509833],[-52.087564,-23.509715],[-52.087489,-23.509531],[-52.087462,-23.509452],[-52.087461,-23.509347],[-52.087471,-23.509314],[-52.087519,-23.50926],[-52.08752,-23.509182],[-52.087452,-23.508997],[-52.087402,-23.508934],[-52.087371,-23.508849],[-52.087359,-23.508768],[-52.087348,-23.508675],[-52.087278,-23.508473],[-52.087205,-23.508265],[-52.087153,-23.508171],[-52.087134,-23.508141],[-52.087142,-23.508084],[-52.087169,-23.508066],[-52.087223,-23.50805],[-52.087226,-23.507995],[-52.087209,-23.507957],[-52.087161,-23.507846],[-52.087098,-23.507763],[-52.087061,-23.507666],[-52.087018,-23.507551],[-52.086989,-23.507394],[-52.086987,-23.507171],[-52.08696,-23.50706],[-52.086921,-23.5069],[-52.086924,-23.506717],[-52.08685,-23.506524],[-52.086792,-23.506429],[-52.086735,-23.506353],[-52.086643,-23.50621],[-52.086512,-23.506056],[-52.086402,-23.505971],[-52.086323,-23.505905],[-52.086293,-23.505852],[-52.086254,-23.505793],[-52.086214,-23.505758],[-52.086174,-23.505741],[-52.086057,-23.505687],[-52.085959,-23.505642],[-52.085901,-23.505582],[-52.085835,-23.505494],[-52.085754,-23.505371],[-52.085632,-23.505218],[-52.085545,-23.505091],[-52.085501,-23.505016],[-52.085436,-23.5049],[-52.085403,-23.5048],[-52.085358,-23.504648],[-52.08532,-23.50458],[-52.085244,-23.504531],[-52.085208,-23.504497],[-52.085187,-23.504427],[-52.085174,-23.504337],[-52.085129,-23.504235],[-52.085082,-23.504157],[-52.085068,-23.504109],[-52.085072,-23.504019],[-52.085059,-23.503943],[-52.085016,-23.503895],[-52.08498,-23.503829],[-52.08497,-23.503779],[-52.084948,-23.503697],[-52.084884,-23.503497],[-52.084747,-23.503148],[-52.084663,-23.502982],[-52.084611,-23.502816],[-52.084571,-23.502674],[-52.084535,-23.502543],[-52.084499,-23.502335],[-52.084467,-23.502176],[-52.084446,-23.502119],[-52.084443,-23.502076],[-52.084444,-23.502033],[-52.084448,-23.501978],[-52.084455,-23.501938],[-52.084452,-23.501911],[-52.084435,-23.501878],[-52.0844,-23.501818],[-52.084324,-23.501677],[-52.084234,-23.501465],[-52.084188,-23.50133],[-52.084085,-23.501074],[-52.084029,-23.500942],[-52.083965,-23.500833],[-52.083934,-23.500763],[-52.083905,-23.500717],[-52.083857,-23.500668],[-52.083795,-23.500635],[-52.083688,-23.500584],[-52.083598,-23.500533],[-52.083532,-23.500493],[-52.083479,-23.500439],[-52.083456,-23.500423],[-52.083423,-23.500413],[-52.08337,-23.500398],[-52.083336,-23.50036],[-52.083322,-23.500299],[-52.083328,-23.500225],[-52.083336,-23.500131],[-52.083332,-23.500071],[-52.08332,-23.500039],[-52.083303,-23.500003],[-52.083268,-23.49996],[-52.083243,-23.499929],[-52.083223,-23.49985],[-52.083218,-23.499752],[-52.083213,-23.499637],[-52.083209,-23.499599],[-52.083187,-23.499559],[-52.083132,-23.499508],[-52.083092,-23.499478],[-52.083032,-23.499429],[-52.082981,-23.499364],[-52.082954,-23.499297],[-52.08295,-23.499234],[-52.082955,-23.499188],[-52.082959,-23.499152],[-52.082952,-23.499121],[-52.082939,-23.499106],[-52.082916,-23.499088],[-52.08288,-23.499074],[-52.082788,-23.499055],[-52.082732,-23.499038],[-52.082669,-23.499011],[-52.08264,-23.498988],[-52.08255,-23.498964],[-52.082499,-23.498944],[-52.082452,-23.498899],[-52.082412,-23.498839],[-52.08237,-23.498772],[-52.082313,-23.498713],[-52.082268,-23.498637],[-52.082254,-23.498586],[-52.082203,-23.49854],[-52.082167,-23.49851],[-52.082166,-23.498489],[-52.082195,-23.498456],[-52.082242,-23.498408],[-52.082245,-23.498372],[-52.082233,-23.498332],[-52.082203,-23.498305],[-52.082174,-23.4983],[-52.082132,-23.498295],[-52.082056,-23.498276],[-52.082028,-23.49826],[-52.082005,-23.498229],[-52.081977,-23.498144],[-52.08193,-23.498066],[-52.081897,-23.498023],[-52.081887,-23.497964],[-52.081896,-23.497885],[-52.0819,-23.497828],[-52.081877,-23.49775],[-52.081827,-23.497723],[-52.081758,-23.49772],[-52.081657,-23.497722],[-52.081605,-23.49769],[-52.081573,-23.497635],[-52.081525,-23.497526],[-52.081434,-23.497399],[-52.08132,-23.497296],[-52.081222,-23.497222],[-52.081159,-23.497127],[-52.081097,-23.496979],[-52.081052,-23.49679],[-52.081037,-23.496708],[-52.080991,-23.496597],[-52.080897,-23.496536],[-52.080674,-23.4964],[-52.080424,-23.496301],[-52.080129,-23.496194],[-52.079946,-23.496063],[-52.07976,-23.495946],[-52.079379,-23.495759],[-52.079221,-23.495678],[-52.079087,-23.495549],[-52.079017,-23.495418],[-52.079006,-23.495306],[-52.078973,-23.495219],[-52.078937,-23.495185],[-52.078902,-23.495178],[-52.078828,-23.495154],[-52.078797,-23.495091],[-52.078772,-23.495013],[-52.078719,-23.494947],[-52.078657,-23.494883],[-52.078572,-23.494835],[-52.078498,-23.494786],[-52.078436,-23.494737],[-52.078391,-23.494688],[-52.078344,-23.494644],[-52.078295,-23.494613],[-52.078247,-23.494563],[-52.078211,-23.49451],[-52.078194,-23.494452],[-52.078152,-23.494286],[-52.078124,-23.494234],[-52.078035,-23.494155],[-52.077944,-23.494062],[-52.077845,-23.493955],[-52.077802,-23.493861],[-52.077792,-23.493798],[-52.077785,-23.493735],[-52.077773,-23.493696],[-52.077752,-23.493665],[-52.077718,-23.493648],[-52.077668,-23.493647],[-52.077609,-23.49364],[-52.077563,-23.493629],[-52.0775,-23.493595],[-52.077446,-23.493539],[-52.077376,-23.49347],[-52.077324,-23.493403],[-52.077183,-23.493222],[-52.077146,-23.493188],[-52.077109,-23.493152],[-52.077063,-23.493128],[-52.077004,-23.493117],[-52.076955,-23.493131],[-52.076928,-23.493148],[-52.076914,-23.493168],[-52.076886,-23.493229],[-52.076857,-23.493272],[-52.076828,-23.493295],[-52.076748,-23.493308],[-52.076653,-23.4933],[-52.076587,-23.493275],[-52.076565,-23.493242],[-52.076567,-23.493198],[-52.076575,-23.493174],[-52.076617,-23.493108],[-52.076674,-23.493062],[-52.076694,-23.493021],[-52.0767,-23.492991],[-52.076681,-23.492966],[-52.07665,-23.49296],[-52.076609,-23.492947],[-52.076592,-23.492919],[-52.07659,-23.492867],[-52.076554,-23.492807],[-52.076485,-23.492762],[-52.076416,-23.492736],[-52.076326,-23.492733],[-52.076292,-23.492706],[-52.076282,-23.492662],[-52.076297,-23.492603],[-52.076278,-23.492572],[-52.076233,-23.492538],[-52.076226,-23.492498],[-52.076253,-23.492463],[-52.076291,-23.492434],[-52.076376,-23.492369],[-52.076404,-23.492323],[-52.076411,-23.492271],[-52.076411,-23.492222],[-52.076391,-23.492114],[-52.07632,-23.491968],[-52.076235,-23.491862],[-52.076183,-23.491808],[-52.0761,-23.491759],[-52.076047,-23.491751],[-52.075996,-23.491766],[-52.07595,-23.491795],[-52.075906,-23.491785],[-52.075864,-23.491752],[-52.075801,-23.491659],[-52.075734,-23.491534],[-52.075682,-23.491396],[-52.075627,-23.491283],[-52.075556,-23.491199],[-52.075414,-23.491095],[-52.07533,-23.491013],[-52.075261,-23.490926],[-52.075215,-23.490836],[-52.075112,-23.490693],[-52.075089,-23.490653],[-52.075073,-23.490602],[-52.075064,-23.490541],[-52.07508,-23.490463],[-52.075078,-23.4904],[-52.075017,-23.490266],[-52.074989,-23.490138],[-52.075004,-23.490058],[-52.075016,-23.489992],[-52.075001,-23.489879],[-52.074955,-23.489775],[-52.074887,-23.489687],[-52.07482,-23.489617],[-52.074716,-23.489584],[-52.074607,-23.489566],[-52.074557,-23.489536],[-52.074527,-23.48946],[-52.074497,-23.489363],[-52.074446,-23.489232],[-52.074396,-23.489103],[-52.074316,-23.488955],[-52.074223,-23.488802],[-52.074133,-23.488715],[-52.074026,-23.488611],[-52.07391,-23.488487],[-52.073855,-23.488436],[-52.073774,-23.488381],[-52.073638,-23.488329],[-52.073568,-23.488287],[-52.073501,-23.488229],[-52.073429,-23.488142],[-52.073321,-23.488053],[-52.073203,-23.487959],[-52.073075,-23.487856],[-52.072989,-23.487757],[-52.072927,-23.487651],[-52.072872,-23.487512],[-52.072848,-23.487474],[-52.072804,-23.487461],[-52.072761,-23.487441],[-52.072734,-23.487383],[-52.072704,-23.487287],[-52.072705,-23.48717],[-52.072685,-23.487097],[-52.072665,-23.487071],[-52.072632,-23.487044],[-52.072592,-23.487041],[-52.072491,-23.48707],[-52.072438,-23.4871],[-52.072393,-23.487097],[-52.072345,-23.48707],[-52.07231,-23.487033],[-52.072268,-23.487005],[-52.072205,-23.486987],[-52.07213,-23.486925],[-52.072069,-23.486778],[-52.071984,-23.486606],[-52.071835,-23.486398],[-52.071643,-23.486073],[-52.07152,-23.485837],[-52.071468,-23.485711],[-52.071438,-23.485578],[-52.07133,-23.485253],[-52.071321,-23.48519],[-52.071297,-23.485121],[-52.071277,-23.485065],[-52.071235,-23.484996],[-52.071202,-23.484957],[-52.071162,-23.484943],[-52.071086,-23.484937],[-52.071048,-23.484931],[-52.071016,-23.484919],[-52.071,-23.484891],[-52.070989,-23.484871],[-52.070955,-23.484813],[-52.070891,-23.484769],[-52.070854,-23.48474],[-52.07083,-23.48471],[-52.070819,-23.484676],[-52.070808,-23.484659],[-52.070786,-23.484648],[-52.070751,-23.484646],[-52.070691,-23.484647],[-52.070646,-23.484639],[-52.070627,-23.484619],[-52.070617,-23.484578],[-52.070598,-23.484535],[-52.070549,-23.4845],[-52.070491,-23.484468],[-52.070354,-23.484413],[-52.070177,-23.48438],[-52.070015,-23.484361],[-52.069919,-23.484333],[-52.069847,-23.484292],[-52.069746,-23.484229],[-52.06966,-23.484185],[-52.069514,-23.484145],[-52.069406,-23.484088],[-52.069285,-23.484062],[-52.0692,-23.484042],[-52.069134,-23.484001],[-52.069096,-23.483962],[-52.069071,-23.48392],[-52.069054,-23.483904],[-52.069011,-23.483889],[-52.06893,-23.483882],[-52.068859,-23.48387],[-52.06881,-23.483853],[-52.068778,-23.483828],[-52.06864,-23.483732],[-52.068573,-23.48368],[-52.068501,-23.483616],[-52.068429,-23.483568],[-52.068373,-23.483519],[-52.068311,-23.483476],[-52.068247,-23.48345],[-52.068166,-23.483435],[-52.068056,-23.483414],[-52.067986,-23.483389],[-52.067934,-23.483367],[-52.067841,-23.483328],[-52.06777,-23.483305],[-52.067691,-23.483288],[-52.067631,-23.483262],[-52.067571,-23.483225],[-52.067469,-23.483129],[-52.067353,-23.483034],[-52.067245,-23.482971],[-52.067146,-23.482933],[-52.067076,-23.482916],[-52.06705,-23.482901],[-52.067036,-23.482873],[-52.067006,-23.482783],[-52.066975,-23.482727],[-52.066918,-23.482646],[-52.066882,-23.482596],[-52.066841,-23.482495],[-52.066808,-23.482465],[-52.066753,-23.482459],[-52.066691,-23.482468],[-52.066651,-23.482463],[-52.066627,-23.482445],[-52.066626,-23.482381],[-52.066591,-23.482307],[-52.066537,-23.482276],[-52.066442,-23.482236],[-52.066409,-23.482213],[-52.066383,-23.482184],[-52.066257,-23.482035],[-52.066049,-23.481898],[-52.065918,-23.481792],[-52.065771,-23.481674],[-52.065521,-23.481511],[-52.065139,-23.481279],[-52.064973,-23.481175],[-52.064843,-23.481053],[-52.064819,-23.480986],[-52.064795,-23.48089],[-52.064756,-23.480797],[-52.064699,-23.480733],[-52.06463,-23.480681],[-52.064549,-23.480603],[-52.064476,-23.480559],[-52.064377,-23.480501],[-52.064272,-23.480419],[-52.064088,-23.480222],[-52.063997,-23.480124],[-52.06391,-23.480057],[-52.063733,-23.479917],[-52.063551,-23.479797],[-52.063447,-23.479736],[-52.063379,-23.479685],[-52.063193,-23.479545],[-52.063071,-23.479412],[-52.06295,-23.479184],[-52.062913,-23.479092],[-52.062877,-23.479036],[-52.062844,-23.479011],[-52.062602,-23.478862],[-52.062386,-23.478721],[-52.062305,-23.478672],[-52.062224,-23.478629],[-52.062137,-23.478604],[-52.062025,-23.478573],[-52.061953,-23.478539],[-52.061818,-23.478461],[-52.061643,-23.478344],[-52.061596,-23.478297],[-52.061524,-23.478239],[-52.061464,-23.478205],[-52.061403,-23.478178],[-52.061294,-23.478156],[-52.061218,-23.478135],[-52.061144,-23.478103],[-52.061089,-23.478074],[-52.060882,-23.477931],[-52.060748,-23.477849],[-52.060706,-23.477817],[-52.059937,-23.477213],[-52.059628,-23.476954],[-52.059425,-23.476767],[-52.05926,-23.476599],[-52.059184,-23.476522],[-52.059108,-23.476472],[-52.059055,-23.476445],[-52.05897,-23.476425],[-52.058928,-23.476405],[-52.058785,-23.476327],[-52.05868,-23.476281],[-52.058568,-23.476264],[-52.058497,-23.476247],[-52.058477,-23.476221],[-52.058474,-23.476202],[-52.058476,-23.476178],[-52.058512,-23.476123],[-52.058518,-23.476093],[-52.058512,-23.476071],[-52.058494,-23.47605],[-52.058468,-23.476042],[-52.05843,-23.476054],[-52.058386,-23.476056],[-52.058359,-23.476031],[-52.058349,-23.475996],[-52.058341,-23.475934],[-52.058322,-23.4759],[-52.058278,-23.475863],[-52.058222,-23.475816],[-52.058167,-23.475779],[-52.058117,-23.475761],[-52.057972,-23.475768],[-52.057873,-23.475757],[-52.057785,-23.475714],[-52.057688,-23.47562],[-52.057561,-23.475532],[-52.057464,-23.475475],[-52.057335,-23.4754],[-52.057241,-23.475329],[-52.057188,-23.475299],[-52.05714,-23.475285],[-52.057096,-23.475272],[-52.057016,-23.475269],[-52.056966,-23.475253],[-52.056901,-23.475215],[-52.056723,-23.475125],[-52.056657,-23.475091],[-52.056469,-23.474997],[-52.056255,-23.474913],[-52.056012,-23.474844],[-52.055926,-23.474794],[-52.055869,-23.474761],[-52.055818,-23.474755],[-52.055771,-23.474749],[-52.055723,-23.474733],[-52.055686,-23.474706],[-52.05566,-23.474676],[-52.055641,-23.474652],[-52.055581,-23.474608],[-52.055537,-23.474601],[-52.055481,-23.474596],[-52.055438,-23.474578],[-52.055405,-23.474557],[-52.055381,-23.474521],[-52.055368,-23.474472],[-52.055341,-23.474429],[-52.055296,-23.474406],[-52.055187,-23.474393],[-52.055012,-23.474361],[-52.054947,-23.474345],[-52.054918,-23.474315],[-52.054894,-23.474247],[-52.054856,-23.474169],[-52.054791,-23.47409],[-52.054766,-23.474061],[-52.054679,-23.474024],[-52.054571,-23.474013],[-52.054465,-23.474013],[-52.054384,-23.47402],[-52.054284,-23.474005],[-52.054176,-23.473966],[-52.054074,-23.473909],[-52.05399,-23.473878],[-52.053922,-23.473851],[-52.053828,-23.473826],[-52.05373,-23.473792],[-52.053654,-23.47376],[-52.053604,-23.473719],[-52.053573,-23.47368],[-52.053538,-23.47363],[-52.05351,-23.473612],[-52.053469,-23.473599],[-52.053388,-23.473598],[-52.053299,-23.473624],[-52.053186,-23.473645],[-52.053113,-23.473677],[-52.053061,-23.473691],[-52.053004,-23.473693],[-52.052952,-23.473672],[-52.052898,-23.473641],[-52.052869,-23.473617],[-52.0528,-23.473558],[-52.052737,-23.473505],[-52.052679,-23.47347],[-52.052585,-23.473442],[-52.052479,-23.473408],[-52.052342,-23.473363],[-52.052197,-23.473327],[-52.052101,-23.473317],[-52.052026,-23.473325],[-52.051934,-23.473362],[-52.0518,-23.473404],[-52.051697,-23.473421],[-52.051629,-23.473405],[-52.051549,-23.47337],[-52.051446,-23.473317],[-52.051403,-23.473302],[-52.051339,-23.473279],[-52.051152,-23.473223],[-52.05105,-23.473191],[-52.050924,-23.473155],[-52.050852,-23.47313],[-52.050806,-23.473101],[-52.050779,-23.473084],[-52.050755,-23.473074],[-52.050678,-23.473059],[-52.050587,-23.473056],[-52.050511,-23.473043],[-52.050442,-23.473006],[-52.050392,-23.472938],[-52.05037,-23.472869],[-52.05033,-23.472803],[-52.05026,-23.472759],[-52.050185,-23.472744],[-52.050114,-23.472733],[-52.050021,-23.472705],[-52.049882,-23.472657],[-52.049786,-23.472623],[-52.049699,-23.472607],[-52.049626,-23.472622],[-52.049547,-23.472664],[-52.049479,-23.472676],[-52.04941,-23.472645],[-52.049334,-23.472576],[-52.049248,-23.472494],[-52.049166,-23.472417],[-52.049085,-23.472326],[-52.049003,-23.472262],[-52.048868,-23.472215],[-52.04881,-23.472191],[-52.04878,-23.472144],[-52.048778,-23.47207],[-52.04877,-23.472019],[-52.048743,-23.471961],[-52.048704,-23.471935],[-52.048607,-23.471909],[-52.048502,-23.471899],[-52.048438,-23.471883],[-52.048363,-23.471868],[-52.048221,-23.471822],[-52.048089,-23.471773],[-52.048,-23.471729],[-52.047851,-23.471669],[-52.047808,-23.471653],[-52.047731,-23.471598],[-52.047665,-23.47153],[-52.047615,-23.471439],[-52.047547,-23.471354],[-52.047408,-23.471236],[-52.047337,-23.471191],[-52.047175,-23.471089],[-52.046953,-23.470901],[-52.046812,-23.470781],[-52.046774,-23.470739],[-52.04675,-23.470698],[-52.046733,-23.47064],[-52.046703,-23.470595],[-52.046637,-23.470533],[-52.046534,-23.470448],[-52.046448,-23.470376],[-52.046384,-23.470333],[-52.046307,-23.470288],[-52.046257,-23.470257],[-52.046218,-23.470218],[-52.046116,-23.470101],[-52.045992,-23.470004],[-52.045894,-23.469894],[-52.045853,-23.469813],[-52.04581,-23.469747],[-52.045738,-23.469677],[-52.045617,-23.469594],[-52.045556,-23.469555],[-52.045446,-23.469517],[-52.045354,-23.469502],[-52.045294,-23.469472],[-52.045239,-23.469425],[-52.045204,-23.469371],[-52.045164,-23.469281],[-52.045106,-23.469162],[-52.045066,-23.46912],[-52.045008,-23.469085],[-52.044929,-23.469056],[-52.044892,-23.469044],[-52.044851,-23.469013],[-52.044815,-23.468962],[-52.04478,-23.468909],[-52.04474,-23.468879],[-52.044587,-23.468848],[-52.04451,-23.468816],[-52.04439,-23.468801],[-52.044288,-23.468768],[-52.044144,-23.468688],[-52.04408,-23.468643],[-52.043942,-23.468554],[-52.043663,-23.468416],[-52.043267,-23.468225],[-52.043117,-23.468161],[-52.042971,-23.46808],[-52.042847,-23.468033],[-52.042636,-23.467933],[-52.042412,-23.467865],[-52.042293,-23.467836],[-52.0422,-23.46777],[-52.042165,-23.467694],[-52.04214,-23.467652],[-52.042088,-23.467604],[-52.042054,-23.467499],[-52.042034,-23.467437],[-52.042013,-23.467374],[-52.041975,-23.46735],[-52.041972,-23.467348],[-52.041933,-23.467344],[-52.041903,-23.46735],[-52.041828,-23.467383],[-52.041783,-23.467406],[-52.041732,-23.467429],[-52.041647,-23.467427],[-52.041592,-23.467407],[-52.041526,-23.467377],[-52.041409,-23.467336],[-52.041319,-23.467249],[-52.04124,-23.467198],[-52.041176,-23.467175],[-52.041106,-23.46716],[-52.041014,-23.46717],[-52.040904,-23.467168],[-52.040841,-23.467163],[-52.040793,-23.467148],[-52.040702,-23.467101],[-52.040596,-23.467046],[-52.040506,-23.467017],[-52.040122,-23.466896],[-52.039719,-23.466802],[-52.039507,-23.466762],[-52.039365,-23.466739],[-52.039089,-23.466713],[-52.038583,-23.466708],[-52.038176,-23.466723],[-52.037979,-23.466759],[-52.037795,-23.466779],[-52.037619,-23.466785],[-52.037455,-23.46679],[-52.037308,-23.466788],[-52.037183,-23.466764],[-52.037087,-23.466761],[-52.036975,-23.466773],[-52.036903,-23.466781],[-52.036849,-23.466793],[-52.036811,-23.466811],[-52.036782,-23.466828],[-52.036732,-23.466859],[-52.036609,-23.466896],[-52.036457,-23.466923],[-52.036298,-23.466941],[-52.036123,-23.466943],[-52.035955,-23.46694],[-52.03587,-23.466932],[-52.035774,-23.466921],[-52.035723,-23.466919],[-52.035675,-23.466929],[-52.035588,-23.466956],[-52.03553,-23.466972],[-52.035506,-23.466975],[-52.035484,-23.466971],[-52.0354,-23.46695],[-52.035344,-23.466943],[-52.035293,-23.466942],[-52.03525,-23.466949],[-52.035212,-23.466952],[-52.035193,-23.466965],[-52.035192,-23.46698],[-52.035209,-23.46702],[-52.035213,-23.467051],[-52.035202,-23.467069],[-52.035154,-23.467087],[-52.035086,-23.467106],[-52.035039,-23.46711],[-52.035007,-23.467118],[-52.034957,-23.467138],[-52.034899,-23.467169],[-52.034871,-23.467168],[-52.034844,-23.467159],[-52.03482,-23.467146],[-52.034808,-23.467143],[-52.034794,-23.467145],[-52.034779,-23.467155],[-52.034768,-23.467166],[-52.034751,-23.467183],[-52.034713,-23.467213],[-52.034673,-23.467234],[-52.034586,-23.467254],[-52.034541,-23.467258],[-52.034501,-23.467257],[-52.03443,-23.467261],[-52.034345,-23.467268],[-52.034256,-23.467287],[-52.034187,-23.467322],[-52.034106,-23.467355],[-52.034018,-23.467357],[-52.033971,-23.467348],[-52.033926,-23.467335],[-52.033894,-23.467321],[-52.033865,-23.467302],[-52.033835,-23.467287],[-52.0338,-23.467275],[-52.033756,-23.467273],[-52.033709,-23.467284],[-52.033656,-23.467306],[-52.033584,-23.467355],[-52.033504,-23.467405],[-52.033441,-23.467447],[-52.033378,-23.467484],[-52.033305,-23.467515],[-52.033238,-23.467535],[-52.033159,-23.46756],[-52.033102,-23.467569],[-52.033045,-23.467566],[-52.032989,-23.467562],[-52.032942,-23.467567],[-52.032902,-23.467585],[-52.032826,-23.467631],[-52.032758,-23.467651],[-52.032693,-23.467655],[-52.032612,-23.467645],[-52.03258,-23.467643],[-52.03255,-23.467647],[-52.032508,-23.467662],[-52.032469,-23.46767],[-52.032429,-23.467666],[-52.032394,-23.467654],[-52.032369,-23.467658],[-52.032344,-23.46767],[-52.032319,-23.467685],[-52.032288,-23.467716],[-52.032266,-23.467737],[-52.032239,-23.467752],[-52.032183,-23.467767],[-52.032148,-23.467776],[-52.032094,-23.467795],[-52.032061,-23.467815],[-52.032041,-23.46785],[-52.032017,-23.467907],[-52.031988,-23.467965],[-52.031955,-23.467991],[-52.031895,-23.468019],[-52.03184,-23.468038],[-52.031798,-23.468041],[-52.031752,-23.468043],[-52.031708,-23.468053],[-52.031682,-23.468061],[-52.031604,-23.468085],[-52.03157,-23.468107],[-52.03154,-23.468134],[-52.031471,-23.468197],[-52.031437,-23.46822],[-52.031405,-23.468234],[-52.031288,-23.468269],[-52.031266,-23.468265],[-52.031255,-23.468252],[-52.031253,-23.468228],[-52.031248,-23.468193],[-52.031237,-23.46817],[-52.031219,-23.468165],[-52.031189,-23.468166],[-52.031152,-23.46818],[-52.031117,-23.468193],[-52.031077,-23.468202],[-52.031048,-23.468209],[-52.031017,-23.468223],[-52.030971,-23.468251],[-52.030951,-23.468261],[-52.030928,-23.468273],[-52.030899,-23.468277],[-52.030872,-23.468281],[-52.03079,-23.468313],[-52.03069,-23.468354],[-52.030604,-23.468376],[-52.03056,-23.468385],[-52.030516,-23.468385],[-52.030472,-23.468367],[-52.03044,-23.468344],[-52.030411,-23.468332],[-52.030374,-23.468329],[-52.030332,-23.468337],[-52.030173,-23.468379],[-52.030087,-23.468398],[-52.030032,-23.468409],[-52.029981,-23.468411],[-52.029927,-23.468407],[-52.029838,-23.468388],[-52.02977,-23.468389],[-52.0297,-23.468399],[-52.029655,-23.468418],[-52.029608,-23.468445],[-52.029533,-23.468499],[-52.029435,-23.468554],[-52.029347,-23.468581],[-52.029271,-23.468585],[-52.029175,-23.468593],[-52.029126,-23.468588],[-52.029088,-23.468574],[-52.028981,-23.468506],[-52.028933,-23.468484],[-52.028885,-23.468471],[-52.02871,-23.468453],[-52.028582,-23.468425],[-52.02853,-23.468387],[-52.028496,-23.468355],[-52.028465,-23.468306],[-52.028433,-23.468238],[-52.028393,-23.468154],[-52.028376,-23.468076],[-52.028348,-23.468012],[-52.028335,-23.467952],[-52.028318,-23.467931],[-52.028291,-23.467919],[-52.028212,-23.467866],[-52.028159,-23.467828],[-52.028107,-23.467806],[-52.028038,-23.467783],[-52.028008,-23.467776],[-52.02797,-23.467771],[-52.027879,-23.467791],[-52.02781,-23.467796],[-52.027735,-23.467782],[-52.027653,-23.467777],[-52.027579,-23.467772],[-52.027512,-23.467771],[-52.027485,-23.467774],[-52.027467,-23.46778],[-52.027439,-23.467797],[-52.027409,-23.467796],[-52.027376,-23.467787],[-52.027321,-23.467773],[-52.027286,-23.46776],[-52.027259,-23.467746],[-52.027238,-23.467733],[-52.02722,-23.467721],[-52.027192,-23.467708],[-52.027174,-23.467706],[-52.027158,-23.467708],[-52.027097,-23.467731],[-52.027074,-23.467749],[-52.027063,-23.46777],[-52.027045,-23.467787],[-52.027027,-23.467802],[-52.027007,-23.467802],[-52.026988,-23.467797],[-52.026973,-23.467782],[-52.026953,-23.467745],[-52.026943,-23.46773],[-52.026931,-23.467721],[-52.026905,-23.467716],[-52.026847,-23.46772],[-52.026788,-23.467723],[-52.026757,-23.467719],[-52.026728,-23.467705],[-52.026678,-23.467667],[-52.026608,-23.467618],[-52.026546,-23.467564],[-52.026526,-23.467535],[-52.026522,-23.467511],[-52.026536,-23.467487],[-52.026562,-23.467471],[-52.026563,-23.467457],[-52.026552,-23.467446],[-52.026521,-23.467424],[-52.026474,-23.467396],[-52.026381,-23.467321],[-52.026367,-23.467303],[-52.026346,-23.467289],[-52.026309,-23.467286],[-52.026242,-23.467289],[-52.026213,-23.467295],[-52.026176,-23.467292],[-52.026141,-23.467275],[-52.026121,-23.467271],[-52.026098,-23.467268],[-52.026076,-23.467267],[-52.026036,-23.46727],[-52.026001,-23.467264],[-52.025971,-23.467244],[-52.025946,-23.467213],[-52.025864,-23.46712],[-52.025814,-23.467071],[-52.025781,-23.467041],[-52.025746,-23.467005],[-52.025687,-23.466976],[-52.025621,-23.466958],[-52.025549,-23.466957],[-52.025515,-23.466956],[-52.025479,-23.466946],[-52.025444,-23.466932],[-52.025372,-23.466901],[-52.025344,-23.46688],[-52.025326,-23.466856],[-52.025285,-23.466791],[-52.025252,-23.466756],[-52.025171,-23.466711],[-52.024933,-23.466558],[-52.02481,-23.466467],[-52.024762,-23.466418],[-52.02474,-23.466363],[-52.024711,-23.46632],[-52.024663,-23.466274],[-52.024629,-23.466255],[-52.024581,-23.466227],[-52.024571,-23.46622],[-52.024562,-23.466206],[-52.02455,-23.466178],[-52.024544,-23.466163],[-52.024503,-23.466138],[-52.024453,-23.46611],[-52.024379,-23.466086],[-52.024301,-23.466069],[-52.024252,-23.466054],[-52.024221,-23.466044],[-52.024148,-23.466024],[-52.024092,-23.466004],[-52.024068,-23.465996],[-52.024051,-23.465983],[-52.024009,-23.465954],[-52.023966,-23.465927],[-52.023917,-23.465896],[-52.023875,-23.465884],[-52.023835,-23.46588],[-52.023786,-23.465887],[-52.023757,-23.46589],[-52.023732,-23.465888],[-52.023653,-23.46588],[-52.023571,-23.465874],[-52.023481,-23.465859],[-52.023437,-23.46586],[-52.023412,-23.465861],[-52.023381,-23.465856],[-52.023306,-23.465838],[-52.02325,-23.465824],[-52.023199,-23.465803],[-52.023122,-23.465754],[-52.023099,-23.465744],[-52.023069,-23.465736],[-52.022944,-23.465698],[-52.022896,-23.465675],[-52.022852,-23.465658],[-52.022819,-23.465642],[-52.02278,-23.465621],[-52.022736,-23.465583],[-52.022655,-23.465517],[-52.022596,-23.465489],[-52.022567,-23.465481],[-52.022538,-23.465477],[-52.022493,-23.465473],[-52.022467,-23.465468],[-52.022436,-23.465459],[-52.022359,-23.465426],[-52.022281,-23.465386],[-52.022231,-23.465356],[-52.022172,-23.465321],[-52.022147,-23.465311],[-52.022127,-23.465308],[-52.022083,-23.465313],[-52.022052,-23.46531],[-52.022029,-23.465301],[-52.022018,-23.465292],[-52.021982,-23.465244],[-52.021939,-23.465194],[-52.021905,-23.465157],[-52.02188,-23.465138],[-52.021861,-23.465129],[-52.021834,-23.465124],[-52.021775,-23.465114],[-52.021729,-23.465101],[-52.021676,-23.46509],[-52.021637,-23.465086],[-52.021606,-23.465086],[-52.021567,-23.465083],[-52.021493,-23.465062],[-52.021436,-23.465028],[-52.021397,-23.46499],[-52.021337,-23.464943],[-52.021284,-23.464909],[-52.021193,-23.464851],[-52.021164,-23.464833],[-52.021133,-23.464811],[-52.02111,-23.464799],[-52.021089,-23.464787],[-52.021075,-23.464776],[-52.021049,-23.464752],[-52.021025,-23.464735],[-52.020996,-23.464719],[-52.020939,-23.464691],[-52.020874,-23.464648],[-52.020813,-23.464605],[-52.020769,-23.464578],[-52.02074,-23.46456],[-52.020697,-23.464523],[-52.020648,-23.464487],[-52.020589,-23.464458],[-52.020517,-23.464425],[-52.020459,-23.464391],[-52.020411,-23.46436],[-52.020346,-23.464323],[-52.020319,-23.464297],[-52.020298,-23.464266],[-52.020267,-23.46424],[-52.020176,-23.464179],[-52.020108,-23.464143],[-52.020048,-23.464117],[-52.020006,-23.464101],[-52.019965,-23.464096],[-52.01993,-23.464083],[-52.019907,-23.464069],[-52.019856,-23.464027],[-52.019796,-23.463971],[-52.019767,-23.463945],[-52.019734,-23.46392],[-52.019675,-23.463894],[-52.019626,-23.463867],[-52.019554,-23.463828],[-52.019524,-23.463798],[-52.019497,-23.463774],[-52.019482,-23.463765],[-52.019447,-23.463745],[-52.019417,-23.463715],[-52.01937,-23.463673],[-52.019321,-23.463639],[-52.019299,-23.463619],[-52.019277,-23.46359],[-52.019256,-23.463575],[-52.019234,-23.463553],[-52.019205,-23.463523],[-52.01917,-23.463501],[-52.019145,-23.463488],[-52.019066,-23.463441],[-52.01899,-23.463404],[-52.018946,-23.463371],[-52.018919,-23.463339],[-52.018893,-23.463314],[-52.01882,-23.463268],[-52.018745,-23.4632],[-52.018719,-23.463162],[-52.01868,-23.463124],[-52.018665,-23.46311],[-52.018641,-23.463103],[-52.018615,-23.46311],[-52.018572,-23.463107],[-52.018536,-23.463097],[-52.018511,-23.463077],[-52.018501,-23.463055],[-52.018483,-23.462998],[-52.018456,-23.46297],[-52.01842,-23.462949],[-52.018349,-23.462917],[-52.01826,-23.462872],[-52.018176,-23.46281],[-52.018082,-23.462731],[-52.018071,-23.462723],[-52.018016,-23.462703],[-52.017925,-23.46267],[-52.017834,-23.462648],[-52.017763,-23.462648],[-52.017712,-23.462666],[-52.017655,-23.462667],[-52.017618,-23.462645],[-52.017591,-23.462604],[-52.017567,-23.462578],[-52.017529,-23.462555],[-52.017425,-23.462498],[-52.017388,-23.462472],[-52.017364,-23.462461],[-52.017303,-23.462437],[-52.017254,-23.462417],[-52.017215,-23.462397],[-52.017178,-23.462369],[-52.017147,-23.462344],[-52.017105,-23.462308],[-52.017055,-23.46227],[-52.017027,-23.462245],[-52.016996,-23.462225],[-52.016951,-23.462206],[-52.016914,-23.462184],[-52.016861,-23.462161],[-52.016812,-23.462136],[-52.016752,-23.462098],[-52.016704,-23.462053],[-52.016668,-23.462014],[-52.016635,-23.461972],[-52.016608,-23.461933],[-52.016585,-23.461899],[-52.016564,-23.461874],[-52.016543,-23.461857],[-52.016516,-23.461843],[-52.016441,-23.461813],[-52.016342,-23.461761],[-52.016286,-23.461716],[-52.016264,-23.461684],[-52.016243,-23.461641],[-52.016216,-23.461595],[-52.016188,-23.461571],[-52.016132,-23.461545],[-52.016067,-23.461503],[-52.015996,-23.461403],[-52.015944,-23.461361],[-52.015852,-23.461318],[-52.015788,-23.461277],[-52.015749,-23.461239],[-52.015719,-23.461156],[-52.015688,-23.461117],[-52.01564,-23.461088],[-52.015578,-23.461075],[-52.01552,-23.461057],[-52.015452,-23.461013],[-52.015402,-23.460968],[-52.015388,-23.46094],[-52.015379,-23.460923],[-52.015376,-23.460911],[-52.015375,-23.460882],[-52.015376,-23.460862],[-52.015376,-23.460823],[-52.015362,-23.460777],[-52.015311,-23.460711],[-52.015254,-23.460661],[-52.015217,-23.460639],[-52.015185,-23.460618],[-52.015113,-23.460573],[-52.015098,-23.460556],[-52.015076,-23.46051],[-52.015062,-23.460462],[-52.015045,-23.460437],[-52.01502,-23.460408],[-52.014989,-23.460357],[-52.014969,-23.460293],[-52.014952,-23.460251],[-52.014925,-23.460217],[-52.014879,-23.460174],[-52.014828,-23.460124],[-52.01476,-23.460076],[-52.014724,-23.460062],[-52.014685,-23.460036],[-52.014651,-23.460006],[-52.01463,-23.459968],[-52.014608,-23.459923],[-52.014588,-23.459894],[-52.014563,-23.459867],[-52.014525,-23.459836],[-52.014486,-23.45981],[-52.014443,-23.459782],[-52.014392,-23.45974],[-52.014341,-23.459677],[-52.014312,-23.459647],[-52.014202,-23.459541],[-52.014177,-23.459512],[-52.014125,-23.459481],[-52.014067,-23.459446],[-52.01401,-23.459383],[-52.013962,-23.459324],[-52.013877,-23.459232],[-52.013713,-23.459076],[-52.013645,-23.459005],[-52.013606,-23.458967],[-52.013587,-23.45896],[-52.013518,-23.458942],[-52.013486,-23.45893],[-52.013457,-23.458909],[-52.013437,-23.458881],[-52.013424,-23.458837],[-52.013406,-23.458709],[-52.013392,-23.458651],[-52.013371,-23.458625],[-52.013346,-23.458597],[-52.013297,-23.458572],[-52.013245,-23.458563],[-52.013197,-23.45856],[-52.013113,-23.458546],[-52.013071,-23.458542],[-52.01303,-23.458533],[-52.012999,-23.45852],[-52.012957,-23.458495],[-52.012884,-23.458452],[-52.012869,-23.458443],[-52.012859,-23.458431],[-52.012859,-23.458403],[-52.012861,-23.458373],[-52.012844,-23.458289],[-52.012818,-23.458248],[-52.012789,-23.458176],[-52.012757,-23.458137],[-52.012713,-23.4581],[-52.012661,-23.458075],[-52.012566,-23.458052],[-52.012508,-23.45801],[-52.012429,-23.457952],[-52.012394,-23.457935],[-52.012309,-23.457893],[-52.012228,-23.457824],[-52.012108,-23.457726],[-52.012055,-23.457688],[-52.01199,-23.457672],[-52.011832,-23.457613],[-52.011726,-23.45756],[-52.011636,-23.4575],[-52.011567,-23.457456],[-52.011486,-23.457425],[-52.011424,-23.457379],[-52.011387,-23.457337],[-52.011352,-23.457301],[-52.011312,-23.457282],[-52.011217,-23.45726],[-52.011159,-23.457244],[-52.010987,-23.457217],[-52.010924,-23.457217],[-52.010905,-23.457213],[-52.010886,-23.457198],[-52.010872,-23.457173],[-52.010878,-23.457135],[-52.010915,-23.457051],[-52.01093,-23.456999],[-52.010929,-23.456981],[-52.010916,-23.456959],[-52.010892,-23.456943],[-52.010845,-23.456919],[-52.01079,-23.456915],[-52.01074,-23.456931],[-52.010702,-23.456964],[-52.010646,-23.456989],[-52.010626,-23.456992],[-52.010603,-23.456982],[-52.010601,-23.45698],[-52.010589,-23.456953],[-52.010579,-23.456931],[-52.010547,-23.456899],[-52.010545,-23.456897],[-52.01048,-23.456882],[-52.010412,-23.456878],[-52.010362,-23.456869],[-52.010327,-23.456836],[-52.010265,-23.456799],[-52.010171,-23.456775],[-52.010113,-23.456727],[-52.010059,-23.456687],[-52.010024,-23.456678],[-52.009992,-23.456676],[-52.009881,-23.456685],[-52.009796,-23.456674],[-52.009715,-23.456663],[-52.009655,-23.456669],[-52.009555,-23.456705],[-52.009463,-23.456752],[-52.009429,-23.456753],[-52.009381,-23.456736],[-52.009344,-23.456706],[-52.009305,-23.456631],[-52.00923,-23.456506],[-52.009172,-23.456433],[-52.009125,-23.456359],[-52.009095,-23.45632],[-52.009051,-23.456295],[-52.00895,-23.45628],[-52.008869,-23.456283],[-52.00883,-23.456302],[-52.008776,-23.456311],[-52.008674,-23.45628],[-52.008516,-23.456241],[-52.008468,-23.456205],[-52.008409,-23.456149],[-52.008333,-23.456082],[-52.008295,-23.456052],[-52.008267,-23.456044],[-52.008238,-23.456051],[-52.008176,-23.456096],[-52.008101,-23.456163],[-52.008032,-23.456215],[-52.007983,-23.45624],[-52.007915,-23.45624],[-52.007842,-23.456239]],[[-52.007842,-23.456238],[-52.007747,-23.456203],[-52.007654,-23.456191],[-52.007511,-23.456196],[-52.00745,-23.456202],[-52.007312,-23.456232],[-52.007196,-23.456235],[-52.007016,-23.456214],[-52.005884,-23.456067],[-52.005119,-23.456018],[-52.004815,-23.456017],[-52.004614,-23.456068],[-52.004459,-23.456148],[-52.004288,-23.456196],[-52.004095,-23.456258],[-52.003948,-23.456356],[-52.003758,-23.456482],[-52.003593,-23.456654]]]}},
{"type":"Feature","properties":{"name":"Cór. Sem Denominação"},"geometry":{"type":"LineString","coordinates":[[-51.996049,-23.542605],[-51.996169,-23.542533],[-51.996324,-23.542452],[-51.996505,-23.542372],[-51.996733,-23.542264],[-51.99695,-23.542152],[-51.997183,-23.542051],[-51.997355,-23.541965],[-51.997466,-23.541905],[-51.997536,-23.541882],[-51.997683,-23.541849],[-51.997776,-23.541819],[-51.997888,-23.541763],[-51.997966,-23.541691],[-51.998036,-23.541643],[-51.998128,-23.541619],[-51.998196,-23.541596],[-51.998294,-23.541561],[-51.998399,-23.541521],[-51.998471,-23.541502],[-51.998527,-23.541489],[-51.998572,-23.541491],[-51.998623,-23.541503],[-51.998672,-23.541512],[-51.998734,-23.541516],[-51.998817,-23.541502],[-51.998928,-23.541471],[-51.999091,-23.541404],[-51.99925,-23.541341],[-51.999524,-23.54121],[-51.999613,-23.541177],[-51.999766,-23.541085],[-51.999915,-23.541012],[-52.000044,-23.540944],[-52.000122,-23.540918],[-52.000205,-23.540888],[-52.000293,-23.54089],[-52.000344,-23.540894],[-52.000415,-23.540886],[-52.00047,-23.540886],[-52.000528,-23.540874],[-52.000663,-23.54082],[-52.000835,-23.54077],[-52.001034,-23.540728],[-52.001214,-23.540667],[-52.001383,-23.540632],[-52.00154,-23.540602],[-52.001714,-23.540566],[-52.001911,-23.540552],[-52.002143,-23.540537],[-52.002298,-23.540515],[-52.002464,-23.540478],[-52.002627,-23.540431]]}},
{"type":"Feature","properties":{"name":"Cór. Sem Denominação"},"geometry":{"type":"LineString","coordinates":[[-51.883259,-23.345125],[-51.88334,-23.345011],[-51.883367,-23.344983],[-51.883377,-23.344959],[-51.883379,-23.344929],[-51.883383,-23.344911],[-51.883396,-23.344888],[-51.883417,-23.344855],[-51.883428,-23.344835],[-51.883438,-23.344811],[-51.883453,-23.344771],[-51.883494,-23.344704],[-51.883527,-23.344646],[-51.883572,-23.344581],[-51.883595,-23.344551],[-51.883613,-23.344528],[-51.883634,-23.344495],[-51.88365,-23.344459],[-51.883683,-23.344402],[-51.883731,-23.344347],[-51.883788,-23.344251],[-51.883807,-23.3442],[-51.883818,-23.344139],[-51.883828,-23.344094],[-51.883835,-23.344043],[-51.883869,-23.343875],[-51.883885,-23.343798],[-51.88391,-23.343717],[-51.883933,-23.343643],[-51.883946,-23.343593],[-51.883954,-23.343554],[-51.88397,-23.343484],[-51.883987,-23.343408],[-51.884005,-23.343351],[-51.884035,-23.34326],[-51.884046,-23.34317],[-51.884081,-23.343085],[-51.88415,-23.342976],[-51.884185,-23.342884],[-51.884221,-23.342807],[-51.884263,-23.342766],[-51.884306,-23.342698],[-51.884371,-23.34262],[-51.88441,-23.342552],[-51.884447,-23.342512],[-51.884491,-23.342465],[-51.884537,-23.342418],[-51.884565,-23.342367],[-51.884585,-23.342302],[-51.8846,-23.342226],[-51.884615,-23.342163],[-51.884646,-23.342119],[-51.884686,-23.342045],[-51.884738,-23.341969],[-51.884761,-23.341939],[-51.884806,-23.341838],[-51.884853,-23.341719],[-51.884914,-23.341591],[-51.88498,-23.34143],[-51.885013,-23.34137],[-51.885021,-23.341303],[-51.885041,-23.341196],[-51.885061,-23.341077],[-51.885097,-23.340989],[-51.885138,-23.340878],[-51.885142,-23.340806]]}},
{"type":"Feature","properties":{"name":"Rib. Floriano"},"geometry":{"type":"LineString","coordinates":[[-52.029786,-23.548163],[-52.029781,-23.548146],[-52.029799,-23.547996],[-52.02986,-23.547881],[-52.029926,-23.547743],[-52.029921,-23.547633],[-52.02991,-23.547523],[-52.029881,-23.547431],[-52.029866,-23.547343],[-52.029871,-23.54721],[-52.02988,-23.547062],[-52.029884,-23.546909],[-52.029897,-23.546818],[-52.029927,-23.546755],[-52.029933,-23.546703],[-52.029966,-23.546649],[-52.030031,-23.54647],[-52.030074,-23.546315],[-52.030159,-23.546195],[-52.030192,-23.546106],[-52.030206,-23.545979],[-52.030206,-23.545908],[-52.030208,-23.545845],[-52.030241,-23.545748],[-52.030271,-23.54563],[-52.030281,-23.545551],[-52.030312,-23.545483],[-52.030328,-23.545381],[-52.030338,-23.545295],[-52.030349,-23.545217],[-52.030348,-23.545176],[-52.030357,-23.545104],[-52.03035,-23.544995],[-52.030342,-23.544931],[-52.030279,-23.544869],[-52.029951,-23.544626],[-52.029853,-23.544499],[-52.029575,-23.544187],[-52.029473,-23.544013],[-52.029347,-23.543895],[-52.029236,-23.543817],[-52.029097,-23.54375],[-52.028871,-23.543637],[-52.028726,-23.543619],[-52.028591,-23.543663],[-52.028511,-23.543707],[-52.02847,-23.543745],[-52.028478,-23.543802],[-52.028525,-23.543881],[-52.028531,-23.543957],[-52.028467,-23.544015],[-52.028356,-23.544042],[-52.028226,-23.544043],[-52.028111,-23.544073],[-52.027892,-23.544249],[-52.027786,-23.544288],[-52.027659,-23.544313],[-52.027594,-23.544325],[-52.027333,-23.544413],[-52.027191,-23.544476],[-52.027003,-23.544592],[-52.026866,-23.544655],[-52.02655,-23.544681],[-52.02615,-23.54465],[-52.025955,-23.54458],[-52.02588,-23.544512],[-52.025847,-23.544461],[-52.025824,-23.544363],[-52.025839,-23.544294],[-52.02586,-23.54414],[-52.025943,-23.543842],[-52.026057,-23.543614],[-52.026239,-23.543096],[-52.026356,-23.5428],[-52.026406,-23.542612],[-52.026485,-23.54234],[-52.026507,-23.542225],[-52.026554,-23.54212],[-52.026576,-23.542007],[-52.026559,-23.541853],[-52.026495,-23.541714],[-52.026068,-23.541357],[-52.025985,-23.541306],[-52.025941,-23.541268],[-52.025896,-23.541202],[-52.025895,-23.541171],[-52.02593,-23.541132],[-52.026116,-23.541062],[-52.026161,-23.54102],[-52.026193,-23.540961],[-52.026191,-23.540909],[-52.026163,-23.540865],[-52.026051,-23.540773],[-52.025889,-23.540647],[-52.025754,-23.540576],[-52.025601,-23.540545],[-52.025476,-23.540468],[-52.025261,-23.540197],[-52.025162,-23.540038],[-52.024931,-23.539712],[-52.024688,-23.539448],[-52.024555,-23.53933],[-52.024442,-23.539187],[-52.024345,-23.539013],[-52.024312,-23.538885],[-52.024319,-23.538674],[-52.024284,-23.538447],[-52.024231,-23.538355],[-52.024207,-23.538242],[-52.024175,-23.538176],[-52.024105,-23.538109],[-52.024021,-23.538024],[-52.02401,-23.537909],[-52.024004,-23.537809],[-52.023992,-23.537693],[-52.023951,-23.537632],[-52.023953,-23.537589],[-52.023984,-23.53756],[-52.024093,-23.537574],[-52.02421,-23.537588],[-52.024267,-23.537554],[-52.024256,-23.537508],[-52.024221,-23.537456],[-52.024099,-23.537395],[-52.024001,-23.5373],[-52.023988,-23.537047],[-52.023939,-23.536813],[-52.02392,-23.536658],[-52.023867,-23.536543],[-52.023848,-23.536366],[-52.023873,-23.536242],[-52.023918,-23.536139],[-52.02399,-23.536024],[-52.024064,-23.535921],[-52.024154,-23.535784],[-52.024211,-23.535638],[-52.024182,-23.535573],[-52.02419,-23.535508],[-52.024224,-23.535435],[-52.024239,-23.535398],[-52.024294,-23.535364],[-52.024385,-23.535324],[-52.024511,-23.535288],[-52.024563,-23.535226],[-52.024573,-23.535144],[-52.024553,-23.535071],[-52.024518,-23.535019],[-52.024378,-23.534924],[-52.024209,-23.534788],[-52.024107,-23.53466],[-52.024116,-23.53461],[-52.024174,-23.534563],[-52.024346,-23.534521],[-52.024479,-23.534443],[-52.024516,-23.534287],[-52.02458,-23.534203],[-52.024621,-23.534095],[-52.024617,-23.533721],[-52.024559,-23.533433],[-52.024501,-23.533053],[-52.02433,-23.532648],[-52.024245,-23.532254],[-52.024226,-23.531931],[-52.024256,-23.531606],[-52.024243,-23.531149],[-52.02425,-23.530853],[-52.024274,-23.530611],[-52.024249,-23.530345],[-52.024172,-23.530102],[-52.024136,-23.52997],[-52.024116,-23.529838],[-52.024079,-23.529741],[-52.024055,-23.529665],[-52.024091,-23.529609],[-52.024196,-23.52958],[-52.024353,-23.529514],[-52.024388,-23.529427],[-52.024391,-23.529286],[-52.024431,-23.529056],[-52.024427,-23.528844],[-52.024434,-23.528618],[-52.024494,-23.528348],[-52.024541,-23.528238],[-52.024575,-23.528135],[-52.024586,-23.528057],[-52.02458,-23.527956],[-52.024588,-23.52791],[-52.024612,-23.527851],[-52.024649,-23.527792],[-52.024736,-23.527622],[-52.024772,-23.527533],[-52.024815,-23.527456],[-52.024818,-23.527406],[-52.024791,-23.527368],[-52.024748,-23.527359],[-52.024699,-23.527357],[-52.024617,-23.527369],[-52.02453,-23.527379],[-52.024457,-23.527408],[-52.024417,-23.527443],[-52.024388,-23.527516],[-52.024355,-23.527641],[-52.024333,-23.52768],[-52.024311,-23.527704],[-52.024269,-23.527713],[-52.024227,-23.527699],[-52.0242,-23.527662],[-52.024199,-23.527563],[-52.024204,-23.527351],[-52.024206,-23.527289],[-52.024217,-23.527196],[-52.024315,-23.527],[-52.024484,-23.526812],[-52.02468,-23.52669],[-52.024982,-23.526569],[-52.025174,-23.526541],[-52.025469,-23.526595],[-52.025597,-23.526646],[-52.025721,-23.526705],[-52.025749,-23.526713],[-52.025775,-23.526709],[-52.025812,-23.526682],[-52.025857,-23.526609],[-52.025895,-23.526541],[-52.025932,-23.526475],[-52.025952,-23.526418],[-52.025999,-23.526353],[-52.026038,-23.52631],[-52.026086,-23.526268],[-52.026152,-23.526206],[-52.026193,-23.526187],[-52.026246,-23.526201],[-52.026286,-23.526239],[-52.026347,-23.52628],[-52.026391,-23.526286],[-52.026417,-23.526271],[-52.02644,-23.526236],[-52.026467,-23.526159],[-52.026499,-23.52607],[-52.02653,-23.526004],[-52.026564,-23.525978],[-52.026642,-23.525946],[-52.026719,-23.525899],[-52.026728,-23.525886],[-52.026732,-23.525857],[-52.026717,-23.525797],[-52.026704,-23.525754],[-52.026686,-23.525695],[-52.026653,-23.525584],[-52.026651,-23.525408],[-52.026644,-23.525376],[-52.026631,-23.525319],[-52.026647,-23.525257],[-52.026648,-23.525193],[-52.026638,-23.525114],[-52.026642,-23.524976],[-52.02663,-23.52491],[-52.026619,-23.524847],[-52.026593,-23.524703],[-52.026582,-23.524649],[-52.026571,-23.524596],[-52.026575,-23.524562],[-52.026575,-23.524524],[-52.026564,-23.5245],[-52.026527,-23.524485],[-52.026439,-23.524403],[-52.026419,-23.524357],[-52.026428,-23.524304],[-52.026449,-23.524245],[-52.026469,-23.524182],[-52.026508,-23.524126],[-52.026532,-23.524066],[-52.026538,-23.524003],[-52.026509,-23.523934],[-52.026464,-23.523873],[-52.026457,-23.523823],[-52.026477,-23.523758],[-52.026495,-23.523698],[-52.026495,-23.523658],[-52.026476,-23.523633],[-52.026434,-23.523631],[-52.026398,-23.523651],[-52.026363,-23.523706],[-52.026315,-23.523762],[-52.026286,-23.523785],[-52.026237,-23.523784],[-52.026167,-23.523772],[-52.026086,-23.523749],[-52.02604,-23.523731],[-52.026008,-23.523701],[-52.025993,-23.523671],[-52.025985,-23.523636],[-52.025992,-23.523589],[-52.02602,-23.523506],[-52.026016,-23.523455],[-52.026005,-23.523434],[-52.025977,-23.523414],[-52.02596,-23.523404],[-52.025918,-23.523392],[-52.025877,-23.523374],[-52.025833,-23.523349],[-52.025805,-23.52332],[-52.025795,-23.523272],[-52.025842,-23.523194],[-52.025883,-23.523133],[-52.02589,-23.5231],[-52.025869,-23.523057],[-52.025823,-23.523017],[-52.025784,-23.523013],[-52.025752,-23.523036],[-52.025724,-23.523072],[-52.025687,-23.523089],[-52.025648,-23.523079],[-52.025608,-23.523058],[-52.025564,-23.523023],[-52.025538,-23.522981],[-52.025526,-23.522941],[-52.025528,-23.522922],[-52.025536,-23.522905],[-52.025547,-23.522888],[-52.025565,-23.522844],[-52.025579,-23.522808],[-52.025598,-23.522785],[-52.025622,-23.522732],[-52.025631,-23.522683],[-52.025657,-23.522643],[-52.025684,-23.52262],[-52.025719,-23.522594],[-52.025742,-23.522558],[-52.02569,-23.522478],[-52.025629,-23.522415],[-52.025596,-23.522366],[-52.025575,-23.52232],[-52.02557,-23.522281],[-52.025571,-23.522215],[-52.025582,-23.522118],[-52.0256,-23.522019],[-52.025571,-23.521853],[-52.02551,-23.521731],[-52.025491,-23.521692],[-52.025477,-23.521654],[-52.02546,-23.521593],[-52.025437,-23.521532],[-52.025417,-23.521442],[-52.025398,-23.521372],[-52.025332,-23.521256],[-52.025332,-23.521192],[-52.025324,-23.521164],[-52.025303,-23.521113],[-52.025279,-23.521009],[-52.025259,-23.520867],[-52.025259,-23.52079],[-52.025242,-23.520723],[-52.025202,-23.520635],[-52.025192,-23.520535],[-52.025193,-23.520443],[-52.025169,-23.520348],[-52.025143,-23.520263],[-52.025121,-23.520223],[-52.025066,-23.520185],[-52.024994,-23.520137],[-52.024884,-23.520072],[-52.02481,-23.520029],[-52.024782,-23.520008],[-52.02467,-23.519889],[-52.024603,-23.519831],[-52.024542,-23.519791],[-52.024484,-23.519711],[-52.024448,-23.519624],[-52.024435,-23.519503],[-52.024414,-23.519378],[-52.024385,-23.519239],[-52.024375,-23.519144],[-52.024381,-23.519067],[-52.02439,-23.519002],[-52.024377,-23.518943],[-52.024362,-23.518894],[-52.024326,-23.518814],[-52.024312,-23.518788],[-52.02428,-23.518736],[-52.02426,-23.518681],[-52.024247,-23.518597],[-52.024256,-23.518537],[-52.024243,-23.518499],[-52.024197,-23.518416],[-52.02415,-23.518372],[-52.024071,-23.518299],[-52.024028,-23.51824],[-52.024001,-23.518178],[-52.023943,-23.518097],[-52.023871,-23.517954],[-52.023796,-23.517726],[-52.023785,-23.517598],[-52.023798,-23.517505],[-52.023789,-23.517451],[-52.023777,-23.517406],[-52.023754,-23.517365],[-52.023735,-23.517337],[-52.023726,-23.517306],[-52.023718,-23.517241],[-52.023726,-23.517221],[-52.023748,-23.517201],[-52.023776,-23.517168],[-52.023821,-23.517091],[-52.023856,-23.517031],[-52.023851,-23.516985],[-52.023834,-23.516945],[-52.023797,-23.516908],[-52.023776,-23.516865],[-52.023784,-23.516736],[-52.023803,-23.516608],[-52.023826,-23.516524],[-52.023834,-23.516453],[-52.023836,-23.516414],[-52.02384,-23.516343],[-52.023838,-23.516305],[-52.023808,-23.516214],[-52.023792,-23.516175],[-52.023748,-23.516128],[-52.023711,-23.516112],[-52.023693,-23.516089],[-52.023689,-23.51605],[-52.023696,-23.515981],[-52.023704,-23.51593],[-52.023712,-23.515898],[-52.023721,-23.515847],[-52.023724,-23.515777],[-52.023705,-23.515738],[-52.023693,-23.515672],[-52.023687,-23.515632],[-52.023686,-23.515591],[-52.023695,-23.515514],[-52.023562,-23.51499],[-52.023437,-23.514642],[-52.023223,-23.514249],[-52.022923,-23.513778],[-52.022519,-23.51315],[-52.022216,-23.51288],[-52.021689,-23.512672],[-52.021266,-23.512513],[-52.020792,-23.512373],[-52.019755,-23.512001],[-52.019665,-23.511966],[-52.01947,-23.511913],[-52.01901,-23.511811],[-52.018695,-23.511785],[-52.018328,-23.511835],[-52.017494,-23.511946],[-52.017299,-23.511951],[-52.017189,-23.511938],[-52.017012,-23.511919],[-52.016843,-23.511865],[-52.016717,-23.51179],[-52.016611,-23.511703],[-52.016471,-23.511616],[-52.015942,-23.511374],[-52.015601,-23.511203],[-52.015453,-23.511089],[-52.015189,-23.510976],[-52.015075,-23.510867],[-52.014862,-23.510561],[-52.014242,-23.50971],[-52.014033,-23.509408],[-52.013782,-23.509126],[-52.013661,-23.508968],[-52.013603,-23.508767],[-52.013554,-23.508693],[-52.0134,-23.50843],[-52.013284,-23.508287],[-52.013118,-23.50809],[-52.013078,-23.508063],[-52.012751,-23.507728],[-52.012336,-23.507343],[-52.011945,-23.506927],[-52.011438,-23.506406],[-52.011019,-23.506164],[-52.010399,-23.505844],[-52.009831,-23.505633],[-52.00958,-23.505523],[-52.009455,-23.505467],[-52.009306,-23.505447],[-52.009161,-23.505486],[-52.008993,-23.50552],[-52.008902,-23.505587],[-52.008657,-23.505818],[-52.008493,-23.505938],[-52.008364,-23.505988],[-52.008172,-23.506028],[-52.007895,-23.506051],[-52.007649,-23.506109],[-52.007475,-23.506194],[-52.007244,-23.506331],[-52.007073,-23.506418],[-52.00688,-23.506484],[-52.006778,-23.506504],[-52.006529,-23.506512],[-52.006325,-23.506528],[-52.006115,-23.506549],[-52.006016,-23.506568],[-52.005913,-23.506574],[-52.0057,-23.506585],[-52.005522,-23.506574],[-52.005413,-23.506582],[-52.005307,-23.50663],[-52.005196,-23.506655],[-52.005004,-23.50662],[-52.004869,-23.506607],[-52.004718,-23.506591],[-52.004602,-23.506625],[-52.004517,-23.506671],[-52.004346,-23.506703],[-52.004077,-23.506712],[-52.00383,-23.506704],[-52.003571,-23.506675],[-52.003439,-23.506651],[-52.003182,-23.506579],[-52.002997,-23.506483],[-52.002867,-23.506405],[-52.002645,-23.506201],[-52.002541,-23.506106],[-52.002366,-23.505985],[-52.002156,-23.505845],[-52.001598,-23.505442],[-52.000934,-23.504932],[-52.000671,-23.504729],[-52.000362,-23.504551],[-52.000138,-23.504466],[-51.999832,-23.504328],[-51.999598,-23.504237],[-51.999319,-23.50417],[-51.99906,-23.504085],[-51.998644,-23.50398],[-51.998135,-23.503842],[-51.997853,-23.503727],[-51.997627,-23.503625],[-51.997373,-23.503522],[-51.99726,-23.503445],[-51.996948,-23.50325],[-51.996762,-23.503102],[-51.996641,-23.502962],[-51.996413,-23.502781],[-51.996198,-23.502673],[-51.996124,-23.502619],[-51.996032,-23.502512],[-51.995849,-23.502262],[-51.995772,-23.502144],[-51.995617,-23.501913],[-51.995452,-23.501648],[-51.99533,-23.501427],[-51.99522,-23.501266],[-51.995148,-23.501091],[-51.995136,-23.500951],[-51.995119,-23.500847],[-51.995064,-23.500726],[-51.995028,-23.500622],[-51.994967,-23.500462],[-51.994917,-23.500308],[-51.994851,-23.499999],[-51.994761,-23.499815],[-51.994675,-23.499383],[-51.99456,-23.49889],[-51.994545,-23.498446],[-51.994584,-23.497926],[-51.994678,-23.49759],[-51.994772,-23.497308],[-51.994893,-23.497026],[-51.995007,-23.496758],[-51.995196,-23.496319],[-51.995589,-23.495572],[-51.995736,-23.495179],[-51.995814,-23.495015],[-51.995995,-23.49482],[-51.996137,-23.494575],[-51.996321,-23.494262],[-51.996472,-23.494093],[-51.996803,-23.493657],[-51.996863,-23.493559],[-51.997248,-23.492944],[-51.997398,-23.492726],[-51.99752,-23.492478],[-51.997727,-23.492059],[-51.997861,-23.491754],[-51.997937,-23.491556],[-51.997985,-23.491132],[-51.997984,-23.49069],[-51.997953,-23.49026],[-51.997899,-23.489783],[-51.997834,-23.489388],[-51.997742,-23.489143],[-51.997474,-23.488682],[-51.997284,-23.488355],[-51.997166,-23.488085],[-51.997123,-23.487983],[-51.997099,-23.487875],[-51.997082,-23.487694],[-51.997066,-23.487553],[-51.997036,-23.487419],[-51.996926,-23.487236],[-51.996817,-23.48703],[-51.996691,-23.486824],[-51.996559,-23.486624],[-51.996456,-23.486477],[-51.996401,-23.486403],[-51.996283,-23.48622],[-51.99617,-23.486112],[-51.996126,-23.486053],[-51.9961,-23.486009],[-51.99602,-23.485949],[-51.995908,-23.485842],[-51.995829,-23.485716],[-51.995775,-23.485606],[-51.995656,-23.485447]]}},
{"type":"Feature","properties":{"name":"Cór. Sem Denominação"},"geometry":{"type":"LineString","coordinates":[[-51.959276,-23.257969],[-51.958977,-23.258227],[-51.95883,-23.258428],[-51.958698,-23.258639],[-51.958634,-23.258734],[-51.958516,-23.258911],[-51.958443,-23.259061],[-51.95838,-23.259264],[-51.958344,-23.259483],[-51.958339,-23.260251],[-51.958377,-23.260571],[-51.958397,-23.261119],[-51.958413,-23.261337],[-51.95841,-23.261444]]}},
{"type":"Feature","properties":{"name":"Cór. Tatupeba"},"geometry":{"type":"LineString","coordinates":[[-52.009116,-23.488636],[-52.009119,-23.488263],[-52.00902,-23.487746],[-52.008998,-23.487429],[-52.009042,-23.487208],[-52.009111,-23.486951],[-52.009139,-23.48684],[-52.009244,-23.486562],[-52.009362,-23.486373],[-52.009416,-23.486314]]}},
{"type":"Feature","properties":{"name":"Cór. Dorizon"},"geometry":{"type":"LineString","coordinates":[[-52.024617,-23.533721],[-52.024712,-23.533705],[-52.024764,-23.533676],[-52.024789,-23.533606],[-52.024799,-23.533523],[-52.024871,-23.533484],[-52.02498,-23.533476],[-52.025206,-23.53352],[-52.025434,-23.533528],[-52.025571,-23.533508],[-52.025695,-23.533452],[-52.02579,-23.533385],[-52.025922,-23.533319],[-52.026041,-23.533221],[-52.026125,-23.533098],[-52.026274,-23.532951],[-52.026403,-23.532833],[-52.026498,-23.5328],[-52.026623,-23.532755],[-52.026718,-23.532688],[-52.026826,-23.532584],[-52.026934,-23.532545],[-52.027251,-23.53241],[-52.0275,-23.532296],[-52.02768,-23.532169],[-52.027858,-23.532041],[-52.028046,-23.531906],[-52.028638,-23.531625],[-52.028922,-23.531507],[-52.029635,-23.531158],[-52.030469,-23.530824],[-52.030952,-23.530643]]}},
{"type":"Feature","properties":{"name":"Cór. Miringuava"},"geometry":{"type":"LineString","coordinates":[[-52.025742,-23.522558],[-52.02597,-23.522237],[-52.026062,-23.522124],[-52.026106,-23.522035],[-52.026196,-23.521909],[-52.026295,-23.521795],[-52.026346,-23.521742],[-52.02638,-23.521693],[-52.026389,-23.521638],[-52.026393,-23.521596],[-52.026415,-23.521544],[-52.026438,-23.52152],[-52.02647,-23.521499],[-52.026548,-23.521491],[-52.026649,-23.521474],[-52.02669,-23.521458],[-52.026735,-23.521447],[-52.02683,-23.52144],[-52.026871,-23.521436],[-52.026913,-23.521419],[-52.027007,-23.521334],[-52.027051,-23.521293],[-52.027146,-23.52122],[-52.027235,-23.521159],[-52.027323,-23.521146],[-52.027434,-23.521108],[-52.027558,-23.521081],[-52.027691,-23.521059],[-52.027774,-23.52103],[-52.027892,-23.520964],[-52.027987,-23.520925],[-52.028137,-23.520875],[-52.02818,-23.520825],[-52.028249,-23.520767],[-52.028466,-23.520697],[-52.028647,-23.520645],[-52.028891,-23.520579],[-52.029445,-23.520335],[-52.029786,-23.520135],[-52.030174,-23.520013],[-52.030449,-23.519978],[-52.030705,-23.519953],[-52.03132,-23.519949],[-52.031714,-23.51998],[-52.032269,-23.52002],[-52.032532,-23.519995],[-52.032695,-23.520011],[-52.032892,-23.520009],[-52.032949,-23.520026],[-52.033017,-23.520035],[-52.033077,-23.519999],[-52.033138,-23.519932],[-52.033235,-23.519895],[-52.033412,-23.519915],[-52.033519,-23.519898],[-52.033654,-23.519873],[-52.033794,-23.519875],[-52.034002,-23.51984],[-52.034143,-23.519821],[-52.034245,-23.519818],[-52.03433,-23.519833],[-52.034447,-23.51983],[-52.034567,-23.519797],[-52.034696,-23.51974],[-52.034775,-23.519692],[-52.034878,-23.519674],[-52.03503,-23.519676],[-52.035122,-23.51966],[-52.03535,-23.519678],[-52.035444,-23.519668],[-52.035576,-23.519638],[-52.035676,-23.519583],[-52.035842,-23.519499],[-52.035892,-23.519471]]}},
{"type":"Feature","properties":{"name":"Rib. Bandeirantes do Sul"},"geometry":{"type":"LineString","coordinates":[[-52.048098,-23.439723],[-52.047413,-23.439368],[-52.04722,-23.439287]]}},
{"type":"Feature","properties":{"name":"Cór. Sem Denominação"},"geometry":{"type":"LineString","coordinates":[[-51.911044,-23.352365],[-51.910232,-23.352086],[-51.909724,-23.351846],[-51.909482,-23.351722],[-51.909478,-23.351719]]}},
{"type":"Feature","properties":{"name":"Cór. Sem Denominação"},"geometry":{"type":"LineString","coordinates":[[-51.845164,-23.401807],[-51.844419,-23.40139],[-51.844226,-23.401318],[-51.843923,-23.401275],[-51.843414,-23.40119],[-51.843335,-23.401194],[-51.843112,-23.40119],[-51.842762,-23.401245],[-51.842567,-23.401261],[-51.842326,-23.401229],[-51.842198,-23.401187],[-51.842108,-23.401113],[-51.842071,-23.401037],[-51.842041,-23.400974],[-51.841934,-23.40088]]}},
{"type":"Feature","properties":{"name":"Cór. Pixiricussu"},"geometry":{"type":"LineString","coordinates":[[-52.023351,-23.391437],[-52.023563,-23.390906],[-52.023625,-23.390632],[-52.023625,-23.390628]]}},
{"type":"Feature","properties":{"name":"Cór. Sem Denominação"},"geometry":{"type":"LineString","coordinates":[[-52.051432,-23.539949],[-52.051078,-23.539427],[-52.050785,-23.539046],[-52.050659,-23.538909],[-52.050472,-23.538814],[-52.049989,-23.538755],[-52.049661,-23.538733],[-52.049346,-23.538721],[-52.049185,-23.538627],[-52.049017,-23.538413],[-52.048824,-23.538242]]}},
{"type":"Feature","properties":{"name":"Rib. Caxias"},"geometry":{"type":"LineString","coordinates":[[-52.065735,-23.534498],[-52.064984,-23.534266],[-52.064714,-23.534144],[-52.064561,-23.534112],[-52.064368,-23.534109],[-52.064276,-23.534085],[-52.06416,-23.534056],[-52.064084,-23.53407],[-52.064013,-23.534082],[-52.063897,-23.534074],[-52.063798,-23.534012],[-52.063771,-23.533943],[-52.063732,-23.533852],[-52.063667,-23.533795],[-52.063578,-23.533748],[-52.06344,-23.533708]]}},
{"type":"Feature","properties":{"name":"Cór. Sem Denominação"},"geometry":{"type":"LineString","coordinates":[[-52.024196,-23.52958],[-52.024204,-23.529505],[-52.024203,-23.529442],[-52.024177,-23.529331],[-52.024151,-23.529149],[-52.024061,-23.52896],[-52.023962,-23.528739],[-52.023728,-23.528327],[-52.023626,-23.528165],[-52.023507,-23.528091],[-52.023366,-23.528021],[-52.023186,-23.52796],[-52.023023,-23.527915],[-52.022631,-23.527827],[-52.022408,-23.527774],[-52.022178,-23.527731],[-52.021983,-23.527701],[-52.02177,-23.527655],[-52.021574,-23.52759],[-52.021387,-23.527518],[-52.021181,-23.527442],[-52.021051,-23.527387],[-52.020922,-23.527323],[-52.020847,-23.527286],[-52.020776,-23.52724],[-52.020732,-23.527202],[-52.020687,-23.527173],[-52.020643,-23.527156],[-52.020569,-23.527142],[-52.02045,-23.527133],[-52.020286,-23.527131],[-52.020212,-23.527134],[-52.020144,-23.527151],[-52.020102,-23.527154],[-52.020049,-23.527152],[-52.019983,-23.527135],[-52.019931,-23.527116],[-52.019863,-23.527052],[-52.019799,-23.526995],[-52.019718,-23.526964],[-52.019629,-23.526955],[-52.019443,-23.526942],[-52.019321,-23.526945],[-52.019238,-23.526952],[-52.01913,-23.526956],[-52.019014,-23.526965],[-52.018846,-23.526974],[-52.01872,-23.526986],[-52.018583,-23.526997],[-52.018381,-23.527012],[-52.018197,-23.527026],[-52.018032,-23.527044],[-52.017822,-23.52706],[-52.017659,-23.527044],[-52.017446,-23.527048],[-52.017275,-23.527034],[-52.017178,-23.526994],[-52.017007,-23.526938],[-52.01689,-23.526874],[-52.0168,-23.526782],[-52.016759,-23.526726],[-52.016717,-23.526655],[-52.01662,-23.526548],[-52.016533,-23.526444],[-52.016478,-23.526329],[-52.016382,-23.526187],[-52.016307,-23.526075]]}},
{"type":"Feature","properties":{"name":"Cór. Sem Denominação"},"geometry":{"type":"LineString","coordinates":[[-51.86849,-23.308036],[-51.868494,-23.308129],[-51.86849,-23.308205],[-51.868475,-23.308295],[-51.868464,-23.308331],[-51.868445,-23.308355],[-51.868435,-23.308377],[-51.868431,-23.308395],[-51.868435,-23.308414],[-51.868457,-23.308441],[-51.868461,-23.308459],[-51.868456,-23.308473],[-51.868445,-23.308494],[-51.868429,-23.308518],[-51.868421,-23.308574],[-51.868395,-23.308667],[-51.868357,-23.308741],[-51.868318,-23.308816],[-51.868272,-23.308858],[-51.868228,-23.308924],[-51.868213,-23.308966],[-51.8682,-23.309009],[-51.868185,-23.309086],[-51.868181,-23.309184],[-51.868214,-23.309477],[-51.868361,-23.309963],[-51.868526,-23.310282],[-51.868667,-23.310533],[-51.868821,-23.310776],[-51.868871,-23.31089],[-51.868924,-23.311015],[-51.868945,-23.311165],[-51.868949,-23.31128],[-51.868893,-23.311596],[-51.868849,-23.311774],[-51.868806,-23.312013],[-51.868787,-23.31214],[-51.868778,-23.312253],[-51.868774,-23.312361],[-51.868756,-23.312483],[-51.868739,-23.312612],[-51.868741,-23.312679],[-51.868758,-23.312742],[-51.868777,-23.312803],[-51.868789,-23.312889],[-51.868789,-23.312952],[-51.868782,-23.312999],[-51.868781,-23.313056],[-51.868794,-23.313141],[-51.868799,-23.313213],[-51.868786,-23.313296],[-51.868779,-23.313369],[-51.868701,-23.3135],[-51.868632,-23.313655],[-51.868539,-23.313847],[-51.868482,-23.313975],[-51.868409,-23.314077],[-51.868341,-23.314187],[-51.868253,-23.31431],[-51.868172,-23.314411],[-51.868109,-23.314502],[-51.868047,-23.31458],[-51.867956,-23.314679],[-51.867884,-23.314767],[-51.867805,-23.314858],[-51.867756,-23.314939],[-51.867721,-23.315013],[-51.867624,-23.315166],[-51.867559,-23.315287],[-51.867505,-23.315369],[-51.867484,-23.315412],[-51.867453,-23.315457],[-51.867425,-23.315498],[-51.867402,-23.315533],[-51.867384,-23.315565],[-51.867355,-23.315618],[-51.867327,-23.315667],[-51.867291,-23.31571],[-51.86725,-23.315752],[-51.867225,-23.315793],[-51.867206,-23.315843],[-51.8672,-23.315897],[-51.867197,-23.315954],[-51.867184,-23.316006],[-51.867168,-23.31606],[-51.867154,-23.316139],[-51.867134,-23.316246],[-51.867116,-23.316314],[-51.867085,-23.316394],[-51.867016,-23.316555],[-51.866919,-23.316721],[-51.866886,-23.31678],[-51.866813,-23.316955],[-51.866703,-23.317267],[-51.866642,-23.317451],[-51.866592,-23.317655],[-51.866529,-23.317984],[-51.866515,-23.318195],[-51.866501,-23.318317],[-51.866507,-23.318455],[-51.866508,-23.318621],[-51.866496,-23.318785],[-51.866488,-23.318926],[-51.866495,-23.319023],[-51.866494,-23.319162],[-51.866473,-23.31941],[-51.866458,-23.319526]]}},
{"type":"Feature","properties":{"name":"Cór. Sem Denominação"},"geometry":{"type":"LineString","coordinates":[[-51.892725,-23.341585],[-51.892833,-23.341624],[-51.892902,-23.341649],[-51.893013,-23.341736],[-51.893147,-23.341904],[-51.893265,-23.342016],[-51.893423,-23.342147],[-51.893573,-23.342217],[-51.893692,-23.342277],[-51.893855,-23.342354],[-51.894089,-23.342445],[-51.894607,-23.342651],[-51.895098,-23.342882],[-51.895578,-23.342996],[-51.895951,-23.343078],[-51.896373,-23.343169],[-51.896648,-23.343227],[-51.896814,-23.343286],[-51.897054,-23.343519],[-51.897315,-23.343795],[-51.897448,-23.343947],[-51.897672,-23.34413],[-51.897859,-23.344224],[-51.89796,-23.344312],[-51.898031,-23.344434],[-51.898167,-23.344617],[-51.898316,-23.344737],[-51.898409,-23.344813],[-51.898633,-23.344995],[-51.898811,-23.345139],[-51.898942,-23.345246],[-51.89914,-23.345326],[-51.899267,-23.345344],[-51.899429,-23.345388],[-51.89967,-23.345569],[-51.900011,-23.34583],[-51.900298,-23.346148],[-51.900614,-23.346373]]}},
{"type":"Feature","properties":{"name":"Cór. Sem Denominação"},"geometry":{"type":"LineString","coordinates":[[-52.048883,-23.409463],[-52.04798,-23.409774],[-52.04728,-23.409838],[-52.04607,-23.409952]]}},
{"type":"Feature","properties":{"name":"Cór. Amambahy"},"geometry":{"type":"LineString","coordinates":[[-52.050498,-23.362764],[-52.050503,-23.36281],[-52.050512,-23.36284],[-52.050526,-23.362878],[-52.05056,-23.362925],[-52.050649,-23.362984],[-52.050718,-23.36306],[-52.050851,-23.363134],[-52.050871,-23.363163],[-52.050878,-23.363193],[-52.050878,-23.363237],[-52.050885,-23.36327],[-52.050897,-23.36329],[-52.050934,-23.363332],[-52.050981,-23.363378],[-52.051033,-23.363405],[-52.051102,-23.363429],[-52.051164,-23.363453],[-52.051186,-23.363468],[-52.051239,-23.363517],[-52.051283,-23.363552],[-52.051342,-23.363593],[-52.051392,-23.363652],[-52.051431,-23.363699],[-52.051467,-23.363764],[-52.051497,-23.363817],[-52.051547,-23.363872],[-52.051588,-23.363912],[-52.051636,-23.36396],[-52.051695,-23.364004],[-52.051709,-23.364016],[-52.051755,-23.364073],[-52.05177,-23.364105],[-52.051787,-23.364135],[-52.051811,-23.364157],[-52.051865,-23.3642],[-52.051909,-23.364254],[-52.051946,-23.364299],[-52.051979,-23.364354],[-52.051995,-23.364409],[-52.052024,-23.364465],[-52.052075,-23.364519],[-52.052163,-23.364584],[-52.052232,-23.364631],[-52.052261,-23.364666],[-52.052309,-23.364719],[-52.052324,-23.364761],[-52.052329,-23.36481],[-52.052334,-23.364848],[-52.052353,-23.364884],[-52.052407,-23.364919],[-52.052476,-23.364956],[-52.052545,-23.365007],[-52.052629,-23.365049],[-52.05271,-23.365088],[-52.052764,-23.36513],[-52.052784,-23.365201],[-52.05279,-23.365264],[-52.052751,-23.365423],[-52.052751,-23.365467],[-52.052794,-23.365542],[-52.052808,-23.365632],[-52.052796,-23.365705],[-52.052791,-23.365789],[-52.052775,-23.36584],[-52.052758,-23.365911],[-52.052776,-23.365991],[-52.052782,-23.36614],[-52.052839,-23.366297],[-52.052838,-23.366366],[-52.052874,-23.366454],[-52.052924,-23.366559],[-52.052966,-23.366599],[-52.053011,-23.366636],[-52.053078,-23.366709],[-52.053113,-23.366811],[-52.053347,-23.367366],[-52.053464,-23.367695],[-52.053613,-23.368007],[-52.053725,-23.368243],[-52.053859,-23.368514],[-52.053955,-23.368732],[-52.053979,-23.368777],[-52.05412,-23.369088],[-52.054249,-23.369362],[-52.05429,-23.369443],[-52.054356,-23.369561],[-52.054523,-23.369855],[-52.054643,-23.370145],[-52.054706,-23.370244],[-52.054789,-23.37032],[-52.055174,-23.370468],[-52.055424,-23.370621],[-52.055758,-23.370753],[-52.055922,-23.370889]]}},
{"type":"Feature","properties":{"name":"Cór. Colomy"},"geometry":{"type":"LineString","coordinates":[[-52.044054,-23.402372],[-52.04434,-23.402219],[-52.044675,-23.402008],[-52.045046,-23.401739],[-52.045327,-23.401552],[-52.045577,-23.401277],[-52.045801,-23.401006],[-52.045938,-23.400871],[-52.046037,-23.400799],[-52.046212,-23.400697],[-52.046598,-23.400496],[-52.046774,-23.4004],[-52.046904,-23.400329],[-52.047159,-23.400167],[-52.047339,-23.400087],[-52.047597,-23.400007],[-52.047851,-23.399849],[-52.048106,-23.399658],[-52.048157,-23.399602],[-52.048188,-23.399539],[-52.048229,-23.399389],[-52.04823,-23.39932],[-52.04824,-23.399267],[-52.048254,-23.399195],[-52.04836,-23.399044],[-52.048564,-23.398883],[-52.048676,-23.398814],[-52.048761,-23.398704],[-52.048854,-23.39864],[-52.048911,-23.398594],[-52.049008,-23.39849],[-52.049209,-23.398269],[-52.049352,-23.398124],[-52.049571,-23.397934],[-52.049698,-23.397786],[-52.049771,-23.397658],[-52.049821,-23.397614],[-52.049931,-23.397577],[-52.050045,-23.397506],[-52.050187,-23.397372],[-52.050353,-23.397219],[-52.050541,-23.397032],[-52.050665,-23.396747],[-52.050763,-23.39649],[-52.050879,-23.396282],[-52.050988,-23.396133],[-52.051091,-23.396016],[-52.051142,-23.395966],[-52.051203,-23.395912],[-52.051298,-23.395839],[-52.051477,-23.395704],[-52.051597,-23.395636],[-52.051838,-23.395464],[-52.052096,-23.395283],[-52.052222,-23.395168],[-52.052307,-23.395078],[-52.052394,-23.394856],[-52.052463,-23.394764],[-52.052519,-23.394733],[-52.05259,-23.394691],[-52.052653,-23.394664],[-52.052768,-23.394606],[-52.053135,-23.394449],[-52.0533,-23.394322],[-52.053562,-23.394125],[-52.053696,-23.393995],[-52.053883,-23.3938]]}},
{"type":"Feature","properties":{"name":"Cór. Sem Denominação"},"geometry":{"type":"LineString","coordinates":[[-51.856552,-23.322663],[-51.856724,-23.322796],[-51.856919,-23.322994],[-51.857201,-23.323188],[-51.857496,-23.323335],[-51.857606,-23.323392],[-51.858127,-23.323661],[-51.858291,-23.323719],[-51.858715,-23.323868],[-51.858763,-23.323885],[-51.859057,-23.324018],[-51.859184,-23.324091],[-51.859482,-23.32428],[-51.859756,-23.324411],[-51.860271,-23.324637],[-51.860459,-23.324715],[-51.861108,-23.324905]]}},
{"type":"Feature","properties":{"name":"Cór. Sem Denominação"},"geometry":{"type":"LineString","coordinates":[[-51.969049,-23.440219],[-51.968888,-23.439938],[-51.968744,-23.439655],[-51.968616,-23.439462],[-51.968466,-23.439293],[-51.968289,-23.439134],[-51.968112,-23.438902],[-51.967845,-23.438656],[-51.967539,-23.438401],[-51.96722,-23.438149]]}}
]}