{"type":"FeatureCollection","name":"microdrenagem_campo","features":[
{"type":"Feature","properties":{"id":"A26092814:24001","equipe":"A","num":1,"codigo":"PTOALT","tipo":"Ponto alto (eixo)","utm_E":408209.7255,"utm_N":7411044.641,"h_ortom":515.271,"material":null,"cc_tipo":null,"profundidade_cm":null,"inacessivel":false,"posicao":null,"tampa":null,"condicao":null,"obstr_sup":null,"obstr_sup_tipo":null,"obstr_fundo":null,"obstr_fundo_tipo":null,"n_tubos":0,"tubos":"","area_critica":"AC sem nome","entrega":"2026-09-28"},"geometry":{"type":"Point","coordinates":[-51.8983727,-23.4078468]}},
{"type":"Feature","properties":{"id":"A26092814:25002","equipe":"A","num":2,"codigo":"BLO","tipo":"Boca de lobo","utm_E":408191.9646,"utm_N":7411034.681,"h_ortom":514.157,"material":"Concreto","cc_tipo":"Simples","profundidade_cm":75,"inacessivel":false,"posicao":"Meio de quadra","tampa":"Concreto","condicao":"Boa","obstr_sup":"Não","obstr_sup_tipo":"Nenhuma","obstr_fundo":"Parcial","obstr_fundo_tipo":"Folhagem","n_tubos":1,"tubos":"40cm SE","area_critica":"AC sem nome","entrega":"2026-09-28"},"geometry":{"type":"Point","coordinates":[-51.8985471,-23.4079358]}},
{"type":"Feature","properties":{"id":"A26092814:44003","equipe":"A","num":3,"codigo":"BLO","tipo":"Boca de lobo","utm_E":408197.4039,"utm_N":7411028.908,"h_ortom":514.394,"material":"Concreto","cc_tipo":"Simples","profundidade_cm":75,"inacessivel":false,"posicao":"Esquina","tampa":"Concreto","condicao":"Boa","obstr_sup":"Não","obstr_sup_tipo":"Nenhuma","obstr_fundo":"Não","obstr_fundo_tipo":"Nenhuma","n_tubos":1,"tubos":"40cm NW","area_critica":"AC sem nome","entrega":"2026-09-28"},"geometry":{"type":"Point","coordinates":[-51.8984943,-23.4079882]}},
{"type":"Feature","properties":{"id":"A26092814:47004","equipe":"A","num":4,"codigo":"ESQUINA","tipo":"Esquina (eixo)","utm_E":408186.9512,"utm_N":7411025.153,"h_ortom":513.945,"material":null,"cc_tipo":null,"profundidade_cm":null,"inacessivel":false,"posicao":null,"tampa":null,"condicao":null,"obstr_sup":null,"obstr_sup_tipo":null,"obstr_fundo":null,"obstr_fundo_tipo":null,"n_tubos":0,"tubos":"","area_critica":"AC sem nome","entrega":"2026-09-28"},"geometry":{"type":"Point","coordinates":[-51.8985968,-23.4080216]}},
{"type":"Feature","properties":{"id":"A26092814:48005","equipe":"A","num":5,"codigo":"BLO","tipo":"Boca de lobo","utm_E":408197.1224,"utm_N":7411023.631,"h_ortom":514.558,"material":"Concreto","cc_tipo":"Simples","profundidade_cm":100,"inacessivel":false,"posicao":"Esquina","tampa":"Concreto","condicao":"Boa","obstr_sup":"Não","obstr_sup_tipo":"Nenhuma","obstr_fundo":"Parcial","obstr_fundo_tipo":"Entulho","n_tubos":1,"tubos":"40cm SW","area_critica":"AC sem nome","entrega":"2026-09-28"},"geometry":{"type":"Point","coordinates":[-51.8984973,-23.4080359]}},
{"type":"Feature","properties":{"id":"A26092814:53006","equipe":"A","num":6,"codigo":"BLO","tipo":"Boca de lobo","utm_E":408190.7359,"utm_N":7411018.136,"h_ortom":514.143,"material":"Concreto","cc_tipo":"Simples","profundidade_cm":71,"inacessivel":false,"posicao":"Esquina","tampa":"Concreto","condicao":"Boa","obstr_sup":"Não","obstr_sup_tipo":"Nenhuma","obstr_fundo":"Parcial","obstr_fundo_tipo":"Concreto","n_tubos":1,"tubos":"40cm NE","area_critica":"AC sem nome","entrega":"2026-09-28"},"geometry":{"type":"Point","coordinates":[-51.8985602,-23.4080852]}},
{"type":"Feature","properties":{"id":"A26092814:56007","equipe":"A","num":7,"codigo":"PTOBAI","tipo":"Ponto baixo (eixo)","utm_E":408190.505,"utm_N":7411022.958,"h_ortom":514.182,"material":null,"cc_tipo":null,"profundidade_cm":null,"inacessivel":false,"posicao":null,"tampa":null,"condicao":null,"obstr_sup":null,"obstr_sup_tipo":null,"obstr_fundo":null,"obstr_fundo_tipo":null,"n_tubos":0,"tubos":"","area_critica":"AC sem nome","entrega":"2026-09-28"},"geometry":{"type":"Point","coordinates":[-51.8985621,-23.4080416]}},
{"type":"Feature","properties":{"id":"A26092814:58008","equipe":"A","num":8,"codigo":"BLO","tipo":"Boca de lobo","utm_E":408237.4512,"utm_N":7410998.945,"h_ortom":518.298,"material":"Concreto","cc_tipo":"Simples","profundidade_cm":101,"inacessivel":false,"posicao":"Meio de quadra","tampa":"Concreto","condicao":"Ruim","obstr_sup":"Não","obstr_sup_tipo":"Nenhuma","obstr_fundo":"Parcial","obstr_fundo_tipo":"Entulho","n_tubos":1,"tubos":"40cm SW","area_critica":"AC sem nome","entrega":"2026-09-28"},"geometry":{"type":"Point","coordinates":[-51.8981042,-23.4082611]}},
{"type":"Feature","properties":{"id":"A26092815:02009","equipe":"A","num":9,"codigo":"BLE","tipo":"Boca de leão","utm_E":408233.4699,"utm_N":7410992.216,"h_ortom":518.393,"material":"Ferro","cc_tipo":"Simples","profundidade_cm":110,"inacessivel":false,"posicao":"Meio de quadra","tampa":"Ferro","condicao":"Boa","obstr_sup":"Não","obstr_sup_tipo":"Nenhuma","obstr_fundo":"Não","obstr_fundo_tipo":"Nenhuma","n_tubos":1,"tubos":"40cm NE","area_critica":"AC sem nome","entrega":"2026-09-28"},"geometry":{"type":"Point","coordinates":[-51.8981436,-23.4083217]}},
{"type":"Feature","properties":{"id":"A26092815:14010","equipe":"A","num":10,"codigo":"PTOALT","tipo":"Ponto alto (eixo)","utm_E":408293.0244,"utm_N":7410993.266,"h_ortom":522.397,"material":null,"cc_tipo":null,"profundidade_cm":null,"inacessivel":false,"posicao":null,"tampa":null,"condicao":null,"obstr_sup":null,"obstr_sup_tipo":null,"obstr_fundo":null,"obstr_fundo_tipo":null,"n_tubos":0,"tubos":"","area_critica":"AC sem nome","entrega":"2026-09-28"},"geometry":{"type":"Point","coordinates":[-51.8975607,-23.4083155]}},
{"type":"Feature","properties":{"id":"A26092815:14011","equipe":"A","num":11,"codigo":"BLO","tipo":"Boca de lobo","utm_E":408278.909,"utm_N":7410978.178,"h_ortom":521.812,"material":"Concreto","cc_tipo":"Simples","profundidade_cm":65,"inacessivel":false,"posicao":"Esquina","tampa":"Concreto","condicao":"Boa","obstr_sup":"Não","obstr_sup_tipo":"Nenhuma","obstr_fundo":"Total","obstr_fundo_tipo":"Folhagem","n_tubos":1,"tubos":"40cm SE","area_critica":"AC sem nome","entrega":"2026-09-28"},"geometry":{"type":"Point","coordinates":[-51.8976997,-23.408451]}},
{"type":"Feature","properties":{"id":"A26092815:18012","equipe":"A","num":12,"codigo":"BLO","tipo":"Boca de lobo","utm_E":408285.6142,"utm_N":7410973.883,"h_ortom":522.059,"material":"Concreto","cc_tipo":"Simples","profundidade_cm":75,"inacessivel":false,"posicao":"Esquina","tampa":"Concreto","condicao":"Ruim","obstr_sup":"Não","obstr_sup_tipo":"Nenhuma","obstr_fundo":"Parcial","obstr_fundo_tipo":"Folhagem","n_tubos":1,"tubos":"40cm NW","area_critica":"AC sem nome","entrega":"2026-09-28"},"geometry":{"type":"Point","coordinates":[-51.8976344,-23.4084902]}},
{"type":"Feature","properties":{"id":"A26092815:21013","equipe":"A","num":13,"codigo":"ESQUINA","tipo":"Esquina (eixo)","utm_E":408278.1874,"utm_N":7410969.392,"h_ortom":521.987,"material":null,"cc_tipo":null,"profundidade_cm":null,"inacessivel":false,"posicao":null,"tampa":null,"condicao":null,"obstr_sup":null,"obstr_sup_tipo":null,"obstr_fundo":null,"obstr_fundo_tipo":null,"n_tubos":0,"tubos":"","area_critica":"AC sem nome","entrega":"2026-09-28"},"geometry":{"type":"Point","coordinates":[-51.8977073,-23.4085303]}},
{"type":"Feature","properties":{"id":"A26092815:22014","equipe":"A","num":14,"codigo":"BLO","tipo":"Boca de lobo","utm_E":408283.5521,"utm_N":7410961.349,"h_ortom":522.284,"material":"Concreto","cc_tipo":"Simples","profundidade_cm":80,"inacessivel":false,"posicao":"Esquina","tampa":"Concreto","condicao":"Boa","obstr_sup":"Não","obstr_sup_tipo":"Nenhuma","obstr_fundo":"Não","obstr_fundo_tipo":"Nenhuma","n_tubos":1,"tubos":"40cm NE","area_critica":"AC sem nome","entrega":"2026-09-28"},"geometry":{"type":"Point","coordinates":[-51.8976553,-23.4086033]}},
{"type":"Feature","properties":{"id":"A26092815:24015","equipe":"A","num":15,"codigo":"BLO","tipo":"Boca de lobo","utm_E":408287.821,"utm_N":7410968.013,"h_ortom":522.404,"material":"Concreto","cc_tipo":"Simples","profundidade_cm":88,"inacessivel":false,"posicao":"Esquina","tampa":"Concreto","condicao":"Boa","obstr_sup":"Não","obstr_sup_tipo":"Nenhuma","obstr_fundo":"Não","obstr_fundo_tipo":"Nenhuma","n_tubos":1,"tubos":"40cm SW","area_critica":"AC sem nome","entrega":"2026-09-28"},"geometry":{"type":"Point","coordinates":[-51.8976131,-23.4085433]}},
{"type":"Feature","properties":{"id":"A26092815:28016","equipe":"A","num":16,"codigo":"BLO","tipo":"Boca de lobo","utm_E":408340.6697,"utm_N":7410935.453,"h_ortom":527.149,"material":"Concreto","cc_tipo":"Simples","profundidade_cm":94,"inacessivel":false,"posicao":"Meio de quadra","tampa":"Concreto","condicao":"Boa","obstr_sup":"Não","obstr_sup_tipo":"Nenhuma","obstr_fundo":"Não","obstr_fundo_tipo":"Nenhuma","n_tubos":1,"tubos":"40cm SW","area_critica":"AC sem nome","entrega":"2026-09-28"},"geometry":{"type":"Point","coordinates":[-51.8970979,-23.4088404]}},
{"type":"Feature","properties":{"id":"A26092815:34017","equipe":"A","num":17,"codigo":"BLO","tipo":"Boca de lobo","utm_E":408336.9769,"utm_N":7410928.693,"h_ortom":527.161,"material":"Concreto","cc_tipo":"Simples","profundidade_cm":112,"inacessivel":false,"posicao":"Meio de quadra","tampa":"Concreto","condicao":"Boa","obstr_sup":"Não","obstr_sup_tipo":"Nenhuma","obstr_fundo":"Não","obstr_fundo_tipo":"Nenhuma","n_tubos":1,"tubos":"40cm NE","area_critica":"AC sem nome","entrega":"2026-09-28"},"geometry":{"type":"Point","coordinates":[-51.8971345,-23.4089012]}},
{"type":"Feature","properties":{"id":"A26092815:37018","equipe":"A","num":18,"codigo":"BLO","tipo":"Boca de lobo","utm_E":408386.7611,"utm_N":7410898.185,"h_ortom":531.383,"material":"Concreto","cc_tipo":"Simples","profundidade_cm":120,"inacessivel":false,"posicao":"Meio de quadra","tampa":"Concreto","condicao":"Boa","obstr_sup":"Parcial","obstr_sup_tipo":"Entulho","obstr_fundo":"Não","obstr_fundo_tipo":"Nenhuma","n_tubos":1,"tubos":"40cm NE","area_critica":"AC sem nome","entrega":"2026-09-28"},"geometry":{"type":"Point","coordinates":[-51.8966491,-23.4091796]}},
{"type":"Feature","properties":{"id":"A26092815:44019","equipe":"A","num":19,"codigo":"BLO","tipo":"Boca de lobo","utm_E":408390.5851,"utm_N":7410904.826,"h_ortom":531.35,"material":"Concreto","cc_tipo":"Simples","profundidade_cm":104,"inacessivel":false,"posicao":"Meio de quadra","tampa":"Concreto","condicao":"Boa","obstr_sup":"Não","obstr_sup_tipo":"Nenhuma","obstr_fundo":"Parcial","obstr_fundo_tipo":"Folhagem","n_tubos":1,"tubos":"40cm SW","area_critica":"AC sem nome","entrega":"2026-09-28"},"geometry":{"type":"Point","coordinates":[-51.8966113,-23.4091198]}},
{"type":"Feature","properties":{"id":"A26092815:47020","equipe":"A","num":20,"codigo":"ESQUINA","tipo":"Esquina (eixo)","utm_E":408442.2733,"utm_N":7410868.739,"h_ortom":535.597,"material":null,"cc_tipo":null,"profundidade_cm":null,"inacessivel":false,"posicao":null,"tampa":null,"condicao":null,"obstr_sup":null,"obstr_sup_tipo":null,"obstr_fundo":null,"obstr_fundo_tipo":null,"n_tubos":0,"tubos":"","area_critica":"AC sem nome","entrega":"2026-09-28"},"geometry":{"type":"Point","coordinates":[-51.8961076,-23.4094486]}},
{"type":"Feature","properties":{"id":"A26092815:48021","equipe":"A","num":21,"codigo":"BLO","tipo":"Boca de lobo","utm_E":408443.0861,"utm_N":7410877.262,"h_ortom":535.512,"material":"Concreto","cc_tipo":"Simples","profundidade_cm":90,"inacessivel":false,"posicao":"Esquina","tampa":"Concreto","condicao":"Boa","obstr_sup":"Não","obstr_sup_tipo":"Nenhuma","obstr_fundo":"Parcial","obstr_fundo_tipo":"Resíduo","n_tubos":1,"tubos":"40cm SE","area_critica":"AC sem nome","entrega":"2026-09-28"},"geometry":{"type":"Point","coordinates":[-51.8960992,-23.4093717]}},
{"type":"Feature","properties":{"id":"A26092816:02022","equipe":"A","num":22,"codigo":"BLO","tipo":"Boca de lobo","utm_E":408449.7225,"utm_N":7410873.078,"h_ortom":535.599,"material":"Concreto","cc_tipo":"Simples","profundidade_cm":80,"inacessivel":false,"posicao":"Esquina","tampa":"Concreto","condicao":"Ruim","obstr_sup":"Não","obstr_sup_tipo":"Nenhuma","obstr_fundo":"Parcial","obstr_fundo_tipo":"Folhagem","n_tubos":1,"tubos":"40cm NW","area_critica":"AC sem nome","entrega":"2026-09-28"},"geometry":{"type":"Point","coordinates":[-51.8960345,-23.4094099]}},
{"type":"Feature","properties":{"id":"A26092816:07023","equipe":"A","num":23,"codigo":"PTOALT","tipo":"Ponto alto (eixo)","utm_E":408454.758,"utm_N":7410888.759,"h_ortom":535.861,"material":null,"cc_tipo":null,"profundidade_cm":null,"inacessivel":false,"posicao":null,"tampa":null,"condicao":null,"obstr_sup":null,"obstr_sup_tipo":null,"obstr_fundo":null,"obstr_fundo_tipo":null,"n_tubos":0,"tubos":"","area_critica":"AC sem nome","entrega":"2026-09-28"},"geometry":{"type":"Point","coordinates":[-51.8959842,-23.4092685]}},
{"type":"Feature","properties":{"id":"A26092816:07024","equipe":"A","num":24,"codigo":"BLO","tipo":"Boca de lobo","utm_E":408452.0134,"utm_N":7410867.235,"h_ortom":535.928,"material":"Concreto","cc_tipo":"Simples","profundidade_cm":105,"inacessivel":false,"posicao":"Esquina","tampa":"Concreto","condicao":"Boa","obstr_sup":"Parcial","obstr_sup_tipo":"Entulho","obstr_fundo":"Parcial","obstr_fundo_tipo":"Folhagem","n_tubos":1,"tubos":"40cm SW","area_critica":"AC sem nome","entrega":"2026-09-28"},"geometry":{"type":"Point","coordinates":[-51.8960124,-23.4094628]}},
{"type":"Feature","properties":{"id":"A26092816:18025","equipe":"A","num":25,"codigo":"BLO","tipo":"Boca de lobo","utm_E":408447.9729,"utm_N":7410860.713,"h_ortom":535.87,"material":"Concreto","cc_tipo":"Simples","profundidade_cm":105,"inacessivel":false,"posicao":"Esquina","tampa":"Concreto","condicao":"Ruim","obstr_sup":"Parcial","obstr_sup_tipo":"Entulho","obstr_fundo":"Não","obstr_fundo_tipo":"Nenhuma","n_tubos":1,"tubos":"40cm NE","area_critica":"AC sem nome","entrega":"2026-09-28"},"geometry":{"type":"Point","coordinates":[-51.8960524,-23.4095214]}},
{"type":"Feature","properties":{"id":"A26092816:23026","equipe":"A","num":26,"codigo":"BLO","tipo":"Boca de lobo","utm_E":408510.1089,"utm_N":7410822.66,"h_ortom":539.774,"material":"Concreto","cc_tipo":"Simples","profundidade_cm":99,"inacessivel":false,"posicao":"Meio de quadra","tampa":"Concreto","condicao":"Boa","obstr_sup":"Não","obstr_sup_tipo":"Nenhuma","obstr_fundo":"Parcial","obstr_fundo_tipo":"Entulho","n_tubos":1,"tubos":"60cm NE","area_critica":"AC sem nome","entrega":"2026-09-28"},"geometry":{"type":"Point","coordinates":[-51.8954466,-23.4098686]}},
{"type":"Feature","properties":{"id":"A26092816:31027","equipe":"A","num":27,"codigo":"BLO","tipo":"Boca de lobo","utm_E":408514.2532,"utm_N":7410828.941,"h_ortom":539.822,"material":"Concreto","cc_tipo":"Simples","profundidade_cm":130,"inacessivel":false,"posicao":"Meio de quadra","tampa":"Concreto","condicao":"Boa","obstr_sup":"Não","obstr_sup_tipo":"Nenhuma","obstr_fundo":"Não","obstr_fundo_tipo":"Nenhuma","n_tubos":1,"tubos":"60cm SW","area_critica":"AC sem nome","entrega":"2026-09-28"},"geometry":{"type":"Point","coordinates":[-51.8954056,-23.4098121]}},
{"type":"Feature","properties":{"id":"A26092816:33028","equipe":"A","num":28,"codigo":"PTOALT","tipo":"Ponto alto (eixo)","utm_E":408516.3026,"utm_N":7410823.324,"h_ortom":540.257,"material":null,"cc_tipo":null,"profundidade_cm":null,"inacessivel":false,"posicao":null,"tampa":null,"condicao":null,"obstr_sup":null,"obstr_sup_tipo":null,"obstr_fundo":null,"obstr_fundo_tipo":null,"n_tubos":0,"tubos":"","area_critica":"","entrega":"2026-09-28"},"geometry":{"type":"Point","coordinates":[-51.8953859,-23.409863]}},
{"type":"Feature","properties":{"id":"A26092817:05029","equipe":"A","num":29,"codigo":"PTOALT","tipo":"Ponto alto (eixo)","utm_E":408423.0773,"utm_N":7410803.56,"h_ortom":535.893,"material":null,"cc_tipo":null,"profundidade_cm":null,"inacessivel":false,"posicao":null,"tampa":null,"condicao":null,"obstr_sup":null,"obstr_sup_tipo":null,"obstr_fundo":null,"obstr_fundo_tipo":null,"n_tubos":0,"tubos":"","area_critica":"AC sem nome","entrega":"2026-09-28"},"geometry":{"type":"Point","coordinates":[-51.8962995,-23.4100362]}},
{"type":"Feature","properties":{"id":"A26092817:05030","equipe":"A","num":30,"codigo":"ESQUINA","tipo":"Esquina (eixo)","utm_E":408407.3737,"utm_N":7410813.08,"h_ortom":534.864,"material":null,"cc_tipo":null,"profundidade_cm":null,"inacessivel":false,"posicao":null,"tampa":null,"condicao":null,"obstr_sup":null,"obstr_sup_tipo":null,"obstr_fundo":null,"obstr_fundo_tipo":null,"n_tubos":0,"tubos":"","area_critica":"AC sem nome","entrega":"2026-09-28"},"geometry":{"type":"Point","coordinates":[-51.8964526,-23.4099494]}},
{"type":"Feature","properties":{"id":"A26092817:06031","equipe":"A","num":31,"codigo":"BLO","tipo":"Boca de lobo","utm_E":408413.2348,"utm_N":7410805.012,"h_ortom":535.181,"material":"Concreto","cc_tipo":"Múltipla","profundidade_cm":67,"inacessivel":false,"posicao":"Esquina","tampa":"Concreto","condicao":"Boa","obstr_sup":"Parcial","obstr_sup_tipo":"Folhagem","obstr_fundo":"Não","obstr_fundo_tipo":"Nenhuma","n_tubos":1,"tubos":"40cm NE","area_critica":"AC sem nome","entrega":"2026-09-28"},"geometry":{"type":"Point","coordinates":[-51.8963957,-23.4100226]}},
{"type":"Feature","properties":{"id":"A26092817:13032","equipe":"A","num":32,"codigo":"BLO","tipo":"Boca de lobo","utm_E":408417.5163,"utm_N":7410811.639,"h_ortom":535.195,"material":"Concreto","cc_tipo":"Múltipla","profundidade_cm":75,"inacessivel":false,"posicao":"Esquina","tampa":"Concreto","condicao":"Boa","obstr_sup":"Parcial","obstr_sup_tipo":"Folhagem","obstr_fundo":"Parcial","obstr_fundo_tipo":"Folhagem","n_tubos":1,"tubos":"40cm SW","area_critica":"AC sem nome","entrega":"2026-09-28"},"geometry":{"type":"Point","coordinates":[-51.8963534,-23.409963]}},
{"type":"Feature","properties":{"id":"A26092817:15033","equipe":"A","num":33,"codigo":"BLO","tipo":"Boca de lobo","utm_E":408415.3798,"utm_N":7410818.637,"h_ortom":534.807,"material":"Concreto","cc_tipo":"Simples","profundidade_cm":80,"inacessivel":false,"posicao":"Esquina","tampa":"Concreto","condicao":"Boa","obstr_sup":"Não","obstr_sup_tipo":"Nenhuma","obstr_fundo":"Não","obstr_fundo_tipo":"Nenhuma","n_tubos":1,"tubos":"40cm NW","area_critica":"AC sem nome","entrega":"2026-09-28"},"geometry":{"type":"Point","coordinates":[-51.8963739,-23.4098996]}},
{"type":"Feature","properties":{"id":"A26092817:18034","equipe":"A","num":34,"codigo":"BLO","tipo":"Boca de lobo","utm_E":408408.963,"utm_N":7410822.849,"h_ortom":534.769,"material":"Concreto","cc_tipo":"Simples","profundidade_cm":110,"inacessivel":false,"posicao":"Esquina","tampa":"Concreto","condicao":"Boa","obstr_sup":"Não","obstr_sup_tipo":"Nenhuma","obstr_fundo":"Não","obstr_fundo_tipo":"Nenhuma","n_tubos":1,"tubos":"40cm SE","area_critica":"AC sem nome","entrega":"2026-09-28"},"geometry":{"type":"Point","coordinates":[-51.8964364,-23.4098612]}},
{"type":"Feature","properties":{"id":"A26092817:23035","equipe":"A","num":35,"codigo":"PTOBAI","tipo":"Ponto baixo (eixo)","utm_E":408396.0275,"utm_N":7410794.892,"h_ortom":534.467,"material":null,"cc_tipo":null,"profundidade_cm":null,"inacessivel":false,"posicao":null,"tampa":null,"condicao":null,"obstr_sup":null,"obstr_sup_tipo":null,"obstr_fundo":null,"obstr_fundo_tipo":null,"n_tubos":0,"tubos":"","area_critica":"","entrega":"2026-09-28"},"geometry":{"type":"Point","coordinates":[-51.8965647,-23.410113]}},
{"type":"Feature","properties":{"id":"A26092817:24036","equipe":"A","num":36,"codigo":"BLO","tipo":"Boca de lobo","utm_E":408342.0443,"utm_N":7410848.868,"h_ortom":529.446,"material":"Concreto","cc_tipo":"Simples","profundidade_cm":65,"inacessivel":false,"posicao":"Meio de quadra","tampa":"Concreto","condicao":"Boa","obstr_sup":"Não","obstr_sup_tipo":"Nenhuma","obstr_fundo":"Parcial","obstr_fundo_tipo":"Solo","n_tubos":2,"tubos":"30cm SW; 40cm","area_critica":"AC sem nome","entrega":"2026-09-28"},"geometry":{"type":"Point","coordinates":[-51.8970897,-23.4096225]}},
{"type":"Feature","properties":{"id":"A26092817:30037","equipe":"A","num":37,"codigo":"BLO","tipo":"Boca de lobo","utm_E":408346.2936,"utm_N":7410855.25,"h_ortom":529.477,"material":"Concreto","cc_tipo":"Simples","profundidade_cm":93,"inacessivel":false,"posicao":"Meio de quadra","tampa":"Concreto","condicao":"Boa","obstr_sup":"Não","obstr_sup_tipo":"Nenhuma","obstr_fundo":"Não","obstr_fundo_tipo":"Nenhuma","n_tubos":1,"tubos":"40cm SW","area_critica":"AC sem nome","entrega":"2026-09-28"},"geometry":{"type":"Point","coordinates":[-51.8970478,-23.4095651]}},
{"type":"Feature","properties":{"id":"A26092817:33038","equipe":"A","num":38,"codigo":"BLO","tipo":"Boca de lobo","utm_E":408291.1847,"utm_N":7410879.983,"h_ortom":524.967,"material":"Concreto","cc_tipo":"Simples","profundidade_cm":null,"inacessivel":true,"posicao":"Meio de quadra","tampa":"Concreto","condicao":"Boa","obstr_sup":"Total","obstr_sup_tipo":"Solo","obstr_fundo":"Total","obstr_fundo_tipo":"Solo","n_tubos":0,"tubos":"","area_critica":"AC sem nome","entrega":"2026-09-28"},"geometry":{"type":"Point","coordinates":[-51.8975856,-23.4093386]}},
{"type":"Feature","properties":{"id":"A26092817:35039","equipe":"A","num":39,"codigo":"BLO","tipo":"Boca de lobo","utm_E":408294.9871,"utm_N":7410886.641,"h_ortom":524.967,"material":"Concreto","cc_tipo":"Simples","profundidade_cm":90,"inacessivel":false,"posicao":"N","tampa":"Concreto","condicao":"Boa","obstr_sup":"Não","obstr_sup_tipo":"Nenhuma","obstr_fundo":"Parcial","obstr_fundo_tipo":"Entulho","n_tubos":0,"tubos":"","area_critica":"AC sem nome","entrega":"2026-09-28"},"geometry":{"type":"Point","coordinates":[-51.897548,-23.4092787]}},
{"type":"Feature","properties":{"id":"A26092817:38040","equipe":"A","num":40,"codigo":"ESQUINA","tipo":"Esquina (eixo)","utm_E":408243.9978,"utm_N":7410913.344,"h_ortom":520.786,"material":null,"cc_tipo":null,"profundidade_cm":null,"inacessivel":false,"posicao":null,"tampa":null,"condicao":null,"obstr_sup":null,"obstr_sup_tipo":null,"obstr_fundo":null,"obstr_fundo_tipo":null,"n_tubos":0,"tubos":"","area_critica":"AC sem nome","entrega":"2026-09-28"},"geometry":{"type":"Point","coordinates":[-51.8980453,-23.4090346]}},
{"type":"Feature","properties":{"id":"A26092817:39041","equipe":"A","num":41,"codigo":"BLO","tipo":"Boca de lobo","utm_E":408253.7066,"utm_N":7410911.955,"h_ortom":521.196,"material":"Concreto","cc_tipo":"Simples","profundidade_cm":111,"inacessivel":false,"posicao":"Esquina","tampa":"Concreto","condicao":"Boa","obstr_sup":"Não","obstr_sup_tipo":"Nenhuma","obstr_fundo":"Parcial","obstr_fundo_tipo":"Folhagem","n_tubos":1,"tubos":"40cm SW","area_critica":"AC sem nome","entrega":"2026-09-28"},"geometry":{"type":"Point","coordinates":[-51.8979504,-23.4090477]}},
{"type":"Feature","properties":{"id":"A26092817:44042","equipe":"A","num":42,"codigo":"BLO","tipo":"Boca de lobo","utm_E":408249.7073,"utm_N":7410905.407,"h_ortom":521.168,"material":"Concreto","cc_tipo":"Simples","profundidade_cm":100,"inacessivel":false,"posicao":"Esquina","tampa":"Concreto","condicao":"Boa","obstr_sup":"Não","obstr_sup_tipo":"Nenhuma","obstr_fundo":"Não","obstr_fundo_tipo":"Nenhuma","n_tubos":1,"tubos":"40cm NE","area_critica":"AC sem nome","entrega":"2026-09-28"},"geometry":{"type":"Point","coordinates":[-51.8979899,-23.4091066]}},
{"type":"Feature","properties":{"id":"A26092817:47043","equipe":"A","num":43,"codigo":"PTOBAI","tipo":"Ponto baixo (eixo)","utm_E":408237.2806,"utm_N":7410902.291,"h_ortom":520.543,"material":null,"cc_tipo":null,"profundidade_cm":null,"inacessivel":false,"posicao":null,"tampa":null,"condicao":null,"obstr_sup":null,"obstr_sup_tipo":null,"obstr_fundo":null,"obstr_fundo_tipo":null,"n_tubos":0,"tubos":"","area_critica":"","entrega":"2026-09-28"},"geometry":{"type":"Point","coordinates":[-51.8981117,-23.4091341]}},
{"type":"Feature","properties":{"id":"A26092817:47044","equipe":"A","num":44,"codigo":"BLO","tipo":"Boca de lobo","utm_E":408245.2367,"utm_N":7410923.028,"h_ortom":520.642,"material":"Concreto","cc_tipo":"Simples","profundidade_cm":122,"inacessivel":false,"posicao":"Esquina","tampa":"Concreto","condicao":"Boa","obstr_sup":"Não","obstr_sup_tipo":"Nenhuma","obstr_fundo":"Não","obstr_fundo_tipo":"Nenhuma","n_tubos":1,"tubos":"40cm SE","area_critica":"AC sem nome","entrega":"2026-09-28"},"geometry":{"type":"Point","coordinates":[-51.8980326,-23.4089472]}},
{"type":"Feature","properties":{"id":"A26092817:51045","equipe":"A","num":45,"codigo":"BLO","tipo":"Boca de lobo","utm_E":408251.75,"utm_N":7410919.056,"h_ortom":520.922,"material":"Concreto","cc_tipo":"Simples","profundidade_cm":108,"inacessivel":false,"posicao":"Esquina","tampa":"Concreto","condicao":"Boa","obstr_sup":"Não","obstr_sup_tipo":"Nenhuma","obstr_fundo":"Parcial","obstr_fundo_tipo":"Folhagem","n_tubos":1,"tubos":"40cm NW","area_critica":"AC sem nome","entrega":"2026-09-28"},"geometry":{"type":"Point","coordinates":[-51.8979691,-23.4089835]}},
{"type":"Feature","properties":{"id":"A26092817:53046","equipe":"A","num":46,"codigo":"BLO","tipo":"Boca de lobo","utm_E":408191.6121,"utm_N":7410941.058,"h_ortom":515.956,"material":"Concreto","cc_tipo":"Simples","profundidade_cm":87,"inacessivel":false,"posicao":"Meio de quadra","tampa":"Concreto","condicao":"Boa","obstr_sup":"Não","obstr_sup_tipo":"Nenhuma","obstr_fundo":"Não","obstr_fundo_tipo":"Nenhuma","n_tubos":1,"tubos":"40cm NE","area_critica":"AC sem nome","entrega":"2026-09-28"},"geometry":{"type":"Point","coordinates":[-51.8985563,-23.4087814]}},
{"type":"Feature","properties":{"id":"A26092817:58047","equipe":"A","num":47,"codigo":"BLO","tipo":"Boca de lobo","utm_E":408195.4641,"utm_N":7410947.591,"h_ortom":515.879,"material":"Concreto","cc_tipo":"Simples","profundidade_cm":115,"inacessivel":false,"posicao":"Meio de quadra","tampa":"Concreto","condicao":"Boa","obstr_sup":"Não","obstr_sup_tipo":"Nenhuma","obstr_fundo":"Não","obstr_fundo_tipo":"Nenhuma","n_tubos":1,"tubos":"40cm SW","area_critica":"AC sem nome","entrega":"2026-09-28"},"geometry":{"type":"Point","coordinates":[-51.8985182,-23.4087226]}},
{"type":"Feature","properties":{"id":"A26092818:01048","equipe":"A","num":48,"codigo":"BLO","tipo":"Boca de lobo","utm_E":408140.3189,"utm_N":7410972.518,"h_ortom":510.829,"material":"Concreto","cc_tipo":"Simples","profundidade_cm":128,"inacessivel":false,"posicao":"Meio de quadra","tampa":"Concreto","condicao":"Boa","obstr_sup":"Sim","obstr_sup_tipo":"Entulho","obstr_fundo":"Não","obstr_fundo_tipo":"Nenhuma","n_tubos":2,"tubos":"10cm SW; 40cm","area_critica":"AC sem nome","entrega":"2026-09-28"},"geometry":{"type":"Point","coordinates":[-51.8990564,-23.4084943]}},
{"type":"Feature","properties":{"id":"A26092818:05049","equipe":"A","num":49,"codigo":"BLO","tipo":"Boca de lobo","utm_E":408144.619,"utm_N":7410978.825,"h_ortom":510.945,"material":"Concreto","cc_tipo":"Simples","profundidade_cm":142,"inacessivel":false,"posicao":"Esquina","tampa":"Concreto","condicao":"Ruim","obstr_sup":"Não","obstr_sup_tipo":"Nenhuma","obstr_fundo":"Não","obstr_fundo_tipo":"Nenhuma","n_tubos":1,"tubos":"40cm SW","area_critica":"AC sem nome","entrega":"2026-09-28"},"geometry":{"type":"Point","coordinates":[-51.8990139,-23.4084376]}},
{"type":"Feature","properties":{"id":"A26092818:09050","equipe":"A","num":50,"codigo":"ESQUINA","tipo":"Esquina (eixo)","utm_E":408134.4323,"utm_N":7410980.457,"h_ortom":510.09,"material":null,"cc_tipo":null,"profundidade_cm":null,"inacessivel":false,"posicao":null,"tampa":null,"condicao":null,"obstr_sup":null,"obstr_sup_tipo":null,"obstr_fundo":null,"obstr_fundo_tipo":null,"n_tubos":0,"tubos":"","area_critica":"AC sem nome","entrega":"2026-09-28"},"geometry":{"type":"Point","coordinates":[-51.8991135,-23.4084223]}},
{"type":"Feature","properties":{"id":"A26092818:11051","equipe":"A","num":51,"codigo":"BLO","tipo":"Boca de lobo","utm_E":408138.3709,"utm_N":7410988.777,"h_ortom":510.146,"material":"Concreto","cc_tipo":"Simples","profundidade_cm":125,"inacessivel":false,"posicao":"Esquina","tampa":"Concreto","condicao":"Boa","obstr_sup":"Não","obstr_sup_tipo":"Nenhuma","obstr_fundo":"Parcial","obstr_fundo_tipo":"Entulho","n_tubos":1,"tubos":"40cm SE","area_critica":"AC sem nome","entrega":"2026-09-28"},"geometry":{"type":"Point","coordinates":[-51.8990744,-23.4083474]}},
{"type":"Feature","properties":{"id":"A26092818:13052","equipe":"A","num":52,"codigo":"BLO","tipo":"Boca de lobo","utm_E":408145.1453,"utm_N":7410984.543,"h_ortom":510.752,"material":"Concreto","cc_tipo":"Simples","profundidade_cm":155,"inacessivel":false,"posicao":"Esquina","tampa":"Concreto","condicao":"Boa","obstr_sup":"Não","obstr_sup_tipo":"Nenhuma","obstr_fundo":"Não","obstr_fundo_tipo":"Nenhuma","n_tubos":1,"tubos":"40cm NW","area_critica":"AC sem nome","entrega":"2026-09-28"},"geometry":{"type":"Point","coordinates":[-51.8990084,-23.408386]}},
{"type":"Feature","properties":{"id":"B26092814:21001","equipe":"B","num":1,"codigo":"PV","tipo":"Poço de visita","utm_E":408076.5644,"utm_N":7411048.996,"h_ortom":503.402,"material":null,"cc_tipo":null,"profundidade_cm":null,"inacessivel":false,"posicao":null,"tampa":null,"condicao":null,"obstr_sup":null,"obstr_sup_tipo":null,"obstr_fundo":null,"obstr_fundo_tipo":null,"n_tubos":0,"tubos":"","area_critica":"AC sem nome","entrega":"2026-09-28"},"geometry":{"type":"Point","coordinates":[-51.8996756,-23.4078]}},
{"type":"Feature","properties":{"id":"B26092814:25002","equipe":"B","num":2,"codigo":"BLO","tipo":"Boca de lobo","utm_E":408084.3699,"utm_N":7411059.234,"h_ortom":504.227,"material":"Concreto","cc_tipo":"Simples","profundidade_cm":150,"inacessivel":false,"posicao":"Esquina","tampa":"Concreto","condicao":"Boa","obstr_sup":"Não","obstr_sup_tipo":"Nenhuma","obstr_fundo":"Não","obstr_fundo_tipo":"Nenhuma","n_tubos":1,"tubos":"40cm SE","area_critica":"AC sem nome","entrega":"2026-09-28"},"geometry":{"type":"Point","coordinates":[-51.8995986,-23.407708]}},
{"type":"Feature","properties":{"id":"B26092814:34003","equipe":"B","num":3,"codigo":"BLO","tipo":"Boca de lobo","utm_E":408088.3894,"utm_N":7411049.628,"h_ortom":504.199,"material":"Concreto","cc_tipo":"Simples","profundidade_cm":160,"inacessivel":false,"posicao":"Esquina","tampa":"Concreto","condicao":"Boa","obstr_sup":"Não","obstr_sup_tipo":"Nenhuma","obstr_fundo":"Não","obstr_fundo_tipo":"Nenhuma","n_tubos":2,"tubos":"40cm NE; 40cm SW","area_critica":"AC sem nome","entrega":"2026-09-28"},"geometry":{"type":"Point","coordinates":[-51.8995599,-23.407795]}},
{"type":"Feature","properties":{"id":"B26092814:54004","equipe":"B","num":4,"codigo":"BLO","tipo":"Boca de lobo","utm_E":408090.3179,"utm_N":7411043.346,"h_ortom":504.65,"material":"Concreto","cc_tipo":"Simples","profundidade_cm":187,"inacessivel":false,"posicao":"Esquina","tampa":"Concreto","condicao":"Boa","obstr_sup":"Não","obstr_sup_tipo":"Nenhuma","obstr_fundo":"Não","obstr_fundo_tipo":"Nenhuma","n_tubos":2,"tubos":"40cm NE; 40cm SW","area_critica":"AC sem nome","entrega":"2026-09-28"},"geometry":{"type":"Point","coordinates":[-51.8995414,-23.4078518]}},
{"type":"Feature","properties":{"id":"B26092814:55005","equipe":"B","num":5,"codigo":"BLO","tipo":"Boca de lobo","utm_E":408094.4677,"utm_N":7411033.73,"h_ortom":504.494,"material":"Concreto","cc_tipo":"Simples","profundidade_cm":120,"inacessivel":false,"posicao":"Esquina","tampa":"Concreto","condicao":"Boa","obstr_sup":"Não","obstr_sup_tipo":"Nenhuma","obstr_fundo":"Não","obstr_fundo_tipo":"Nenhuma","n_tubos":1,"tubos":"40cm NE","area_critica":"AC sem nome","entrega":"2026-09-28"},"geometry":{"type":"Point","coordinates":[-51.8995013,-23.4079389]}},
{"type":"Feature","properties":{"id":"B26092815:02006","equipe":"B","num":6,"codigo":"BLO","tipo":"Boca de lobo","utm_E":408091.6489,"utm_N":7411023.948,"h_ortom":504.202,"material":"Concreto","cc_tipo":"Simples","profundidade_cm":112,"inacessivel":false,"posicao":"Esquina","tampa":"Concreto","condicao":"Boa","obstr_sup":"Não","obstr_sup_tipo":"Nenhuma","obstr_fundo":"Não","obstr_fundo_tipo":"Nenhuma","n_tubos":0,"tubos":"","area_critica":"AC sem nome","entrega":"2026-09-28"},"geometry":{"type":"Point","coordinates":[-51.8995295,-23.4080271]}},
{"type":"Feature","properties":{"id":"B26092815:07007","equipe":"B","num":7,"codigo":"BLO","tipo":"Boca de lobo","utm_E":408084.0843,"utm_N":7411018.226,"h_ortom":504.032,"material":"Concreto","cc_tipo":"Simples","profundidade_cm":102,"inacessivel":false,"posicao":"Esquina","tampa":"Concreto","condicao":"Boa","obstr_sup":"Não","obstr_sup_tipo":"Nenhuma","obstr_fundo":"Parcial","obstr_fundo_tipo":"Folhagem","n_tubos":1,"tubos":"40cm EE","area_critica":"AC sem nome","entrega":"2026-09-28"},"geometry":{"type":"Point","coordinates":[-51.8996039,-23.4080783]}},
{"type":"Feature","properties":{"id":"B26092815:15008","equipe":"B","num":8,"codigo":"ESQUINA","tipo":"Esquina (eixo)","utm_E":408084.1918,"utm_N":7411032.952,"h_ortom":504.025,"material":null,"cc_tipo":null,"profundidade_cm":null,"inacessivel":false,"posicao":null,"tampa":null,"condicao":null,"obstr_sup":null,"obstr_sup_tipo":null,"obstr_fundo":null,"obstr_fundo_tipo":null,"n_tubos":0,"tubos":"","area_critica":"AC sem nome","entrega":"2026-09-28"},"geometry":{"type":"Point","coordinates":[-51.899602,-23.4079454]}},
{"type":"Feature","properties":{"id":"B26092815:16009","equipe":"B","num":9,"codigo":"PTOBAI","tipo":"Ponto baixo (eixo)","utm_E":408086.7936,"utm_N":7411025.839,"h_ortom":503.843,"material":null,"cc_tipo":null,"profundidade_cm":null,"inacessivel":false,"posicao":null,"tampa":null,"condicao":null,"obstr_sup":null,"obstr_sup_tipo":null,"obstr_fundo":null,"obstr_fundo_tipo":null,"n_tubos":0,"tubos":"","area_critica":"AC sem nome","entrega":"2026-09-28"},"geometry":{"type":"Point","coordinates":[-51.8995769,-23.4080097]}},
{"type":"Feature","properties":{"id":"B26092815:16010","equipe":"B","num":10,"codigo":"PTOALT","tipo":"Ponto alto (eixo)","utm_E":408093.3238,"utm_N":7411005.854,"h_ortom":505.401,"material":null,"cc_tipo":null,"profundidade_cm":null,"inacessivel":false,"posicao":null,"tampa":null,"condicao":null,"obstr_sup":null,"obstr_sup_tipo":null,"obstr_fundo":null,"obstr_fundo_tipo":null,"n_tubos":0,"tubos":"","area_critica":"AC sem nome","entrega":"2026-09-28","tambem":"B26092815:16011 (ESQUINA)"},"geometry":{"type":"Point","coordinates":[-51.8995142,-23.4081906]}},
{"type":"Feature","properties":{"id":"B26092815:17012","equipe":"B","num":12,"codigo":"BLO","tipo":"Boca de lobo","utm_E":408092.9619,"utm_N":7410988.153,"h_ortom":506.192,"material":"Concreto","cc_tipo":"Simples","profundidade_cm":131,"inacessivel":false,"posicao":"Esquina","tampa":"Concreto","condicao":"Boa","obstr_sup":"Não","obstr_sup_tipo":"Nenhuma","obstr_fundo":"Não","obstr_fundo_tipo":"Nenhuma","n_tubos":1,"tubos":"40cm EE","area_critica":"AC sem nome","entrega":"2026-09-28"},"geometry":{"type":"Point","coordinates":[-51.8995189,-23.4083505]}},
{"type":"Feature","properties":{"id":"B26092815:22013","equipe":"B","num":13,"codigo":"BLO","tipo":"Boca de lobo","utm_E":408101.6496,"utm_N":7410990.172,"h_ortom":506.666,"material":"Concreto","cc_tipo":"Simples","profundidade_cm":181,"inacessivel":false,"posicao":"Esquina","tampa":"Concreto","condicao":"Boa","obstr_sup":"Não","obstr_sup_tipo":"Nenhuma","obstr_fundo":"Não","obstr_fundo_tipo":"Nenhuma","n_tubos":1,"tubos":"40cm WW","area_critica":"AC sem nome","entrega":"2026-09-28"},"geometry":{"type":"Point","coordinates":[-51.8994337,-23.4083327]}},
{"type":"Feature","properties":{"id":"B26092815:28014","equipe":"B","num":14,"codigo":"ESQUINA","tipo":"Esquina (eixo)","utm_E":408104.8551,"utm_N":7410917.593,"h_ortom":508.993,"material":null,"cc_tipo":null,"profundidade_cm":null,"inacessivel":false,"posicao":null,"tampa":null,"condicao":null,"obstr_sup":null,"obstr_sup_tipo":null,"obstr_fundo":null,"obstr_fundo_tipo":null,"n_tubos":0,"tubos":"","area_critica":"AC sem nome","entrega":"2026-09-28"},"geometry":{"type":"Point","coordinates":[-51.8994068,-23.4089884]}},
{"type":"Feature","properties":{"id":"B26092815:28015","equipe":"B","num":15,"codigo":"PTOBAI","tipo":"Ponto baixo (eixo)","utm_E":408109.4013,"utm_N":7410914.828,"h_ortom":509.239,"material":null,"cc_tipo":null,"profundidade_cm":null,"inacessivel":false,"posicao":null,"tampa":null,"condicao":null,"obstr_sup":null,"obstr_sup_tipo":null,"obstr_fundo":null,"obstr_fundo_tipo":null,"n_tubos":0,"tubos":"","area_critica":"AC sem nome","entrega":"2026-09-28"},"geometry":{"type":"Point","coordinates":[-51.8993625,-23.4090136]}},
{"type":"Feature","properties":{"id":"B26092815:29016","equipe":"B","num":16,"codigo":"PV","tipo":"Poço de visita","utm_E":408105.3884,"utm_N":7410917.435,"h_ortom":509.018,"material":null,"cc_tipo":null,"profundidade_cm":null,"inacessivel":false,"posicao":null,"tampa":null,"condicao":null,"obstr_sup":null,"obstr_sup_tipo":null,"obstr_fundo":null,"obstr_fundo_tipo":null,"n_tubos":0,"tubos":"","area_critica":"AC sem nome","entrega":"2026-09-28"},"geometry":{"type":"Point","coordinates":[-51.8994016,-23.4089899]}},
{"type":"Feature","properties":{"id":"B26092815:31017","equipe":"B","num":17,"codigo":"BLO","tipo":"Boca de lobo","utm_E":408109.0618,"utm_N":7410902.741,"h_ortom":509.467,"material":"Concreto","cc_tipo":"Simples","profundidade_cm":125,"inacessivel":false,"posicao":"Esquina","tampa":"Concreto","condicao":"Boa","obstr_sup":"Não","obstr_sup_tipo":"Nenhuma","obstr_fundo":"Não","obstr_fundo_tipo":"Nenhuma","n_tubos":1,"tubos":"40cm WW","area_critica":"AC sem nome","entrega":"2026-09-28"},"geometry":{"type":"Point","coordinates":[-51.8993665,-23.4091228]}},
{"type":"Feature","properties":{"id":"B26092815:35018","equipe":"B","num":18,"codigo":"BLO","tipo":"Boca de lobo","utm_E":408100.1638,"utm_N":7410902.839,"h_ortom":509.442,"material":"Concreto","cc_tipo":"Simples","profundidade_cm":138,"inacessivel":false,"posicao":"Esquina","tampa":"Concreto","condicao":"Boa","obstr_sup":"Parcial","obstr_sup_tipo":"Folhagem","obstr_fundo":"Parcial","obstr_fundo_tipo":"Solo","n_tubos":1,"tubos":"40cm EE","area_critica":"AC sem nome","entrega":"2026-09-28"},"geometry":{"type":"Point","coordinates":[-51.8994536,-23.4091214]}},
{"type":"Feature","properties":{"id":"B26092815:38019","equipe":"B","num":19,"codigo":"BLO","tipo":"Boca de lobo","utm_E":408098.7844,"utm_N":7410857.561,"h_ortom":510.655,"material":"Concreto","cc_tipo":"Simples","profundidade_cm":117,"inacessivel":false,"posicao":"Meio de quadra","tampa":"Concreto","condicao":"Boa","obstr_sup":"Total","obstr_sup_tipo":"Folhagem","obstr_fundo":"Total","obstr_fundo_tipo":"Entulho","n_tubos":1,"tubos":"40cm EE","area_critica":"AC sem nome","entrega":"2026-09-28"},"geometry":{"type":"Point","coordinates":[-51.8994699,-23.4095303]}},
{"type":"Feature","properties":{"id":"B26092815:43020","equipe":"B","num":20,"codigo":"BLO","tipo":"Boca de lobo","utm_E":408107.859,"utm_N":7410858.069,"h_ortom":510.485,"material":"Concreto","cc_tipo":"Simples","profundidade_cm":null,"inacessivel":true,"posicao":"Meio de quadra","tampa":"Concreto","condicao":"Boa","obstr_sup":"Total","obstr_sup_tipo":"Solo","obstr_fundo":"Total","obstr_fundo_tipo":"Solo","n_tubos":0,"tubos":"","area_critica":"AC sem nome","entrega":"2026-09-28"},"geometry":{"type":"Point","coordinates":[-51.899381,-23.4095262]}},
{"type":"Feature","properties":{"id":"B26092815:46021","equipe":"B","num":21,"codigo":"PTOALT","tipo":"Ponto alto (eixo)","utm_E":408102.8689,"utm_N":7410839.047,"h_ortom":510.964,"material":null,"cc_tipo":null,"profundidade_cm":null,"inacessivel":false,"posicao":null,"tampa":null,"condicao":null,"obstr_sup":null,"obstr_sup_tipo":null,"obstr_fundo":null,"obstr_fundo_tipo":null,"n_tubos":0,"tubos":"","area_critica":"AC sem nome","entrega":"2026-09-28"},"geometry":{"type":"Point","coordinates":[-51.899431,-23.4096977]}},
{"type":"Feature","properties":{"id":"B26092815:47022","equipe":"B","num":22,"codigo":"BLO","tipo":"Boca de lobo","utm_E":408115.5232,"utm_N":7410905.82,"h_ortom":509.836,"material":"Concreto","cc_tipo":"Simples","profundidade_cm":132,"inacessivel":false,"posicao":"Meio de quadra","tampa":"Concreto","condicao":"Boa","obstr_sup":"Não","obstr_sup_tipo":"Nenhuma","obstr_fundo":"Não","obstr_fundo_tipo":"Nenhuma","n_tubos":1,"tubos":"40cm NE","area_critica":"AC sem nome","entrega":"2026-09-28"},"geometry":{"type":"Point","coordinates":[-51.8993031,-23.4090954]}},
{"type":"Feature","properties":{"id":"B26092815:54023","equipe":"B","num":23,"codigo":"BLO","tipo":"Boca de lobo","utm_E":408119.9698,"utm_N":7410913.558,"h_ortom":509.867,"material":"Concreto","cc_tipo":"Simples","profundidade_cm":140,"inacessivel":false,"posicao":"Esquina","tampa":"Concreto","condicao":"Boa","obstr_sup":"Não","obstr_sup_tipo":"Nenhuma","obstr_fundo":"Não","obstr_fundo_tipo":"Nenhuma","n_tubos":1,"tubos":"40cm SW","area_critica":"AC sem nome","entrega":"2026-09-28"},"geometry":{"type":"Point","coordinates":[-51.8992591,-23.4090257]}},
{"type":"Feature","properties":{"id":"B26092815:56024","equipe":"B","num":24,"codigo":"BLO","tipo":"Boca de lobo","utm_E":408160.6621,"utm_N":7410878.221,"h_ortom":515.039,"material":"Concreto","cc_tipo":"Simples","profundidade_cm":126,"inacessivel":false,"posicao":"Esquina","tampa":"Concreto","condicao":"Boa","obstr_sup":"Não","obstr_sup_tipo":"Nenhuma","obstr_fundo":"Não","obstr_fundo_tipo":"Nenhuma","n_tubos":1,"tubos":"40cm NE","area_critica":"AC sem nome","entrega":"2026-09-28"},"geometry":{"type":"Point","coordinates":[-51.898863,-23.4093472]}},
{"type":"Feature","properties":{"id":"B26092816:01025","equipe":"B","num":25,"codigo":"BLO","tipo":"Boca de lobo","utm_E":408165.5475,"utm_N":7410885.586,"h_ortom":515.05,"material":"Concreto","cc_tipo":"Simples","profundidade_cm":114,"inacessivel":false,"posicao":"Meio de quadra","tampa":"Concreto","condicao":"Boa","obstr_sup":"Não","obstr_sup_tipo":"Nenhuma","obstr_fundo":"Não","obstr_fundo_tipo":"Nenhuma","n_tubos":1,"tubos":"40cm SW","area_critica":"AC sem nome","entrega":"2026-09-28"},"geometry":{"type":"Point","coordinates":[-51.8988148,-23.4092809]}},
{"type":"Feature","properties":{"id":"B26092816:04026","equipe":"B","num":26,"codigo":"PV","tipo":"Poço de visita","utm_E":408207.3693,"utm_N":7410854.496,"h_ortom":519.83,"material":"Concreto","cc_tipo":"Simples","profundidade_cm":null,"inacessivel":true,"posicao":"Esquina","tampa":"Ferro","condicao":"Boa","obstr_sup":"Não","obstr_sup_tipo":"Nenhuma","obstr_fundo":"Não","obstr_fundo_tipo":"Nenhuma","n_tubos":0,"tubos":"","area_critica":"AC sem nome","entrega":"2026-09-28"},"geometry":{"type":"Point","coordinates":[-51.8984074,-23.4095641]}},
{"type":"Feature","properties":{"id":"B26092816:04027","equipe":"B","num":27,"codigo":"ESQUINA","tipo":"Esquina (eixo)","utm_E":408207.7167,"utm_N":7410854.692,"h_ortom":519.834,"material":null,"cc_tipo":null,"profundidade_cm":null,"inacessivel":false,"posicao":null,"tampa":null,"condicao":null,"obstr_sup":null,"obstr_sup_tipo":null,"obstr_fundo":null,"obstr_fundo_tipo":null,"n_tubos":0,"tubos":"","area_critica":"AC sem nome","entrega":"2026-09-28"},"geometry":{"type":"Point","coordinates":[-51.898404,-23.4095623]}},
{"type":"Feature","properties":{"id":"B26092816:08028","equipe":"B","num":28,"codigo":"BLO","tipo":"Boca de lobo","utm_E":408208.1717,"utm_N":7410864.075,"h_ortom":519.895,"material":"Concreto","cc_tipo":"Simples","profundidade_cm":109,"inacessivel":false,"posicao":"Esquina","tampa":"Concreto","condicao":"Boa","obstr_sup":"Não","obstr_sup_tipo":"Nenhuma","obstr_fundo":"Não","obstr_fundo_tipo":"Nenhuma","n_tubos":1,"tubos":"40cm SS","area_critica":"AC sem nome","entrega":"2026-09-28"},"geometry":{"type":"Point","coordinates":[-51.8983989,-23.4094776]}},
{"type":"Feature","properties":{"id":"B26092816:12029","equipe":"B","num":29,"codigo":"BLO","tipo":"Boca de lobo","utm_E":408215.8604,"utm_N":7410859.229,"h_ortom":520.088,"material":"Concreto","cc_tipo":"Simples","profundidade_cm":107,"inacessivel":false,"posicao":"Esquina","tampa":"Concreto","condicao":"Boa","obstr_sup":"Não","obstr_sup_tipo":"Nenhuma","obstr_fundo":"Não","obstr_fundo_tipo":"Nenhuma","n_tubos":1,"tubos":"40cm WW","area_critica":"AC sem nome","entrega":"2026-09-28"},"geometry":{"type":"Point","coordinates":[-51.898324,-23.4095218]}},
{"type":"Feature","properties":{"id":"B26092816:15030","equipe":"B","num":30,"codigo":"BLO","tipo":"Boca de lobo","utm_E":408218.0363,"utm_N":7410853.473,"h_ortom":520.33,"material":"Concreto","cc_tipo":"Simples","profundidade_cm":125,"inacessivel":false,"posicao":"Esquina","tampa":"Concreto","condicao":"Boa","obstr_sup":"Não","obstr_sup_tipo":"Nenhuma","obstr_fundo":"Não","obstr_fundo_tipo":"Nenhuma","n_tubos":1,"tubos":"40cm SW","area_critica":"AC sem nome","entrega":"2026-09-28"},"geometry":{"type":"Point","coordinates":[-51.8983031,-23.4095739]}},
{"type":"Feature","properties":{"id":"B26092816:21031","equipe":"B","num":31,"codigo":"BLO","tipo":"Boca de lobo","utm_E":408213.4185,"utm_N":7410845.977,"h_ortom":520.366,"material":"Concreto","cc_tipo":"Simples","profundidade_cm":130,"inacessivel":false,"posicao":"Esquina","tampa":"Concreto","condicao":"Boa","obstr_sup":"Não","obstr_sup_tipo":"Nenhuma","obstr_fundo":"Não","obstr_fundo_tipo":"Nenhuma","n_tubos":1,"tubos":"40cm NE","area_critica":"AC sem nome","entrega":"2026-09-28"},"geometry":{"type":"Point","coordinates":[-51.8983487,-23.4096414]}},
{"type":"Feature","properties":{"id":"B26092816:24032","equipe":"B","num":32,"codigo":"PTOALT","tipo":"Ponto alto (eixo)","utm_E":408288.707,"utm_N":7410804.947,"h_ortom":527.371,"material":null,"cc_tipo":null,"profundidade_cm":null,"inacessivel":false,"posicao":null,"tampa":null,"condicao":null,"obstr_sup":null,"obstr_sup_tipo":null,"obstr_fundo":null,"obstr_fundo_tipo":null,"n_tubos":0,"tubos":"","area_critica":"","entrega":"2026-09-28"},"geometry":{"type":"Point","coordinates":[-51.8976144,-23.4100162]}},
{"type":"Feature","properties":{"id":"B26092816:26033","equipe":"B","num":33,"codigo":"BLO","tipo":"Boca de lobo","utm_E":408279.6949,"utm_N":7410815.737,"h_ortom":526.352,"material":"Concreto","cc_tipo":"Simples","profundidade_cm":117,"inacessivel":false,"posicao":"Meio de quadra","tampa":"Concreto","condicao":"Boa","obstr_sup":"Não","obstr_sup_tipo":"Nenhuma","obstr_fundo":"Não","obstr_fundo_tipo":"Nenhuma","n_tubos":1,"tubos":"40cm SW","area_critica":"AC sem nome","entrega":"2026-09-28"},"geometry":{"type":"Point","coordinates":[-51.8977019,-23.4099182]}},
{"type":"Feature","properties":{"id":"B26092816:29034","equipe":"B","num":34,"codigo":"BLO","tipo":"Boca de lobo","utm_E":408274.7696,"utm_N":7410808.324,"h_ortom":526.274,"material":"Concreto","cc_tipo":"Simples","profundidade_cm":126,"inacessivel":false,"posicao":"Esquina","tampa":"Concreto","condicao":"Boa","obstr_sup":"Não","obstr_sup_tipo":"Nenhuma","obstr_fundo":"Não","obstr_fundo_tipo":"Nenhuma","n_tubos":1,"tubos":"40cm NE","area_critica":"AC sem nome","entrega":"2026-09-28"},"geometry":{"type":"Point","coordinates":[-51.8977506,-23.4099849]}},
{"type":"Feature","properties":{"id":"A26092908:08001","equipe":"A","num":1,"codigo":"PTOBAI","tipo":"Ponto baixo (eixo)","utm_E":407830.7796,"utm_N":7410459.715,"h_ortom":529.308,"material":null,"cc_tipo":null,"profundidade_cm":null,"inacessivel":false,"posicao":null,"tampa":null,"condicao":null,"obstr_sup":null,"obstr_sup_tipo":null,"obstr_fundo":null,"obstr_fundo_tipo":null,"n_tubos":0,"tubos":"","area_critica":"AC04 — Ribeirão Morangueiro","entrega":"2026-09-29"},"geometry":{"type":"Point","coordinates":[-51.902117,-23.4131084]}},
{"type":"Feature","properties":{"id":"A26092908:09002","equipe":"A","num":2,"codigo":"ESQUINA","tipo":"Esquina (eixo)","utm_E":407855.9475,"utm_N":7410438.387,"h_ortom":529.126,"material":null,"cc_tipo":null,"profundidade_cm":null,"inacessivel":false,"posicao":null,"tampa":null,"condicao":null,"obstr_sup":null,"obstr_sup_tipo":null,"obstr_fundo":null,"obstr_fundo_tipo":null,"n_tubos":0,"tubos":"","area_critica":"AC04 — Ribeirão Morangueiro","entrega":"2026-09-29"},"geometry":{"type":"Point","coordinates":[-51.901872,-23.4133025]}},
{"type":"Feature","properties":{"id":"A26092908:09003","equipe":"A","num":3,"codigo":"BLO","tipo":"Boca de lobo","utm_E":407853.8129,"utm_N":7410444.946,"h_ortom":528.869,"material":"Concreto","cc_tipo":"Simples","profundidade_cm":null,"inacessivel":true,"posicao":"Meio de quadra","tampa":"Concreto","condicao":"Boa","obstr_sup":"Não","obstr_sup_tipo":"Nenhuma","obstr_fundo":"Não","obstr_fundo_tipo":"Nenhuma","n_tubos":0,"tubos":"","area_critica":"AC04 — Ribeirão Morangueiro","entrega":"2026-09-29"},"geometry":{"type":"Point","coordinates":[-51.9018925,-23.4132431]}},
{"type":"Feature","properties":{"id":"A26092908:20004","equipe":"A","num":4,"codigo":"BLO","tipo":"Boca de lobo","utm_E":407847.3193,"utm_N":7410440.237,"h_ortom":528.996,"material":"Concreto","cc_tipo":"Simples","profundidade_cm":62,"inacessivel":false,"posicao":"Esquina","tampa":"Concreto","condicao":"Boa","obstr_sup":"Parcial","obstr_sup_tipo":"Folhagem","obstr_fundo":"Não","obstr_fundo_tipo":"Nenhuma","n_tubos":1,"tubos":"40cm NE","area_critica":"AC04 — Ribeirão Morangueiro","entrega":"2026-09-29"},"geometry":{"type":"Point","coordinates":[-51.9019563,-23.4132853]}},
{"type":"Feature","properties":{"id":"A26092908:27005","equipe":"A","num":5,"codigo":"BLO","tipo":"Boca de lobo","utm_E":407846.8085,"utm_N":7410433.619,"h_ortom":529.223,"material":"Concreto","cc_tipo":"Múltipla","profundidade_cm":59,"inacessivel":false,"posicao":"Esquina","tampa":"Concreto","condicao":"Boa","obstr_sup":"Parcial","obstr_sup_tipo":"Folhagem","obstr_fundo":"Sim","obstr_fundo_tipo":"Folhagem","n_tubos":2,"tubos":"40cm SE; 40cm SE","area_critica":"AC04 — Ribeirão Morangueiro","entrega":"2026-09-29"},"geometry":{"type":"Point","coordinates":[-51.9019617,-23.413345]}},
{"type":"Feature","properties":{"id":"A26092908:31006","equipe":"A","num":6,"codigo":"BLO","tipo":"Boca de lobo","utm_E":407853.0359,"utm_N":7410428.86,"h_ortom":529.253,"material":"Concreto","cc_tipo":"Simples","profundidade_cm":60,"inacessivel":false,"posicao":"Esquina","tampa":"Concreto","condicao":"Boa","obstr_sup":"Parcial","obstr_sup_tipo":"Folhagem","obstr_fundo":"Sim","obstr_fundo_tipo":"Folhagem","n_tubos":1,"tubos":"40cm NW","area_critica":"AC04 — Ribeirão Morangueiro","entrega":"2026-09-29"},"geometry":{"type":"Point","coordinates":[-51.9019011,-23.4133884]}},
{"type":"Feature","properties":{"id":"A26092908:35007","equipe":"A","num":7,"codigo":"PTOALT","tipo":"Ponto alto (eixo)","utm_E":407823.9537,"utm_N":7410400.455,"h_ortom":531.145,"material":null,"cc_tipo":null,"profundidade_cm":null,"inacessivel":false,"posicao":null,"tampa":null,"condicao":null,"obstr_sup":null,"obstr_sup_tipo":null,"obstr_fundo":null,"obstr_fundo_tipo":null,"n_tubos":0,"tubos":"","area_critica":"AC04 — Ribeirão Morangueiro","entrega":"2026-09-29"},"geometry":{"type":"Point","coordinates":[-51.9021874,-23.4136433]}},
{"type":"Feature","properties":{"id":"A26092908:37008","equipe":"A","num":8,"codigo":"BLO","tipo":"Boca de lobo","utm_E":407865.5647,"utm_N":7410434.965,"h_ortom":528.904,"material":"Concreto","cc_tipo":"Simples","profundidade_cm":75,"inacessivel":false,"posicao":"Meio de quadra","tampa":"Concreto","condicao":"Boa","obstr_sup":"Parcial","obstr_sup_tipo":"Folhagem","obstr_fundo":"Parcial","obstr_fundo_tipo":"Folhagem","n_tubos":2,"tubos":"40cm SW; 10cm NN","area_critica":"AC04 — Ribeirão Morangueiro","entrega":"2026-09-29"},"geometry":{"type":"Point","coordinates":[-51.9017781,-23.4133339]}},
{"type":"Feature","properties":{"id":"A26092908:45009","equipe":"A","num":9,"codigo":"BLO","tipo":"Boca de lobo","utm_E":407883.4248,"utm_N":7410419.887,"h_ortom":528.995,"material":"Concreto","cc_tipo":"Simples","profundidade_cm":64,"inacessivel":false,"posicao":"Meio de quadra","tampa":"Concreto","condicao":"Ruim","obstr_sup":"Não","obstr_sup_tipo":"Nenhuma","obstr_fundo":"Não","obstr_fundo_tipo":"Nenhuma","n_tubos":1,"tubos":"40cm SW","area_critica":"AC04 — Ribeirão Morangueiro","entrega":"2026-09-29"},"geometry":{"type":"Point","coordinates":[-51.9016042,-23.4134711]}},
{"type":"Feature","properties":{"id":"A26092908:48010","equipe":"A","num":10,"codigo":"BLO","tipo":"Boca de lobo","utm_E":407905.9056,"utm_N":7410400.668,"h_ortom":528.91,"material":"Concreto","cc_tipo":"Simples","profundidade_cm":84,"inacessivel":false,"posicao":"Meio de quadra","tampa":"Concreto","condicao":"Ruim","obstr_sup":"Não","obstr_sup_tipo":"Nenhuma","obstr_fundo":"Não","obstr_fundo_tipo":"Nenhuma","n_tubos":0,"tubos":"","area_critica":"AC04 — Ribeirão Morangueiro","entrega":"2026-09-29"},"geometry":{"type":"Point","coordinates":[-51.9013854,-23.413646]}},
{"type":"Feature","properties":{"id":"A26092908:50011","equipe":"A","num":11,"codigo":"ESQUINA","tipo":"Esquina (eixo)","utm_E":407903.3372,"utm_N":7410397.855,"h_ortom":529.159,"material":null,"cc_tipo":null,"profundidade_cm":null,"inacessivel":false,"posicao":null,"tampa":null,"condicao":null,"obstr_sup":null,"obstr_sup_tipo":null,"obstr_fundo":null,"obstr_fundo_tipo":null,"n_tubos":0,"tubos":"","area_critica":"AC04 — Ribeirão Morangueiro","entrega":"2026-09-29"},"geometry":{"type":"Point","coordinates":[-51.9014107,-23.4136713]}},
{"type":"Feature","properties":{"id":"A26092908:55012","equipe":"A","num":12,"codigo":"BLO","tipo":"Boca de lobo","utm_E":407894.3364,"utm_N":7410393.361,"h_ortom":529.29,"material":"Concreto","cc_tipo":"Múltipla","profundidade_cm":null,"inacessivel":true,"posicao":"Esquina","tampa":"Concreto","condicao":"Ruim","obstr_sup":"Parcial","obstr_sup_tipo":"Folhagem","obstr_fundo":"Não","obstr_fundo_tipo":"Nenhuma","n_tubos":0,"tubos":"","area_critica":"AC04 — Ribeirão Morangueiro","entrega":"2026-09-29"},"geometry":{"type":"Point","coordinates":[-51.9014991,-23.4137113]}},
{"type":"Feature","properties":{"id":"A26092908:58013","equipe":"A","num":13,"codigo":"BLO","tipo":"Boca de lobo","utm_E":407899.9794,"utm_N":7410388.172,"h_ortom":529.223,"material":"Concreto","cc_tipo":"Múltipla","profundidade_cm":128,"inacessivel":false,"posicao":"Esquina","tampa":"Concreto","condicao":"Boa","obstr_sup":"Não","obstr_sup_tipo":"Nenhuma","obstr_fundo":"Não","obstr_fundo_tipo":"Nenhuma","n_tubos":1,"tubos":"40cm NW","area_critica":"AC04 — Ribeirão Morangueiro","entrega":"2026-09-29"},"geometry":{"type":"Point","coordinates":[-51.9014442,-23.4137585]}},
{"type":"Feature","properties":{"id":"A26092909:02014","equipe":"A","num":14,"codigo":"PTOALT","tipo":"Ponto alto (eixo)","utm_E":407870.5167,"utm_N":7410359.523,"h_ortom":531.243,"material":null,"cc_tipo":null,"profundidade_cm":null,"inacessivel":false,"posicao":null,"tampa":null,"condicao":null,"obstr_sup":null,"obstr_sup_tipo":null,"obstr_fundo":null,"obstr_fundo_tipo":null,"n_tubos":0,"tubos":"","area_critica":"AC04 — Ribeirão Morangueiro","entrega":"2026-09-29"},"geometry":{"type":"Point","coordinates":[-51.9017343,-23.4140156]}},
{"type":"Feature","properties":{"id":"A26092909:04015","equipe":"A","num":15,"codigo":"ESQUINA","tipo":"Esquina (eixo)","utm_E":407951.422,"utm_N":7410356.94,"h_ortom":528.982,"material":null,"cc_tipo":null,"profundidade_cm":null,"inacessivel":false,"posicao":null,"tampa":null,"condicao":null,"obstr_sup":null,"obstr_sup_tipo":null,"obstr_fundo":null,"obstr_fundo_tipo":null,"n_tubos":0,"tubos":"","area_critica":"AC04 — Ribeirão Morangueiro","entrega":"2026-09-29"},"geometry":{"type":"Point","coordinates":[-51.9009426,-23.4140435]}},
{"type":"Feature","properties":{"id":"A26092909:04016","equipe":"A","num":16,"codigo":"BLO","tipo":"Boca de lobo","utm_E":407941.9541,"utm_N":7410359.658,"h_ortom":528.852,"material":"Concreto","cc_tipo":"Simples","profundidade_cm":175,"inacessivel":false,"posicao":"Esquina","tampa":"Concreto","condicao":"Boa","obstr_sup":"Não","obstr_sup_tipo":"Nenhuma","obstr_fundo":"Não","obstr_fundo_tipo":"Nenhuma","n_tubos":1,"tubos":"40cm NE","area_critica":"AC04 — Ribeirão Morangueiro","entrega":"2026-09-29"},"geometry":{"type":"Point","coordinates":[-51.9010351,-23.4140184]}},
{"type":"Feature","properties":{"id":"A26092909:11017","equipe":"A","num":17,"codigo":"BLO","tipo":"Boca de lobo","utm_E":407947.0769,"utm_N":7410365.502,"h_ortom":528.658,"material":"Concreto","cc_tipo":"Simples","profundidade_cm":175,"inacessivel":false,"posicao":"Esquina","tampa":"Concreto","condicao":"Boa","obstr_sup":"Não","obstr_sup_tipo":"Nenhuma","obstr_fundo":"Não","obstr_fundo_tipo":"Nenhuma","n_tubos":1,"tubos":"40cm SW","area_critica":"AC04 — Ribeirão Morangueiro","entrega":"2026-09-29"},"geometry":{"type":"Point","coordinates":[-51.9009846,-23.4139659]}},
{"type":"Feature","properties":{"id":"A26092909:13018","equipe":"A","num":18,"codigo":"BLO","tipo":"Boca de lobo","utm_E":407942.0561,"utm_N":7410352.051,"h_ortom":529.092,"material":"Concreto","cc_tipo":"Múltipla","profundidade_cm":140,"inacessivel":false,"posicao":"Esquina","tampa":"Concreto","condicao":"Boa","obstr_sup":"Não","obstr_sup_tipo":"Nenhuma","obstr_fundo":"Parcial","obstr_fundo_tipo":"Folhagem","n_tubos":1,"tubos":"40cm SE","area_critica":"AC04 — Ribeirão Morangueiro","entrega":"2026-09-29"},"geometry":{"type":"Point","coordinates":[-51.9010346,-23.4140871]}},
{"type":"Feature","properties":{"id":"A26092909:21019","equipe":"A","num":19,"codigo":"BLO","tipo":"Boca de lobo","utm_E":407948.5147,"utm_N":7410347.573,"h_ortom":529.073,"material":"Concreto","cc_tipo":"Simples","profundidade_cm":172,"inacessivel":false,"posicao":"Esquina","tampa":"Concreto","condicao":"Boa","obstr_sup":"Não","obstr_sup_tipo":"Nenhuma","obstr_fundo":"Não","obstr_fundo_tipo":"Nenhuma","n_tubos":2,"tubos":"40cm NW; 40cm NE","area_critica":"AC04 — Ribeirão Morangueiro","entrega":"2026-09-29"},"geometry":{"type":"Point","coordinates":[-51.9009716,-23.4141279]}},
{"type":"Feature","properties":{"id":"A26092909:24020","equipe":"A","num":20,"codigo":"PTOALT","tipo":"Ponto alto (eixo)","utm_E":407917.6559,"utm_N":7410317.28,"h_ortom":531.109,"material":null,"cc_tipo":null,"profundidade_cm":null,"inacessivel":false,"posicao":null,"tampa":null,"condicao":null,"obstr_sup":null,"obstr_sup_tipo":null,"obstr_fundo":null,"obstr_fundo_tipo":null,"n_tubos":0,"tubos":"","area_critica":"AC04 — Ribeirão Morangueiro","entrega":"2026-09-29"},"geometry":{"type":"Point","coordinates":[-51.9012755,-23.4143998]}},
{"type":"Feature","properties":{"id":"A26092909:25021","equipe":"A","num":21,"codigo":"BLO","tipo":"Boca de lobo","utm_E":407955.509,"utm_N":7410348.008,"h_ortom":528.891,"material":"Concreto","cc_tipo":"Simples","profundidade_cm":197,"inacessivel":false,"posicao":"Esquina","tampa":"Concreto","condicao":"Boa","obstr_sup":"Não","obstr_sup_tipo":"Nenhuma","obstr_fundo":"Não","obstr_fundo_tipo":"Nenhuma","n_tubos":1,"tubos":"40cm NE","area_critica":"AC04 — Ribeirão Morangueiro","entrega":"2026-09-29"},"geometry":{"type":"Point","coordinates":[-51.9009032,-23.4141244]}},
{"type":"Feature","properties":{"id":"A26092909:29022","equipe":"A","num":22,"codigo":"BLO","tipo":"Boca de lobo","utm_E":407960.6524,"utm_N":7410354.007,"h_ortom":528.735,"material":"Concreto","cc_tipo":"Simples","profundidade_cm":null,"inacessivel":true,"posicao":"Esquina","tampa":"Concreto","condicao":"Boa","obstr_sup":"Parcial","obstr_sup_tipo":"Folhagem","obstr_fundo":"Não","obstr_fundo_tipo":"Nenhuma","n_tubos":0,"tubos":"","area_critica":"AC04 — Ribeirão Morangueiro","entrega":"2026-09-29"},"geometry":{"type":"Point","coordinates":[-51.9008525,-23.4140705]}},
{"type":"Feature","properties":{"id":"A26092909:35023","equipe":"A","num":23,"codigo":"ESQUINA","tipo":"Esquina (eixo)","utm_E":407994.7128,"utm_N":7410320.02,"h_ortom":529.36,"material":null,"cc_tipo":null,"profundidade_cm":null,"inacessivel":false,"posicao":null,"tampa":null,"condicao":null,"obstr_sup":null,"obstr_sup_tipo":null,"obstr_fundo":null,"obstr_fundo_tipo":null,"n_tubos":0,"tubos":"","area_critica":"AC04 — Ribeirão Morangueiro","entrega":"2026-09-29"},"geometry":{"type":"Point","coordinates":[-51.9005212,-23.4143794]}},
{"type":"Feature","properties":{"id":"A26092909:36024","equipe":"A","num":24,"codigo":"PTOALT","tipo":"Ponto alto (eixo)","utm_E":407959.8392,"utm_N":7410279.6,"h_ortom":531.642,"material":null,"cc_tipo":null,"profundidade_cm":null,"inacessivel":false,"posicao":null,"tampa":null,"condicao":null,"obstr_sup":null,"obstr_sup_tipo":null,"obstr_fundo":null,"obstr_fundo_tipo":null,"n_tubos":0,"tubos":"","area_critica":"AC04 — Ribeirão Morangueiro","entrega":"2026-09-29"},"geometry":{"type":"Point","coordinates":[-51.900865,-23.4147425]}},
{"type":"Feature","properties":{"id":"A26092909:37025","equipe":"A","num":25,"codigo":"BLO","tipo":"Boca de lobo","utm_E":407985.8082,"utm_N":7410315.675,"h_ortom":529.431,"material":"Concreto","cc_tipo":"Simples","profundidade_cm":104,"inacessivel":false,"posicao":"Esquina","tampa":"Concreto","condicao":"Ruim","obstr_sup":"Parcial","obstr_sup_tipo":"Folhagem","obstr_fundo":"Parcial","obstr_fundo_tipo":"Entulho","n_tubos":1,"tubos":"40cm SE","area_critica":"AC04 — Ribeirão Morangueiro","entrega":"2026-09-29"},"geometry":{"type":"Point","coordinates":[-51.9006086,-23.4144181]}},
{"type":"Feature","properties":{"id":"A26092909:44026","equipe":"A","num":26,"codigo":"BLO","tipo":"Boca de lobo","utm_E":407991.8283,"utm_N":7410310.653,"h_ortom":529.485,"material":"Concreto","cc_tipo":"Simples","profundidade_cm":104,"inacessivel":false,"posicao":"Esquina","tampa":"Concreto","condicao":"Ruim","obstr_sup":"Não","obstr_sup_tipo":"Nenhuma","obstr_fundo":"Parcial","obstr_fundo_tipo":"Entulho","n_tubos":1,"tubos":"40cm NW","area_critica":"AC04 — Ribeirão Morangueiro","entrega":"2026-09-29"},"geometry":{"type":"Point","coordinates":[-51.90055,-23.4144638]}},
{"type":"Feature","properties":{"id":"A26092909:48027","equipe":"A","num":27,"codigo":"BLO","tipo":"Boca de lobo","utm_E":407997.8331,"utm_N":7410311.967,"h_ortom":529.275,"material":"Concreto","cc_tipo":"Simples","profundidade_cm":null,"inacessivel":true,"posicao":"Esquina","tampa":"Concreto","condicao":"Boa","obstr_sup":"Não","obstr_sup_tipo":"Nenhuma","obstr_fundo":"Não","obstr_fundo_tipo":"Nenhuma","n_tubos":0,"tubos":"","area_critica":"AC04 — Ribeirão Morangueiro","entrega":"2026-09-29"},"geometry":{"type":"Point","coordinates":[-51.9004911,-23.4144523]}},
{"type":"Feature","properties":{"id":"A26092909:50028","equipe":"A","num":28,"codigo":"BLO","tipo":"Boca de lobo","utm_E":408002.7523,"utm_N":7410317.79,"h_ortom":529.202,"material":"Concreto","cc_tipo":"Simples","profundidade_cm":72,"inacessivel":false,"posicao":"Meio de quadra","tampa":"Concreto","condicao":"Boa","obstr_sup":"Não","obstr_sup_tipo":"Nenhuma","obstr_fundo":"Não","obstr_fundo_tipo":"Nenhuma","n_tubos":0,"tubos":"","area_critica":"AC04 — Ribeirão Morangueiro","entrega":"2026-09-29"},"geometry":{"type":"Point","coordinates":[-51.9004427,-23.4144]}},
{"type":"Feature","properties":{"id":"A26092909:54029","equipe":"A","num":29,"codigo":"ESQUINA","tipo":"Esquina (eixo)","utm_E":408037.0514,"utm_N":7410283.628,"h_ortom":530.108,"material":null,"cc_tipo":null,"profundidade_cm":null,"inacessivel":false,"posicao":null,"tampa":null,"condicao":null,"obstr_sup":null,"obstr_sup_tipo":null,"obstr_fundo":null,"obstr_fundo_tipo":null,"n_tubos":0,"tubos":"","area_critica":"AC04 — Ribeirão Morangueiro","entrega":"2026-09-29"},"geometry":{"type":"Point","coordinates":[-51.9001091,-23.4147105]}},
{"type":"Feature","properties":{"id":"A26092909:55030","equipe":"A","num":30,"codigo":"PTOALT","tipo":"Ponto alto (eixo)","utm_E":408001.6592,"utm_N":7410242.308,"h_ortom":532.423,"material":null,"cc_tipo":null,"profundidade_cm":null,"inacessivel":false,"posicao":null,"tampa":null,"condicao":null,"obstr_sup":null,"obstr_sup_tipo":null,"obstr_fundo":null,"obstr_fundo_tipo":null,"n_tubos":0,"tubos":"","area_critica":"","entrega":"2026-09-29"},"geometry":{"type":"Point","coordinates":[-51.900458,-23.4150817]}},
{"type":"Feature","properties":{"id":"A26092909:56031","equipe":"A","num":31,"codigo":"BLO","tipo":"Boca de lobo","utm_E":408028.3104,"utm_N":7410279.403,"h_ortom":530.044,"material":"Concreto","cc_tipo":"Simples","profundidade_cm":107,"inacessivel":false,"posicao":"Esquina","tampa":"Concreto","condicao":"Boa","obstr_sup":"Não","obstr_sup_tipo":"Nenhuma","obstr_fundo":"Parcial","obstr_fundo_tipo":"Entulho","n_tubos":1,"tubos":"40cm SE","area_critica":"AC04 — Ribeirão Morangueiro","entrega":"2026-09-29"},"geometry":{"type":"Point","coordinates":[-51.9001949,-23.4147481]}},
{"type":"Feature","properties":{"id":"A26092909:58032","equipe":"A","num":32,"codigo":"BLO","tipo":"Boca de lobo","utm_E":408034.3208,"utm_N":7410274.333,"h_ortom":530.007,"material":"Concreto","cc_tipo":"Simples","profundidade_cm":null,"inacessivel":true,"posicao":"Esquina","tampa":"Concreto","condicao":"Boa","obstr_sup":"Total","obstr_sup_tipo":"Folhagem","obstr_fundo":"Total","obstr_fundo_tipo":"Folhagem","n_tubos":0,"tubos":"","area_critica":"AC04 — Ribeirão Morangueiro","entrega":"2026-09-29"},"geometry":{"type":"Point","coordinates":[-51.9001364,-23.4147943]}},
{"type":"Feature","properties":{"id":"A26092910:03033","equipe":"A","num":33,"codigo":"BLO","tipo":"Boca de lobo","utm_E":408040.6394,"utm_N":7410275.583,"h_ortom":530.125,"material":"Concreto","cc_tipo":"Simples","profundidade_cm":109,"inacessivel":false,"posicao":"Esquina","tampa":"Concreto","condicao":"Boa","obstr_sup":"Não","obstr_sup_tipo":"Nenhuma","obstr_fundo":"Total","obstr_fundo_tipo":"Solo","n_tubos":0,"tubos":"","area_critica":"AC04 — Ribeirão Morangueiro","entrega":"2026-09-29"},"geometry":{"type":"Point","coordinates":[-51.9000744,-23.4147833]}},
{"type":"Feature","properties":{"id":"A26092910:08034","equipe":"A","num":34,"codigo":"BLO","tipo":"Boca de lobo","utm_E":408045.3488,"utm_N":7410281.78,"h_ortom":530.034,"material":"Concreto","cc_tipo":"Simples","profundidade_cm":155,"inacessivel":false,"posicao":"Meio de quadra","tampa":"Concreto","condicao":"Boa","obstr_sup":"Não","obstr_sup_tipo":"Nenhuma","obstr_fundo":"Não","obstr_fundo_tipo":"Nenhuma","n_tubos":0,"tubos":"","area_critica":"AC04 — Ribeirão Morangueiro","entrega":"2026-09-29"},"geometry":{"type":"Point","coordinates":[-51.900028,-23.4147276]}},
{"type":"Feature","properties":{"id":"A26092910:12035","equipe":"A","num":35,"codigo":"PTOBAI","tipo":"Ponto baixo (eixo)","utm_E":408094.8078,"utm_N":7410262.651,"h_ortom":531.283,"material":null,"cc_tipo":null,"profundidade_cm":null,"inacessivel":false,"posicao":null,"tampa":null,"condicao":null,"obstr_sup":null,"obstr_sup_tipo":null,"obstr_fundo":null,"obstr_fundo_tipo":null,"n_tubos":0,"tubos":"","area_critica":"AC04 — Ribeirão Morangueiro","entrega":"2026-09-29"},"geometry":{"type":"Point","coordinates":[-51.8995451,-23.4149032]}},
{"type":"Feature","properties":{"id":"A26092910:12036","equipe":"A","num":36,"codigo":"ESQUINA","tipo":"Esquina (eixo)","utm_E":408084.2908,"utm_N":7410243.632,"h_ortom":531.873,"material":null,"cc_tipo":null,"profundidade_cm":null,"inacessivel":false,"posicao":null,"tampa":null,"condicao":null,"obstr_sup":null,"obstr_sup_tipo":null,"obstr_fundo":null,"obstr_fundo_tipo":null,"n_tubos":0,"tubos":"","area_critica":"AC04 — Ribeirão Morangueiro","entrega":"2026-09-29"},"geometry":{"type":"Point","coordinates":[-51.8996492,-23.4150744]}},
{"type":"Feature","properties":{"id":"A26092910:13037","equipe":"A","num":37,"codigo":"PTOALT","tipo":"Ponto alto (eixo)","utm_E":408056.8921,"utm_N":7410194.191,"h_ortom":533.817,"material":null,"cc_tipo":null,"profundidade_cm":null,"inacessivel":false,"posicao":null,"tampa":null,"condicao":null,"obstr_sup":null,"obstr_sup_tipo":null,"obstr_fundo":null,"obstr_fundo_tipo":null,"n_tubos":0,"tubos":"","area_critica":"AC04 — Ribeirão Morangueiro","entrega":"2026-09-29"},"geometry":{"type":"Point","coordinates":[-51.8999203,-23.4155194]}},
{"type":"Feature","properties":{"id":"A26092910:14038","equipe":"A","num":38,"codigo":"BLO","tipo":"Boca de lobo","utm_E":408076.8846,"utm_N":7410238.516,"h_ortom":531.764,"material":"Concreto","cc_tipo":"Simples","profundidade_cm":null,"inacessivel":true,"posicao":"Esquina","tampa":"Ferro","condicao":"Boa","obstr_sup":"Total","obstr_sup_tipo":"Solo","obstr_fundo":"Total","obstr_fundo_tipo":"Solo","n_tubos":1,"tubos":"10cm WW","area_critica":"AC04 — Ribeirão Morangueiro","entrega":"2026-09-29"},"geometry":{"type":"Point","coordinates":[-51.899722,-23.4151202]}},
{"type":"Feature","properties":{"id":"A26092910:17039","equipe":"A","num":39,"codigo":"BLO","tipo":"Boca de lobo","utm_E":408082.9115,"utm_N":7410233.236,"h_ortom":531.924,"material":"Concreto","cc_tipo":"Simples","profundidade_cm":100,"inacessivel":false,"posicao":"Esquina","tampa":"Concreto","condicao":"Boa","obstr_sup":"Não","obstr_sup_tipo":"Nenhuma","obstr_fundo":"Não","obstr_fundo_tipo":"Nenhuma","n_tubos":1,"tubos":"40cm NW","area_critica":"AC04 — Ribeirão Morangueiro","entrega":"2026-09-29"},"geometry":{"type":"Point","coordinates":[-51.8996633,-23.4151682]}},
{"type":"Feature","properties":{"id":"A26092910:22040","equipe":"A","num":40,"codigo":"BLO","tipo":"Boca de lobo","utm_E":408089.4059,"utm_N":7410234.077,"h_ortom":531.881,"material":"Concreto","cc_tipo":"Simples","profundidade_cm":95,"inacessivel":false,"posicao":"Esquina","tampa":"Concreto","condicao":"Boa","obstr_sup":"Não","obstr_sup_tipo":"Nenhuma","obstr_fundo":"Não","obstr_fundo_tipo":"Nenhuma","n_tubos":4,"tubos":"40cm NE; 15cm SW; 20cm SS; 20cm SS","area_critica":"AC04 — Ribeirão Morangueiro","entrega":"2026-09-29"},"geometry":{"type":"Point","coordinates":[-51.8995997,-23.415161]}},
{"type":"Feature","properties":{"id":"A26092910:26041","equipe":"A","num":41,"codigo":"BLO","tipo":"Boca de lobo","utm_E":408092.8093,"utm_N":7410241.433,"h_ortom":531.795,"material":"Concreto","cc_tipo":"Simples","profundidade_cm":116,"inacessivel":false,"posicao":"Esquina","tampa":"Concreto","condicao":"Boa","obstr_sup":"Não","obstr_sup_tipo":"Nenhuma","obstr_fundo":"Não","obstr_fundo_tipo":"Nenhuma","n_tubos":1,"tubos":"40cm SW","area_critica":"AC04 — Ribeirão Morangueiro","entrega":"2026-09-29"},"geometry":{"type":"Point","coordinates":[-51.8995659,-23.4150947]}},
{"type":"Feature","properties":{"id":"A26092910:33042","equipe":"A","num":42,"codigo":"BLO","tipo":"Boca de lobo","utm_E":408142.9321,"utm_N":7410188.378,"h_ortom":534.745,"material":"Concreto","cc_tipo":"Simples","profundidade_cm":80,"inacessivel":false,"posicao":"Meio de quadra","tampa":"Concreto","condicao":"Boa","obstr_sup":"Não","obstr_sup_tipo":"Nenhuma","obstr_fundo":"Não","obstr_fundo_tipo":"Nenhuma","n_tubos":2,"tubos":"40cm NE; 20cm WW","area_critica":"AC04 — Ribeirão Morangueiro","entrega":"2026-09-29"},"geometry":{"type":"Point","coordinates":[-51.8990786,-23.4155767]}},
{"type":"Feature","properties":{"id":"A26092910:42043","equipe":"A","num":43,"codigo":"BLO","tipo":"Boca de lobo","utm_E":408147.7147,"utm_N":7410194.613,"h_ortom":534.815,"material":"Concreto","cc_tipo":"Simples","profundidade_cm":107,"inacessivel":false,"posicao":"Meio de quadra","tampa":"Concreto","condicao":"Boa","obstr_sup":"Não","obstr_sup_tipo":"Nenhuma","obstr_fundo":"Parcial","obstr_fundo_tipo":"Folhagem","n_tubos":1,"tubos":"40cm SW","area_critica":"AC04 — Ribeirão Morangueiro","entrega":"2026-09-29"},"geometry":{"type":"Point","coordinates":[-51.8990315,-23.4155207]}},
{"type":"Feature","properties":{"id":"A26092910:47044","equipe":"A","num":44,"codigo":"PTOBAI","tipo":"Ponto baixo (eixo)","utm_E":408216.6012,"utm_N":7410154.846,"h_ortom":538.371,"material":null,"cc_tipo":null,"profundidade_cm":null,"inacessivel":false,"posicao":null,"tampa":null,"condicao":null,"obstr_sup":null,"obstr_sup_tipo":null,"obstr_fundo":null,"obstr_fundo_tipo":null,"n_tubos":0,"tubos":"","area_critica":"AC04 — Ribeirão Morangueiro","entrega":"2026-09-29"},"geometry":{"type":"Point","coordinates":[-51.8983597,-23.4158837]}},
{"type":"Feature","properties":{"id":"A26092910:47045","equipe":"A","num":45,"codigo":"ESQUINA","tipo":"Esquina (eixo)","utm_E":408207.6635,"utm_N":7410138.409,"h_ortom":538.437,"material":null,"cc_tipo":null,"profundidade_cm":null,"inacessivel":false,"posicao":null,"tampa":null,"condicao":null,"obstr_sup":null,"obstr_sup_tipo":null,"obstr_fundo":null,"obstr_fundo_tipo":null,"n_tubos":0,"tubos":"","area_critica":"AC04 — Ribeirão Morangueiro","entrega":"2026-09-29"},"geometry":{"type":"Point","coordinates":[-51.8984482,-23.4160317]}},
{"type":"Feature","properties":{"id":"A26092910:48046","equipe":"A","num":46,"codigo":"PTOALT","tipo":"Ponto alto (eixo)","utm_E":408178.4281,"utm_N":7410085.751,"h_ortom":538.766,"material":null,"cc_tipo":null,"profundidade_cm":null,"inacessivel":false,"posicao":null,"tampa":null,"condicao":null,"obstr_sup":null,"obstr_sup_tipo":null,"obstr_fundo":null,"obstr_fundo_tipo":null,"n_tubos":0,"tubos":"","area_critica":"AC04 — Ribeirão Morangueiro","entrega":"2026-09-29"},"geometry":{"type":"Point","coordinates":[-51.8987375,-23.4165056]}},
{"type":"Feature","properties":{"id":"A26092910:50047","equipe":"A","num":47,"codigo":"BLE","tipo":"Boca de leão","utm_E":408214.8822,"utm_N":7410143.793,"h_ortom":538.277,"material":"Ferro","cc_tipo":"Simples","profundidade_cm":55,"inacessivel":false,"posicao":"Esquina","tampa":"Ferro","condicao":"Boa","obstr_sup":"Parcial","obstr_sup_tipo":"Folhagem","obstr_fundo":"Parcial","obstr_fundo_tipo":"Folhagem","n_tubos":0,"tubos":"","area_critica":"AC04 — Ribeirão Morangueiro","entrega":"2026-09-29"},"geometry":{"type":"Point","coordinates":[-51.8983772,-23.4159835]}},
{"type":"Feature","properties":{"id":"A26092910:53048","equipe":"A","num":48,"codigo":"BLO","tipo":"Boca de lobo","utm_E":408216.3198,"utm_N":7410136.152,"h_ortom":538.44,"material":"Concreto","cc_tipo":"Simples","profundidade_cm":null,"inacessivel":true,"posicao":"Esquina","tampa":"Concreto","condicao":"Boa","obstr_sup":"Sim","obstr_sup_tipo":"Folhagem","obstr_fundo":"Sim","obstr_fundo_tipo":"Folhagem","n_tubos":0,"tubos":"","area_critica":"AC04 — Ribeirão Morangueiro","entrega":"2026-09-29"},"geometry":{"type":"Point","coordinates":[-51.8983636,-23.4160526]}},
{"type":"Feature","properties":{"id":"A26092910:54049","equipe":"A","num":49,"codigo":"BLO","tipo":"Boca de lobo","utm_E":408212.5843,"utm_N":7410129.0,"h_ortom":538.421,"material":"Concreto","cc_tipo":"Simples","profundidade_cm":76,"inacessivel":false,"posicao":"Esquina","tampa":"Concreto","condicao":"Boa","obstr_sup":"Não","obstr_sup_tipo":"Nenhuma","obstr_fundo":"Parcial","obstr_fundo_tipo":"Entulho","n_tubos":1,"tubos":"40cm NE","area_critica":"AC04 — Ribeirão Morangueiro","entrega":"2026-09-29"},"geometry":{"type":"Point","coordinates":[-51.8984006,-23.4161169]}},
{"type":"Feature","properties":{"id":"A26092911:00050","equipe":"A","num":50,"codigo":"BLO","tipo":"Boca de lobo","utm_E":408206.2292,"utm_N":7410127.779,"h_ortom":538.286,"material":"Concreto","cc_tipo":"Simples","profundidade_cm":72,"inacessivel":false,"posicao":"Esquina","tampa":"Concreto","condicao":"Boa","obstr_sup":"Não","obstr_sup_tipo":"Nenhuma","obstr_fundo":"Não","obstr_fundo_tipo":"Nenhuma","n_tubos":1,"tubos":"40cm NW","area_critica":"AC04 — Ribeirão Morangueiro","entrega":"2026-09-29"},"geometry":{"type":"Point","coordinates":[-51.8984629,-23.4161276]}},
{"type":"Feature","properties":{"id":"A26092911:03051","equipe":"A","num":51,"codigo":"BLO","tipo":"Boca de lobo","utm_E":408200.3087,"utm_N":7410133.37,"h_ortom":537.975,"material":"Concreto","cc_tipo":"Simples","profundidade_cm":77,"inacessivel":false,"posicao":"Esquina","tampa":"Concreto","condicao":"Boa","obstr_sup":"Parcial","obstr_sup_tipo":"Folhagem","obstr_fundo":"Não","obstr_fundo_tipo":"Nenhuma","n_tubos":1,"tubos":"40cm SE","area_critica":"AC04 — Ribeirão Morangueiro","entrega":"2026-09-29"},"geometry":{"type":"Point","coordinates":[-51.8985205,-23.4160768]}},
{"type":"Feature","properties":{"id":"A26092911:08052","equipe":"A","num":52,"codigo":"BLO","tipo":"Boca de lobo","utm_E":408270.1531,"utm_N":7410090.344,"h_ortom":541.841,"material":"Concreto","cc_tipo":"Simples","profundidade_cm":111,"inacessivel":false,"posicao":"Meio de quadra","tampa":"Concreto","condicao":"Boa","obstr_sup":"Parcial","obstr_sup_tipo":"Folhagem","obstr_fundo":"Parcial","obstr_fundo_tipo":"Folhagem","n_tubos":1,"tubos":"40cm SW","area_critica":"AC04 — Ribeirão Morangueiro","entrega":"2026-09-29"},"geometry":{"type":"Point","coordinates":[-51.8978395,-23.4164693]}},
{"type":"Feature","properties":{"id":"A26092911:16053","equipe":"A","num":53,"codigo":"BLO","tipo":"Boca de lobo","utm_E":408266.0711,"utm_N":7410083.448,"h_ortom":541.818,"material":"Concreto","cc_tipo":"Simples","profundidade_cm":null,"inacessivel":true,"posicao":"Meio de quadra","tampa":"Concreto","condicao":"Boa","obstr_sup":"Não","obstr_sup_tipo":"Nenhuma","obstr_fundo":"Não","obstr_fundo_tipo":"Nenhuma","n_tubos":0,"tubos":"","area_critica":"AC04 — Ribeirão Morangueiro","entrega":"2026-09-29"},"geometry":{"type":"Point","coordinates":[-51.8978799,-23.4165314]}},
{"type":"Feature","properties":{"id":"A26092911:17054","equipe":"A","num":54,"codigo":"PTOALT","tipo":"Ponto alto (eixo)","utm_E":408277.8205,"utm_N":7410078.731,"h_ortom":542.737,"material":null,"cc_tipo":null,"profundidade_cm":null,"inacessivel":false,"posicao":null,"tampa":null,"condicao":null,"obstr_sup":null,"obstr_sup_tipo":null,"obstr_fundo":null,"obstr_fundo_tipo":null,"n_tubos":0,"tubos":"","area_critica":"AC04 — Ribeirão Morangueiro","entrega":"2026-09-29"},"geometry":{"type":"Point","coordinates":[-51.8977652,-23.4165746]}},
{"type":"Feature","properties":{"id":"A26092915:37055","equipe":"A","num":55,"codigo":"MGS","tipo":"Lançamento (geratriz superior)","utm_E":407310.0661,"utm_N":7410777.971,"h_ortom":499.275,"material":null,"cc_tipo":null,"profundidade_cm":null,"inacessivel":false,"posicao":null,"tampa":null,"condicao":null,"obstr_sup":null,"obstr_sup_tipo":null,"obstr_fundo":null,"obstr_fundo_tipo":null,"n_tubos":0,"tubos":"","area_critica":"","entrega":"2026-09-29","lanc_diam_cm":null},"geometry":{"type":"Point","coordinates":[-51.9071935,-23.4102045]}},
{"type":"Feature","properties":{"id":"A26092915:37057","equipe":"A","num":57,"codigo":"MGI","tipo":"Lançamento (geratriz inferior)","utm_E":407311.242,"utm_N":7410778.557,"h_ortom":499.47,"material":null,"cc_tipo":null,"profundidade_cm":null,"inacessivel":false,"posicao":null,"tampa":null,"condicao":null,"obstr_sup":null,"obstr_sup_tipo":null,"obstr_fundo":null,"obstr_fundo_tipo":null,"n_tubos":0,"tubos":"","area_critica":"","entrega":"2026-09-29","lanc_diam_cm":null,"tambem":"A26092915:37056 (MGS)"},"geometry":{"type":"Point","coordinates":[-51.9071819,-23.4101993]}},
{"type":"Feature","properties":{"id":"A26092915:43058","equipe":"A","num":58,"codigo":"BLO","tipo":"Boca de lobo","utm_E":407297.1141,"utm_N":7410759.77,"h_ortom":500.913,"material":"Alvenaria tijolo","cc_tipo":"Simples","profundidade_cm":138,"inacessivel":false,"posicao":"Meio de quadra","tampa":"Concreto","condicao":"Boa","obstr_sup":"Não","obstr_sup_tipo":"Nenhuma","obstr_fundo":"Não","obstr_fundo_tipo":"Nenhuma","n_tubos":2,"tubos":"60cm EE; 60cm WW","area_critica":"","entrega":"2026-09-29"},"geometry":{"type":"Point","coordinates":[-51.9073213,-23.4103682]}},
{"type":"Feature","properties":{"id":"A26092915:50059","equipe":"A","num":59,"codigo":"BLO","tipo":"Boca de lobo","utm_E":407322.8077,"utm_N":7410712.914,"h_ortom":501.583,"material":"Concreto","cc_tipo":"Simples","profundidade_cm":138,"inacessivel":false,"posicao":"Esquina","tampa":"Concreto","condicao":"Ruim","obstr_sup":"Total","obstr_sup_tipo":"Solo","obstr_fundo":"Não","obstr_fundo_tipo":"Nenhuma","n_tubos":1,"tubos":"40cm EE","area_critica":"","entrega":"2026-09-29"},"geometry":{"type":"Point","coordinates":[-51.9070728,-23.4107928]}},
{"type":"Feature","properties":{"id":"A26092915:54060","equipe":"A","num":60,"codigo":"BLO","tipo":"Boca de lobo","utm_E":407332.4377,"utm_N":7410644.695,"h_ortom":504.203,"material":"Concreto","cc_tipo":"Simples","profundidade_cm":125,"inacessivel":false,"posicao":"Meio de quadra","tampa":"Concreto","condicao":"Ruim","obstr_sup":"Parcial","obstr_sup_tipo":"Solo","obstr_fundo":"Parcial","obstr_fundo_tipo":"Entulho","n_tubos":1,"tubos":"40cm EE","area_critica":"","entrega":"2026-09-29"},"geometry":{"type":"Point","coordinates":[-51.9069827,-23.4114095]}},
{"type":"Feature","properties":{"id":"A26092915:57061","equipe":"A","num":61,"codigo":"PV","tipo":"Poço de visita","utm_E":407337.0741,"utm_N":7410646.067,"h_ortom":504.247,"material":"Concreto","cc_tipo":"Simples","profundidade_cm":265,"inacessivel":false,"posicao":"Meio de quadra","tampa":"Ferro","condicao":"Boa","obstr_sup":"Não","obstr_sup_tipo":"Nenhuma","obstr_fundo":"Parcial","obstr_fundo_tipo":"Resíduo","n_tubos":4,"tubos":"40cm EE; 40cm WW; 120cm NN; 120cm SS","area_critica":"","entrega":"2026-09-29"},"geometry":{"type":"Point","coordinates":[-51.9069373,-23.4113974]}},
{"type":"Feature","properties":{"id":"A26092916:13062","equipe":"A","num":62,"codigo":"BLO","tipo":"Boca de lobo","utm_E":407345.6715,"utm_N":7410606.901,"h_ortom":506.153,"material":"Concreto","cc_tipo":"Simples","profundidade_cm":null,"inacessivel":true,"posicao":"Meio de quadra","tampa":"Concreto","condicao":"Boa","obstr_sup":"Total","obstr_sup_tipo":"Resíduo","obstr_fundo":"Total","obstr_fundo_tipo":"Resíduo","n_tubos":0,"tubos":"","area_critica":"","entrega":"2026-09-29"},"geometry":{"type":"Point","coordinates":[-51.9068555,-23.4117516]}},
{"type":"Feature","properties":{"id":"A26092916:14063","equipe":"A","num":63,"codigo":"PV","tipo":"Poço de visita","utm_E":407343.2512,"utm_N":7410606.682,"h_ortom":506.079,"material":"Concreto","cc_tipo":"Simples","profundidade_cm":260,"inacessivel":false,"posicao":"Meio de quadra","tampa":"Ferro","condicao":"Boa","obstr_sup":"Não","obstr_sup_tipo":"Nenhuma","obstr_fundo":"Parcial","obstr_fundo_tipo":"Entulho","n_tubos":4,"tubos":"40cm EE; 40cm WW; 120cm NN; 120cm SS","area_critica":"","entrega":"2026-09-29"},"geometry":{"type":"Point","coordinates":[-51.9068792,-23.4117534]}},
{"type":"Feature","properties":{"id":"A26092916:20064","equipe":"A","num":64,"codigo":"PV","tipo":"Poço de visita","utm_E":407350.8756,"utm_N":7410546.011,"h_ortom":510.059,"material":"Concreto","cc_tipo":"Simples","profundidade_cm":336,"inacessivel":false,"posicao":"Meio de quadra","tampa":"Ferro","condicao":"Boa","obstr_sup":"Não","obstr_sup_tipo":"Nenhuma","obstr_fundo":"Não","obstr_fundo_tipo":"Nenhuma","n_tubos":4,"tubos":"40cm EE; 40cm WW; 120cm NN; 120cm SS","area_critica":"","entrega":"2026-09-29"},"geometry":{"type":"Point","coordinates":[-51.9068084,-23.4123018]}},
{"type":"Feature","properties":{"id":"A26092916:23065","equipe":"A","num":65,"codigo":"PV","tipo":"Poço de visita","utm_E":407357.7591,"utm_N":7410490.05,"h_ortom":514.674,"material":"Concreto","cc_tipo":"Simples","profundidade_cm":442,"inacessivel":false,"posicao":"Meio de quadra","tampa":"Ferro","condicao":"Boa","obstr_sup":"Não","obstr_sup_tipo":"Nenhuma","obstr_fundo":"Não","obstr_fundo_tipo":"Nenhuma","n_tubos":4,"tubos":"40cm EE; 40cm WW; 120cm NN; 120cm SS","area_critica":"","entrega":"2026-09-29"},"geometry":{"type":"Point","coordinates":[-51.9067444,-23.4128077]}},
{"type":"Feature","properties":{"id":"A26092916:24066","equipe":"A","num":66,"codigo":"BLO","tipo":"Boca de lobo","utm_E":407361.4158,"utm_N":7410490.838,"h_ortom":514.459,"material":"Concreto","cc_tipo":"Simples","profundidade_cm":110,"inacessivel":false,"posicao":"Meio de quadra","tampa":"Concreto","condicao":"Boa","obstr_sup":"Não","obstr_sup_tipo":"Nenhuma","obstr_fundo":"Parcial","obstr_fundo_tipo":"Resíduo","n_tubos":1,"tubos":"40cm WW","area_critica":"","entrega":"2026-09-29"},"geometry":{"type":"Point","coordinates":[-51.9067086,-23.4128008]}},
{"type":"Feature","properties":{"id":"A26092916:55067","equipe":"A","num":67,"codigo":"PV","tipo":"Poço de visita","utm_E":407364.7697,"utm_N":7410429.358,"h_ortom":518.532,"material":"Concreto","cc_tipo":"Simples","profundidade_cm":314,"inacessivel":false,"posicao":"Esquina","tampa":"Ferro","condicao":"Boa","obstr_sup":"Não","obstr_sup_tipo":"Nenhuma","obstr_fundo":"Não","obstr_fundo_tipo":"Nenhuma","n_tubos":4,"tubos":"40cm NW; 120cm NN; 120cm NN; 40cm NE","area_critica":"","entrega":"2026-09-29"},"geometry":{"type":"Point","coordinates":[-51.9066796,-23.4133562]}},
{"type":"Feature","properties":{"id":"A26092917:07068","equipe":"A","num":68,"codigo":"BLO","tipo":"Boca de lobo","utm_E":407325.4239,"utm_N":7410445.37,"h_ortom":518.547,"material":"Concreto","cc_tipo":"Múltipla","profundidade_cm":143,"inacessivel":false,"posicao":"Meio de quadra","tampa":"Ferro","condicao":"Boa","obstr_sup":"Não","obstr_sup_tipo":"Nenhuma","obstr_fundo":"Não","obstr_fundo_tipo":"Nenhuma","n_tubos":1,"tubos":"60cm SW","area_critica":"","entrega":"2026-09-29"},"geometry":{"type":"Point","coordinates":[-51.9070636,-23.4132094]}},
{"type":"Feature","properties":{"id":"A26092917:10069","equipe":"A","num":69,"codigo":"BLO","tipo":"Boca de lobo","utm_E":407321.543,"utm_N":7410438.543,"h_ortom":518.654,"material":"Concreto","cc_tipo":"Múltipla","profundidade_cm":null,"inacessivel":true,"posicao":"Meio de quadra","tampa":"Concreto","condicao":"Boa","obstr_sup":"Total","obstr_sup_tipo":"Solo","obstr_fundo":"Total","obstr_fundo_tipo":"Solo","n_tubos":0,"tubos":"","area_critica":"","entrega":"2026-09-29"},"geometry":{"type":"Point","coordinates":[-51.9071021,-23.4132708]}},
{"type":"Feature","properties":{"id":"A26092917:12070","equipe":"A","num":70,"codigo":"PTOALT","tipo":"Ponto alto (eixo)","utm_E":407278.7683,"utm_N":7410468.554,"h_ortom":519.154,"material":null,"cc_tipo":null,"profundidade_cm":null,"inacessivel":false,"posicao":null,"tampa":null,"condicao":null,"obstr_sup":null,"obstr_sup_tipo":null,"obstr_fundo":null,"obstr_fundo_tipo":null,"n_tubos":0,"tubos":"","area_critica":"","entrega":"2026-09-29"},"geometry":{"type":"Point","coordinates":[-51.9075188,-23.4129973]}},
{"type":"Feature","properties":{"id":"A26092917:18071","equipe":"A","num":71,"codigo":"BLO","tipo":"Boca de lobo","utm_E":407398.8551,"utm_N":7410385.831,"h_ortom":520.865,"material":"Concreto","cc_tipo":"Múltipla","profundidade_cm":138,"inacessivel":false,"posicao":"Esquina","tampa":"Concreto","condicao":"Boa","obstr_sup":"Não","obstr_sup_tipo":"Nenhuma","obstr_fundo":"Não","obstr_fundo_tipo":"Nenhuma","n_tubos":1,"tubos":"40cm NW","area_critica":"","entrega":"2026-09-29"},"geometry":{"type":"Point","coordinates":[-51.9063487,-23.4137513]}},
{"type":"Feature","properties":{"id":"A26092917:21072","equipe":"A","num":72,"codigo":"BLE","tipo":"Boca de leão","utm_E":407406.8981,"utm_N":7410396.6,"h_ortom":521.032,"material":"Concreto","cc_tipo":"Múltipla","profundidade_cm":78,"inacessivel":false,"posicao":"Esquina","tampa":"Ferro","condicao":"Boa","obstr_sup":"Parcial","obstr_sup_tipo":"Folhagem","obstr_fundo":"Parcial","obstr_fundo_tipo":"Resíduo","n_tubos":2,"tubos":"40cm WW; 40cm SE","area_critica":"","entrega":"2026-09-29"},"geometry":{"type":"Point","coordinates":[-51.9062693,-23.4136545]}},
{"type":"Feature","properties":{"id":"B26092908:08001","equipe":"B","num":1,"codigo":"PTOBAI","tipo":"Ponto baixo (eixo)","utm_E":408046.2023,"utm_N":7410499.115,"h_ortom":516.873,"material":null,"cc_tipo":null,"profundidade_cm":null,"inacessivel":false,"posicao":null,"tampa":null,"condicao":null,"obstr_sup":null,"obstr_sup_tipo":null,"obstr_fundo":null,"obstr_fundo_tipo":null,"n_tubos":0,"tubos":"","area_critica":"","entrega":"2026-09-29"},"geometry":{"type":"Point","coordinates":[-51.9000063,-23.4127647]}},
{"type":"Feature","properties":{"id":"B26092908:09002","equipe":"B","num":2,"codigo":"BLO","tipo":"Boca de lobo","utm_E":408028.2775,"utm_N":7410504.227,"h_ortom":517.128,"material":"Concreto","cc_tipo":"Múltipla","profundidade_cm":310,"inacessivel":false,"posicao":"Esquina","tampa":"Concreto","condicao":"Boa","obstr_sup":"Não","obstr_sup_tipo":"Nenhuma","obstr_fundo":"Não","obstr_fundo_tipo":"Nenhuma","n_tubos":2,"tubos":"120cm NN; 120cm SS","area_critica":"AC04 — Ribeirão Morangueiro","entrega":"2026-09-29"},"geometry":{"type":"Point","coordinates":[-51.9001814,-23.4127176]}},
{"type":"Feature","properties":{"id":"B26092908:18003","equipe":"B","num":3,"codigo":"PV","tipo":"Poço de visita","utm_E":408026.8192,"utm_N":7410504.493,"h_ortom":517.103,"material":"Concreto","cc_tipo":"Simples","profundidade_cm":330,"inacessivel":false,"posicao":"Esquina","tampa":"Ferro","condicao":"Boa","obstr_sup":"Não","obstr_sup_tipo":"Nenhuma","obstr_fundo":"Não","obstr_fundo_tipo":"Nenhuma","n_tubos":1,"tubos":"120cm SS","area_critica":"AC04 — Ribeirão Morangueiro","entrega":"2026-09-29"},"geometry":{"type":"Point","coordinates":[-51.9001957,-23.4127151]}},
{"type":"Feature","properties":{"id":"B26092908:22004","equipe":"B","num":4,"codigo":"MGI","tipo":"Lançamento (geratriz inferior)","utm_E":408042.6922,"utm_N":7410512.777,"h_ortom":516.39,"material":null,"cc_tipo":null,"profundidade_cm":null,"inacessivel":false,"posicao":null,"tampa":null,"condicao":null,"obstr_sup":null,"obstr_sup_tipo":null,"obstr_fundo":null,"obstr_fundo_tipo":null,"n_tubos":0,"tubos":"","area_critica":"","entrega":"2026-09-29","lanc_diam_cm":60,"tambem":"B26092908:26007 (MGS)"},"geometry":{"type":"Point","coordinates":[-51.9000399,-23.4126412]}},
{"type":"Feature","properties":{"id":"B26092908:25005","equipe":"B","num":5,"codigo":"MGI","tipo":"Lançamento (geratriz inferior)","utm_E":408045.9721,"utm_N":7410513.258,"h_ortom":516.261,"material":null,"cc_tipo":null,"profundidade_cm":null,"inacessivel":false,"posicao":null,"tampa":null,"condicao":null,"obstr_sup":null,"obstr_sup_tipo":null,"obstr_fundo":null,"obstr_fundo_tipo":null,"n_tubos":0,"tubos":"","area_critica":"","entrega":"2026-09-29","lanc_diam_cm":60,"tambem":"B26092908:25006 (MGS)"},"geometry":{"type":"Point","coordinates":[-51.9000077,-23.412637]}},
{"type":"Feature","properties":{"id":"B26092908:26009","equipe":"B","num":9,"codigo":"MGI","tipo":"Lançamento (geratriz inferior)","utm_E":408049.2435,"utm_N":7410513.773,"h_ortom":516.078,"material":null,"cc_tipo":null,"profundidade_cm":null,"inacessivel":false,"posicao":null,"tampa":null,"condicao":null,"obstr_sup":null,"obstr_sup_tipo":null,"obstr_fundo":null,"obstr_fundo_tipo":null,"n_tubos":0,"tubos":"","area_critica":"","entrega":"2026-09-29","lanc_diam_cm":60,"tambem":"B26092908:26008 (MGS)"},"geometry":{"type":"Point","coordinates":[-51.8999757,-23.4126325]}},
{"type":"Feature","properties":{"id":"B26092908:27010","equipe":"B","num":10,"codigo":"MGI","tipo":"Lançamento (geratriz inferior)","utm_E":408053.7919,"utm_N":7410514.433,"h_ortom":516.148,"material":null,"cc_tipo":null,"profundidade_cm":null,"inacessivel":false,"posicao":null,"tampa":null,"condicao":null,"obstr_sup":null,"obstr_sup_tipo":null,"obstr_fundo":null,"obstr_fundo_tipo":null,"n_tubos":0,"tubos":"","area_critica":"","entrega":"2026-09-29","lanc_diam_cm":60,"tambem":"B26092908:28011 (MGS)"},"geometry":{"type":"Point","coordinates":[-51.8999311,-23.4126268]}},
{"type":"Feature","properties":{"id":"B26092908:32012","equipe":"B","num":12,"codigo":"MGI","tipo":"Lançamento (geratriz inferior)","utm_E":408041.5959,"utm_N":7410506.862,"h_ortom":516.854,"material":null,"cc_tipo":null,"profundidade_cm":null,"inacessivel":false,"posicao":null,"tampa":null,"condicao":null,"obstr_sup":null,"obstr_sup_tipo":null,"obstr_fundo":null,"obstr_fundo_tipo":null,"n_tubos":0,"tubos":"","area_critica":"","entrega":"2026-09-29","lanc_diam_cm":60,"tambem":"B26092908:32013 (MGS)"},"geometry":{"type":"Point","coordinates":[-51.9000509,-23.4126945]}},
{"type":"Feature","properties":{"id":"B26092908:32014","equipe":"B","num":14,"codigo":"MGI","tipo":"Lançamento (geratriz inferior)","utm_E":408046.6397,"utm_N":7410506.749,"h_ortom":516.843,"material":null,"cc_tipo":null,"profundidade_cm":null,"inacessivel":false,"posicao":null,"tampa":null,"condicao":null,"obstr_sup":null,"obstr_sup_tipo":null,"obstr_fundo":null,"obstr_fundo_tipo":null,"n_tubos":0,"tubos":"","area_critica":"","entrega":"2026-09-29","lanc_diam_cm":60,"tambem":"B26092908:32015 (MGS)"},"geometry":{"type":"Point","coordinates":[-51.9000016,-23.4126958]}},
{"type":"Feature","properties":{"id":"B26092908:32016","equipe":"B","num":16,"codigo":"MGI","tipo":"Lançamento (geratriz inferior)","utm_E":408050.0242,"utm_N":7410507.225,"h_ortom":516.827,"material":null,"cc_tipo":null,"profundidade_cm":null,"inacessivel":false,"posicao":null,"tampa":null,"condicao":null,"obstr_sup":null,"obstr_sup_tipo":null,"obstr_fundo":null,"obstr_fundo_tipo":null,"n_tubos":0,"tubos":"","area_critica":"","entrega":"2026-09-29","lanc_diam_cm":60,"tambem":"B26092908:32017 (MGS)"},"geometry":{"type":"Point","coordinates":[-51.8999684,-23.4126917]}},
{"type":"Feature","properties":{"id":"B26092908:32018","equipe":"B","num":18,"codigo":"MGS","tipo":"Lançamento (geratriz superior)","utm_E":408054.7986,"utm_N":7410507.488,"h_ortom":516.927,"material":null,"cc_tipo":null,"profundidade_cm":null,"inacessivel":false,"posicao":null,"tampa":null,"condicao":null,"obstr_sup":null,"obstr_sup_tipo":null,"obstr_fundo":null,"obstr_fundo_tipo":null,"n_tubos":0,"tubos":"","area_critica":"","entrega":"2026-09-29","lanc_diam_cm":60,"tambem":"B26092908:33019 (MGS)"},"geometry":{"type":"Point","coordinates":[-51.8999217,-23.4126896]}},
{"type":"Feature","properties":{"id":"B26092908:46020","equipe":"B","num":20,"codigo":"BLO","tipo":"Boca de lobo","utm_E":408044.6476,"utm_N":7410503.651,"h_ortom":516.838,"material":"Concreto","cc_tipo":"Múltipla","profundidade_cm":103,"inacessivel":false,"posicao":"Meio de quadra","tampa":"Concreto","condicao":"Boa","obstr_sup":"Parcial","obstr_sup_tipo":"Folhagem","obstr_fundo":"Não","obstr_fundo_tipo":"Nenhuma","n_tubos":1,"tubos":"60cm NW","area_critica":"","entrega":"2026-09-29"},"geometry":{"type":"Point","coordinates":[-51.9000213,-23.4127237]}},
{"type":"Feature","properties":{"id":"B26092908:50021","equipe":"B","num":21,"codigo":"BLO","tipo":"Boca de lobo","utm_E":408054.2659,"utm_N":7410504.36,"h_ortom":516.893,"material":"Concreto","cc_tipo":"Simples","profundidade_cm":112,"inacessivel":false,"posicao":"Esquina","tampa":"Concreto","condicao":"Boa","obstr_sup":"Não","obstr_sup_tipo":"Nenhuma","obstr_fundo":"Não","obstr_fundo_tipo":"Nenhuma","n_tubos":1,"tubos":"40cm SS","area_critica":"","entrega":"2026-09-29"},"geometry":{"type":"Point","coordinates":[-51.8999271,-23.4127178]}},
{"type":"Feature","properties":{"id":"B26092908:55022","equipe":"B","num":22,"codigo":"BLO","tipo":"Boca de lobo","utm_E":408056.4291,"utm_N":7410495.594,"h_ortom":517.081,"material":"Concreto","cc_tipo":"Simples","profundidade_cm":146,"inacessivel":false,"posicao":"Esquina","tampa":"Concreto","condicao":"Boa","obstr_sup":"Não","obstr_sup_tipo":"Nenhuma","obstr_fundo":"Não","obstr_fundo_tipo":"Nenhuma","n_tubos":1,"tubos":"40cm NN","area_critica":"","entrega":"2026-09-29"},"geometry":{"type":"Point","coordinates":[-51.8999065,-23.4127971]}},
{"type":"Feature","properties":{"id":"B26092908:59023","equipe":"B","num":23,"codigo":"BLO","tipo":"Boca de lobo","utm_E":408062.2798,"utm_N":7410494.628,"h_ortom":517.571,"material":"Alvenaria tijolo","cc_tipo":"Simples","profundidade_cm":163,"inacessivel":false,"posicao":"Esquina","tampa":"Concreto","condicao":"Boa","obstr_sup":"Não","obstr_sup_tipo":"Nenhuma","obstr_fundo":"Não","obstr_fundo_tipo":"Nenhuma","n_tubos":1,"tubos":"40cm NE","area_critica":"","entrega":"2026-09-29"},"geometry":{"type":"Point","coordinates":[-51.8998493,-23.4128062]}},
{"type":"Feature","properties":{"id":"B26092909:04024","equipe":"B","num":24,"codigo":"PTOALT","tipo":"Ponto alto (eixo)","utm_E":408075.2055,"utm_N":7410503.499,"h_ortom":517.623,"material":null,"cc_tipo":null,"profundidade_cm":null,"inacessivel":false,"posicao":null,"tampa":null,"condicao":null,"obstr_sup":null,"obstr_sup_tipo":null,"obstr_fundo":null,"obstr_fundo_tipo":null,"n_tubos":0,"tubos":"","area_critica":"","entrega":"2026-09-29","tambem":"B26092909:04025 (ESQUINA)"},"geometry":{"type":"Point","coordinates":[-51.8997222,-23.4127268]}},
{"type":"Feature","properties":{"id":"B26092909:08026","equipe":"B","num":26,"codigo":"BLO","tipo":"Boca de lobo","utm_E":408071.1472,"utm_N":7410491.015,"h_ortom":517.621,"material":"Concreto","cc_tipo":"Simples","profundidade_cm":230,"inacessivel":false,"posicao":"Esquina","tampa":"Concreto","condicao":"Boa","obstr_sup":"Não","obstr_sup_tipo":"Nenhuma","obstr_fundo":"Não","obstr_fundo_tipo":"Nenhuma","n_tubos":2,"tubos":"100cm NE; 100cm SW","area_critica":"","entrega":"2026-09-29"},"geometry":{"type":"Point","coordinates":[-51.8997627,-23.4128393]}},
{"type":"Feature","properties":{"id":"B26092909:14028","equipe":"B","num":28,"codigo":"PTOALT","tipo":"Ponto alto (eixo)","utm_E":408044.7998,"utm_N":7410466.356,"h_ortom":518.428,"material":null,"cc_tipo":null,"profundidade_cm":null,"inacessivel":false,"posicao":null,"tampa":null,"condicao":null,"obstr_sup":null,"obstr_sup_tipo":null,"obstr_fundo":null,"obstr_fundo_tipo":null,"n_tubos":0,"tubos":"","area_critica":"AC04 — Ribeirão Morangueiro","entrega":"2026-09-29","tambem":"B26092909:13027 (ESQUINA)"},"geometry":{"type":"Point","coordinates":[-51.9000221,-23.4130605]}},
{"type":"Feature","properties":{"id":"B26092909:14029","equipe":"B","num":29,"codigo":"PV","tipo":"Poço de visita","utm_E":408046.679,"utm_N":7410469.455,"h_ortom":518.226,"material":"Concreto","cc_tipo":"Simples","profundidade_cm":360,"inacessivel":false,"posicao":"Esquina","tampa":"Ferro","condicao":"Boa","obstr_sup":"Não","obstr_sup_tipo":"Nenhuma","obstr_fundo":"Não","obstr_fundo_tipo":"Nenhuma","n_tubos":2,"tubos":"60cm SE; ? SW","area_critica":"AC04 — Ribeirão Morangueiro","entrega":"2026-09-29"},"geometry":{"type":"Point","coordinates":[-51.9000035,-23.4130327]}},
{"type":"Feature","properties":{"id":"B26092909:25030","equipe":"B","num":30,"codigo":"BLO","tipo":"Boca de lobo","utm_E":408046.4141,"utm_N":7410475.016,"h_ortom":517.744,"material":"Concreto","cc_tipo":"Múltipla","profundidade_cm":330,"inacessivel":false,"posicao":"Esquina","tampa":"Concreto","condicao":"Boa","obstr_sup":"Não","obstr_sup_tipo":"Nenhuma","obstr_fundo":"Não","obstr_fundo_tipo":"Nenhuma","n_tubos":0,"tubos":"","area_critica":"AC04 — Ribeirão Morangueiro","entrega":"2026-09-29"},"geometry":{"type":"Point","coordinates":[-51.9000057,-23.4129824]}},
{"type":"Feature","properties":{"id":"B26092909:29031","equipe":"B","num":31,"codigo":"PTOALT","tipo":"Ponto alto (eixo)","utm_E":408017.8258,"utm_N":7410501.389,"h_ortom":517.156,"material":null,"cc_tipo":null,"profundidade_cm":null,"inacessivel":false,"posicao":null,"tampa":null,"condicao":null,"obstr_sup":null,"obstr_sup_tipo":null,"obstr_fundo":null,"obstr_fundo_tipo":null,"n_tubos":0,"tubos":"","area_critica":"AC04 — Ribeirão Morangueiro","entrega":"2026-09-29"},"geometry":{"type":"Point","coordinates":[-51.9002839,-23.4127426]}},
{"type":"Feature","properties":{"id":"B26092909:30033","equipe":"B","num":33,"codigo":"PTOBAI","tipo":"Ponto baixo (eixo)","utm_E":407999.3026,"utm_N":7410504.924,"h_ortom":517.127,"material":null,"cc_tipo":null,"profundidade_cm":null,"inacessivel":false,"posicao":null,"tampa":null,"condicao":null,"obstr_sup":null,"obstr_sup_tipo":null,"obstr_fundo":null,"obstr_fundo_tipo":null,"n_tubos":0,"tubos":"","area_critica":"AC04 — Ribeirão Morangueiro","entrega":"2026-09-29","tambem":"B26092909:30032 (ESQUINA)"},"geometry":{"type":"Point","coordinates":[-51.900465,-23.4127096]}},
{"type":"Feature","properties":{"id":"B26092909:31034","equipe":"B","num":34,"codigo":"ESQUINA","tipo":"Esquina (eixo)","utm_E":407964.0572,"utm_N":7410534.786,"h_ortom":517.988,"material":null,"cc_tipo":null,"profundidade_cm":null,"inacessivel":false,"posicao":null,"tampa":null,"condicao":null,"obstr_sup":null,"obstr_sup_tipo":null,"obstr_fundo":null,"obstr_fundo_tipo":null,"n_tubos":0,"tubos":"","area_critica":"AC04 — Ribeirão Morangueiro","entrega":"2026-09-29"},"geometry":{"type":"Point","coordinates":[-51.9008081,-23.4124379]}},
{"type":"Feature","properties":{"id":"B26092909:32035","equipe":"B","num":35,"codigo":"PTOALT","tipo":"Ponto alto (eixo)","utm_E":407903.0266,"utm_N":7410586.641,"h_ortom":522.026,"material":null,"cc_tipo":null,"profundidade_cm":null,"inacessivel":false,"posicao":null,"tampa":null,"condicao":null,"obstr_sup":null,"obstr_sup_tipo":null,"obstr_fundo":null,"obstr_fundo_tipo":null,"n_tubos":0,"tubos":"","area_critica":"AC04 — Ribeirão Morangueiro","entrega":"2026-09-29"},"geometry":{"type":"Point","coordinates":[-51.9014022,-23.4119661]}},
{"type":"Feature","properties":{"id":"B26092909:32036","equipe":"B","num":36,"codigo":"BLO","tipo":"Boca de lobo","utm_E":407921.1489,"utm_N":7410577.339,"h_ortom":521.301,"material":"Concreto","cc_tipo":"Simples","profundidade_cm":115,"inacessivel":false,"posicao":"Meio de quadra","tampa":"Concreto","condicao":"Boa","obstr_sup":"Não","obstr_sup_tipo":"Nenhuma","obstr_fundo":"Parcial","obstr_fundo_tipo":"Solo","n_tubos":1,"tubos":"40cm SW","area_critica":"AC04 — Ribeirão Morangueiro","entrega":"2026-09-29"},"geometry":{"type":"Point","coordinates":[-51.9012254,-23.4120512]}},
{"type":"Feature","properties":{"id":"B26092909:38037","equipe":"B","num":37,"codigo":"BLO","tipo":"Boca de lobo","utm_E":407915.4553,"utm_N":7410570.214,"h_ortom":521.333,"material":"Concreto","cc_tipo":"Simples","profundidade_cm":112,"inacessivel":false,"posicao":"Meio de quadra","tampa":"Concreto","condicao":"Boa","obstr_sup":"Não","obstr_sup_tipo":"Nenhuma","obstr_fundo":"Parcial","obstr_fundo_tipo":"Solo","n_tubos":1,"tubos":"40cm NE","area_critica":"AC04 — Ribeirão Morangueiro","entrega":"2026-09-29"},"geometry":{"type":"Point","coordinates":[-51.9012816,-23.4121152]}},
{"type":"Feature","properties":{"id":"B26092909:42038","equipe":"B","num":38,"codigo":"BLO","tipo":"Boca de lobo","utm_E":407961.0325,"utm_N":7410531.515,"h_ortom":518.084,"material":"Concreto","cc_tipo":"Simples","profundidade_cm":116,"inacessivel":false,"posicao":"Esquina","tampa":"Concreto","condicao":"Ruim","obstr_sup":"Não","obstr_sup_tipo":"Nenhuma","obstr_fundo":"Parcial","obstr_fundo_tipo":"Entulho","n_tubos":1,"tubos":"40cm NE","area_critica":"AC04 — Ribeirão Morangueiro","entrega":"2026-09-29"},"geometry":{"type":"Point","coordinates":[-51.9008379,-23.4124673]}},
{"type":"Feature","properties":{"id":"B26092909:46039","equipe":"B","num":39,"codigo":"BLO","tipo":"Boca de lobo","utm_E":407999.1623,"utm_N":7410499.085,"h_ortom":517.192,"material":"Concreto","cc_tipo":"Simples","profundidade_cm":85,"inacessivel":false,"posicao":"Esquina","tampa":"Concreto","condicao":"Boa","obstr_sup":"Não","obstr_sup_tipo":"Nenhuma","obstr_fundo":"Parcial","obstr_fundo_tipo":"Folhagem","n_tubos":1,"tubos":"40cm NE","area_critica":"AC04 — Ribeirão Morangueiro","entrega":"2026-09-29"},"geometry":{"type":"Point","coordinates":[-51.9004667,-23.4127624]}},
{"type":"Feature","properties":{"id":"B26092909:49040","equipe":"B","num":40,"codigo":"BLO","tipo":"Boca de lobo","utm_E":408005.793,"utm_N":7410493.372,"h_ortom":517.155,"material":"Concreto","cc_tipo":"Simples","profundidade_cm":118,"inacessivel":false,"posicao":"Esquina","tampa":"Concreto","condicao":"Boa","obstr_sup":"Não","obstr_sup_tipo":"Nenhuma","obstr_fundo":"Parcial","obstr_fundo_tipo":"Folhagem","n_tubos":1,"tubos":"40cm NE","area_critica":"AC04 — Ribeirão Morangueiro","entrega":"2026-09-29"},"geometry":{"type":"Point","coordinates":[-51.9004022,-23.4128143]}},
{"type":"Feature","properties":{"id":"B26092909:56041","equipe":"B","num":41,"codigo":"BLO","tipo":"Boca de lobo","utm_E":408035.7363,"utm_N":7410463.035,"h_ortom":518.64,"material":"Concreto","cc_tipo":"Múltipla","profundidade_cm":200,"inacessivel":false,"posicao":"Esquina","tampa":"Concreto","condicao":"Boa","obstr_sup":"Não","obstr_sup_tipo":"Nenhuma","obstr_fundo":"Parcial","obstr_fundo_tipo":"Folhagem","n_tubos":1,"tubos":"60cm SE","area_critica":"AC04 — Ribeirão Morangueiro","entrega":"2026-09-29"},"geometry":{"type":"Point","coordinates":[-51.900111,-23.41309]}},
{"type":"Feature","properties":{"id":"B26092910:04042","equipe":"B","num":42,"codigo":"BLO","tipo":"Boca de lobo","utm_E":408042.419,"utm_N":7410456.998,"h_ortom":518.782,"material":"Concreto","cc_tipo":"Múltipla","profundidade_cm":116,"inacessivel":false,"posicao":"Esquina","tampa":"Concreto","condicao":"Boa","obstr_sup":"Não","obstr_sup_tipo":"Nenhuma","obstr_fundo":"Parcial","obstr_fundo_tipo":"Folhagem","n_tubos":1,"tubos":"60cm NW","area_critica":"AC04 — Ribeirão Morangueiro","entrega":"2026-09-29"},"geometry":{"type":"Point","coordinates":[-51.9000459,-23.4131449]}},
{"type":"Feature","properties":{"id":"B26092910:13043","equipe":"B","num":43,"codigo":"BLO","tipo":"Boca de lobo","utm_E":408049.8946,"utm_N":7410456.025,"h_ortom":518.969,"material":"Concreto","cc_tipo":"Múltipla","profundidade_cm":132,"inacessivel":false,"posicao":"Esquina","tampa":"Concreto","condicao":"Boa","obstr_sup":"Não","obstr_sup_tipo":"Nenhuma","obstr_fundo":"Parcial","obstr_fundo_tipo":"Folhagem","n_tubos":1,"tubos":"60cm NE","area_critica":"AC04 — Ribeirão Morangueiro","entrega":"2026-09-29"},"geometry":{"type":"Point","coordinates":[-51.8999728,-23.4131541]}},
{"type":"Feature","properties":{"id":"B26092910:17044","equipe":"B","num":44,"codigo":"BLO","tipo":"Boca de lobo","utm_E":408048.2009,"utm_N":7410457.376,"h_ortom":518.834,"material":"Concreto","cc_tipo":"Simples","profundidade_cm":140,"inacessivel":false,"posicao":"Esquina","tampa":"Concreto","condicao":"Boa","obstr_sup":"Não","obstr_sup_tipo":"Nenhuma","obstr_fundo":"Parcial","obstr_fundo_tipo":"Folhagem","n_tubos":1,"tubos":"60cm NE","area_critica":"AC04 — Ribeirão Morangueiro","entrega":"2026-09-29"},"geometry":{"type":"Point","coordinates":[-51.8999893,-23.4131418]}},
{"type":"Feature","properties":{"id":"B26092910:21045","equipe":"B","num":45,"codigo":"BLO","tipo":"Boca de lobo","utm_E":408055.8957,"utm_N":7410462.976,"h_ortom":518.872,"material":"Concreto","cc_tipo":"Múltipla","profundidade_cm":162,"inacessivel":false,"posicao":"Esquina","tampa":"Concreto","condicao":"Boa","obstr_sup":"Parcial","obstr_sup_tipo":"Folhagem","obstr_fundo":"Parcial","obstr_fundo_tipo":"Entulho","n_tubos":1,"tubos":"60cm SW","area_critica":"AC04 — Ribeirão Morangueiro","entrega":"2026-09-29"},"geometry":{"type":"Point","coordinates":[-51.8999137,-23.4130917]}},
{"type":"Feature","properties":{"id":"B26092910:24046","equipe":"B","num":46,"codigo":"BLO","tipo":"Boca de lobo","utm_E":408054.1694,"utm_N":7410464.136,"h_ortom":518.784,"material":"Concreto","cc_tipo":"Simples","profundidade_cm":192,"inacessivel":false,"posicao":"Esquina","tampa":"Concreto","condicao":"Boa","obstr_sup":"Não","obstr_sup_tipo":"Nenhuma","obstr_fundo":"Não","obstr_fundo_tipo":"Nenhuma","n_tubos":1,"tubos":"60cm SW","area_critica":"AC04 — Ribeirão Morangueiro","entrega":"2026-09-29"},"geometry":{"type":"Point","coordinates":[-51.8999305,-23.4130811]}},
{"type":"Feature","properties":{"id":"B26092910:32047","equipe":"B","num":47,"codigo":"BLO","tipo":"Boca de lobo","utm_E":408106.1777,"utm_N":7410419.964,"h_ortom":525.572,"material":"Concreto","cc_tipo":"Simples","profundidade_cm":181,"inacessivel":false,"posicao":"Meio de quadra","tampa":"Concreto","condicao":"Boa","obstr_sup":"Não","obstr_sup_tipo":"Nenhuma","obstr_fundo":"Não","obstr_fundo_tipo":"Nenhuma","n_tubos":1,"tubos":"40cm SW","area_critica":"AC04 — Ribeirão Morangueiro","entrega":"2026-09-29"},"geometry":{"type":"Point","coordinates":[-51.8994242,-23.413483]}},
{"type":"Feature","properties":{"id":"B26092910:35048","equipe":"B","num":48,"codigo":"BLO","tipo":"Boca de lobo","utm_E":408100.874,"utm_N":7410412.597,"h_ortom":525.702,"material":"Concreto","cc_tipo":"Simples","profundidade_cm":128,"inacessivel":false,"posicao":"Meio de quadra","tampa":"Concreto","condicao":"Boa","obstr_sup":"Não","obstr_sup_tipo":"Nenhuma","obstr_fundo":"Não","obstr_fundo_tipo":"Nenhuma","n_tubos":1,"tubos":"40cm NE","area_critica":"AC04 — Ribeirão Morangueiro","entrega":"2026-09-29"},"geometry":{"type":"Point","coordinates":[-51.8994766,-23.4135492]}},
{"type":"Feature","properties":{"id":"B26092910:38049","equipe":"B","num":49,"codigo":"PTOALT","tipo":"Ponto alto (eixo)","utm_E":408115.8987,"utm_N":7410405.837,"h_ortom":527.07,"material":null,"cc_tipo":null,"profundidade_cm":null,"inacessivel":false,"posicao":null,"tampa":null,"condicao":null,"obstr_sup":null,"obstr_sup_tipo":null,"obstr_fundo":null,"obstr_fundo_tipo":null,"n_tubos":0,"tubos":"","area_critica":"AC04 — Ribeirão Morangueiro","entrega":"2026-09-29"},"geometry":{"type":"Point","coordinates":[-51.8993299,-23.4136111]}},
{"type":"Feature","properties":{"id":"B26092910:39051","equipe":"B","num":51,"codigo":"PTOALT","tipo":"Ponto alto (eixo)","utm_E":408155.6519,"utm_N":7410372.161,"h_ortom":530.44,"material":null,"cc_tipo":null,"profundidade_cm":null,"inacessivel":false,"posicao":null,"tampa":null,"condicao":null,"obstr_sup":null,"obstr_sup_tipo":null,"obstr_fundo":null,"obstr_fundo_tipo":null,"n_tubos":0,"tubos":"","area_critica":"AC04 — Ribeirão Morangueiro","entrega":"2026-09-29","tambem":"B26092910:39050 (ESQUINA)"},"geometry":{"type":"Point","coordinates":[-51.8989429,-23.4139175]}},
{"type":"Feature","properties":{"id":"B26092910:39052","equipe":"B","num":52,"codigo":"BLO","tipo":"Boca de lobo","utm_E":408147.6871,"utm_N":7410368.6,"h_ortom":530.235,"material":"Concreto","cc_tipo":"Simples","profundidade_cm":178,"inacessivel":false,"posicao":"Esquina","tampa":"Concreto","condicao":"Boa","obstr_sup":"Não","obstr_sup_tipo":"Nenhuma","obstr_fundo":"Parcial","obstr_fundo_tipo":"Folhagem","n_tubos":3,"tubos":"40cm SW; 40cm NW; 40cm NE","area_critica":"AC04 — Ribeirão Morangueiro","entrega":"2026-09-29"},"geometry":{"type":"Point","coordinates":[-51.8990211,-23.4139493]}},
{"type":"Feature","properties":{"id":"B26092910:46053","equipe":"B","num":53,"codigo":"BLO","tipo":"Boca de lobo","utm_E":408155.1955,"utm_N":7410382.5,"h_ortom":530.314,"material":"Concreto","cc_tipo":"Simples","profundidade_cm":175,"inacessivel":false,"posicao":"Esquina","tampa":"Concreto","condicao":"Boa","obstr_sup":"Não","obstr_sup_tipo":"Nenhuma","obstr_fundo":"Não","obstr_fundo_tipo":"Nenhuma","n_tubos":0,"tubos":"","area_critica":"AC04 — Ribeirão Morangueiro","entrega":"2026-09-29"},"geometry":{"type":"Point","coordinates":[-51.8989468,-23.4138241]}},
{"type":"Feature","properties":{"id":"B26092910:49054","equipe":"B","num":54,"codigo":"BLO","tipo":"Boca de lobo","utm_E":408162.2221,"utm_N":7410376.556,"h_ortom":530.306,"material":"Concreto","cc_tipo":"Simples","profundidade_cm":135,"inacessivel":false,"posicao":"Esquina","tampa":"Concreto","condicao":"Boa","obstr_sup":"Não","obstr_sup_tipo":"Nenhuma","obstr_fundo":"Não","obstr_fundo_tipo":"Nenhuma","n_tubos":1,"tubos":"40cm NW","area_critica":"AC04 — Ribeirão Morangueiro","entrega":"2026-09-29"},"geometry":{"type":"Point","coordinates":[-51.8988784,-23.4138782]}},
{"type":"Feature","properties":{"id":"B26092910:53055","equipe":"B","num":55,"codigo":"BLO","tipo":"Boca de lobo","utm_E":408164.0239,"utm_N":7410370.655,"h_ortom":530.589,"material":"Concreto","cc_tipo":"Simples","profundidade_cm":176,"inacessivel":false,"posicao":"Esquina","tampa":"Concreto","condicao":"Boa","obstr_sup":"Parcial","obstr_sup_tipo":"Folhagem","obstr_fundo":"Não","obstr_fundo_tipo":"Nenhuma","n_tubos":1,"tubos":"40cm SW","area_critica":"AC04 — Ribeirão Morangueiro","entrega":"2026-09-29"},"geometry":{"type":"Point","coordinates":[-51.8988611,-23.4139316]}},
{"type":"Feature","properties":{"id":"B26092910:57056","equipe":"B","num":56,"codigo":"BLO","tipo":"Boca de lobo","utm_E":408159.74,"utm_N":7410362.632,"h_ortom":530.79,"material":"Concreto","cc_tipo":"Simples","profundidade_cm":148,"inacessivel":false,"posicao":"Esquina","tampa":"Concreto","condicao":"Boa","obstr_sup":"Parcial","obstr_sup_tipo":"Folhagem","obstr_fundo":"Não","obstr_fundo_tipo":"Nenhuma","n_tubos":1,"tubos":"40cm NE","area_critica":"AC04 — Ribeirão Morangueiro","entrega":"2026-09-29"},"geometry":{"type":"Point","coordinates":[-51.8989035,-23.4140038]}},
{"type":"Feature","properties":{"id":"B26092911:01057","equipe":"B","num":57,"codigo":"BLO","tipo":"Boca de lobo","utm_E":408154.4968,"utm_N":7410362.454,"h_ortom":530.396,"material":"Concreto","cc_tipo":"Simples","profundidade_cm":115,"inacessivel":false,"posicao":"Esquina","tampa":"Concreto","condicao":"Ruim","obstr_sup":"Parcial","obstr_sup_tipo":"Folhagem","obstr_fundo":"Parcial","obstr_fundo_tipo":"Folhagem","n_tubos":2,"tubos":"40cm NW; 10cm SS","area_critica":"AC04 — Ribeirão Morangueiro","entrega":"2026-09-29"},"geometry":{"type":"Point","coordinates":[-51.8989548,-23.4140052]}},
{"type":"Feature","properties":{"id":"B26092911:10058","equipe":"B","num":58,"codigo":"BLO","tipo":"Boca de lobo","utm_E":408216.7879,"utm_N":7410314.01,"h_ortom":534.675,"material":"Concreto","cc_tipo":"Simples","profundidade_cm":149,"inacessivel":false,"posicao":"Meio de quadra","tampa":"Concreto","condicao":"Boa","obstr_sup":"Não","obstr_sup_tipo":"Nenhuma","obstr_fundo":"Parcial","obstr_fundo_tipo":"Folhagem","n_tubos":2,"tubos":"40cm NE; 10cm WW","area_critica":"AC04 — Ribeirão Morangueiro","entrega":"2026-09-29"},"geometry":{"type":"Point","coordinates":[-51.8983482,-23.4144462]}},
{"type":"Feature","properties":{"id":"B26092911:15059","equipe":"B","num":59,"codigo":"BLO","tipo":"Boca de lobo","utm_E":408222.1722,"utm_N":7410321.265,"h_ortom":534.591,"material":"Concreto","cc_tipo":"Simples","profundidade_cm":172,"inacessivel":false,"posicao":"Meio de quadra","tampa":"Concreto","condicao":"Boa","obstr_sup":"Não","obstr_sup_tipo":"Nenhuma","obstr_fundo":"Parcial","obstr_fundo_tipo":"Folhagem","n_tubos":2,"tubos":"40cm SW; 10cm EE","area_critica":"AC04 — Ribeirão Morangueiro","entrega":"2026-09-29"},"geometry":{"type":"Point","coordinates":[-51.898295,-23.414381]}},
{"type":"Feature","properties":{"id":"B26092911:21061","equipe":"B","num":61,"codigo":"PTOALT","tipo":"Ponto alto (eixo)","utm_E":408278.2575,"utm_N":7410267.379,"h_ortom":538.571,"material":null,"cc_tipo":null,"profundidade_cm":null,"inacessivel":false,"posicao":null,"tampa":null,"condicao":null,"obstr_sup":null,"obstr_sup_tipo":null,"obstr_fundo":null,"obstr_fundo_tipo":null,"n_tubos":0,"tubos":"","area_critica":"AC04 — Ribeirão Morangueiro","entrega":"2026-09-29","tambem":"B26092911:21060 (ESQUINA)"},"geometry":{"type":"Point","coordinates":[-51.8977494,-23.4148708]}},
{"type":"Feature","properties":{"id":"B26092911:22062","equipe":"B","num":62,"codigo":"BLO","tipo":"Boca de lobo","utm_E":408285.5789,"utm_N":7410271.194,"h_ortom":538.705,"material":"Concreto","cc_tipo":"Simples","profundidade_cm":35,"inacessivel":false,"posicao":"Esquina","tampa":"Concreto","condicao":"Boa","obstr_sup":"Não","obstr_sup_tipo":"Nenhuma","obstr_fundo":"Total","obstr_fundo_tipo":"Solo","n_tubos":1,"tubos":"30cm SW","area_critica":"AC04 — Ribeirão Morangueiro","entrega":"2026-09-29"},"geometry":{"type":"Point","coordinates":[-51.8976775,-23.4148368]}},
{"type":"Feature","properties":{"id":"B26092911:27063","equipe":"B","num":63,"codigo":"BLO","tipo":"Boca de lobo","utm_E":408282.814,"utm_N":7410257.491,"h_ortom":538.876,"material":"Concreto","cc_tipo":"Simples","profundidade_cm":120,"inacessivel":false,"posicao":"Esquina","tampa":"Concreto","condicao":"Boa","obstr_sup":"Não","obstr_sup_tipo":"Nenhuma","obstr_fundo":"Não","obstr_fundo_tipo":"Nenhuma","n_tubos":0,"tubos":"","area_critica":"AC04 — Ribeirão Morangueiro","entrega":"2026-09-29"},"geometry":{"type":"Point","coordinates":[-51.8977054,-23.4149604]}},
{"type":"Feature","properties":{"id":"B26092911:32064","equipe":"B","num":64,"codigo":"BLO","tipo":"Boca de lobo","utm_E":408287.4881,"utm_N":7410265.756,"h_ortom":538.885,"material":"Concreto","cc_tipo":"Simples","profundidade_cm":92,"inacessivel":false,"posicao":"Esquina","tampa":"Concreto","condicao":"Boa","obstr_sup":"Não","obstr_sup_tipo":"Nenhuma","obstr_fundo":"Parcial","obstr_fundo_tipo":"Solo","n_tubos":2,"tubos":"40cm NW; 15cm EE","area_critica":"AC04 — Ribeirão Morangueiro","entrega":"2026-09-29"},"geometry":{"type":"Point","coordinates":[-51.8976592,-23.414886]}},
{"type":"Feature","properties":{"id":"B26092911:40065","equipe":"B","num":65,"codigo":"PTOALT","tipo":"Ponto alto (eixo)","utm_E":408355.0667,"utm_N":7410202.033,"h_ortom":543.602,"material":null,"cc_tipo":null,"profundidade_cm":null,"inacessivel":false,"posicao":null,"tampa":null,"condicao":null,"obstr_sup":null,"obstr_sup_tipo":null,"obstr_fundo":null,"obstr_fundo_tipo":null,"n_tubos":0,"tubos":"","area_critica":"","entrega":"2026-09-29"},"geometry":{"type":"Point","coordinates":[-51.8970017,-23.4154653]}},
{"type":"Feature","properties":{"id":"B26092913:18066","equipe":"B","num":66,"codigo":"BLO","tipo":"Boca de lobo","utm_E":407884.3824,"utm_N":7410511.535,"h_ortom":526.432,"material":"Concreto","cc_tipo":"Simples","profundidade_cm":156,"inacessivel":false,"posicao":"Meio de quadra","tampa":"Concreto","condicao":"Boa","obstr_sup":"Não","obstr_sup_tipo":"Nenhuma","obstr_fundo":"Parcial","obstr_fundo_tipo":"Resíduo","n_tubos":1,"tubos":"40cm SW","area_critica":"AC04 — Ribeirão Morangueiro","entrega":"2026-09-29"},"geometry":{"type":"Point","coordinates":[-51.9015893,-23.4126434]}},
{"type":"Feature","properties":{"id":"B26092913:21067","equipe":"B","num":67,"codigo":"PTOALT","tipo":"Ponto alto (eixo)","utm_E":407876.2309,"utm_N":7410511.065,"h_ortom":526.528,"material":null,"cc_tipo":null,"profundidade_cm":null,"inacessivel":false,"posicao":null,"tampa":null,"condicao":null,"obstr_sup":null,"obstr_sup_tipo":null,"obstr_fundo":null,"obstr_fundo_tipo":null,"n_tubos":0,"tubos":"","area_critica":"","entrega":"2026-09-29"},"geometry":{"type":"Point","coordinates":[-51.9016691,-23.4126472]}},
{"type":"Feature","properties":{"id":"B26092913:22068","equipe":"B","num":68,"codigo":"BLO","tipo":"Boca de lobo","utm_E":407878.908,"utm_N":7410504.207,"h_ortom":526.477,"material":"Concreto","cc_tipo":"Simples","profundidade_cm":null,"inacessivel":true,"posicao":"Meio de quadra","tampa":"Concreto","condicao":"Boa","obstr_sup":"Total","obstr_sup_tipo":"Solo","obstr_fundo":"Total","obstr_fundo_tipo":"Solo","n_tubos":0,"tubos":"","area_critica":"AC04 — Ribeirão Morangueiro","entrega":"2026-09-29"},"geometry":{"type":"Point","coordinates":[-51.9016433,-23.4127093]}},
{"type":"Feature","properties":{"id":"B26092913:26069","equipe":"B","num":69,"codigo":"BLO","tipo":"Boca de lobo","utm_E":407933.6064,"utm_N":7410457.697,"h_ortom":524.825,"material":"Concreto","cc_tipo":"Simples","profundidade_cm":null,"inacessivel":true,"posicao":"Meio de quadra","tampa":"Concreto","condicao":"Boa","obstr_sup":"Total","obstr_sup_tipo":"Solo","obstr_fundo":"Total","obstr_fundo_tipo":"Solo","n_tubos":0,"tubos":"","area_critica":"AC04 — Ribeirão Morangueiro","entrega":"2026-09-29"},"geometry":{"type":"Point","coordinates":[-51.9011108,-23.4131325]}},
{"type":"Feature","properties":{"id":"B26092913:29070","equipe":"B","num":70,"codigo":"BLO","tipo":"Boca de lobo","utm_E":407939.22,"utm_N":7410464.79,"h_ortom":524.664,"material":"Concreto","cc_tipo":"Simples","profundidade_cm":135,"inacessivel":false,"posicao":"Meio de quadra","tampa":"Concreto","condicao":"Boa","obstr_sup":"Não","obstr_sup_tipo":"Nenhuma","obstr_fundo":"Parcial","obstr_fundo_tipo":"Solo","n_tubos":1,"tubos":"40cm SW","area_critica":"AC04 — Ribeirão Morangueiro","entrega":"2026-09-29"},"geometry":{"type":"Point","coordinates":[-51.9010554,-23.4130687]}},
{"type":"Feature","properties":{"id":"B26092913:32071","equipe":"B","num":71,"codigo":"PTOBAI","tipo":"Ponto baixo (eixo)","utm_E":407989.7201,"utm_N":7410416.373,"h_ortom":523.51,"material":null,"cc_tipo":null,"profundidade_cm":null,"inacessivel":false,"posicao":null,"tampa":null,"condicao":null,"obstr_sup":null,"obstr_sup_tipo":null,"obstr_fundo":null,"obstr_fundo_tipo":null,"n_tubos":0,"tubos":"","area_critica":"AC04 — Ribeirão Morangueiro","entrega":"2026-09-29"},"geometry":{"type":"Point","coordinates":[-51.9005642,-23.4135089]}},
{"type":"Feature","properties":{"id":"B26092913:32072","equipe":"B","num":72,"codigo":"ESQUINA","tipo":"Esquina (eixo)","utm_E":407996.8649,"utm_N":7410410.424,"h_ortom":523.784,"material":null,"cc_tipo":null,"profundidade_cm":null,"inacessivel":false,"posicao":null,"tampa":null,"condicao":null,"obstr_sup":null,"obstr_sup_tipo":null,"obstr_fundo":null,"obstr_fundo_tipo":null,"n_tubos":0,"tubos":"","area_critica":"AC04 — Ribeirão Morangueiro","entrega":"2026-09-29"},"geometry":{"type":"Point","coordinates":[-51.9004946,-23.413563]}},
{"type":"Feature","properties":{"id":"B26092913:32073","equipe":"B","num":73,"codigo":"BLO","tipo":"Boca de lobo","utm_E":407986.8617,"utm_N":7410424.351,"h_ortom":523.482,"material":"Concreto","cc_tipo":"Múltipla","profundidade_cm":144,"inacessivel":false,"posicao":"Esquina","tampa":"Concreto","condicao":"Boa","obstr_sup":"Não","obstr_sup_tipo":"Nenhuma","obstr_fundo":"Parcial","obstr_fundo_tipo":"Resíduo","n_tubos":1,"tubos":"40cm SW","area_critica":"AC04 — Ribeirão Morangueiro","entrega":"2026-09-29"},"geometry":{"type":"Point","coordinates":[-51.9005917,-23.4134367]}},
{"type":"Feature","properties":{"id":"B26092913:38074","equipe":"B","num":74,"codigo":"BLO","tipo":"Boca de lobo","utm_E":407980.4434,"utm_N":7410417.682,"h_ortom":523.605,"material":"Concreto","cc_tipo":"Múltipla","profundidade_cm":109,"inacessivel":false,"posicao":"Esquina","tampa":"Concreto","condicao":"Boa","obstr_sup":"Não","obstr_sup_tipo":"Nenhuma","obstr_fundo":"Não","obstr_fundo_tipo":"Nenhuma","n_tubos":1,"tubos":"40cm NE","area_critica":"AC04 — Ribeirão Morangueiro","entrega":"2026-09-29"},"geometry":{"type":"Point","coordinates":[-51.9006549,-23.4134965]}},
{"type":"Feature","properties":{"id":"B26092913:47075","equipe":"B","num":75,"codigo":"BLO","tipo":"Boca de lobo","utm_E":407987.1536,"utm_N":7410412.007,"h_ortom":523.608,"material":"Concreto","cc_tipo":"Simples","profundidade_cm":137,"inacessivel":false,"posicao":"Esquina","tampa":"Concreto","condicao":"Boa","obstr_sup":"Não","obstr_sup_tipo":"Nenhuma","obstr_fundo":"Não","obstr_fundo_tipo":"Nenhuma","n_tubos":1,"tubos":"40cm NE","area_critica":"AC04 — Ribeirão Morangueiro","entrega":"2026-09-29"},"geometry":{"type":"Point","coordinates":[-51.9005896,-23.4135482]}},
{"type":"Feature","properties":{"id":"B26092913:49076","equipe":"B","num":76,"codigo":"BLO","tipo":"Boca de lobo","utm_E":407993.1089,"utm_N":7410418.875,"h_ortom":523.522,"material":"Concreto","cc_tipo":"Simples","profundidade_cm":142,"inacessivel":false,"posicao":"Esquina","tampa":"Concreto","condicao":"Boa","obstr_sup":"Não","obstr_sup_tipo":"Nenhuma","obstr_fundo":"Parcial","obstr_fundo_tipo":"Solo","n_tubos":1,"tubos":"40cm SW","area_critica":"AC04 — Ribeirão Morangueiro","entrega":"2026-09-29"},"geometry":{"type":"Point","coordinates":[-51.9005308,-23.4134865]}},
{"type":"Feature","properties":{"id":"B26092913:53077","equipe":"B","num":77,"codigo":"PV","tipo":"Poço de visita","utm_E":407996.5974,"utm_N":7410414.16,"h_ortom":523.558,"material":"Concreto","cc_tipo":"Simples","profundidade_cm":312,"inacessivel":false,"posicao":"Esquina","tampa":"Ferro","condicao":"Boa","obstr_sup":"Não","obstr_sup_tipo":"Nenhuma","obstr_fundo":"Não","obstr_fundo_tipo":"Nenhuma","n_tubos":0,"tubos":"","area_critica":"AC04 — Ribeirão Morangueiro","entrega":"2026-09-29"},"geometry":{"type":"Point","coordinates":[-51.900497,-23.4135293]}},
{"type":"Feature","properties":{"id":"B26092914:01078","equipe":"B","num":78,"codigo":"PV","tipo":"Poço de visita","utm_E":407998.9058,"utm_N":7410412.786,"h_ortom":523.626,"material":"Concreto","cc_tipo":"Simples","profundidade_cm":295,"inacessivel":false,"posicao":"Esquina","tampa":"Ferro","condicao":"Boa","obstr_sup":"Não","obstr_sup_tipo":"Nenhuma","obstr_fundo":"Não","obstr_fundo_tipo":"Nenhuma","n_tubos":1,"tubos":"60cm SE","area_critica":"AC04 — Ribeirão Morangueiro","entrega":"2026-09-29"},"geometry":{"type":"Point","coordinates":[-51.9004745,-23.4135418]}},
{"type":"Feature","properties":{"id":"B26092914:02079","equipe":"B","num":79,"codigo":"BLO","tipo":"Boca de lobo","utm_E":408005.7782,"utm_N":7410408.238,"h_ortom":523.877,"material":"Concreto","cc_tipo":"Múltipla","profundidade_cm":124,"inacessivel":false,"posicao":"Esquina","tampa":"Concreto","condicao":"Boa","obstr_sup":"Não","obstr_sup_tipo":"Nenhuma","obstr_fundo":"Não","obstr_fundo_tipo":"Nenhuma","n_tubos":1,"tubos":"40cm SW","area_critica":"AC04 — Ribeirão Morangueiro","entrega":"2026-09-29"},"geometry":{"type":"Point","coordinates":[-51.9004075,-23.4135833]}},
{"type":"Feature","properties":{"id":"B26092914:06080","equipe":"B","num":80,"codigo":"BLO","tipo":"Boca de lobo","utm_E":408000.9765,"utm_N":7410400.332,"h_ortom":524.096,"material":"Concreto","cc_tipo":"Múltipla","profundidade_cm":null,"inacessivel":true,"posicao":"Esquina","tampa":"Concreto","condicao":"Boa","obstr_sup":"Parcial","obstr_sup_tipo":"Folhagem","obstr_fundo":"Não","obstr_fundo_tipo":"Nenhuma","n_tubos":0,"tubos":"","area_critica":"AC04 — Ribeirão Morangueiro","entrega":"2026-09-29"},"geometry":{"type":"Point","coordinates":[-51.900455,-23.4136544]}},
{"type":"Feature","properties":{"id":"B26092914:09081","equipe":"B","num":81,"codigo":"BLO","tipo":"Boca de lobo","utm_E":407994.1194,"utm_N":7410400.088,"h_ortom":524.452,"material":"Concreto","cc_tipo":"Múltipla","profundidade_cm":87,"inacessivel":false,"posicao":"Esquina","tampa":"Concreto","condicao":"Boa","obstr_sup":"Não","obstr_sup_tipo":"Nenhuma","obstr_fundo":"Parcial","obstr_fundo_tipo":"Resíduo","n_tubos":1,"tubos":"40cm NW","area_critica":"AC04 — Ribeirão Morangueiro","entrega":"2026-09-29"},"geometry":{"type":"Point","coordinates":[-51.9005221,-23.4136562]}},
{"type":"Feature","properties":{"id":"B26092914:11082","equipe":"B","num":82,"codigo":"BLO","tipo":"Boca de lobo","utm_E":407983.3893,"utm_N":7410401.773,"h_ortom":524.944,"material":"Concreto","cc_tipo":"Múltipla","profundidade_cm":170,"inacessivel":false,"posicao":"Esquina","tampa":"Concreto","condicao":"Boa","obstr_sup":"Não","obstr_sup_tipo":"Nenhuma","obstr_fundo":"Não","obstr_fundo_tipo":"Nenhuma","n_tubos":1,"tubos":"60cm SS","area_critica":"AC04 — Ribeirão Morangueiro","entrega":"2026-09-29"},"geometry":{"type":"Point","coordinates":[-51.900627,-23.4136404]}},
{"type":"Feature","properties":{"id":"B26092914:13083","equipe":"B","num":83,"codigo":"PTOALT","tipo":"Ponto alto (eixo)","utm_E":407973.9095,"utm_N":7410383.549,"h_ortom":527.137,"material":null,"cc_tipo":null,"profundidade_cm":null,"inacessivel":false,"posicao":null,"tampa":null,"condicao":null,"obstr_sup":null,"obstr_sup_tipo":null,"obstr_fundo":null,"obstr_fundo_tipo":null,"n_tubos":0,"tubos":"","area_critica":"AC04 — Ribeirão Morangueiro","entrega":"2026-09-29"},"geometry":{"type":"Point","coordinates":[-51.9007209,-23.4138044]}},
{"type":"Feature","properties":{"id":"B26092914:14084","equipe":"B","num":84,"codigo":"BLO","tipo":"Boca de lobo","utm_E":407988.0652,"utm_N":7410407.103,"h_ortom":524.182,"material":"Concreto","cc_tipo":"Simples","profundidade_cm":null,"inacessivel":true,"posicao":"Esquina","tampa":"Concreto","condicao":"Boa","obstr_sup":"Não","obstr_sup_tipo":"Nenhuma","obstr_fundo":"Não","obstr_fundo_tipo":"Nenhuma","n_tubos":0,"tubos":"","area_critica":"AC04 — Ribeirão Morangueiro","entrega":"2026-09-29"},"geometry":{"type":"Point","coordinates":[-51.9005809,-23.4135925]}},
{"type":"Feature","properties":{"id":"B26092914:17085","equipe":"B","num":85,"codigo":"BLO","tipo":"Boca de lobo","utm_E":408057.5921,"utm_N":7410352.12,"h_ortom":526.426,"material":"Concreto","cc_tipo":"Simples","profundidade_cm":123,"inacessivel":false,"posicao":"Meio de quadra","tampa":"Concreto","condicao":"Boa","obstr_sup":"Não","obstr_sup_tipo":"Nenhuma","obstr_fundo":"Parcial","obstr_fundo_tipo":"Solo","n_tubos":1,"tubos":"40cm NE","area_critica":"AC04 — Ribeirão Morangueiro","entrega":"2026-09-29"},"geometry":{"type":"Point","coordinates":[-51.8999038,-23.414093]}},
{"type":"Feature","properties":{"id":"B26092914:20086","equipe":"B","num":86,"codigo":"BLO","tipo":"Boca de lobo","utm_E":408064.0152,"utm_N":7410358.492,"h_ortom":526.456,"material":"Concreto","cc_tipo":"Múltipla","profundidade_cm":160,"inacessivel":false,"posicao":"Meio de quadra","tampa":"Concreto","condicao":"Boa","obstr_sup":"Não","obstr_sup_tipo":"Nenhuma","obstr_fundo":"Não","obstr_fundo_tipo":"Nenhuma","n_tubos":1,"tubos":"40cm SW","area_critica":"AC04 — Ribeirão Morangueiro","entrega":"2026-09-29"},"geometry":{"type":"Point","coordinates":[-51.8998406,-23.4140358]}},
{"type":"Feature","properties":{"id":"B26092914:26087","equipe":"B","num":87,"codigo":"PTOALT","tipo":"Ponto alto (eixo)","utm_E":408118.6352,"utm_N":7410304.702,"h_ortom":530.982,"material":null,"cc_tipo":null,"profundidade_cm":null,"inacessivel":false,"posicao":null,"tampa":null,"condicao":null,"obstr_sup":null,"obstr_sup_tipo":null,"obstr_fundo":null,"obstr_fundo_tipo":null,"n_tubos":0,"tubos":"","area_critica":"AC04 — Ribeirão Morangueiro","entrega":"2026-09-29","tambem":"B26092914:26088 (ESQUINA)"},"geometry":{"type":"Point","coordinates":[-51.8993093,-23.4145247]}},
{"type":"Feature","properties":{"id":"B26092914:27089","equipe":"B","num":89,"codigo":"BLO","tipo":"Boca de lobo","utm_E":408127.4848,"utm_N":7410304.46,"h_ortom":531.256,"material":"Concreto","cc_tipo":"Simples","profundidade_cm":150,"inacessivel":false,"posicao":"Esquina","tampa":"Concreto","condicao":"Boa","obstr_sup":"Não","obstr_sup_tipo":"Nenhuma","obstr_fundo":"Não","obstr_fundo_tipo":"Nenhuma","n_tubos":1,"tubos":"40cm SW","area_critica":"AC04 — Ribeirão Morangueiro","entrega":"2026-09-29"},"geometry":{"type":"Point","coordinates":[-51.8992227,-23.4145274]}},
{"type":"Feature","properties":{"id":"B26092914:29090","equipe":"B","num":90,"codigo":"BLO","tipo":"Boca de lobo","utm_E":408122.8115,"utm_N":7410296.566,"h_ortom":531.227,"material":"Concreto","cc_tipo":"Simples","profundidade_cm":null,"inacessivel":true,"posicao":"Esquina","tampa":"Concreto","condicao":"Boa","obstr_sup":"Total","obstr_sup_tipo":"Solo","obstr_fundo":"Total","obstr_fundo_tipo":"Solo","n_tubos":1,"tubos":"60cm","area_critica":"AC04 — Ribeirão Morangueiro","entrega":"2026-09-29"},"geometry":{"type":"Point","coordinates":[-51.899269,-23.4145985]}},
{"type":"Feature","properties":{"id":"B26092914:32091","equipe":"B","num":91,"codigo":"BLO","tipo":"Boca de lobo","utm_E":408118.2493,"utm_N":7410296.479,"h_ortom":530.748,"material":"Concreto","cc_tipo":"Simples","profundidade_cm":null,"inacessivel":true,"posicao":"Esquina","tampa":"Concreto","condicao":"Ruim","obstr_sup":"Total","obstr_sup_tipo":"Resíduo","obstr_fundo":"Total","obstr_fundo_tipo":"Resíduo","n_tubos":0,"tubos":"","area_critica":"AC04 — Ribeirão Morangueiro","entrega":"2026-09-29"},"geometry":{"type":"Point","coordinates":[-51.8993136,-23.414599]}},
{"type":"Feature","properties":{"id":"B26092914:34092","equipe":"B","num":92,"codigo":"BLO","tipo":"Boca de lobo","utm_E":408111.3156,"utm_N":7410302.598,"h_ortom":530.679,"material":"Concreto","cc_tipo":"Simples","profundidade_cm":null,"inacessivel":true,"posicao":"Esquina","tampa":"Concreto","condicao":"Boa","obstr_sup":"Total","obstr_sup_tipo":"Resíduo","obstr_fundo":"Total","obstr_fundo_tipo":"Resíduo","n_tubos":0,"tubos":"","area_critica":"AC04 — Ribeirão Morangueiro","entrega":"2026-09-29"},"geometry":{"type":"Point","coordinates":[-51.8993811,-23.4145433]}},
{"type":"Feature","properties":{"id":"B26092914:36093","equipe":"B","num":93,"codigo":"BLO","tipo":"Boca de lobo","utm_E":408178.1067,"utm_N":7410249.55,"h_ortom":534.956,"material":"Concreto","cc_tipo":"Simples","profundidade_cm":105,"inacessivel":false,"posicao":"Meio de quadra","tampa":"Concreto","condicao":"Boa","obstr_sup":"Não","obstr_sup_tipo":"Nenhuma","obstr_fundo":"Não","obstr_fundo_tipo":"Nenhuma","n_tubos":1,"tubos":"40cm NE","area_critica":"AC04 — Ribeirão Morangueiro","entrega":"2026-09-29"},"geometry":{"type":"Point","coordinates":[-51.8987307,-23.4150262]}},
{"type":"Feature","properties":{"id":"B26092914:40094","equipe":"B","num":94,"codigo":"BLO","tipo":"Boca de lobo","utm_E":408183.8529,"utm_N":7410256.64,"h_ortom":534.918,"material":"Concreto","cc_tipo":"Simples","profundidade_cm":161,"inacessivel":false,"posicao":"Meio de quadra","tampa":"Concreto","condicao":"Boa","obstr_sup":"Não","obstr_sup_tipo":"Nenhuma","obstr_fundo":"Não","obstr_fundo_tipo":"Nenhuma","n_tubos":1,"tubos":"40cm SW","area_critica":"AC04 — Ribeirão Morangueiro","entrega":"2026-09-29"},"geometry":{"type":"Point","coordinates":[-51.898674,-23.4149625]}},
{"type":"Feature","properties":{"id":"B26092914:41095","equipe":"B","num":95,"codigo":"BLO","tipo":"Boca de lobo","utm_E":408242.2583,"utm_N":7410211.078,"h_ortom":538.334,"material":"Concreto","cc_tipo":"Simples","profundidade_cm":96,"inacessivel":false,"posicao":"Esquina","tampa":"Concreto","condicao":"Boa","obstr_sup":"Não","obstr_sup_tipo":"Nenhuma","obstr_fundo":"Não","obstr_fundo_tipo":"Nenhuma","n_tubos":1,"tubos":"40cm SE","area_critica":"AC04 — Ribeirão Morangueiro","entrega":"2026-09-29"},"geometry":{"type":"Point","coordinates":[-51.8981052,-23.4153773]}},
{"type":"Feature","properties":{"id":"B26092914:43096","equipe":"B","num":96,"codigo":"BLO","tipo":"Boca de lobo","utm_E":408249.3176,"utm_N":7410204.981,"h_ortom":538.446,"material":"Concreto","cc_tipo":"Simples","profundidade_cm":96,"inacessivel":false,"posicao":"Esquina","tampa":"Concreto","condicao":"Boa","obstr_sup":"Não","obstr_sup_tipo":"Nenhuma","obstr_fundo":"Parcial","obstr_fundo_tipo":"Folhagem","n_tubos":2,"tubos":"40cm NW; 20cm SE","area_critica":"AC04 — Ribeirão Morangueiro","entrega":"2026-09-29"},"geometry":{"type":"Point","coordinates":[-51.8980364,-23.4154328]}},
{"type":"Feature","properties":{"id":"B26092914:45097","equipe":"B","num":97,"codigo":"BLO","tipo":"Boca de lobo","utm_E":408251.1225,"utm_N":7410199.174,"h_ortom":538.772,"material":"Concreto","cc_tipo":"Simples","profundidade_cm":102,"inacessivel":false,"posicao":"Esquina","tampa":"Concreto","condicao":"Boa","obstr_sup":"Não","obstr_sup_tipo":"Nenhuma","obstr_fundo":"Parcial","obstr_fundo_tipo":"Folhagem","n_tubos":1,"tubos":"40cm SW","area_critica":"AC04 — Ribeirão Morangueiro","entrega":"2026-09-29"},"geometry":{"type":"Point","coordinates":[-51.8980191,-23.4154853]}},
{"type":"Feature","properties":{"id":"B26092914:47098","equipe":"B","num":98,"codigo":"BLO","tipo":"Boca de lobo","utm_E":408246.4588,"utm_N":7410191.56,"h_ortom":538.772,"material":"Concreto","cc_tipo":"Simples","profundidade_cm":null,"inacessivel":true,"posicao":"Esquina","tampa":"Concreto","condicao":"Boa","obstr_sup":"Total","obstr_sup_tipo":"Solo","obstr_fundo":"Total","obstr_fundo_tipo":"Solo","n_tubos":0,"tubos":"","area_critica":"AC04 — Ribeirão Morangueiro","entrega":"2026-09-29"},"geometry":{"type":"Point","coordinates":[-51.8980652,-23.4155538]}},
{"type":"Feature","properties":{"id":"B26092914:49099","equipe":"B","num":99,"codigo":"BLO","tipo":"Boca de lobo","utm_E":408234.8427,"utm_N":7410197.16,"h_ortom":538.296,"material":"Concreto","cc_tipo":"Simples","profundidade_cm":113,"inacessivel":false,"posicao":"Esquina","tampa":"Concreto","condicao":"Boa","obstr_sup":"Não","obstr_sup_tipo":"Nenhuma","obstr_fundo":"Não","obstr_fundo_tipo":"Nenhuma","n_tubos":1,"tubos":"40cm SE","area_critica":"AC04 — Ribeirão Morangueiro","entrega":"2026-09-29"},"geometry":{"type":"Point","coordinates":[-51.8981786,-23.4155026]}},
{"type":"Feature","properties":{"id":"B26092914:52100","equipe":"B","num":100,"codigo":"BLO","tipo":"Boca de lobo","utm_E":408302.0983,"utm_N":7410144.129,"h_ortom":542.486,"material":"Concreto","cc_tipo":"Simples","profundidade_cm":null,"inacessivel":true,"posicao":"Meio de quadra","tampa":"Concreto","condicao":"Boa","obstr_sup":"Total","obstr_sup_tipo":"Solo","obstr_fundo":"Total","obstr_fundo_tipo":"Solo","n_tubos":0,"tubos":"","area_critica":"","entrega":"2026-09-29"},"geometry":{"type":"Point","coordinates":[-51.8975236,-23.4159853]}},
{"type":"Feature","properties":{"id":"B26092914:53101","equipe":"B","num":101,"codigo":"PTOALT","tipo":"Ponto alto (eixo)","utm_E":408304.4749,"utm_N":7410146.598,"h_ortom":542.453,"material":null,"cc_tipo":null,"profundidade_cm":null,"inacessivel":false,"posicao":null,"tampa":null,"condicao":null,"obstr_sup":null,"obstr_sup_tipo":null,"obstr_fundo":null,"obstr_fundo_tipo":null,"n_tubos":0,"tubos":"","area_critica":"","entrega":"2026-09-29"},"geometry":{"type":"Point","coordinates":[-51.8975002,-23.4159632]}},
{"type":"Feature","properties":{"id":"B26092914:54102","equipe":"B","num":102,"codigo":"BLO","tipo":"Boca de lobo","utm_E":408307.1095,"utm_N":7410151.131,"h_ortom":542.34,"material":"Concreto","cc_tipo":"Simples","profundidade_cm":130,"inacessivel":false,"posicao":"Meio de quadra","tampa":"Concreto","condicao":"Boa","obstr_sup":"Não","obstr_sup_tipo":"Nenhuma","obstr_fundo":"Parcial","obstr_fundo_tipo":"Folhagem","n_tubos":1,"tubos":"40cm SW","area_critica":"","entrega":"2026-09-29"},"geometry":{"type":"Point","coordinates":[-51.8974741,-23.4159224]}},
{"type":"Feature","properties":{"id":"B26092915:33103","equipe":"B","num":103,"codigo":"ESQUINA","tipo":"Esquina (eixo)","utm_E":407324.8147,"utm_N":7410730.422,"h_ortom":501.394,"material":null,"cc_tipo":null,"profundidade_cm":null,"inacessivel":false,"posicao":null,"tampa":null,"condicao":null,"obstr_sup":null,"obstr_sup_tipo":null,"obstr_fundo":null,"obstr_fundo_tipo":null,"n_tubos":0,"tubos":"","area_critica":"","entrega":"2026-09-29"},"geometry":{"type":"Point","coordinates":[-51.9070521,-23.4106348]}},
{"type":"Feature","properties":{"id":"B26092915:34104","equipe":"B","num":104,"codigo":"PTOBAI","tipo":"Ponto baixo (eixo)","utm_E":407310.9774,"utm_N":7410742.306,"h_ortom":500.928,"material":null,"cc_tipo":null,"profundidade_cm":null,"inacessivel":false,"posicao":null,"tampa":null,"condicao":null,"obstr_sup":null,"obstr_sup_tipo":null,"obstr_fundo":null,"obstr_fundo_tipo":null,"n_tubos":0,"tubos":"","area_critica":"","entrega":"2026-09-29"},"geometry":{"type":"Point","coordinates":[-51.9071867,-23.4105267]}},
{"type":"Feature","properties":{"id":"B26092915:39105","equipe":"B","num":105,"codigo":"ESQUINA","tipo":"Esquina (eixo)","utm_E":407287.8839,"utm_N":7410761.792,"h_ortom":501.196,"material":null,"cc_tipo":null,"profundidade_cm":null,"inacessivel":false,"posicao":null,"tampa":null,"condicao":null,"obstr_sup":null,"obstr_sup_tipo":null,"obstr_fundo":null,"obstr_fundo_tipo":null,"n_tubos":0,"tubos":"","area_critica":"","entrega":"2026-09-29"},"geometry":{"type":"Point","coordinates":[-51.9074116,-23.4103494]}},
{"type":"Feature","properties":{"id":"B26092915:40106","equipe":"B","num":106,"codigo":"BLO","tipo":"Boca de lobo","utm_E":407315.9321,"utm_N":7410744.028,"h_ortom":500.904,"material":"Concreto","cc_tipo":"Múltipla","profundidade_cm":141,"inacessivel":false,"posicao":"Meio de quadra","tampa":"Concreto","condicao":"Ruim","obstr_sup":"Parcial","obstr_sup_tipo":"Entulho","obstr_fundo":"Não","obstr_fundo_tipo":"Nenhuma","n_tubos":2,"tubos":"60cm NE; 60cm SW","area_critica":"","entrega":"2026-09-29"},"geometry":{"type":"Point","coordinates":[-51.9071382,-23.4105114]}},
{"type":"Feature","properties":{"id":"B26092915:47107","equipe":"B","num":107,"codigo":"PTOALT","tipo":"Ponto alto (eixo)","utm_E":407291.9941,"utm_N":7410758.172,"h_ortom":501.058,"material":null,"cc_tipo":null,"profundidade_cm":null,"inacessivel":false,"posicao":null,"tampa":null,"condicao":null,"obstr_sup":null,"obstr_sup_tipo":null,"obstr_fundo":null,"obstr_fundo_tipo":null,"n_tubos":0,"tubos":"","area_critica":"","entrega":"2026-09-29"},"geometry":{"type":"Point","coordinates":[-51.9073716,-23.4103823]}},
{"type":"Feature","properties":{"id":"B26092915:48108","equipe":"B","num":108,"codigo":"BLO","tipo":"Boca de lobo","utm_E":407311.7572,"utm_N":7410736.009,"h_ortom":501.011,"material":"Concreto","cc_tipo":"Múltipla","profundidade_cm":98,"inacessivel":false,"posicao":"Esquina","tampa":"Concreto","condicao":"Boa","obstr_sup":"Não","obstr_sup_tipo":"Nenhuma","obstr_fundo":"Não","obstr_fundo_tipo":"Nenhuma","n_tubos":0,"tubos":"","area_critica":"","entrega":"2026-09-29"},"geometry":{"type":"Point","coordinates":[-51.9071795,-23.4105836]}},
{"type":"Feature","properties":{"id":"B26092915:51109","equipe":"B","num":109,"codigo":"BLO","tipo":"Boca de lobo","utm_E":407331.4551,"utm_N":7410712.597,"h_ortom":501.962,"material":"Concreto","cc_tipo":"Simples","profundidade_cm":null,"inacessivel":true,"posicao":"Esquina","tampa":"Concreto","condicao":"Ruim","obstr_sup":"Total","obstr_sup_tipo":"Solo","obstr_fundo":"Total","obstr_fundo_tipo":"Solo","n_tubos":0,"tubos":"","area_critica":"","entrega":"2026-09-29"},"geometry":{"type":"Point","coordinates":[-51.9069882,-23.4107962]}},
{"type":"Feature","properties":{"id":"B26092915:55110","equipe":"B","num":110,"codigo":"BLO","tipo":"Boca de lobo","utm_E":407340.5551,"utm_N":7410646.428,"h_ortom":504.292,"material":"Concreto","cc_tipo":"Simples","profundidade_cm":141,"inacessivel":false,"posicao":"Meio de quadra","tampa":"Concreto","condicao":"Boa","obstr_sup":"Não","obstr_sup_tipo":"Nenhuma","obstr_fundo":"Parcial","obstr_fundo_tipo":"Entulho","n_tubos":1,"tubos":"40cm SW","area_critica":"","entrega":"2026-09-29"},"geometry":{"type":"Point","coordinates":[-51.9069032,-23.4113943]}},
{"type":"Feature","properties":{"id":"B26092916:13111","equipe":"B","num":111,"codigo":"BLO","tipo":"Boca de lobo","utm_E":407337.1547,"utm_N":7410605.344,"h_ortom":506.159,"material":"Concreto","cc_tipo":"Simples","profundidade_cm":108,"inacessivel":false,"posicao":"Meio de quadra","tampa":"Concreto","condicao":"Boa","obstr_sup":"Parcial","obstr_sup_tipo":"Entulho","obstr_fundo":"Parcial","obstr_fundo_tipo":"Entulho","n_tubos":1,"tubos":"40cm SE","area_critica":"","entrega":"2026-09-29"},"geometry":{"type":"Point","coordinates":[-51.906939,-23.4117652]}},
{"type":"Feature","properties":{"id":"B26092916:18112","equipe":"B","num":112,"codigo":"BLO","tipo":"Boca de lobo","utm_E":407354.4666,"utm_N":7410546.49,"h_ortom":510.214,"material":"Concreto","cc_tipo":"Simples","profundidade_cm":110,"inacessivel":false,"posicao":"Meio de quadra","tampa":"Concreto","condicao":"Boa","obstr_sup":"Não","obstr_sup_tipo":"Nenhuma","obstr_fundo":"Parcial","obstr_fundo_tipo":"Entulho","n_tubos":1,"tubos":"40cm WW","area_critica":"","entrega":"2026-09-29"},"geometry":{"type":"Point","coordinates":[-51.9067732,-23.4122977]}},
{"type":"Feature","properties":{"id":"B26092916:22113","equipe":"B","num":113,"codigo":"BLO","tipo":"Boca de lobo","utm_E":407353.0737,"utm_N":7410489.57,"h_ortom":514.69,"material":"Concreto","cc_tipo":"Simples","profundidade_cm":103,"inacessivel":false,"posicao":"Meio de quadra","tampa":"Concreto","condicao":"Ruim","obstr_sup":"Não","obstr_sup_tipo":"Nenhuma","obstr_fundo":"Parcial","obstr_fundo_tipo":"Resíduo","n_tubos":1,"tubos":"40cm EE","area_critica":"","entrega":"2026-09-29"},"geometry":{"type":"Point","coordinates":[-51.9067903,-23.4128117]}},
{"type":"Feature","properties":{"id":"B26092916:32114","equipe":"B","num":114,"codigo":"BLO","tipo":"Boca de lobo","utm_E":407370.2307,"utm_N":7410429.803,"h_ortom":518.63,"material":"Concreto","cc_tipo":"Simples","profundidade_cm":150,"inacessivel":false,"posicao":"Esquina","tampa":"Concreto","condicao":"Boa","obstr_sup":"Não","obstr_sup_tipo":"Nenhuma","obstr_fundo":"Parcial","obstr_fundo_tipo":"Resíduo","n_tubos":1,"tubos":"40cm WW","area_critica":"","entrega":"2026-09-29"},"geometry":{"type":"Point","coordinates":[-51.9066261,-23.4133525]}},
{"type":"Feature","properties":{"id":"B26092916:35115","equipe":"B","num":115,"codigo":"BLO","tipo":"Boca de lobo","utm_E":407359.5989,"utm_N":7410430.202,"h_ortom":518.597,"material":"Concreto","cc_tipo":"Simples","profundidade_cm":110,"inacessivel":false,"posicao":"Esquina","tampa":"Concreto","condicao":"Boa","obstr_sup":"Parcial","obstr_sup_tipo":"Folhagem","obstr_fundo":"Não","obstr_fundo_tipo":"Nenhuma","n_tubos":3,"tubos":"40cm SE; 30cm NW; 30cm WW","area_critica":"","entrega":"2026-09-29"},"geometry":{"type":"Point","coordinates":[-51.9067301,-23.4133483]}},
{"type":"Feature","properties":{"id":"B26092916:45116","equipe":"B","num":116,"codigo":"BLO","tipo":"Boca de lobo","utm_E":407352.4717,"utm_N":7410429.594,"h_ortom":518.83,"material":"Concreto","cc_tipo":"Simples","profundidade_cm":null,"inacessivel":true,"posicao":"Esquina","tampa":"Concreto","condicao":"Boa","obstr_sup":"Total","obstr_sup_tipo":"Solo","obstr_fundo":"Total","obstr_fundo_tipo":"Solo","n_tubos":0,"tubos":"","area_critica":"","entrega":"2026-09-29"},"geometry":{"type":"Point","coordinates":[-51.9067999,-23.4133534]}},
{"type":"Feature","properties":{"id":"B26092916:48118","equipe":"B","num":118,"codigo":"PTOALT","tipo":"Ponto alto (eixo)","utm_E":407367.5892,"utm_N":7410415.557,"h_ortom":519.293,"material":null,"cc_tipo":null,"profundidade_cm":null,"inacessivel":false,"posicao":null,"tampa":null,"condicao":null,"obstr_sup":null,"obstr_sup_tipo":null,"obstr_fundo":null,"obstr_fundo_tipo":null,"n_tubos":0,"tubos":"","area_critica":"","entrega":"2026-09-29","tambem":"B26092916:48117 (ESQUINA)"},"geometry":{"type":"Point","coordinates":[-51.9066528,-23.413481]}},
{"type":"Feature","properties":{"id":"B26092916:57119","equipe":"B","num":119,"codigo":"BLC","tipo":"Boca combinada","utm_E":407341.2082,"utm_N":7410436.352,"h_ortom":518.648,"material":"Concreto","cc_tipo":"Múltipla","profundidade_cm":160,"inacessivel":false,"posicao":"Meio de quadra","tampa":"Concreto","condicao":"Boa","obstr_sup":"Não","obstr_sup_tipo":"Nenhuma","obstr_fundo":"Não","obstr_fundo_tipo":"Nenhuma","n_tubos":2,"tubos":"40cm WW; 60cm EE","area_critica":"","entrega":"2026-09-29"},"geometry":{"type":"Point","coordinates":[-51.9069097,-23.4132917]}},
{"type":"Feature","properties":{"id":"B26092917:07120","equipe":"B","num":120,"codigo":"BLC","tipo":"Boca combinada","utm_E":407337.1064,"utm_N":7410428.478,"h_ortom":518.716,"material":"Concreto","cc_tipo":"Múltipla","profundidade_cm":null,"inacessivel":true,"posicao":"Meio de quadra","tampa":"Concreto","condicao":"Boa","obstr_sup":"Total","obstr_sup_tipo":"Entulho","obstr_fundo":"Total","obstr_fundo_tipo":"Entulho","n_tubos":0,"tubos":"","area_critica":"","entrega":"2026-09-29"},"geometry":{"type":"Point","coordinates":[-51.9069504,-23.4133626]}},
{"type":"Feature","properties":{"id":"B26092917:14121","equipe":"B","num":121,"codigo":"PTOBAI","tipo":"Ponto baixo (eixo)","utm_E":407340.5768,"utm_N":7410431.907,"h_ortom":518.697,"material":null,"cc_tipo":null,"profundidade_cm":null,"inacessivel":false,"posicao":null,"tampa":null,"condicao":null,"obstr_sup":null,"obstr_sup_tipo":null,"obstr_fundo":null,"obstr_fundo_tipo":null,"n_tubos":0,"tubos":"","area_critica":"","entrega":"2026-09-29"},"geometry":{"type":"Point","coordinates":[-51.9069162,-23.4133318]}},
{"type":"Feature","properties":{"id":"B26092917:15122","equipe":"B","num":122,"codigo":"BLC","tipo":"Boca combinada","utm_E":407392.0225,"utm_N":7410390.246,"h_ortom":520.875,"material":"Concreto","cc_tipo":"Múltipla","profundidade_cm":137,"inacessivel":false,"posicao":null,"tampa":"Concreto","condicao":"Boa","obstr_sup":"Não","obstr_sup_tipo":"Nenhuma","obstr_fundo":"Não","obstr_fundo_tipo":"Nenhuma","n_tubos":1,"tubos":"40cm SE","area_critica":"","entrega":"2026-09-29"},"geometry":{"type":"Point","coordinates":[-51.9064153,-23.413711]}},
{"type":"Feature","properties":{"id":"B26092917:20123","equipe":"B","num":123,"codigo":"BLC","tipo":"Boca combinada","utm_E":407405.0719,"utm_N":7410387.338,"h_ortom":521.454,"material":"Concreto","cc_tipo":"Simples","profundidade_cm":157,"inacessivel":false,"posicao":null,"tampa":"Concreto","condicao":"Boa","obstr_sup":"Não","obstr_sup_tipo":"Nenhuma","obstr_fundo":"Não","obstr_fundo_tipo":"Nenhuma","n_tubos":2,"tubos":"40cm NE; 40cm NW","area_critica":"","entrega":"2026-09-29"},"geometry":{"type":"Point","coordinates":[-51.9062877,-23.413738]}},
{"type":"Feature","properties":{"id":"B26092917:30125","equipe":"B","num":125,"codigo":"PTOALT","tipo":"Ponto alto (eixo)","utm_E":407361.7325,"utm_N":7410698.992,"h_ortom":504.195,"material":null,"cc_tipo":null,"profundidade_cm":null,"inacessivel":false,"posicao":null,"tampa":null,"condicao":null,"obstr_sup":null,"obstr_sup_tipo":null,"obstr_fundo":null,"obstr_fundo_tipo":null,"n_tubos":0,"tubos":"","area_critica":"","entrega":"2026-09-29","tambem":"B26092917:30124 (ESQUINA)"},"geometry":{"type":"Point","coordinates":[-51.9066927,-23.4109208]}},
{"type":"Feature","properties":{"id":"A26093008:27001","equipe":"A","num":1,"codigo":"PTOBAI","tipo":"Ponto baixo (eixo)","utm_E":407416.136,"utm_N":7410422.028,"h_ortom":520.927,"material":null,"cc_tipo":null,"profundidade_cm":null,"inacessivel":false,"posicao":null,"tampa":null,"condicao":null,"obstr_sup":null,"obstr_sup_tipo":null,"obstr_fundo":null,"obstr_fundo_tipo":null,"n_tubos":0,"tubos":"","area_critica":"","entrega":"2026-09-30"},"geometry":{"type":"Point","coordinates":[-51.9061773,-23.4134253]}},
{"type":"Feature","properties":{"id":"A26093008:33002","equipe":"A","num":2,"codigo":"BLO","tipo":"Boca de lobo","utm_E":407476.7544,"utm_N":7410344.362,"h_ortom":525.909,"material":"Concreto","cc_tipo":"Simples","profundidade_cm":176,"inacessivel":false,"posicao":"Meio de quadra","tampa":"Concreto","condicao":"Boa","obstr_sup":"Não","obstr_sup_tipo":"Nenhuma","obstr_fundo":"Não","obstr_fundo_tipo":"Nenhuma","n_tubos":1,"tubos":"40cm SS","area_critica":"","entrega":"2026-09-30"},"geometry":{"type":"Point","coordinates":[-51.9055888,-23.4141302]}},
{"type":"Feature","properties":{"id":"A26093008:37003","equipe":"A","num":3,"codigo":"BLO","tipo":"Boca de lobo","utm_E":407526.5311,"utm_N":7410329.456,"h_ortom":528.399,"material":"Concreto","cc_tipo":"Simples","profundidade_cm":175,"inacessivel":false,"posicao":"Esquina","tampa":"Concreto","condicao":"Boa","obstr_sup":"Não","obstr_sup_tipo":"Nenhuma","obstr_fundo":"Não","obstr_fundo_tipo":"Nenhuma","n_tubos":1,"tubos":"40cm NW","area_critica":"","entrega":"2026-09-30"},"geometry":{"type":"Point","coordinates":[-51.9051026,-23.4142677]}},
{"type":"Feature","properties":{"id":"A26093008:42004","equipe":"A","num":4,"codigo":"BLO","tipo":"Boca de lobo","utm_E":407562.834,"utm_N":7410301.76,"h_ortom":530.498,"material":"Concreto","cc_tipo":"Simples","profundidade_cm":183,"inacessivel":false,"posicao":"Meio de quadra","tampa":"Concreto","condicao":"Boa","obstr_sup":"Não","obstr_sup_tipo":"Nenhuma","obstr_fundo":"Não","obstr_fundo_tipo":"Nenhuma","n_tubos":1,"tubos":"40cm SW","area_critica":"","entrega":"2026-09-30"},"geometry":{"type":"Point","coordinates":[-51.904749,-23.4145199]}},
{"type":"Feature","properties":{"id":"A26093008:51005","equipe":"A","num":5,"codigo":"BLO","tipo":"Boca de lobo","utm_E":407644.463,"utm_N":7410238.435,"h_ortom":533.863,"material":"Concreto","cc_tipo":"Simples","profundidade_cm":null,"inacessivel":true,"posicao":"Esquina","tampa":"Concreto","condicao":"Boa","obstr_sup":"Não","obstr_sup_tipo":"Nenhuma","obstr_fundo":"Parcial","obstr_fundo_tipo":"Folhagem","n_tubos":0,"tubos":"","area_critica":"","entrega":"2026-09-30"},"geometry":{"type":"Point","coordinates":[-51.903954,-23.4150965]}},
{"type":"Feature","properties":{"id":"A26093008:54006","equipe":"A","num":6,"codigo":"BLO","tipo":"Boca de lobo","utm_E":407651.4496,"utm_N":7410238.934,"h_ortom":534.084,"material":"Concreto","cc_tipo":"Simples","profundidade_cm":null,"inacessivel":true,"posicao":"Esquina","tampa":"Concreto","condicao":"Boa","obstr_sup":"Não","obstr_sup_tipo":"Nenhuma","obstr_fundo":"Total","obstr_fundo_tipo":"Solo","n_tubos":0,"tubos":"","area_critica":"","entrega":"2026-09-30"},"geometry":{"type":"Point","coordinates":[-51.9038856,-23.4150924]}},
{"type":"Feature","properties":{"id":"A26093009:07007","equipe":"A","num":7,"codigo":"ESQUINA","tipo":"Esquina (eixo)","utm_E":407804.6377,"utm_N":7410151.402,"h_ortom":536.953,"material":null,"cc_tipo":null,"profundidade_cm":null,"inacessivel":false,"posicao":null,"tampa":null,"condicao":null,"obstr_sup":null,"obstr_sup_tipo":null,"obstr_fundo":null,"obstr_fundo_tipo":null,"n_tubos":0,"tubos":"","area_critica":"","entrega":"2026-09-30"},"geometry":{"type":"Point","coordinates":[-51.9023917,-23.4158916]}},
{"type":"Feature","properties":{"id":"A26093009:07008","equipe":"A","num":8,"codigo":"PTOBAI","tipo":"Ponto baixo (eixo)","utm_E":407800.5534,"utm_N":7410144.722,"h_ortom":537.12,"material":null,"cc_tipo":null,"profundidade_cm":null,"inacessivel":false,"posicao":null,"tampa":null,"condicao":null,"obstr_sup":null,"obstr_sup_tipo":null,"obstr_fundo":null,"obstr_fundo_tipo":null,"n_tubos":0,"tubos":"","area_critica":"","entrega":"2026-09-30"},"geometry":{"type":"Point","coordinates":[-51.9024321,-23.4159517]}},
{"type":"Feature","properties":{"id":"A26093009:07009","equipe":"A","num":9,"codigo":"BLO","tipo":"Boca de lobo","utm_E":407796.8595,"utm_N":7410146.501,"h_ortom":537.0,"material":"Concreto","cc_tipo":"Simples","profundidade_cm":142,"inacessivel":false,"posicao":"Esquina","tampa":"Concreto","condicao":"Boa","obstr_sup":"Não","obstr_sup_tipo":"Nenhuma","obstr_fundo":"Não","obstr_fundo_tipo":"Nenhuma","n_tubos":1,"tubos":"40cm SE","area_critica":"","entrega":"2026-09-30"},"geometry":{"type":"Point","coordinates":[-51.9024682,-23.4159354]}},
{"type":"Feature","properties":{"id":"A26093009:11010","equipe":"A","num":10,"codigo":"BLO","tipo":"Boca de lobo","utm_E":407803.6854,"utm_N":7410142.132,"h_ortom":537.096,"material":"Concreto","cc_tipo":"Simples","profundidade_cm":null,"inacessivel":true,"posicao":"Esquina","tampa":"Concreto","condicao":"Boa","obstr_sup":"Não","obstr_sup_tipo":"Nenhuma","obstr_fundo":"Total","obstr_fundo_tipo":"Solo","n_tubos":0,"tubos":"","area_critica":"","entrega":"2026-09-30"},"geometry":{"type":"Point","coordinates":[-51.9024016,-23.4159753]}},
{"type":"Feature","properties":{"id":"A26093009:16011","equipe":"A","num":11,"codigo":"BLE","tipo":"Boca de leão","utm_E":407837.5449,"utm_N":7410139.999,"h_ortom":537.297,"material":"Ferro","cc_tipo":"Simples","profundidade_cm":52,"inacessivel":false,"posicao":"Meio de quadra","tampa":"Ferro","condicao":"Boa","obstr_sup":"Não","obstr_sup_tipo":"Nenhuma","obstr_fundo":"Não","obstr_fundo_tipo":"Nenhuma","n_tubos":6,"tubos":"100cm SW; 100cm SW; 100cm SW; 100cm SW; 100cm SW; 20cm NW","area_critica":"","entrega":"2026-09-30"},"geometry":{"type":"Point","coordinates":[-51.9020704,-23.4159965]}},
{"type":"Feature","properties":{"id":"A26093009:21012","equipe":"A","num":12,"codigo":"BLO","tipo":"Boca de lobo","utm_E":407886.0899,"utm_N":7410106.961,"h_ortom":537.701,"material":"Concreto","cc_tipo":"Simples","profundidade_cm":null,"inacessivel":true,"posicao":"Meio de quadra","tampa":"Concreto","condicao":"Ruim","obstr_sup":"Total","obstr_sup_tipo":"Solo","obstr_fundo":"Total","obstr_fundo_tipo":"Solo","n_tubos":0,"tubos":"","area_critica":"","entrega":"2026-09-30"},"geometry":{"type":"Point","coordinates":[-51.9015973,-23.4162976]}},
{"type":"Feature","properties":{"id":"A26093009:24013","equipe":"A","num":13,"codigo":"BLO","tipo":"Boca de lobo","utm_E":407954.2861,"utm_N":7410051.366,"h_ortom":538.928,"material":"Concreto","cc_tipo":"Simples","profundidade_cm":187,"inacessivel":false,"posicao":"Esquina","tampa":"Concreto","condicao":"Boa","obstr_sup":"Não","obstr_sup_tipo":"Nenhuma","obstr_fundo":"Não","obstr_fundo_tipo":"Nenhuma","n_tubos":1,"tubos":"40cm SE","area_critica":"","entrega":"2026-09-30"},"geometry":{"type":"Point","coordinates":[-51.9009333,-23.4168036]}},
{"type":"Feature","properties":{"id":"A26093009:28014","equipe":"A","num":14,"codigo":"BLO","tipo":"Boca de lobo","utm_E":407961.2807,"utm_N":7410047.283,"h_ortom":538.988,"material":"Concreto","cc_tipo":"Simples","profundidade_cm":null,"inacessivel":true,"posicao":"Esquina","tampa":"Concreto","condicao":"Boa","obstr_sup":"Total","obstr_sup_tipo":"Solo","obstr_fundo":"Total","obstr_fundo_tipo":"Solo","n_tubos":0,"tubos":"","area_critica":"","entrega":"2026-09-30"},"geometry":{"type":"Point","coordinates":[-51.9008651,-23.4168408]}},
{"type":"Feature","properties":{"id":"A26093009:29015","equipe":"A","num":15,"codigo":"BLO","tipo":"Boca de lobo","utm_E":407971.8874,"utm_N":7410055.233,"h_ortom":538.873,"material":"Concreto","cc_tipo":"Múltipla","profundidade_cm":203,"inacessivel":false,"posicao":"Esquina","tampa":"Concreto","condicao":"Boa","obstr_sup":"Parcial","obstr_sup_tipo":"Folhagem","obstr_fundo":"Não","obstr_fundo_tipo":"Nenhuma","n_tubos":0,"tubos":"","area_critica":"","entrega":"2026-09-30"},"geometry":{"type":"Point","coordinates":[-51.9007608,-23.4167696]}},
{"type":"Feature","properties":{"id":"A26093009:33016","equipe":"A","num":16,"codigo":"BLO","tipo":"Boca de lobo","utm_E":408057.9483,"utm_N":7410003.273,"h_ortom":540.312,"material":"Concreto","cc_tipo":"Múltipla","profundidade_cm":187,"inacessivel":false,"posicao":"Meio de quadra","tampa":"Concreto","condicao":"Boa","obstr_sup":"Não","obstr_sup_tipo":"Nenhuma","obstr_fundo":"Parcial","obstr_fundo_tipo":"Entulho","n_tubos":1,"tubos":"40cm SW","area_critica":"","entrega":"2026-09-30"},"geometry":{"type":"Point","coordinates":[-51.8999217,-23.4172438]}},
{"type":"Feature","properties":{"id":"A26093009:37017","equipe":"A","num":17,"codigo":"PTOALT","tipo":"Ponto alto (eixo)","utm_E":408098.159,"utm_N":7409974.276,"h_ortom":541.299,"material":null,"cc_tipo":null,"profundidade_cm":null,"inacessivel":false,"posicao":null,"tampa":null,"condicao":null,"obstr_sup":null,"obstr_sup_tipo":null,"obstr_fundo":null,"obstr_fundo_tipo":null,"n_tubos":0,"tubos":"","area_critica":"","entrega":"2026-09-30"},"geometry":{"type":"Point","coordinates":[-51.8995299,-23.4175079]}},
{"type":"Feature","properties":{"id":"A26093009:40018","equipe":"A","num":18,"codigo":"PTOALT","tipo":"Ponto alto (eixo)","utm_E":407984.4999,"utm_N":7409930.865,"h_ortom":542.569,"material":null,"cc_tipo":null,"profundidade_cm":null,"inacessivel":false,"posicao":null,"tampa":null,"condicao":null,"obstr_sup":null,"obstr_sup_tipo":null,"obstr_fundo":null,"obstr_fundo_tipo":null,"n_tubos":0,"tubos":"","area_critica":"","entrega":"2026-09-30"},"geometry":{"type":"Point","coordinates":[-51.9006449,-23.4178936]}},
{"type":"Feature","properties":{"id":"A26093009:41019","equipe":"A","num":19,"codigo":"BLO","tipo":"Boca de lobo","utm_E":407969.3362,"utm_N":7409935.342,"h_ortom":542.365,"material":"Concreto","cc_tipo":"Simples","profundidade_cm":126,"inacessivel":false,"posicao":"Meio de quadra","tampa":"Concreto","condicao":"Ruim","obstr_sup":"Não","obstr_sup_tipo":"Nenhuma","obstr_fundo":"Parcial","obstr_fundo_tipo":"Resíduo","n_tubos":1,"tubos":"40cm NE","area_critica":"","entrega":"2026-09-30"},"geometry":{"type":"Point","coordinates":[-51.9007931,-23.4178523]}},
{"type":"Feature","properties":{"id":"A26093009:46020","equipe":"A","num":20,"codigo":"BLO","tipo":"Boca de lobo","utm_E":407917.8654,"utm_N":7409966.33,"h_ortom":541.614,"material":"Concreto","cc_tipo":"Simples","profundidade_cm":123,"inacessivel":false,"posicao":"Esquina","tampa":"Concreto","condicao":"Ruim","obstr_sup":"Não","obstr_sup_tipo":"Nenhuma","obstr_fundo":"Não","obstr_fundo_tipo":"Nenhuma","n_tubos":1,"tubos":"40cm NE","area_critica":"","entrega":"2026-09-30"},"geometry":{"type":"Point","coordinates":[-51.9012949,-23.4175695]}},
{"type":"Feature","properties":{"id":"A26093009:49021","equipe":"A","num":21,"codigo":"BLO","tipo":"Boca de lobo","utm_E":407904.7842,"utm_N":7409969.161,"h_ortom":541.59,"material":"Concreto","cc_tipo":"Simples","profundidade_cm":152,"inacessivel":false,"posicao":"Esquina","tampa":"Concreto","condicao":"Boa","obstr_sup":"Não","obstr_sup_tipo":"Nenhuma","obstr_fundo":"Não","obstr_fundo_tipo":"Nenhuma","n_tubos":1,"tubos":"40cm SE","area_critica":"","entrega":"2026-09-30"},"geometry":{"type":"Point","coordinates":[-51.9014228,-23.4175432]}},
{"type":"Feature","properties":{"id":"A26093009:56022","equipe":"A","num":22,"codigo":"BLO","tipo":"Boca de lobo","utm_E":407836.3594,"utm_N":7410025.205,"h_ortom":540.536,"material":"Concreto","cc_tipo":"Simples","profundidade_cm":null,"inacessivel":true,"posicao":"Meio de quadra","tampa":"Concreto","condicao":"Boa","obstr_sup":"Total","obstr_sup_tipo":"Folhagem","obstr_fundo":"Total","obstr_fundo_tipo":"Folhagem","n_tubos":0,"tubos":"","area_critica":"","entrega":"2026-09-30"},"geometry":{"type":"Point","coordinates":[-51.902089,-23.4170332]}},
{"type":"Feature","properties":{"id":"A26093009:58023","equipe":"A","num":23,"codigo":"BLO","tipo":"Boca de lobo","utm_E":407760.2917,"utm_N":7410061.443,"h_ortom":539.264,"material":"Concreto","cc_tipo":"Simples","profundidade_cm":127,"inacessivel":false,"posicao":"Esquina","tampa":"Concreto","condicao":"Boa","obstr_sup":"Não","obstr_sup_tipo":"Nenhuma","obstr_fundo":"Não","obstr_fundo_tipo":"Nenhuma","n_tubos":1,"tubos":"40cm NE","area_critica":"","entrega":"2026-09-30"},"geometry":{"type":"Point","coordinates":[-51.9028313,-23.4167016]}},
{"type":"Feature","properties":{"id":"A26093010:01024","equipe":"A","num":24,"codigo":"BLO","tipo":"Boca de lobo","utm_E":407754.1803,"utm_N":7410060.145,"h_ortom":539.288,"material":"Concreto","cc_tipo":"Simples","profundidade_cm":147,"inacessivel":false,"posicao":"Esquina","tampa":"Concreto","condicao":"Boa","obstr_sup":"Não","obstr_sup_tipo":"Nenhuma","obstr_fundo":"Não","obstr_fundo_tipo":"Nenhuma","n_tubos":1,"tubos":"40cm NW","area_critica":"","entrega":"2026-09-30"},"geometry":{"type":"Point","coordinates":[-51.9028912,-23.416713]}},
{"type":"Feature","properties":{"id":"A26093010:06025","equipe":"A","num":25,"codigo":"BLO","tipo":"Boca de lobo","utm_E":407669.1766,"utm_N":7410116.514,"h_ortom":536.903,"material":"Concreto","cc_tipo":"Simples","profundidade_cm":130,"inacessivel":false,"posicao":"Meio de quadra","tampa":"Concreto","condicao":"Boa","obstr_sup":"Não","obstr_sup_tipo":"Nenhuma","obstr_fundo":"Não","obstr_fundo_tipo":"Nenhuma","n_tubos":0,"tubos":"","area_critica":"","entrega":"2026-09-30"},"geometry":{"type":"Point","coordinates":[-51.9037196,-23.416199]}},
{"type":"Feature","properties":{"id":"A26093010:11026","equipe":"A","num":26,"codigo":"BLO","tipo":"Boca de lobo","utm_E":407601.7931,"utm_N":7410157.102,"h_ortom":534.926,"material":"Concreto","cc_tipo":"Simples","profundidade_cm":147,"inacessivel":false,"posicao":"Esquina","tampa":"Concreto","condicao":"Ruim","obstr_sup":"Não","obstr_sup_tipo":"Nenhuma","obstr_fundo":"Parcial","obstr_fundo_tipo":"Entulho","n_tubos":1,"tubos":"40cm NE","area_critica":"","entrega":"2026-09-30"},"geometry":{"type":"Point","coordinates":[-51.9043766,-23.4158286]}},
{"type":"Feature","properties":{"id":"A26093010:15027","equipe":"A","num":27,"codigo":"BLO","tipo":"Boca de lobo","utm_E":407606.0617,"utm_N":7410163.974,"h_ortom":534.81,"material":"Concreto","cc_tipo":"Simples","profundidade_cm":138,"inacessivel":false,"posicao":"Esquina","tampa":"Concreto","condicao":"Boa","obstr_sup":"Não","obstr_sup_tipo":"Nenhuma","obstr_fundo":"Não","obstr_fundo_tipo":"Nenhuma","n_tubos":2,"tubos":"20cm EE; 40cm SW","area_critica":"","entrega":"2026-09-30"},"geometry":{"type":"Point","coordinates":[-51.9043344,-23.4157668]}},
{"type":"Feature","properties":{"id":"A26093010:21028","equipe":"A","num":28,"codigo":"BLO","tipo":"Boca de lobo","utm_E":407513.0722,"utm_N":7410220.183,"h_ortom":530.677,"material":"Concreto","cc_tipo":"Simples","profundidade_cm":131,"inacessivel":false,"posicao":"Esquina","tampa":"Concreto","condicao":"Boa","obstr_sup":"Não","obstr_sup_tipo":"Nenhuma","obstr_fundo":"Parcial","obstr_fundo_tipo":"Folhagem","n_tubos":1,"tubos":"40cm SW","area_critica":"","entrega":"2026-09-30"},"geometry":{"type":"Point","coordinates":[-51.905241,-23.4152539]}},
{"type":"Feature","properties":{"id":"A26093010:24029","equipe":"A","num":29,"codigo":"BLO","tipo":"Boca de lobo","utm_E":407511.2905,"utm_N":7410226.572,"h_ortom":530.276,"material":"Concreto","cc_tipo":"Simples","profundidade_cm":105,"inacessivel":false,"posicao":"Esquina","tampa":"Concreto","condicao":"Boa","obstr_sup":"Não","obstr_sup_tipo":"Nenhuma","obstr_fundo":"Não","obstr_fundo_tipo":"Nenhuma","n_tubos":1,"tubos":"40cm NW","area_critica":"","entrega":"2026-09-30"},"geometry":{"type":"Point","coordinates":[-51.9052581,-23.4151961]}},
{"type":"Feature","properties":{"id":"A26093010:27030","equipe":"A","num":30,"codigo":"BLO","tipo":"Boca de lobo","utm_E":407426.3507,"utm_N":7410272.667,"h_ortom":525.703,"material":"Concreto","cc_tipo":"Simples","profundidade_cm":150,"inacessivel":false,"posicao":"Meio de quadra","tampa":"Concreto","condicao":"Boa","obstr_sup":"Não","obstr_sup_tipo":"Nenhuma","obstr_fundo":"Parcial","obstr_fundo_tipo":"Folhagem","n_tubos":1,"tubos":"40cm SW","area_critica":"","entrega":"2026-09-30"},"geometry":{"type":"Point","coordinates":[-51.9060865,-23.4147749]}},
{"type":"Feature","properties":{"id":"A26093010:33031","equipe":"A","num":31,"codigo":"PTOBAI","tipo":"Ponto baixo (eixo)","utm_E":407356.529,"utm_N":7410310.239,"h_ortom":523.525,"material":null,"cc_tipo":null,"profundidade_cm":null,"inacessivel":false,"posicao":null,"tampa":null,"condicao":null,"obstr_sup":null,"obstr_sup_tipo":null,"obstr_fundo":null,"obstr_fundo_tipo":null,"n_tubos":0,"tubos":"","area_critica":"","entrega":"2026-09-30"},"geometry":{"type":"Point","coordinates":[-51.9067676,-23.4144316]}},
{"type":"Feature","properties":{"id":"A26093010:33032","equipe":"A","num":32,"codigo":"BLO","tipo":"Boca de lobo","utm_E":407360.2366,"utm_N":7410312.641,"h_ortom":523.435,"material":"Concreto","cc_tipo":"Simples","profundidade_cm":163,"inacessivel":false,"posicao":"Esquina","tampa":"Concreto","condicao":"Boa","obstr_sup":"Não","obstr_sup_tipo":"Nenhuma","obstr_fundo":"Parcial","obstr_fundo_tipo":"Resíduo","n_tubos":1,"tubos":"40cm SW","area_critica":"","entrega":"2026-09-30"},"geometry":{"type":"Point","coordinates":[-51.9067311,-23.4144101]}},
{"type":"Feature","properties":{"id":"A26093010:37033","equipe":"A","num":33,"codigo":"BLO","tipo":"Boca de lobo","utm_E":407349.7092,"utm_N":7410304.197,"h_ortom":523.745,"material":"Concreto","cc_tipo":"Múltipla","profundidade_cm":150,"inacessivel":false,"posicao":"Esquina","tampa":"Concreto","condicao":"Boa","obstr_sup":"Não","obstr_sup_tipo":"Nenhuma","obstr_fundo":"Não","obstr_fundo_tipo":"Nenhuma","n_tubos":1,"tubos":"40cm NW","area_critica":"","entrega":"2026-09-30"},"geometry":{"type":"Point","coordinates":[-51.9068347,-23.4144858]}},
{"type":"Feature","properties":{"id":"A26093010:41034","equipe":"A","num":34,"codigo":"BLO","tipo":"Boca de lobo","utm_E":407340.8352,"utm_N":7410314.824,"h_ortom":523.69,"material":"Concreto","cc_tipo":"Múltipla","profundidade_cm":120,"inacessivel":false,"posicao":"Esquina","tampa":"Concreto","condicao":"Boa","obstr_sup":"Não","obstr_sup_tipo":"Nenhuma","obstr_fundo":"Parcial","obstr_fundo_tipo":"Folhagem","n_tubos":1,"tubos":"40cm NE","area_critica":"","entrega":"2026-09-30"},"geometry":{"type":"Point","coordinates":[-51.9069209,-23.4143893]}},
{"type":"Feature","properties":{"id":"A26093010:46035","equipe":"A","num":35,"codigo":"BLO","tipo":"Boca de lobo","utm_E":407275.9846,"utm_N":7410363.641,"h_ortom":524.201,"material":"Concreto","cc_tipo":"Simples","profundidade_cm":null,"inacessivel":true,"posicao":"Meio de quadra","tampa":"Concreto","condicao":"Boa","obstr_sup":"Total","obstr_sup_tipo":"Solo","obstr_fundo":"Total","obstr_fundo_tipo":"Solo","n_tubos":0,"tubos":"","area_critica":"","entrega":"2026-09-30"},"geometry":{"type":"Point","coordinates":[-51.9075525,-23.4139447]}},
{"type":"Feature","properties":{"id":"A26093010:48036","equipe":"A","num":36,"codigo":"PTOALT","tipo":"Ponto alto (eixo)","utm_E":407230.7835,"utm_N":7410386.264,"h_ortom":524.687,"material":null,"cc_tipo":null,"profundidade_cm":null,"inacessivel":false,"posicao":null,"tampa":null,"condicao":null,"obstr_sup":null,"obstr_sup_tipo":null,"obstr_fundo":null,"obstr_fundo_tipo":null,"n_tubos":0,"tubos":"","area_critica":"","entrega":"2026-09-30"},"geometry":{"type":"Point","coordinates":[-51.9079935,-23.4137378]}},
{"type":"Feature","properties":{"id":"A26093010:51037","equipe":"A","num":37,"codigo":"PTOALT","tipo":"Ponto alto (eixo)","utm_E":407180.0078,"utm_N":7410304.796,"h_ortom":529.474,"material":null,"cc_tipo":null,"profundidade_cm":null,"inacessivel":false,"posicao":null,"tampa":null,"condicao":null,"obstr_sup":null,"obstr_sup_tipo":null,"obstr_fundo":null,"obstr_fundo_tipo":null,"n_tubos":0,"tubos":"","area_critica":"","entrega":"2026-09-30"},"geometry":{"type":"Point","coordinates":[-51.9084955,-23.4144707]}},
{"type":"Feature","properties":{"id":"A26093010:52038","equipe":"A","num":38,"codigo":"BLO","tipo":"Boca de lobo","utm_E":407227.748,"utm_N":7410280.641,"h_ortom":529.149,"material":"Concreto","cc_tipo":"Simples","profundidade_cm":162,"inacessivel":false,"posicao":"Meio de quadra","tampa":"Concreto","condicao":"Ruim","obstr_sup":"Não","obstr_sup_tipo":"Nenhuma","obstr_fundo":"Não","obstr_fundo_tipo":"Nenhuma","n_tubos":1,"tubos":"40cm SW","area_critica":"","entrega":"2026-09-30"},"geometry":{"type":"Point","coordinates":[-51.9080297,-23.4146916]}},
{"type":"Feature","properties":{"id":"A26093010:57039","equipe":"A","num":39,"codigo":"BLO","tipo":"Boca de lobo","utm_E":407295.6249,"utm_N":7410239.609,"h_ortom":528.244,"material":"Concreto","cc_tipo":"Simples","profundidade_cm":125,"inacessivel":false,"posicao":"Esquina","tampa":"Concreto","condicao":"Boa","obstr_sup":"Não","obstr_sup_tipo":"Nenhuma","obstr_fundo":"Parcial","obstr_fundo_tipo":"Resíduo","n_tubos":0,"tubos":"","area_critica":"","entrega":"2026-09-30"},"geometry":{"type":"Point","coordinates":[-51.907368,-23.4150661]}},
{"type":"Feature","properties":{"id":"A26093011:00041","equipe":"A","num":41,"codigo":"BLO","tipo":"Boca de lobo","utm_E":407310.43,"utm_N":7410230.672,"h_ortom":527.891,"material":"Concreto","cc_tipo":"Simples","profundidade_cm":134,"inacessivel":false,"posicao":"Esquina","tampa":"Concreto","condicao":"Boa","obstr_sup":"Não","obstr_sup_tipo":"Nenhuma","obstr_fundo":"Não","obstr_fundo_tipo":"Nenhuma","n_tubos":0,"tubos":"","area_critica":"","entrega":"2026-09-30"},"geometry":{"type":"Point","coordinates":[-51.9072236,-23.4151476]}},
{"type":"Feature","properties":{"id":"A26093011:03042","equipe":"A","num":42,"codigo":"BLO","tipo":"Boca de lobo","utm_E":407306.3733,"utm_N":7410223.563,"h_ortom":528.029,"material":"Concreto","cc_tipo":"Simples","profundidade_cm":null,"inacessivel":true,"posicao":"Esquina","tampa":"Concreto","condicao":"Boa","obstr_sup":"Não","obstr_sup_tipo":"Nenhuma","obstr_fundo":"Não","obstr_fundo_tipo":"Nenhuma","n_tubos":0,"tubos":"","area_critica":"","entrega":"2026-09-30"},"geometry":{"type":"Point","coordinates":[-51.9072638,-23.4152116]}},
{"type":"Feature","properties":{"id":"A26093011:06043","equipe":"A","num":43,"codigo":"BLO","tipo":"Boca de lobo","utm_E":407374.4011,"utm_N":7410182.506,"h_ortom":528.533,"material":"Concreto","cc_tipo":"Simples","profundidade_cm":null,"inacessivel":true,"posicao":"Meio de quadra","tampa":"Concreto","condicao":"Boa","obstr_sup":"Total","obstr_sup_tipo":"Folhagem","obstr_fundo":"Total","obstr_fundo_tipo":"Folhagem","n_tubos":0,"tubos":"","area_critica":"","entrega":"2026-09-30"},"geometry":{"type":"Point","coordinates":[-51.9066005,-23.4155863]}},
{"type":"Feature","properties":{"id":"A26093011:10044","equipe":"A","num":44,"codigo":"BLO","tipo":"Boca de lobo","utm_E":407445.6782,"utm_N":7410133.844,"h_ortom":530.004,"material":"Concreto","cc_tipo":"Simples","profundidade_cm":130,"inacessivel":false,"posicao":"Esquina","tampa":"Concreto","condicao":"Ruim","obstr_sup":"Parcial","obstr_sup_tipo":"Folhagem","obstr_fundo":"Parcial","obstr_fundo_tipo":"Resíduo","n_tubos":1,"tubos":"40cm SE","area_critica":"","entrega":"2026-09-30"},"geometry":{"type":"Point","coordinates":[-51.9059059,-23.4160298]}},
{"type":"Feature","properties":{"id":"A26093011:13045","equipe":"A","num":45,"codigo":"BLO","tipo":"Boca de lobo","utm_E":407452.5672,"utm_N":7410129.449,"h_ortom":530.277,"material":"Concreto","cc_tipo":"Simples","profundidade_cm":95,"inacessivel":false,"posicao":"Esquina","tampa":"Concreto","condicao":"Ruim","obstr_sup":"Não","obstr_sup_tipo":"Nenhuma","obstr_fundo":"Parcial","obstr_fundo_tipo":"Folhagem","n_tubos":1,"tubos":"40cm NW","area_critica":"","entrega":"2026-09-30"},"geometry":{"type":"Point","coordinates":[-51.9058388,-23.4160699]}},
{"type":"Feature","properties":{"id":"A26093011:16046","equipe":"A","num":46,"codigo":"BLO","tipo":"Boca de lobo","utm_E":407461.7643,"utm_N":7410144.683,"h_ortom":530.216,"material":"Concreto","cc_tipo":"Simples","profundidade_cm":80,"inacessivel":false,"posicao":"Esquina","tampa":"Concreto","condicao":"Boa","obstr_sup":"Não","obstr_sup_tipo":"Nenhuma","obstr_fundo":"Não","obstr_fundo_tipo":"Nenhuma","n_tubos":1,"tubos":"40cm NW","area_critica":"","entrega":"2026-09-30"},"geometry":{"type":"Point","coordinates":[-51.9057478,-23.4159329]}},
{"type":"Feature","properties":{"id":"A26093011:21047","equipe":"A","num":47,"codigo":"BLO","tipo":"Boca de lobo","utm_E":407532.3638,"utm_N":7410101.691,"h_ortom":533.908,"material":"Concreto","cc_tipo":"Simples","profundidade_cm":null,"inacessivel":true,"posicao":"Esquina","tampa":"Concreto","condicao":"Boa","obstr_sup":"Parcial","obstr_sup_tipo":"Folhagem","obstr_fundo":"Não","obstr_fundo_tipo":"Nenhuma","n_tubos":0,"tubos":"","area_critica":"","entrega":"2026-09-30"},"geometry":{"type":"Point","coordinates":[-51.9050595,-23.4163252]}},
{"type":"Feature","properties":{"id":"A26093011:25048","equipe":"A","num":48,"codigo":"BLO","tipo":"Boca de lobo","utm_E":407541.565,"utm_N":7410101.164,"h_ortom":534.029,"material":"Concreto","cc_tipo":"Simples","profundidade_cm":125,"inacessivel":false,"posicao":"Meio de quadra","tampa":"Concreto","condicao":"Boa","obstr_sup":"Não","obstr_sup_tipo":"Nenhuma","obstr_fundo":"Não","obstr_fundo_tipo":"Nenhuma","n_tubos":1,"tubos":"40cm SE","area_critica":"","entrega":"2026-09-30"},"geometry":{"type":"Point","coordinates":[-51.9049695,-23.4163304]}},
{"type":"Feature","properties":{"id":"A26093011:29049","equipe":"A","num":49,"codigo":"BLO","tipo":"Boca de lobo","utm_E":407549.3262,"utm_N":7410096.701,"h_ortom":534.238,"material":"Concreto","cc_tipo":"Simples","profundidade_cm":125,"inacessivel":false,"posicao":"Meio de quadra","tampa":"Concreto","condicao":"Boa","obstr_sup":"Não","obstr_sup_tipo":"Nenhuma","obstr_fundo":"Não","obstr_fundo_tipo":"Nenhuma","n_tubos":1,"tubos":"40cm NW","area_critica":"","entrega":"2026-09-30"},"geometry":{"type":"Point","coordinates":[-51.9048938,-23.4163712]}},
{"type":"Feature","properties":{"id":"A26093013:19050","equipe":"A","num":50,"codigo":"BLO","tipo":"Boca de lobo","utm_E":407553.8408,"utm_N":7410088.372,"h_ortom":534.414,"material":"Concreto","cc_tipo":"Simples","profundidade_cm":110,"inacessivel":false,"posicao":"Esquina","tampa":"Concreto","condicao":"Boa","obstr_sup":"Não","obstr_sup_tipo":"Nenhuma","obstr_fundo":"Parcial","obstr_fundo_tipo":"Solo","n_tubos":1,"tubos":"40cm SW","area_critica":"","entrega":"2026-09-30"},"geometry":{"type":"Point","coordinates":[-51.9048501,-23.4164467]}},
{"type":"Feature","properties":{"id":"A26093013:25051","equipe":"A","num":51,"codigo":"BLO","tipo":"Boca de lobo","utm_E":407556.4061,"utm_N":7410081.828,"h_ortom":534.602,"material":"Concreto","cc_tipo":"Simples","profundidade_cm":125,"inacessivel":false,"posicao":"Esquina","tampa":"Concreto","condicao":"Boa","obstr_sup":"Parcial","obstr_sup_tipo":"Folhagem","obstr_fundo":"Não","obstr_fundo_tipo":"Nenhuma","n_tubos":0,"tubos":"","area_critica":"","entrega":"2026-09-30"},"geometry":{"type":"Point","coordinates":[-51.9048254,-23.4165059]}},
{"type":"Feature","properties":{"id":"A26093013:28052","equipe":"A","num":52,"codigo":"BLO","tipo":"Boca de lobo","utm_E":407626.4391,"utm_N":7410039.612,"h_ortom":537.197,"material":"Concreto","cc_tipo":"Simples","profundidade_cm":132,"inacessivel":false,"posicao":"Meio de quadra","tampa":"Concreto","condicao":"Ruim","obstr_sup":"Parcial","obstr_sup_tipo":"Resíduo","obstr_fundo":"Parcial","obstr_fundo_tipo":"Resíduo","n_tubos":1,"tubos":"40cm SW","area_critica":"","entrega":"2026-09-30"},"geometry":{"type":"Point","coordinates":[-51.9041426,-23.4168912]}},
{"type":"Feature","properties":{"id":"A26093013:32053","equipe":"A","num":53,"codigo":"BLO","tipo":"Boca de lobo","utm_E":407697.4607,"utm_N":7409981.962,"h_ortom":540.325,"material":"Concreto","cc_tipo":"Simples","profundidade_cm":152,"inacessivel":false,"posicao":"Esquina","tampa":"Concreto","condicao":"Boa","obstr_sup":"Não","obstr_sup_tipo":"Nenhuma","obstr_fundo":"Parcial","obstr_fundo_tipo":"Solo","n_tubos":1,"tubos":"40cm SE","area_critica":"","entrega":"2026-09-30"},"geometry":{"type":"Point","coordinates":[-51.9034511,-23.4174159]}},
{"type":"Feature","properties":{"id":"A26093013:35054","equipe":"A","num":54,"codigo":"BLO","tipo":"Boca de lobo","utm_E":407714.6929,"utm_N":7409986.261,"h_ortom":540.411,"material":"Concreto","cc_tipo":"Simples","profundidade_cm":151,"inacessivel":false,"posicao":"Esquina","tampa":"Concreto","condicao":"Boa","obstr_sup":"Não","obstr_sup_tipo":"Nenhuma","obstr_fundo":"Não","obstr_fundo_tipo":"Nenhuma","n_tubos":1,"tubos":"40cm SW","area_critica":"","entrega":"2026-09-30"},"geometry":{"type":"Point","coordinates":[-51.9032822,-23.417378]}},
{"type":"Feature","properties":{"id":"A26093013:40055","equipe":"A","num":55,"codigo":"BLO","tipo":"Boca de lobo","utm_E":407782.0327,"utm_N":7409936.234,"h_ortom":542.387,"material":"Concreto","cc_tipo":"Simples","profundidade_cm":null,"inacessivel":true,"posicao":"Meio de quadra","tampa":"Concreto","condicao":"Boa","obstr_sup":"Não","obstr_sup_tipo":"Nenhuma","obstr_fundo":"Total","obstr_fundo_tipo":"Solo","n_tubos":1,"tubos":"100cm SW","area_critica":"","entrega":"2026-09-30"},"geometry":{"type":"Point","coordinates":[-51.9026262,-23.4178337]}},
{"type":"Feature","properties":{"id":"A26093013:44056","equipe":"A","num":56,"codigo":"BLO","tipo":"Boca de lobo","utm_E":407855.1758,"utm_N":7409886.934,"h_ortom":543.734,"material":"Concreto","cc_tipo":"Simples","profundidade_cm":116,"inacessivel":false,"posicao":"Esquina","tampa":"Concreto","condicao":"Boa","obstr_sup":"Não","obstr_sup_tipo":"Nenhuma","obstr_fundo":"Parcial","obstr_fundo_tipo":"Folhagem","n_tubos":1,"tubos":"40cm SE","area_critica":"","entrega":"2026-09-30"},"geometry":{"type":"Point","coordinates":[-51.9019133,-23.4182831]}},
{"type":"Feature","properties":{"id":"A26093013:47057","equipe":"A","num":57,"codigo":"BLO","tipo":"Boca de lobo","utm_E":407862.1597,"utm_N":7409882.82,"h_ortom":543.799,"material":"Concreto","cc_tipo":"Simples","profundidade_cm":106,"inacessivel":false,"posicao":"Esquina","tampa":"Concreto","condicao":"Boa","obstr_sup":"Não","obstr_sup_tipo":"Nenhuma","obstr_fundo":"Não","obstr_fundo_tipo":"Nenhuma","n_tubos":1,"tubos":"40cm NW","area_critica":"","entrega":"2026-09-30"},"geometry":{"type":"Point","coordinates":[-51.9018452,-23.4183206]}},
{"type":"Feature","properties":{"id":"A26093013:50058","equipe":"A","num":58,"codigo":"BLO","tipo":"Boca de lobo","utm_E":407872.6751,"utm_N":7409891.196,"h_ortom":543.684,"material":"Concreto","cc_tipo":"Simples","profundidade_cm":130,"inacessivel":false,"posicao":"Esquina","tampa":"Concreto","condicao":"Ruim","obstr_sup":"Não","obstr_sup_tipo":"Nenhuma","obstr_fundo":"Parcial","obstr_fundo_tipo":"Resíduo","n_tubos":1,"tubos":"40cm SW","area_critica":"","entrega":"2026-09-30"},"geometry":{"type":"Point","coordinates":[-51.9017418,-23.4182456]}},
{"type":"Feature","properties":{"id":"A26093013:56059","equipe":"A","num":59,"codigo":"BLO","tipo":"Boca de lobo","utm_E":407704.8091,"utm_N":7409841.789,"h_ortom":543.355,"material":"Concreto","cc_tipo":"Simples","profundidade_cm":140,"inacessivel":false,"posicao":"Meio de quadra","tampa":"Concreto","condicao":"Ruim","obstr_sup":"Parcial","obstr_sup_tipo":"Folhagem","obstr_fundo":"Parcial","obstr_fundo_tipo":"Folhagem","n_tubos":1,"tubos":"40cm NE","area_critica":"","entrega":"2026-09-30"},"geometry":{"type":"Point","coordinates":[-51.9033877,-23.4186823]}},
{"type":"Feature","properties":{"id":"A26093014:01060","equipe":"A","num":60,"codigo":"BLO","tipo":"Boca de lobo","utm_E":407641.9484,"utm_N":7409864.937,"h_ortom":542.057,"material":"Concreto","cc_tipo":"Simples","profundidade_cm":120,"inacessivel":false,"posicao":"Esquina","tampa":"Concreto","condicao":"Boa","obstr_sup":"Não","obstr_sup_tipo":"Nenhuma","obstr_fundo":"Não","obstr_fundo_tipo":"Nenhuma","n_tubos":0,"tubos":"","area_critica":"","entrega":"2026-09-30"},"geometry":{"type":"Point","coordinates":[-51.9040015,-23.4184697]}},
{"type":"Feature","properties":{"id":"A26093014:03061","equipe":"A","num":61,"codigo":"BLO","tipo":"Boca de lobo","utm_E":407634.7582,"utm_N":7409862.579,"h_ortom":541.942,"material":"Concreto","cc_tipo":"Simples","profundidade_cm":null,"inacessivel":true,"posicao":"Esquina","tampa":"Concreto","condicao":"Boa","obstr_sup":"Total","obstr_sup_tipo":"Folhagem","obstr_fundo":"Total","obstr_fundo_tipo":"Folhagem","n_tubos":0,"tubos":"","area_critica":"","entrega":"2026-09-30"},"geometry":{"type":"Point","coordinates":[-51.9040721,-23.4184906]}},
{"type":"Feature","properties":{"id":"A26093014:09062","equipe":"A","num":62,"codigo":"BLO","tipo":"Boca de lobo","utm_E":407527.3715,"utm_N":7409907.143,"h_ortom":538.752,"material":"Concreto","cc_tipo":"Simples","profundidade_cm":null,"inacessivel":true,"posicao":"Esquina","tampa":"Concreto","condicao":"Ruim","obstr_sup":"Não","obstr_sup_tipo":"Nenhuma","obstr_fundo":"Não","obstr_fundo_tipo":"Nenhuma","n_tubos":0,"tubos":"","area_critica":"","entrega":"2026-09-30"},"geometry":{"type":"Point","coordinates":[-51.9051203,-23.418082]}},
{"type":"Feature","properties":{"id":"A26093014:10063","equipe":"A","num":63,"codigo":"BLO","tipo":"Boca de lobo","utm_E":407529.6195,"utm_N":7409914.917,"h_ortom":538.608,"material":"Concreto","cc_tipo":"Simples","profundidade_cm":97,"inacessivel":false,"posicao":"Meio de quadra","tampa":"Concreto","condicao":"Boa","obstr_sup":"Não","obstr_sup_tipo":"Nenhuma","obstr_fundo":"Parcial","obstr_fundo_tipo":"Folhagem","n_tubos":4,"tubos":"40cm SW; 40cm SE; 100cm NE; 100cm SE","area_critica":"","entrega":"2026-09-30"},"geometry":{"type":"Point","coordinates":[-51.9050978,-23.4180119]}},
{"type":"Feature","properties":{"id":"A26093014:16064","equipe":"A","num":64,"codigo":"BLO","tipo":"Boca de lobo","utm_E":407468.781,"utm_N":7409937.67,"h_ortom":536.31,"material":"Concreto","cc_tipo":"Simples","profundidade_cm":null,"inacessivel":true,"posicao":"Esquina","tampa":"Concreto","condicao":"Boa","obstr_sup":"Parcial","obstr_sup_tipo":"Solo","obstr_fundo":"Não","obstr_fundo_tipo":"Nenhuma","n_tubos":0,"tubos":"","area_critica":"","entrega":"2026-09-30"},"geometry":{"type":"Point","coordinates":[-51.9056919,-23.417803]}},
{"type":"Feature","properties":{"id":"A26093014:20065","equipe":"A","num":65,"codigo":"BLO","tipo":"Boca de lobo","utm_E":407457.2759,"utm_N":7409928.825,"h_ortom":536.403,"material":"Concreto","cc_tipo":"Simples","profundidade_cm":100,"inacessivel":false,"posicao":"Esquina","tampa":"Concreto","condicao":"Boa","obstr_sup":"Não","obstr_sup_tipo":"Nenhuma","obstr_fundo":"Não","obstr_fundo_tipo":"Nenhuma","n_tubos":0,"tubos":"","area_critica":"","entrega":"2026-09-30"},"geometry":{"type":"Point","coordinates":[-51.905805,-23.4178822]}},
{"type":"Feature","properties":{"id":"A26093014:29066","equipe":"A","num":66,"codigo":"BLO","tipo":"Boca de lobo","utm_E":407432.6676,"utm_N":7409936.956,"h_ortom":536.461,"material":"Concreto","cc_tipo":"Simples","profundidade_cm":140,"inacessivel":false,"posicao":"Esquina","tampa":"Concreto","condicao":"Boa","obstr_sup":"Parcial","obstr_sup_tipo":"Folhagem","obstr_fundo":"Parcial","obstr_fundo_tipo":"Resíduo","n_tubos":0,"tubos":"","area_critica":"","entrega":"2026-09-30"},"geometry":{"type":"Point","coordinates":[-51.9060454,-23.4178074]}},
{"type":"Feature","properties":{"id":"A26093014:32067","equipe":"A","num":67,"codigo":"BLO","tipo":"Boca de lobo","utm_E":407434.199,"utm_N":7409949.818,"h_ortom":536.003,"material":"Concreto","cc_tipo":"Simples","profundidade_cm":125,"inacessivel":false,"posicao":"Esquina","tampa":"Concreto","condicao":"Boa","obstr_sup":"Não","obstr_sup_tipo":"Nenhuma","obstr_fundo":"Não","obstr_fundo_tipo":"Nenhuma","n_tubos":1,"tubos":"40cm SW","area_critica":"","entrega":"2026-09-30"},"geometry":{"type":"Point","coordinates":[-51.9060296,-23.4176913]}},
{"type":"Feature","properties":{"id":"A26093014:37068","equipe":"A","num":68,"codigo":"BLO","tipo":"Boca de lobo","utm_E":407364.8095,"utm_N":7409975.342,"h_ortom":536.48,"material":"Concreto","cc_tipo":"Simples","profundidade_cm":null,"inacessivel":true,"posicao":"Esquina","tampa":"Concreto","condicao":"Boa","obstr_sup":"Não","obstr_sup_tipo":"Nenhuma","obstr_fundo":"Total","obstr_fundo_tipo":"Resíduo","n_tubos":0,"tubos":"","area_critica":"","entrega":"2026-09-30"},"geometry":{"type":"Point","coordinates":[-51.9067071,-23.4174568]}},
{"type":"Feature","properties":{"id":"A26093014:42069","equipe":"A","num":69,"codigo":"BLO","tipo":"Boca de lobo","utm_E":407344.9331,"utm_N":7409975.785,"h_ortom":536.431,"material":"Concreto","cc_tipo":"Simples","profundidade_cm":135,"inacessivel":false,"posicao":"Esquina","tampa":"Concreto","condicao":"Boa","obstr_sup":"Não","obstr_sup_tipo":"Nenhuma","obstr_fundo":"Não","obstr_fundo_tipo":"Nenhuma","n_tubos":0,"tubos":"","area_critica":"","entrega":"2026-09-30"},"geometry":{"type":"Point","coordinates":[-51.9069016,-23.4174517]}},
{"type":"Feature","properties":{"id":"A26093014:44070","equipe":"A","num":70,"codigo":"BLO","tipo":"Boca de lobo","utm_E":407349.3238,"utm_N":7409982.787,"h_ortom":536.261,"material":"Concreto","cc_tipo":"Simples","profundidade_cm":null,"inacessivel":true,"posicao":"Esquina","tampa":"Concreto","condicao":"Boa","obstr_sup":"Não","obstr_sup_tipo":"Nenhuma","obstr_fundo":"Total","obstr_fundo_tipo":"Resíduo","n_tubos":0,"tubos":"","area_critica":"","entrega":"2026-09-30"},"geometry":{"type":"Point","coordinates":[-51.9068582,-23.4173887]}},
{"type":"Feature","properties":{"id":"A26093014:47071","equipe":"A","num":71,"codigo":"ESQUINA","tipo":"Esquina (eixo)","utm_E":407321.414,"utm_N":7409994.922,"h_ortom":536.267,"material":null,"cc_tipo":null,"profundidade_cm":null,"inacessivel":false,"posicao":null,"tampa":null,"condicao":null,"obstr_sup":null,"obstr_sup_tipo":null,"obstr_fundo":null,"obstr_fundo_tipo":null,"n_tubos":0,"tubos":"","area_critica":"","entrega":"2026-09-30"},"geometry":{"type":"Point","coordinates":[-51.9071306,-23.4172775]}},
{"type":"Feature","properties":{"id":"A26093014:47072","equipe":"A","num":72,"codigo":"PTOALT","tipo":"Ponto alto (eixo)","utm_E":407324.6169,"utm_N":7410000.263,"h_ortom":535.962,"material":null,"cc_tipo":null,"profundidade_cm":null,"inacessivel":false,"posicao":null,"tampa":null,"condicao":null,"obstr_sup":null,"obstr_sup_tipo":null,"obstr_fundo":null,"obstr_fundo_tipo":null,"n_tubos":0,"tubos":"","area_critica":"","entrega":"2026-09-30"},"geometry":{"type":"Point","coordinates":[-51.907099,-23.4172295]}},
{"type":"Feature","properties":{"id":"A26093014:48073","equipe":"A","num":73,"codigo":"ESQUINA","tipo":"Esquina (eixo)","utm_E":407292.7784,"utm_N":7410012.41,"h_ortom":536.091,"material":null,"cc_tipo":null,"profundidade_cm":null,"inacessivel":false,"posicao":null,"tampa":null,"condicao":null,"obstr_sup":null,"obstr_sup_tipo":null,"obstr_fundo":null,"obstr_fundo_tipo":null,"n_tubos":0,"tubos":"","area_critica":"","entrega":"2026-09-30"},"geometry":{"type":"Point","coordinates":[-51.9074098,-23.4171179]}},
{"type":"Feature","properties":{"id":"A26093014:49074","equipe":"A","num":74,"codigo":"PTOALT","tipo":"Ponto alto (eixo)","utm_E":407295.5575,"utm_N":7410017.137,"h_ortom":535.757,"material":null,"cc_tipo":null,"profundidade_cm":null,"inacessivel":false,"posicao":null,"tampa":null,"condicao":null,"obstr_sup":null,"obstr_sup_tipo":null,"obstr_fundo":null,"obstr_fundo_tipo":null,"n_tubos":0,"tubos":"","area_critica":"","entrega":"2026-09-30"},"geometry":{"type":"Point","coordinates":[-51.9073823,-23.4170754]}},
{"type":"Feature","properties":{"id":"A26093014:49075","equipe":"A","num":75,"codigo":"BLO","tipo":"Boca de lobo","utm_E":407279.8369,"utm_N":7410024.826,"h_ortom":535.861,"material":"Concreto","cc_tipo":"Simples","profundidade_cm":110,"inacessivel":false,"posicao":"Meio de quadra","tampa":"Concreto","condicao":"Boa","obstr_sup":"Não","obstr_sup_tipo":"Nenhuma","obstr_fundo":"Parcial","obstr_fundo_tipo":"Solo","n_tubos":2,"tubos":"40cm SW; 100cm NE","area_critica":"","entrega":"2026-09-30"},"geometry":{"type":"Point","coordinates":[-51.9075357,-23.4170051]}},
{"type":"Feature","properties":{"id":"A26093014:52076","equipe":"A","num":76,"codigo":"ESQUINA","tipo":"Esquina (eixo)","utm_E":407263.8865,"utm_N":7410029.822,"h_ortom":535.974,"material":null,"cc_tipo":null,"profundidade_cm":null,"inacessivel":false,"posicao":null,"tampa":null,"condicao":null,"obstr_sup":null,"obstr_sup_tipo":null,"obstr_fundo":null,"obstr_fundo_tipo":null,"n_tubos":0,"tubos":"","area_critica":"","entrega":"2026-09-30"},"geometry":{"type":"Point","coordinates":[-51.9076915,-23.416959]}},
{"type":"Feature","properties":{"id":"A26093014:53077","equipe":"A","num":77,"codigo":"PTOALT","tipo":"Ponto alto (eixo)","utm_E":407266.9732,"utm_N":7410035.124,"h_ortom":535.634,"material":null,"cc_tipo":null,"profundidade_cm":null,"inacessivel":false,"posicao":null,"tampa":null,"condicao":null,"obstr_sup":null,"obstr_sup_tipo":null,"obstr_fundo":null,"obstr_fundo_tipo":null,"n_tubos":0,"tubos":"","area_critica":"","entrega":"2026-09-30"},"geometry":{"type":"Point","coordinates":[-51.907661,-23.4169113]}},
{"type":"Feature","properties":{"id":"A26093014:53078","equipe":"A","num":78,"codigo":"BLO","tipo":"Boca de lobo","utm_E":407266.4083,"utm_N":7410023.39,"h_ortom":535.889,"material":"Concreto","cc_tipo":"Simples","profundidade_cm":68,"inacessivel":false,"posicao":"Meio de quadra","tampa":"Concreto","condicao":"Boa","obstr_sup":"Não","obstr_sup_tipo":"Nenhuma","obstr_fundo":"Não","obstr_fundo_tipo":"Nenhuma","n_tubos":1,"tubos":"40cm SE","area_critica":"","entrega":"2026-09-30"},"geometry":{"type":"Point","coordinates":[-51.9076672,-23.4170173]}},
{"type":"Feature","properties":{"id":"A26093014:57079","equipe":"A","num":79,"codigo":"ESQUINA","tipo":"Esquina (eixo)","utm_E":407201.6094,"utm_N":7410067.183,"h_ortom":536.449,"material":null,"cc_tipo":null,"profundidade_cm":null,"inacessivel":false,"posicao":null,"tampa":null,"condicao":null,"obstr_sup":null,"obstr_sup_tipo":null,"obstr_fundo":null,"obstr_fundo_tipo":null,"n_tubos":0,"tubos":"","area_critica":"","entrega":"2026-09-30"},"geometry":{"type":"Point","coordinates":[-51.9082987,-23.4166181]}},
{"type":"Feature","properties":{"id":"A26093014:57080","equipe":"A","num":80,"codigo":"BLO","tipo":"Boca de lobo","utm_E":407193.8388,"utm_N":7410062.133,"h_ortom":536.781,"material":"Concreto","cc_tipo":"Simples","profundidade_cm":164,"inacessivel":false,"posicao":"Esquina","tampa":"Concreto","condicao":"Boa","obstr_sup":"Não","obstr_sup_tipo":"Nenhuma","obstr_fundo":"Parcial","obstr_fundo_tipo":"Folhagem","n_tubos":1,"tubos":"40cm SE","area_critica":"","entrega":"2026-09-30"},"geometry":{"type":"Point","coordinates":[-51.9083751,-23.4166632]}},
{"type":"Feature","properties":{"id":"A26093015:02081","equipe":"A","num":81,"codigo":"BLO","tipo":"Boca de lobo","utm_E":407196.4079,"utm_N":7410075.309,"h_ortom":536.443,"material":"Concreto","cc_tipo":"Simples","profundidade_cm":182,"inacessivel":false,"posicao":"Esquina","tampa":"Concreto","condicao":"Boa","obstr_sup":"Não","obstr_sup_tipo":"Nenhuma","obstr_fundo":"Parcial","obstr_fundo_tipo":"Resíduo","n_tubos":1,"tubos":"40cm SW","area_critica":"","entrega":"2026-09-30"},"geometry":{"type":"Point","coordinates":[-51.9083491,-23.4165444]}},
{"type":"Feature","properties":{"id":"A26093015:06082","equipe":"A","num":82,"codigo":"BLO","tipo":"Boca de lobo","utm_E":407125.3869,"utm_N":7410118.283,"h_ortom":537.391,"material":"Concreto","cc_tipo":"Simples","profundidade_cm":null,"inacessivel":true,"posicao":"Meio de quadra","tampa":"Concreto","condicao":"Boa","obstr_sup":"Total","obstr_sup_tipo":"Solo","obstr_fundo":"Total","obstr_fundo_tipo":"Solo","n_tubos":0,"tubos":"","area_critica":"","entrega":"2026-09-30"},"geometry":{"type":"Point","coordinates":[-51.9090415,-23.4161522]}},
{"type":"Feature","properties":{"id":"A26093015:09083","equipe":"A","num":83,"codigo":"PTOALT","tipo":"Ponto alto (eixo)","utm_E":407082.4327,"utm_N":7410139.541,"h_ortom":538.111,"material":null,"cc_tipo":null,"profundidade_cm":null,"inacessivel":false,"posicao":null,"tampa":null,"condicao":null,"obstr_sup":null,"obstr_sup_tipo":null,"obstr_fundo":null,"obstr_fundo_tipo":null,"n_tubos":0,"tubos":"","area_critica":"","entrega":"2026-09-30"},"geometry":{"type":"Point","coordinates":[-51.9094606,-23.4159577]}},
{"type":"Feature","properties":{"id":"A26093015:17084","equipe":"A","num":84,"codigo":"BLO","tipo":"Boca de lobo","utm_E":407166.5247,"utm_N":7410196.011,"h_ortom":533.266,"material":"Concreto","cc_tipo":"Simples","profundidade_cm":85,"inacessivel":false,"posicao":"Meio de quadra","tampa":"Concreto","condicao":"Boa","obstr_sup":"Não","obstr_sup_tipo":"Nenhuma","obstr_fundo":"Não","obstr_fundo_tipo":"Nenhuma","n_tubos":1,"tubos":"40cm NE","area_critica":"","entrega":"2026-09-30"},"geometry":{"type":"Point","coordinates":[-51.9086341,-23.4154525]}},
{"type":"Feature","properties":{"id":"A26093015:21085","equipe":"A","num":85,"codigo":"ESQUINA","tipo":"Esquina (eixo)","utm_E":407251.2259,"utm_N":7410149.272,"h_ortom":532.052,"material":null,"cc_tipo":null,"profundidade_cm":null,"inacessivel":false,"posicao":null,"tampa":null,"condicao":null,"obstr_sup":null,"obstr_sup_tipo":null,"obstr_fundo":null,"obstr_fundo_tipo":null,"n_tubos":0,"tubos":"","area_critica":"","entrega":"2026-09-30"},"geometry":{"type":"Point","coordinates":[-51.907808,-23.4158795]}},
{"type":"Feature","properties":{"id":"A26093015:22086","equipe":"A","num":86,"codigo":"BLO","tipo":"Boca de lobo","utm_E":407246.0465,"utm_N":7410157.322,"h_ortom":531.924,"material":"Concreto","cc_tipo":"Simples","profundidade_cm":140,"inacessivel":false,"posicao":"Esquina","tampa":"Concreto","condicao":"Boa","obstr_sup":"Não","obstr_sup_tipo":"Nenhuma","obstr_fundo":"Não","obstr_fundo_tipo":"Nenhuma","n_tubos":1,"tubos":"40cm SW","area_critica":"","entrega":"2026-09-30"},"geometry":{"type":"Point","coordinates":[-51.9078582,-23.4158065]}},
{"type":"Feature","properties":{"id":"A26093015:26087","equipe":"A","num":87,"codigo":"BLO","tipo":"Boca de lobo","utm_E":407243.3648,"utm_N":7410144.234,"h_ortom":532.208,"material":"Concreto","cc_tipo":"Simples","profundidade_cm":125,"inacessivel":false,"posicao":"Esquina","tampa":"Concreto","condicao":"Boa","obstr_sup":"Não","obstr_sup_tipo":"Nenhuma","obstr_fundo":"Parcial","obstr_fundo_tipo":"Entulho","n_tubos":1,"tubos":"40cm SE","area_critica":"","entrega":"2026-09-30"},"geometry":{"type":"Point","coordinates":[-51.9078853,-23.4159245]}},
{"type":"Feature","properties":{"id":"A26093015:29088","equipe":"A","num":88,"codigo":"BLO","tipo":"Boca de lobo","utm_E":407256.5021,"utm_N":7410141.657,"h_ortom":531.829,"material":"Concreto","cc_tipo":"Simples","profundidade_cm":141,"inacessivel":false,"posicao":"Esquina","tampa":"Concreto","condicao":"Boa","obstr_sup":"Não","obstr_sup_tipo":"Nenhuma","obstr_fundo":"Não","obstr_fundo_tipo":"Nenhuma","n_tubos":1,"tubos":"40cm NE","area_critica":"","entrega":"2026-09-30"},"geometry":{"type":"Point","coordinates":[-51.9077569,-23.4159485]}},
{"type":"Feature","properties":{"id":"A26093015:34089","equipe":"A","num":89,"codigo":"ESQUINA","tipo":"Esquina (eixo)","utm_E":407284.5983,"utm_N":7410129.406,"h_ortom":532.171,"material":null,"cc_tipo":null,"profundidade_cm":null,"inacessivel":false,"posicao":null,"tampa":null,"condicao":null,"obstr_sup":null,"obstr_sup_tipo":null,"obstr_fundo":null,"obstr_fundo_tipo":null,"n_tubos":0,"tubos":"","area_critica":"","entrega":"2026-09-30"},"geometry":{"type":"Point","coordinates":[-51.9074827,-23.4160608]}},
{"type":"Feature","properties":{"id":"A26093015:35090","equipe":"A","num":90,"codigo":"PTOBAI","tipo":"Ponto baixo (eixo)","utm_E":407281.5413,"utm_N":7410124.079,"h_ortom":532.125,"material":null,"cc_tipo":null,"profundidade_cm":null,"inacessivel":false,"posicao":null,"tampa":null,"condicao":null,"obstr_sup":null,"obstr_sup_tipo":null,"obstr_fundo":null,"obstr_fundo_tipo":null,"n_tubos":0,"tubos":"","area_critica":"","entrega":"2026-09-30"},"geometry":{"type":"Point","coordinates":[-51.9075129,-23.4161087]}},
{"type":"Feature","properties":{"id":"A26093015:35091","equipe":"A","num":91,"codigo":"BLO","tipo":"Boca de lobo","utm_E":407278.5045,"utm_N":7410123.028,"h_ortom":532.332,"material":"Concreto","cc_tipo":"Simples","profundidade_cm":105,"inacessivel":false,"posicao":"Esquina","tampa":"Concreto","condicao":"Boa","obstr_sup":"Não","obstr_sup_tipo":"Nenhuma","obstr_fundo":"Não","obstr_fundo_tipo":"Nenhuma","n_tubos":1,"tubos":"40cm SE","area_critica":"","entrega":"2026-09-30"},"geometry":{"type":"Point","coordinates":[-51.9075427,-23.416118]}},
{"type":"Feature","properties":{"id":"A26093015:39092","equipe":"A","num":92,"codigo":"BLO","tipo":"Boca de lobo","utm_E":407286.9777,"utm_N":7410123.075,"h_ortom":532.056,"material":"Concreto","cc_tipo":"Simples","profundidade_cm":null,"inacessivel":true,"posicao":"Esquina","tampa":"Concreto","condicao":"Boa","obstr_sup":"Não","obstr_sup_tipo":"Nenhuma","obstr_fundo":"Não","obstr_fundo_tipo":"Nenhuma","n_tubos":0,"tubos":"","area_critica":"","entrega":"2026-09-30"},"geometry":{"type":"Point","coordinates":[-51.9074598,-23.4161181]}},
{"type":"Feature","properties":{"id":"A26093015:40093","equipe":"A","num":93,"codigo":"ESQUINA","tipo":"Esquina (eixo)","utm_E":407313.5594,"utm_N":7410111.684,"h_ortom":532.25,"material":null,"cc_tipo":null,"profundidade_cm":null,"inacessivel":false,"posicao":null,"tampa":null,"condicao":null,"obstr_sup":null,"obstr_sup_tipo":null,"obstr_fundo":null,"obstr_fundo_tipo":null,"n_tubos":0,"tubos":"","area_critica":"","entrega":"2026-09-30"},"geometry":{"type":"Point","coordinates":[-51.9072003,-23.4162225]}},
{"type":"Feature","properties":{"id":"A26093015:40094","equipe":"A","num":94,"codigo":"PTOBAI","tipo":"Ponto baixo (eixo)","utm_E":407310.4182,"utm_N":7410106.602,"h_ortom":532.187,"material":null,"cc_tipo":null,"profundidade_cm":null,"inacessivel":false,"posicao":null,"tampa":null,"condicao":null,"obstr_sup":null,"obstr_sup_tipo":null,"obstr_fundo":null,"obstr_fundo_tipo":null,"n_tubos":0,"tubos":"","area_critica":"","entrega":"2026-09-30"},"geometry":{"type":"Point","coordinates":[-51.9072314,-23.4162682]}},
{"type":"Feature","properties":{"id":"A26093015:41095","equipe":"A","num":95,"codigo":"BLO","tipo":"Boca de lobo","utm_E":407307.3511,"utm_N":7410105.547,"h_ortom":532.298,"material":"Concreto","cc_tipo":"Simples","profundidade_cm":143,"inacessivel":false,"posicao":"Esquina","tampa":"Concreto","condicao":"Boa","obstr_sup":"Não","obstr_sup_tipo":"Nenhuma","obstr_fundo":"Não","obstr_fundo_tipo":"Nenhuma","n_tubos":1,"tubos":"40cm SE","area_critica":"","entrega":"2026-09-30"},"geometry":{"type":"Point","coordinates":[-51.9072615,-23.4162776]}},
{"type":"Feature","properties":{"id":"A26093015:44096","equipe":"A","num":96,"codigo":"BLO","tipo":"Boca de lobo","utm_E":407310.8045,"utm_N":7410103.405,"h_ortom":532.317,"material":"Concreto","cc_tipo":"Simples","profundidade_cm":145,"inacessivel":false,"posicao":"Esquina","tampa":"Concreto","condicao":"Boa","obstr_sup":"Não","obstr_sup_tipo":"Nenhuma","obstr_fundo":"Não","obstr_fundo_tipo":"Nenhuma","n_tubos":2,"tubos":"40cm NW; 40cm NE","area_critica":"","entrega":"2026-09-30"},"geometry":{"type":"Point","coordinates":[-51.9072278,-23.4162971]}},
{"type":"Feature","properties":{"id":"A26093015:46097","equipe":"A","num":97,"codigo":"BLO","tipo":"Boca de lobo","utm_E":407315.8581,"utm_N":7410105.506,"h_ortom":532.241,"material":"Concreto","cc_tipo":"Simples","profundidade_cm":96,"inacessivel":false,"posicao":"Esquina","tampa":"Concreto","condicao":"Boa","obstr_sup":"Não","obstr_sup_tipo":"Nenhuma","obstr_fundo":"Não","obstr_fundo_tipo":"Nenhuma","n_tubos":2,"tubos":"40cm NW; 5cm SW","area_critica":"","entrega":"2026-09-30"},"geometry":{"type":"Point","coordinates":[-51.9071782,-23.4162784]}},
{"type":"Feature","properties":{"id":"A26093015:54098","equipe":"A","num":98,"codigo":"BLO","tipo":"Boca de lobo","utm_E":407336.1597,"utm_N":7410088.058,"h_ortom":532.385,"material":"Concreto","cc_tipo":"Simples","profundidade_cm":null,"inacessivel":true,"posicao":"Esquina","tampa":"Concreto","condicao":"Boa","obstr_sup":"Não","obstr_sup_tipo":"Nenhuma","obstr_fundo":"Não","obstr_fundo_tipo":"Nenhuma","n_tubos":0,"tubos":"","area_critica":"","entrega":"2026-09-30"},"geometry":{"type":"Point","coordinates":[-51.9069806,-23.4164372]}},
{"type":"Feature","properties":{"id":"A26093015:56099","equipe":"A","num":99,"codigo":"BLO","tipo":"Boca de lobo","utm_E":407339.6317,"utm_N":7410085.941,"h_ortom":532.397,"material":"Concreto","cc_tipo":"Simples","profundidade_cm":152,"inacessivel":false,"posicao":"Esquina","tampa":"Concreto","condicao":"Boa","obstr_sup":"Não","obstr_sup_tipo":"Nenhuma","obstr_fundo":"Não","obstr_fundo_tipo":"Nenhuma","n_tubos":2,"tubos":"40cm NE; 40cm NW","area_critica":"","entrega":"2026-09-30"},"geometry":{"type":"Point","coordinates":[-51.9069467,-23.4164565]}},
{"type":"Feature","properties":{"id":"A26093016:00100","equipe":"A","num":100,"codigo":"ESQUINA","tipo":"Esquina (eixo)","utm_E":407370.931,"utm_N":7410076.843,"h_ortom":532.612,"material":null,"cc_tipo":null,"profundidade_cm":null,"inacessivel":false,"posicao":null,"tampa":null,"condicao":null,"obstr_sup":null,"obstr_sup_tipo":null,"obstr_fundo":null,"obstr_fundo_tipo":null,"n_tubos":0,"tubos":"","area_critica":"","entrega":"2026-09-30"},"geometry":{"type":"Point","coordinates":[-51.906641,-23.4165404]}},
{"type":"Feature","properties":{"id":"A26093016:00101","equipe":"A","num":101,"codigo":"PTOBAI","tipo":"Ponto baixo (eixo)","utm_E":407368.0598,"utm_N":7410071.92,"h_ortom":532.551,"material":null,"cc_tipo":null,"profundidade_cm":null,"inacessivel":false,"posicao":null,"tampa":null,"condicao":null,"obstr_sup":null,"obstr_sup_tipo":null,"obstr_fundo":null,"obstr_fundo_tipo":null,"n_tubos":0,"tubos":"","area_critica":"","entrega":"2026-09-30"},"geometry":{"type":"Point","coordinates":[-51.9066694,-23.4165847]}},
{"type":"Feature","properties":{"id":"A26093016:00102","equipe":"A","num":102,"codigo":"BLO","tipo":"Boca de lobo","utm_E":407364.8572,"utm_N":7410070.559,"h_ortom":532.625,"material":"Concreto","cc_tipo":"Simples","profundidade_cm":null,"inacessivel":true,"posicao":"Esquina","tampa":"Concreto","condicao":"Boa","obstr_sup":"Total","obstr_sup_tipo":"Solo","obstr_fundo":"Total","obstr_fundo_tipo":"Solo","n_tubos":0,"tubos":"","area_critica":"","entrega":"2026-09-30"},"geometry":{"type":"Point","coordinates":[-51.9067008,-23.4165968]}},
{"type":"Feature","properties":{"id":"A26093016:01103","equipe":"A","num":103,"codigo":"BLE","tipo":"Boca de leão","utm_E":407373.3037,"utm_N":7410070.856,"h_ortom":532.465,"material":"Ferro","cc_tipo":"Simples","profundidade_cm":null,"inacessivel":true,"posicao":"Esquina","tampa":"Concreto","condicao":"Boa","obstr_sup":"Total","obstr_sup_tipo":"Folhagem","obstr_fundo":"Total","obstr_fundo_tipo":"Folhagem","n_tubos":0,"tubos":"","area_critica":"","entrega":"2026-09-30"},"geometry":{"type":"Point","coordinates":[-51.9066181,-23.4165946]}},
{"type":"Feature","properties":{"id":"A26093016:04104","equipe":"A","num":104,"codigo":"BLO","tipo":"Boca de lobo","utm_E":407396.0821,"utm_N":7410051.662,"h_ortom":532.932,"material":"Concreto","cc_tipo":"Simples","profundidade_cm":132,"inacessivel":false,"posicao":"Esquina","tampa":"Concreto","condicao":"Boa","obstr_sup":"Não","obstr_sup_tipo":"Nenhuma","obstr_fundo":"Não","obstr_fundo_tipo":"Nenhuma","n_tubos":1,"tubos":"40cm SE","area_critica":"","entrega":"2026-09-30"},"geometry":{"type":"Point","coordinates":[-51.9063964,-23.4167693]}},
{"type":"Feature","properties":{"id":"A26093016:07105","equipe":"A","num":105,"codigo":"CC","tipo":"Caixa de coleta","utm_E":407406.9137,"utm_N":7410042.848,"h_ortom":533.175,"material":null,"cc_tipo":null,"profundidade_cm":null,"inacessivel":false,"posicao":null,"tampa":null,"condicao":null,"obstr_sup":null,"obstr_sup_tipo":null,"obstr_fundo":null,"obstr_fundo_tipo":null,"n_tubos":0,"tubos":"","area_critica":"","entrega":"2026-09-30"},"geometry":{"type":"Point","coordinates":[-51.9062909,-23.4168495]}},
{"type":"Feature","properties":{"id":"A26093016:07106","equipe":"A","num":106,"codigo":"BLO","tipo":"Boca de lobo","utm_E":407409.255,"utm_N":7410048.918,"h_ortom":532.806,"material":"Concreto","cc_tipo":"Simples","profundidade_cm":null,"inacessivel":true,"posicao":"Esquina","tampa":"Concreto","condicao":"Boa","obstr_sup":"Total","obstr_sup_tipo":"Solo","obstr_fundo":"Total","obstr_fundo_tipo":"Solo","n_tubos":0,"tubos":"","area_critica":"","entrega":"2026-09-30"},"geometry":{"type":"Point","coordinates":[-51.9062676,-23.4167948]}},
{"type":"Feature","properties":{"id":"A26093016:08107","equipe":"A","num":107,"codigo":"BLO","tipo":"Boca de lobo","utm_E":407413.3857,"utm_N":7410055.96,"h_ortom":532.593,"material":"Concreto","cc_tipo":"Simples","profundidade_cm":93,"inacessivel":false,"posicao":"Esquina","tampa":"Concreto","condicao":"Boa","obstr_sup":"Não","obstr_sup_tipo":"Nenhuma","obstr_fundo":"Não","obstr_fundo_tipo":"Nenhuma","n_tubos":1,"tubos":"40cm SW","area_critica":"","entrega":"2026-09-30"},"geometry":{"type":"Point","coordinates":[-51.9062268,-23.4167315]}},
{"type":"Feature","properties":{"id":"A26093016:13108","equipe":"A","num":108,"codigo":"ESQUINA","tipo":"Esquina (eixo)","utm_E":407481.4198,"utm_N":7410009.725,"h_ortom":534.775,"material":null,"cc_tipo":null,"profundidade_cm":null,"inacessivel":false,"posicao":null,"tampa":null,"condicao":null,"obstr_sup":null,"obstr_sup_tipo":null,"obstr_fundo":null,"obstr_fundo_tipo":null,"n_tubos":0,"tubos":"","area_critica":"","entrega":"2026-09-30"},"geometry":{"type":"Point","coordinates":[-51.9055637,-23.4171529]}},
{"type":"Feature","properties":{"id":"A26093016:13109","equipe":"A","num":109,"codigo":"BLO","tipo":"Boca de lobo","utm_E":407478.3233,"utm_N":7409996.65,"h_ortom":534.937,"material":"Concreto","cc_tipo":"Simples","profundidade_cm":145,"inacessivel":false,"posicao":"Meio de quadra","tampa":"Concreto","condicao":"Boa","obstr_sup":"Total","obstr_sup_tipo":"Folhagem","obstr_fundo":"Parcial","obstr_fundo_tipo":"Solo","n_tubos":1,"tubos":"40cm SE","area_critica":"","entrega":"2026-09-30"},"geometry":{"type":"Point","coordinates":[-51.9055949,-23.4172708]}},
{"type":"Feature","properties":{"id":"A26093016:38110","equipe":"A","num":110,"codigo":"BLO","tipo":"Boca de lobo","utm_E":407502.5232,"utm_N":7409992.703,"h_ortom":535.347,"material":"Concreto","cc_tipo":"Simples","profundidade_cm":null,"inacessivel":true,"posicao":"Esquina","tampa":"Concreto","condicao":"Boa","obstr_sup":"Não","obstr_sup_tipo":"Nenhuma","obstr_fundo":"Não","obstr_fundo_tipo":"Nenhuma","n_tubos":0,"tubos":"","area_critica":"","entrega":"2026-09-30"},"geometry":{"type":"Point","coordinates":[-51.9053583,-23.4173078]}},
{"type":"Feature","properties":{"id":"A26093016:40111","equipe":"A","num":111,"codigo":"BLO","tipo":"Boca de lobo","utm_E":407506.5848,"utm_N":7409999.677,"h_ortom":535.287,"material":"Concreto","cc_tipo":"Simples","profundidade_cm":null,"inacessivel":true,"posicao":"Esquina","tampa":"Concreto","condicao":"Boa","obstr_sup":"Não","obstr_sup_tipo":"Nenhuma","obstr_fundo":"Não","obstr_fundo_tipo":"Nenhuma","n_tubos":0,"tubos":"","area_critica":"","entrega":"2026-09-30"},"geometry":{"type":"Point","coordinates":[-51.9053181,-23.4172451]}},
{"type":"Feature","properties":{"id":"A26093016:43112","equipe":"A","num":112,"codigo":"BLO","tipo":"Boca de lobo","utm_E":407586.2605,"utm_N":7409951.932,"h_ortom":538.773,"material":"Concreto","cc_tipo":"Simples","profundidade_cm":130,"inacessivel":false,"posicao":"Meio de quadra","tampa":"Concreto","condicao":"Boa","obstr_sup":"Não","obstr_sup_tipo":"Nenhuma","obstr_fundo":"Não","obstr_fundo_tipo":"Nenhuma","n_tubos":0,"tubos":"","area_critica":"","entrega":"2026-09-30"},"geometry":{"type":"Point","coordinates":[-51.9045412,-23.4176808]}},
{"type":"Feature","properties":{"id":"A26093016:48113","equipe":"A","num":113,"codigo":"BLO","tipo":"Boca de lobo","utm_E":407666.349,"utm_N":7409930.578,"h_ortom":541.078,"material":"Concreto","cc_tipo":"Simples","profundidade_cm":140,"inacessivel":false,"posicao":"Meio de quadra","tampa":"Concreto","condicao":"Ruim","obstr_sup":"Não","obstr_sup_tipo":"Nenhuma","obstr_fundo":"Parcial","obstr_fundo_tipo":"Solo","n_tubos":1,"tubos":"40cm SE","area_critica":"","entrega":"2026-09-30"},"geometry":{"type":"Point","coordinates":[-51.9037587,-23.4178782]}},
{"type":"Feature","properties":{"id":"A26093016:56114","equipe":"A","num":114,"codigo":"PTOALT","tipo":"Ponto alto (eixo)","utm_E":407633.2503,"utm_N":7409772.809,"h_ortom":544.352,"material":null,"cc_tipo":null,"profundidade_cm":null,"inacessivel":false,"posicao":null,"tampa":null,"condicao":null,"obstr_sup":null,"obstr_sup_tipo":null,"obstr_fundo":null,"obstr_fundo_tipo":null,"n_tubos":0,"tubos":"","area_critica":"","entrega":"2026-09-30"},"geometry":{"type":"Point","coordinates":[-51.9040923,-23.4193013]}},
{"type":"Feature","properties":{"id":"A26093016:56115","equipe":"A","num":115,"codigo":"ESQUINA","tipo":"Esquina (eixo)","utm_E":407640.5497,"utm_N":7409770.089,"h_ortom":544.41,"material":null,"cc_tipo":null,"profundidade_cm":null,"inacessivel":false,"posicao":null,"tampa":null,"condicao":null,"obstr_sup":null,"obstr_sup_tipo":null,"obstr_fundo":null,"obstr_fundo_tipo":null,"n_tubos":0,"tubos":"","area_critica":"","entrega":"2026-09-30"},"geometry":{"type":"Point","coordinates":[-51.9040211,-23.4193263]}},
{"type":"Feature","properties":{"id":"A26093016:57116","equipe":"A","num":116,"codigo":"BLO","tipo":"Boca de lobo","utm_E":407646.1939,"utm_N":7409776.195,"h_ortom":544.291,"material":"Concreto","cc_tipo":"Simples","profundidade_cm":124,"inacessivel":false,"posicao":"Esquina","tampa":"Concreto","condicao":"Boa","obstr_sup":"Não","obstr_sup_tipo":"Nenhuma","obstr_fundo":"Não","obstr_fundo_tipo":"Nenhuma","n_tubos":1,"tubos":"40cm SS","area_critica":"","entrega":"2026-09-30"},"geometry":{"type":"Point","coordinates":[-51.9039654,-23.4192714]}},
{"type":"Feature","properties":{"id":"A26093017:01117","equipe":"A","num":117,"codigo":"ESQUINA","tipo":"Esquina (eixo)","utm_E":407586.2915,"utm_N":7409790.135,"h_ortom":543.038,"material":null,"cc_tipo":null,"profundidade_cm":null,"inacessivel":false,"posicao":null,"tampa":null,"condicao":null,"obstr_sup":null,"obstr_sup_tipo":null,"obstr_fundo":null,"obstr_fundo_tipo":null,"n_tubos":0,"tubos":"","area_critica":"","entrega":"2026-09-30"},"geometry":{"type":"Point","coordinates":[-51.9045509,-23.4191421]}},
{"type":"Feature","properties":{"id":"A26093017:02118","equipe":"A","num":118,"codigo":"PTOALT","tipo":"Ponto alto (eixo)","utm_E":407590.8403,"utm_N":7409797.857,"h_ortom":542.922,"material":null,"cc_tipo":null,"profundidade_cm":null,"inacessivel":false,"posicao":null,"tampa":null,"condicao":null,"obstr_sup":null,"obstr_sup_tipo":null,"obstr_fundo":null,"obstr_fundo_tipo":null,"n_tubos":0,"tubos":"","area_critica":"","entrega":"2026-09-30"},"geometry":{"type":"Point","coordinates":[-51.9045059,-23.4190727]}},
{"type":"Feature","properties":{"id":"A26093017:04119","equipe":"A","num":119,"codigo":"BLO","tipo":"Boca de lobo","utm_E":407538.0205,"utm_N":7409813.194,"h_ortom":541.139,"material":"Concreto","cc_tipo":"Simples","profundidade_cm":150,"inacessivel":false,"posicao":"Meio de quadra","tampa":"Concreto","condicao":"Ruim","obstr_sup":"Não","obstr_sup_tipo":"Nenhuma","obstr_fundo":"Não","obstr_fundo_tipo":"Nenhuma","n_tubos":2,"tubos":"40cm SW; 100cm EE","area_critica":"","entrega":"2026-09-30"},"geometry":{"type":"Point","coordinates":[-51.9050219,-23.4189311]}},
{"type":"Feature","properties":{"id":"A26093017:10120","equipe":"A","num":120,"codigo":"BLO","tipo":"Boca de lobo","utm_E":407482.618,"utm_N":7409833.646,"h_ortom":539.946,"material":"Concreto","cc_tipo":"Simples","profundidade_cm":null,"inacessivel":true,"posicao":"Esquina","tampa":"Concreto","condicao":"Boa","obstr_sup":"Não","obstr_sup_tipo":"Nenhuma","obstr_fundo":"Não","obstr_fundo_tipo":"Nenhuma","n_tubos":0,"tubos":"","area_critica":"","entrega":"2026-09-30"},"geometry":{"type":"Point","coordinates":[-51.9055628,-23.4187433]}},
{"type":"Feature","properties":{"id":"A26093017:12122","equipe":"A","num":122,"codigo":"ESQUINA","tipo":"Esquina (eixo)","utm_E":407476.8133,"utm_N":7409830.407,"h_ortom":539.998,"material":null,"cc_tipo":null,"profundidade_cm":null,"inacessivel":false,"posicao":null,"tampa":null,"condicao":null,"obstr_sup":null,"obstr_sup_tipo":null,"obstr_fundo":null,"obstr_fundo_tipo":null,"n_tubos":0,"tubos":"","area_critica":"","entrega":"2026-09-30"},"geometry":{"type":"Point","coordinates":[-51.9056199,-23.4187722]}},
{"type":"Feature","properties":{"id":"A26093017:13123","equipe":"A","num":123,"codigo":"BLO","tipo":"Boca de lobo","utm_E":407472.5363,"utm_N":7409820.847,"h_ortom":540.147,"material":"Concreto","cc_tipo":"Simples","profundidade_cm":66,"inacessivel":false,"posicao":"Esquina","tampa":"Concreto","condicao":"Boa","obstr_sup":"Parcial","obstr_sup_tipo":"Folhagem","obstr_fundo":"Não","obstr_fundo_tipo":"Nenhuma","n_tubos":1,"tubos":"40cm NW","area_critica":"","entrega":"2026-09-30"},"geometry":{"type":"Point","coordinates":[-51.9056623,-23.4188583]}},
{"type":"Feature","properties":{"id":"A26093017:15124","equipe":"A","num":124,"codigo":"BLO","tipo":"Boca de lobo","utm_E":407471.9797,"utm_N":7409837.433,"h_ortom":539.586,"material":"Concreto","cc_tipo":"Simples","profundidade_cm":110,"inacessivel":false,"posicao":"Esquina","tampa":"Concreto","condicao":"Boa","obstr_sup":"Não","obstr_sup_tipo":"Nenhuma","obstr_fundo":"Não","obstr_fundo_tipo":"Nenhuma","n_tubos":1,"tubos":"40cm SW","area_critica":"","entrega":"2026-09-30"},"geometry":{"type":"Point","coordinates":[-51.9056667,-23.4187085]}},
{"type":"Feature","properties":{"id":"A26093017:19125","equipe":"A","num":125,"codigo":"ESQUINA","tipo":"Esquina (eixo)","utm_E":407501.1731,"utm_N":7409872.385,"h_ortom":538.966,"material":null,"cc_tipo":null,"profundidade_cm":null,"inacessivel":false,"posicao":null,"tampa":null,"condicao":null,"obstr_sup":null,"obstr_sup_tipo":null,"obstr_fundo":null,"obstr_fundo_tipo":null,"n_tubos":0,"tubos":"","area_critica":"","entrega":"2026-09-30","tambem":"B26093014:17088 (ESQUINA)"},"geometry":{"type":"Point","coordinates":[-51.9053789,-23.4183945]}},
{"type":"Feature","properties":{"id":"A26093017:19126","equipe":"A","num":126,"codigo":"PTOALT","tipo":"Ponto alto (eixo)","utm_E":407498.0346,"utm_N":7409873.513,"h_ortom":538.934,"material":null,"cc_tipo":null,"profundidade_cm":null,"inacessivel":false,"posicao":null,"tampa":null,"condicao":null,"obstr_sup":null,"obstr_sup_tipo":null,"obstr_fundo":null,"obstr_fundo_tipo":null,"n_tubos":0,"tubos":"","area_critica":"","entrega":"2026-09-30","tambem":"B26093014:17089 (PTOALT)"},"geometry":{"type":"Point","coordinates":[-51.9054095,-23.4183841]}},
{"type":"Feature","properties":{"id":"A26093017:21127","equipe":"A","num":127,"codigo":"BLO","tipo":"Boca de lobo","utm_E":407420.1968,"utm_N":7409856.546,"h_ortom":539.533,"material":"Concreto","cc_tipo":"Simples","profundidade_cm":130,"inacessivel":false,"posicao":"Esquina","tampa":"Concreto","condicao":"Boa","obstr_sup":"Não","obstr_sup_tipo":"Nenhuma","obstr_fundo":"Não","obstr_fundo_tipo":"Nenhuma","n_tubos":0,"tubos":"","area_critica":"","entrega":"2026-09-30"},"geometry":{"type":"Point","coordinates":[-51.9061724,-23.4185329]}},
{"type":"Feature","properties":{"id":"A26093017:24128","equipe":"A","num":128,"codigo":"PTOBAI","tipo":"Ponto baixo (eixo)","utm_E":407438.1402,"utm_N":7409895.463,"h_ortom":537.396,"material":null,"cc_tipo":null,"profundidade_cm":null,"inacessivel":false,"posicao":null,"tampa":null,"condicao":null,"obstr_sup":null,"obstr_sup_tipo":null,"obstr_fundo":null,"obstr_fundo_tipo":null,"n_tubos":0,"tubos":"","area_critica":"","entrega":"2026-09-30","tambem":"B26093014:18090 (PTOBAI)"},"geometry":{"type":"Point","coordinates":[-51.9059944,-23.4181824]}},
{"type":"Feature","properties":{"id":"A26093017:24129","equipe":"A","num":129,"codigo":"ESQUINA","tipo":"Esquina (eixo)","utm_E":407433.9133,"utm_N":7409897.919,"h_ortom":537.373,"material":null,"cc_tipo":null,"profundidade_cm":null,"inacessivel":false,"posicao":null,"tampa":null,"condicao":null,"obstr_sup":null,"obstr_sup_tipo":null,"obstr_fundo":null,"obstr_fundo_tipo":null,"n_tubos":0,"tubos":"","area_critica":"","entrega":"2026-09-30"},"geometry":{"type":"Point","coordinates":[-51.9060356,-23.41816]}},
{"type":"Feature","properties":{"id":"A26093017:24130","equipe":"A","num":130,"codigo":"BLO","tipo":"Boca de lobo","utm_E":407441.3066,"utm_N":7409892.004,"h_ortom":537.687,"material":"Concreto","cc_tipo":"Simples","profundidade_cm":95,"inacessivel":false,"posicao":"Esquina","tampa":"Concreto","condicao":"Boa","obstr_sup":"Não","obstr_sup_tipo":"Nenhuma","obstr_fundo":"Não","obstr_fundo_tipo":"Nenhuma","n_tubos":0,"tubos":"","area_critica":"","entrega":"2026-09-30"},"geometry":{"type":"Point","coordinates":[-51.9059636,-23.4182139]}},
{"type":"Feature","properties":{"id":"A26093017:30131","equipe":"A","num":131,"codigo":"ESQUINA","tipo":"Esquina (eixo)","utm_E":407407.2922,"utm_N":7409854.815,"h_ortom":539.704,"material":null,"cc_tipo":null,"profundidade_cm":null,"inacessivel":false,"posicao":null,"tampa":null,"condicao":null,"obstr_sup":null,"obstr_sup_tipo":null,"obstr_fundo":null,"obstr_fundo_tipo":null,"n_tubos":0,"tubos":"","area_critica":"","entrega":"2026-09-30"},"geometry":{"type":"Point","coordinates":[-51.9062988,-23.4185478]}},
{"type":"Feature","properties":{"id":"A26093017:30132","equipe":"A","num":132,"codigo":"BLO","tipo":"Boca de lobo","utm_E":407406.5454,"utm_N":7409845.047,"h_ortom":540.15,"material":"Concreto","cc_tipo":"Simples","profundidade_cm":120,"inacessivel":false,"posicao":"Esquina","tampa":"Concreto","condicao":"Boa","obstr_sup":"Não","obstr_sup_tipo":"Nenhuma","obstr_fundo":"Não","obstr_fundo_tipo":"Nenhuma","n_tubos":0,"tubos":"","area_critica":"","entrega":"2026-09-30"},"geometry":{"type":"Point","coordinates":[-51.9063067,-23.418636]}},
{"type":"Feature","properties":{"id":"A26093017:33133","equipe":"A","num":133,"codigo":"PTOALT","tipo":"Ponto alto (eixo)","utm_E":407387.5005,"utm_N":7409811.237,"h_ortom":541.635,"material":null,"cc_tipo":null,"profundidade_cm":null,"inacessivel":false,"posicao":null,"tampa":null,"condicao":null,"obstr_sup":null,"obstr_sup_tipo":null,"obstr_fundo":null,"obstr_fundo_tipo":null,"n_tubos":0,"tubos":"","area_critica":"","entrega":"2026-09-30"},"geometry":{"type":"Point","coordinates":[-51.9064951,-23.4189403]}},
{"type":"Feature","properties":{"id":"A26093017:35134","equipe":"A","num":134,"codigo":"ESQUINA","tipo":"Esquina (eixo)","utm_E":407381.4275,"utm_N":7409813.231,"h_ortom":541.645,"material":null,"cc_tipo":null,"profundidade_cm":null,"inacessivel":false,"posicao":null,"tampa":null,"condicao":null,"obstr_sup":null,"obstr_sup_tipo":null,"obstr_fundo":null,"obstr_fundo_tipo":null,"n_tubos":0,"tubos":"","area_critica":"","entrega":"2026-09-30"},"geometry":{"type":"Point","coordinates":[-51.9065545,-23.4189219]}},
{"type":"Feature","properties":{"id":"A26093017:36135","equipe":"A","num":135,"codigo":"BLO","tipo":"Boca de lobo","utm_E":407445.5641,"utm_N":7409787.327,"h_ortom":541.19,"material":"Concreto","cc_tipo":"Simples","profundidade_cm":65,"inacessivel":false,"posicao":"Esquina","tampa":"Concreto","condicao":"Boa","obstr_sup":"Parcial","obstr_sup_tipo":"Folhagem","obstr_fundo":"Parcial","obstr_fundo_tipo":"Entulho","n_tubos":0,"tubos":"","area_critica":"","entrega":"2026-09-30"},"geometry":{"type":"Point","coordinates":[-51.9059283,-23.4191595]}},
{"type":"Feature","properties":{"id":"A26093017:43136","equipe":"A","num":136,"codigo":"BLO","tipo":"Boca de lobo","utm_E":407388.461,"utm_N":7409847.66,"h_ortom":540.394,"material":"Concreto","cc_tipo":"Simples","profundidade_cm":null,"inacessivel":true,"posicao":"Esquina","tampa":"Concreto","condicao":"Boa","obstr_sup":"Não","obstr_sup_tipo":"Nenhuma","obstr_fundo":"Total","obstr_fundo_tipo":"Solo","n_tubos":0,"tubos":"","area_critica":"","entrega":"2026-09-30"},"geometry":{"type":"Point","coordinates":[-51.9064835,-23.4186114]}},
{"type":"Feature","properties":{"id":"A26093017:45137","equipe":"A","num":137,"codigo":"BLO","tipo":"Boca de lobo","utm_E":407380.1088,"utm_N":7409860.265,"h_ortom":540.199,"material":"Concreto","cc_tipo":"Simples","profundidade_cm":130,"inacessivel":false,"posicao":"Esquina","tampa":"Concreto","condicao":"Boa","obstr_sup":"Não","obstr_sup_tipo":"Nenhuma","obstr_fundo":"Não","obstr_fundo_tipo":"Nenhuma","n_tubos":0,"tubos":"","area_critica":"","entrega":"2026-09-30"},"geometry":{"type":"Point","coordinates":[-51.9065645,-23.418497]}},
{"type":"Feature","properties":{"id":"A26093017:49138","equipe":"A","num":138,"codigo":"BLO","tipo":"Boca de lobo","utm_E":407385.3661,"utm_N":7409868.981,"h_ortom":540.08,"material":"Concreto","cc_tipo":"Simples","profundidade_cm":140,"inacessivel":false,"posicao":"Esquina","tampa":"Concreto","condicao":"Boa","obstr_sup":"Não","obstr_sup_tipo":"Nenhuma","obstr_fundo":"Não","obstr_fundo_tipo":"Nenhuma","n_tubos":0,"tubos":"","area_critica":"","entrega":"2026-09-30"},"geometry":{"type":"Point","coordinates":[-51.9065125,-23.4184186]}},
{"type":"Feature","properties":{"id":"A26093017:53139","equipe":"A","num":139,"codigo":"ESQUINA","tipo":"Esquina (eixo)","utm_E":407304.4879,"utm_N":7409893.071,"h_ortom":541.084,"material":null,"cc_tipo":null,"profundidade_cm":null,"inacessivel":false,"posicao":null,"tampa":null,"condicao":null,"obstr_sup":null,"obstr_sup_tipo":null,"obstr_fundo":null,"obstr_fundo_tipo":null,"n_tubos":0,"tubos":"","area_critica":"","entrega":"2026-09-30"},"geometry":{"type":"Point","coordinates":[-51.9073026,-23.4181965]}},
{"type":"Feature","properties":{"id":"A26093017:53140","equipe":"A","num":140,"codigo":"BLO","tipo":"Boca de lobo","utm_E":407303.149,"utm_N":7409882.46,"h_ortom":541.191,"material":"Concreto","cc_tipo":"Simples","profundidade_cm":155,"inacessivel":false,"posicao":"Esquina","tampa":"Concreto","condicao":"Boa","obstr_sup":"Não","obstr_sup_tipo":"Nenhuma","obstr_fundo":"Parcial","obstr_fundo_tipo":"Entulho","n_tubos":1,"tubos":"40cm NW","area_critica":"","entrega":"2026-09-30"},"geometry":{"type":"Point","coordinates":[-51.9073163,-23.4182922]}},
{"type":"Feature","properties":{"id":"A26093017:56141","equipe":"A","num":141,"codigo":"BLO","tipo":"Boca de lobo","utm_E":407295.35,"utm_N":7409893.727,"h_ortom":541.048,"material":"Concreto","cc_tipo":"Simples","profundidade_cm":160,"inacessivel":false,"posicao":"Esquina","tampa":"Concreto","condicao":"Boa","obstr_sup":"Parcial","obstr_sup_tipo":"Resíduo","obstr_fundo":"Não","obstr_fundo_tipo":"Nenhuma","n_tubos":0,"tubos":"","area_critica":"","entrega":"2026-09-30"},"geometry":{"type":"Point","coordinates":[-51.907392,-23.41819]}},
{"type":"Feature","properties":{"id":"A26093017:59142","equipe":"A","num":142,"codigo":"BLO","tipo":"Boca de lobo","utm_E":407300.5894,"utm_N":7409902.396,"h_ortom":540.906,"material":"Concreto","cc_tipo":"Simples","profundidade_cm":153,"inacessivel":false,"posicao":"Esquina","tampa":"Concreto","condicao":"Boa","obstr_sup":"Não","obstr_sup_tipo":"Nenhuma","obstr_fundo":"Não","obstr_fundo_tipo":"Nenhuma","n_tubos":0,"tubos":"","area_critica":"","entrega":"2026-09-30"},"geometry":{"type":"Point","coordinates":[-51.9073401,-23.418112]}},
{"type":"Feature","properties":{"id":"A26093018:03143","equipe":"A","num":143,"codigo":"BLO","tipo":"Boca de lobo","utm_E":407227.8298,"utm_N":7409934.591,"h_ortom":541.438,"material":"Concreto","cc_tipo":"Simples","profundidade_cm":130,"inacessivel":false,"posicao":"Meio de quadra","tampa":"Concreto","condicao":"Boa","obstr_sup":"Não","obstr_sup_tipo":"Nenhuma","obstr_fundo":"Não","obstr_fundo_tipo":"Nenhuma","n_tubos":1,"tubos":"40cm NE","area_critica":"","entrega":"2026-09-30"},"geometry":{"type":"Point","coordinates":[-51.9080503,-23.4178171]}},
{"type":"Feature","properties":{"id":"A26093018:07144","equipe":"A","num":144,"codigo":"BLO","tipo":"Boca de lobo","utm_E":407150.6028,"utm_N":7409975.009,"h_ortom":541.98,"material":"Concreto","cc_tipo":"Simples","profundidade_cm":140,"inacessivel":false,"posicao":"Esquina","tampa":"Concreto","condicao":"Boa","obstr_sup":"Não","obstr_sup_tipo":"Nenhuma","obstr_fundo":"Não","obstr_fundo_tipo":"Nenhuma","n_tubos":0,"tubos":"","area_critica":"","entrega":"2026-09-30"},"geometry":{"type":"Point","coordinates":[-51.9088036,-23.4174476]}},
{"type":"Feature","properties":{"id":"A26093018:11145","equipe":"A","num":145,"codigo":"BLO","tipo":"Boca de lobo","utm_E":407142.4557,"utm_N":7409986.234,"h_ortom":541.98,"material":"Concreto","cc_tipo":"Simples","profundidade_cm":115,"inacessivel":false,"posicao":"Esquina","tampa":"Concreto","condicao":"Boa","obstr_sup":"Não","obstr_sup_tipo":"Nenhuma","obstr_fundo":"Não","obstr_fundo_tipo":"Nenhuma","n_tubos":0,"tubos":"","area_critica":"","entrega":"2026-09-30"},"geometry":{"type":"Point","coordinates":[-51.9088826,-23.4173458]}},
{"type":"Feature","properties":{"id":"A26093018:14146","equipe":"A","num":146,"codigo":"BLO","tipo":"Boca de lobo","utm_E":407072.6112,"utm_N":7410028.626,"h_ortom":542.565,"material":"Concreto","cc_tipo":"Simples","profundidade_cm":113,"inacessivel":false,"posicao":"Meio de quadra","tampa":"Concreto","condicao":"Boa","obstr_sup":"Não","obstr_sup_tipo":"Nenhuma","obstr_fundo":"Parcial","obstr_fundo_tipo":"Folhagem","n_tubos":1,"tubos":"40cm NE","area_critica":"","entrega":"2026-09-30"},"geometry":{"type":"Point","coordinates":[-51.9095636,-23.4169589]}},
{"type":"Feature","properties":{"id":"A26093018:18147","equipe":"A","num":147,"codigo":"PTOALT","tipo":"Ponto alto (eixo)","utm_E":407032.9742,"utm_N":7410058.407,"h_ortom":543.096,"material":null,"cc_tipo":null,"profundidade_cm":null,"inacessivel":false,"posicao":null,"tampa":null,"condicao":null,"obstr_sup":null,"obstr_sup_tipo":null,"obstr_fundo":null,"obstr_fundo_tipo":null,"n_tubos":0,"tubos":"","area_critica":"","entrega":"2026-09-30"},"geometry":{"type":"Point","coordinates":[-51.9099497,-23.4166877]}},
{"type":"Feature","properties":{"id":"B26093008:28001","equipe":"B","num":1,"codigo":"ESQUINA","tipo":"Esquina (eixo)","utm_E":407399.8244,"utm_N":7410395.444,"h_ortom":521.073,"material":null,"cc_tipo":null,"profundidade_cm":null,"inacessivel":false,"posicao":null,"tampa":null,"condicao":null,"obstr_sup":null,"obstr_sup_tipo":null,"obstr_fundo":null,"obstr_fundo_tipo":null,"n_tubos":0,"tubos":"","area_critica":"","entrega":"2026-09-30"},"geometry":{"type":"Point","coordinates":[-51.9063386,-23.4136645]}},
{"type":"Feature","properties":{"id":"B26093008:31002","equipe":"B","num":2,"codigo":"BLO","tipo":"Boca de lobo","utm_E":407481.5555,"utm_N":7410351.763,"h_ortom":525.885,"material":"Concreto","cc_tipo":"Simples","profundidade_cm":null,"inacessivel":true,"posicao":"Meio de quadra","tampa":"Concreto","condicao":"Ruim","obstr_sup":"Total","obstr_sup_tipo":"Solo","obstr_fundo":"Total","obstr_fundo_tipo":"Solo","n_tubos":0,"tubos":"","area_critica":"","entrega":"2026-09-30"},"geometry":{"type":"Point","coordinates":[-51.9055414,-23.4140637]}},
{"type":"Feature","properties":{"id":"B26093008:36003","equipe":"B","num":3,"codigo":"ESQUINA","tipo":"Esquina (eixo)","utm_E":407518.2413,"utm_N":7410323.485,"h_ortom":528.341,"material":null,"cc_tipo":null,"profundidade_cm":null,"inacessivel":false,"posicao":null,"tampa":null,"condicao":null,"obstr_sup":null,"obstr_sup_tipo":null,"obstr_fundo":null,"obstr_fundo_tipo":null,"n_tubos":0,"tubos":"","area_critica":"","entrega":"2026-09-30"},"geometry":{"type":"Point","coordinates":[-51.9051841,-23.4143212]}},
{"type":"Feature","properties":{"id":"B26093008:36004","equipe":"B","num":4,"codigo":"BLO","tipo":"Boca de lobo","utm_E":407518.9989,"utm_N":7410333.744,"h_ortom":528.208,"material":"Concreto","cc_tipo":"Simples","profundidade_cm":null,"inacessivel":true,"posicao":"Esquina","tampa":"Concreto","condicao":"Boa","obstr_sup":"Total","obstr_sup_tipo":"Solo","obstr_fundo":"Total","obstr_fundo_tipo":"Solo","n_tubos":0,"tubos":"","area_critica":"","entrega":"2026-09-30"},"geometry":{"type":"Point","coordinates":[-51.9051761,-23.4142285]}},
{"type":"Feature","properties":{"id":"B26093008:40005","equipe":"B","num":5,"codigo":"PTOALT","tipo":"Ponto alto (eixo)","utm_E":407535.2556,"utm_N":7410351.023,"h_ortom":528.566,"material":null,"cc_tipo":null,"profundidade_cm":null,"inacessivel":false,"posicao":null,"tampa":null,"condicao":null,"obstr_sup":null,"obstr_sup_tipo":null,"obstr_fundo":null,"obstr_fundo_tipo":null,"n_tubos":0,"tubos":"","area_critica":"","entrega":"2026-09-30"},"geometry":{"type":"Point","coordinates":[-51.9050159,-23.4140734]}},
{"type":"Feature","properties":{"id":"B26093008:40006","equipe":"B","num":6,"codigo":"PTOBAI","tipo":"Ponto baixo (eixo)","utm_E":407521.7925,"utm_N":7410329.046,"h_ortom":528.239,"material":null,"cc_tipo":null,"profundidade_cm":null,"inacessivel":false,"posicao":null,"tampa":null,"condicao":null,"obstr_sup":null,"obstr_sup_tipo":null,"obstr_fundo":null,"obstr_fundo_tipo":null,"n_tubos":0,"tubos":"","area_critica":"","entrega":"2026-09-30"},"geometry":{"type":"Point","coordinates":[-51.905149,-23.4142711]}},
{"type":"Feature","properties":{"id":"B26093008:42007","equipe":"B","num":7,"codigo":"BLO","tipo":"Boca de lobo","utm_E":407558.0944,"utm_N":7410294.449,"h_ortom":530.558,"material":"Concreto","cc_tipo":"Simples","profundidade_cm":null,"inacessivel":true,"posicao":"Esquina","tampa":"Concreto","condicao":"Boa","obstr_sup":"Total","obstr_sup_tipo":"Solo","obstr_fundo":"Total","obstr_fundo_tipo":"Solo","n_tubos":0,"tubos":"","area_critica":"","entrega":"2026-09-30"},"geometry":{"type":"Point","coordinates":[-51.9047958,-23.4145857]}},
{"type":"Feature","properties":{"id":"B26093008:46009","equipe":"B","num":9,"codigo":"PTOALT","tipo":"Ponto alto (eixo)","utm_E":407631.1939,"utm_N":7410256.642,"h_ortom":533.494,"material":null,"cc_tipo":null,"profundidade_cm":null,"inacessivel":false,"posicao":null,"tampa":null,"condicao":null,"obstr_sup":null,"obstr_sup_tipo":null,"obstr_fundo":null,"obstr_fundo_tipo":null,"n_tubos":0,"tubos":"","area_critica":"","entrega":"2026-09-30","tambem":"B26093008:46008 (ESQUINA)"},"geometry":{"type":"Point","coordinates":[-51.9040828,-23.4149313]}},
{"type":"Feature","properties":{"id":"B26093008:47011","equipe":"B","num":11,"codigo":"PTOALT","tipo":"Ponto alto (eixo)","utm_E":407645.2143,"utm_N":7410247.907,"h_ortom":533.94,"material":null,"cc_tipo":null,"profundidade_cm":null,"inacessivel":false,"posicao":null,"tampa":null,"condicao":null,"obstr_sup":null,"obstr_sup_tipo":null,"obstr_fundo":null,"obstr_fundo_tipo":null,"n_tubos":0,"tubos":"","area_critica":"","entrega":"2026-09-30","tambem":"B26093008:47010 (ESQUINA)"},"geometry":{"type":"Point","coordinates":[-51.9039461,-23.415011]}},
{"type":"Feature","properties":{"id":"B26093008:47012","equipe":"B","num":12,"codigo":"BLO","tipo":"Boca de lobo","utm_E":407634.5952,"utm_N":7410239.092,"h_ortom":533.751,"material":"Concreto","cc_tipo":"Simples","profundidade_cm":null,"inacessivel":true,"posicao":"Esquina","tampa":"Concreto","condicao":"Boa","obstr_sup":"Total","obstr_sup_tipo":"Solo","obstr_fundo":"Total","obstr_fundo_tipo":"Solo","n_tubos":0,"tubos":"","area_critica":"","entrega":"2026-09-30"},"geometry":{"type":"Point","coordinates":[-51.9040505,-23.41509]}},
{"type":"Feature","properties":{"id":"B26093008:49013","equipe":"B","num":13,"codigo":"BLO","tipo":"Boca de lobo","utm_E":407627.9036,"utm_N":7410242.979,"h_ortom":533.469,"material":"Concreto","cc_tipo":"Simples","profundidade_cm":null,"inacessivel":true,"posicao":"Esquina","tampa":"Concreto","condicao":"Boa","obstr_sup":"Total","obstr_sup_tipo":"Solo","obstr_fundo":"Total","obstr_fundo_tipo":"Solo","n_tubos":0,"tubos":"","area_critica":"","entrega":"2026-09-30"},"geometry":{"type":"Point","coordinates":[-51.9041158,-23.4150545]}},
{"type":"Feature","properties":{"id":"B26093008:52014","equipe":"B","num":14,"codigo":"PTOBAI","tipo":"Ponto baixo (eixo)","utm_E":407649.0454,"utm_N":7410284.812,"h_ortom":533.254,"material":null,"cc_tipo":null,"profundidade_cm":null,"inacessivel":false,"posicao":null,"tampa":null,"condicao":null,"obstr_sup":null,"obstr_sup_tipo":null,"obstr_fundo":null,"obstr_fundo_tipo":null,"n_tubos":0,"tubos":"","area_critica":"","entrega":"2026-09-30"},"geometry":{"type":"Point","coordinates":[-51.9039063,-23.4146779]}},
{"type":"Feature","properties":{"id":"B26093008:53015","equipe":"B","num":15,"codigo":"PTOBAI","tipo":"Ponto baixo (eixo)","utm_E":407661.8559,"utm_N":7410277.655,"h_ortom":533.613,"material":null,"cc_tipo":null,"profundidade_cm":null,"inacessivel":false,"posicao":null,"tampa":null,"condicao":null,"obstr_sup":null,"obstr_sup_tipo":null,"obstr_fundo":null,"obstr_fundo_tipo":null,"n_tubos":0,"tubos":"","area_critica":"","entrega":"2026-09-30"},"geometry":{"type":"Point","coordinates":[-51.9037814,-23.4147432]}},
{"type":"Feature","properties":{"id":"B26093008:54016","equipe":"B","num":16,"codigo":"BLO","tipo":"Boca de lobo","utm_E":407655.3693,"utm_N":7410246.002,"h_ortom":534.051,"material":"Concreto","cc_tipo":"Simples","profundidade_cm":145,"inacessivel":false,"posicao":"Esquina","tampa":"Concreto","condicao":"Boa","obstr_sup":"Parcial","obstr_sup_tipo":"Folhagem","obstr_fundo":"Não","obstr_fundo_tipo":"Nenhuma","n_tubos":1,"tubos":"40cm SW","area_critica":"","entrega":"2026-09-30"},"geometry":{"type":"Point","coordinates":[-51.9038468,-23.4150287]}},
{"type":"Feature","properties":{"id":"B26093009:01017","equipe":"B","num":17,"codigo":"BLO","tipo":"Boca de lobo","utm_E":407724.7144,"utm_N":7410194.715,"h_ortom":535.687,"material":"Concreto","cc_tipo":"Simples","profundidade_cm":152,"inacessivel":false,"posicao":"Meio de quadra","tampa":"Concreto","condicao":"Ruim","obstr_sup":"Não","obstr_sup_tipo":"Nenhuma","obstr_fundo":"Não","obstr_fundo_tipo":"Nenhuma","n_tubos":1,"tubos":"40cm NE","area_critica":"","entrega":"2026-09-30"},"geometry":{"type":"Point","coordinates":[-51.9031713,-23.4154959]}},
{"type":"Feature","properties":{"id":"B26093009:07018","equipe":"B","num":18,"codigo":"BLO","tipo":"Boca de lobo","utm_E":407729.1903,"utm_N":7410202.034,"h_ortom":535.698,"material":"Concreto","cc_tipo":"Simples","profundidade_cm":83,"inacessivel":false,"posicao":"Meio de quadra","tampa":"Concreto","condicao":"Boa","obstr_sup":"Não","obstr_sup_tipo":"Nenhuma","obstr_fundo":"Parcial","obstr_fundo_tipo":"Folhagem","n_tubos":0,"tubos":"","area_critica":"","entrega":"2026-09-30"},"geometry":{"type":"Point","coordinates":[-51.903127,-23.41543]}},
{"type":"Feature","properties":{"id":"B26093009:10019","equipe":"B","num":19,"codigo":"BLO","tipo":"Boca de lobo","utm_E":407813.6903,"utm_N":7410151.09,"h_ortom":536.931,"material":"Concreto","cc_tipo":"Simples","profundidade_cm":null,"inacessivel":true,"posicao":"Meio de quadra","tampa":"Concreto","condicao":"Boa","obstr_sup":"Total","obstr_sup_tipo":"Solo","obstr_fundo":"Total","obstr_fundo_tipo":"Solo","n_tubos":0,"tubos":"","area_critica":"","entrega":"2026-09-30"},"geometry":{"type":"Point","coordinates":[-51.9023032,-23.4158949]}},
{"type":"Feature","properties":{"id":"B26093009:12020","equipe":"B","num":20,"codigo":"BLO","tipo":"Boca de lobo","utm_E":407809.5062,"utm_N":7410143.134,"h_ortom":537.051,"material":"Concreto","cc_tipo":"Simples","profundidade_cm":148,"inacessivel":false,"posicao":"Esquina","tampa":"Concreto","condicao":"Ruim","obstr_sup":"Não","obstr_sup_tipo":"Nenhuma","obstr_fundo":"Não","obstr_fundo_tipo":"Nenhuma","n_tubos":1,"tubos":"40cm NE","area_critica":"","entrega":"2026-09-30"},"geometry":{"type":"Point","coordinates":[-51.9023446,-23.4159666]}},
{"type":"Feature","properties":{"id":"B26093009:21021","equipe":"B","num":21,"codigo":"BLO","tipo":"Boca de lobo","utm_E":407882.1836,"utm_N":7410099.82,"h_ortom":537.678,"material":"Concreto","cc_tipo":"Simples","profundidade_cm":null,"inacessivel":true,"posicao":"Meio de quadra","tampa":"Concreto","condicao":"Boa","obstr_sup":"Não","obstr_sup_tipo":"Nenhuma","obstr_fundo":"Total","obstr_fundo_tipo":"Entulho","n_tubos":0,"tubos":"","area_critica":"","entrega":"2026-09-30"},"geometry":{"type":"Point","coordinates":[-51.901636,-23.4163619]}},
{"type":"Feature","properties":{"id":"B26093009:24022","equipe":"B","num":22,"codigo":"ESQUINA","tipo":"Esquina (eixo)","utm_E":407962.9289,"utm_N":7410056.205,"h_ortom":538.864,"material":null,"cc_tipo":null,"profundidade_cm":null,"inacessivel":false,"posicao":null,"tampa":null,"condicao":null,"obstr_sup":null,"obstr_sup_tipo":null,"obstr_fundo":null,"obstr_fundo_tipo":null,"n_tubos":0,"tubos":"","area_critica":"","entrega":"2026-09-30"},"geometry":{"type":"Point","coordinates":[-51.9008484,-23.4167603]}},
{"type":"Feature","properties":{"id":"B26093009:24023","equipe":"B","num":23,"codigo":"PTOBAI","tipo":"Ponto baixo (eixo)","utm_E":407983.9383,"utm_N":7410091.016,"h_ortom":537.444,"material":null,"cc_tipo":null,"profundidade_cm":null,"inacessivel":false,"posicao":null,"tampa":null,"condicao":null,"obstr_sup":null,"obstr_sup_tipo":null,"obstr_fundo":null,"obstr_fundo_tipo":null,"n_tubos":0,"tubos":"","area_critica":"","entrega":"2026-09-30"},"geometry":{"type":"Point","coordinates":[-51.9006406,-23.4164471]}},
{"type":"Feature","properties":{"id":"B26093009:25024","equipe":"B","num":24,"codigo":"PTOALT","tipo":"Ponto alto (eixo)","utm_E":407965.6155,"utm_N":7410060.619,"h_ortom":538.745,"material":null,"cc_tipo":null,"profundidade_cm":null,"inacessivel":false,"posicao":null,"tampa":null,"condicao":null,"obstr_sup":null,"obstr_sup_tipo":null,"obstr_fundo":null,"obstr_fundo_tipo":null,"n_tubos":0,"tubos":"","area_critica":"","entrega":"2026-09-30"},"geometry":{"type":"Point","coordinates":[-51.9008218,-23.4167206]}},
{"type":"Feature","properties":{"id":"B26093009:28025","equipe":"B","num":25,"codigo":"BLO","tipo":"Boca de lobo","utm_E":407967.9573,"utm_N":7410048.033,"h_ortom":538.966,"material":"Concreto","cc_tipo":"Múltipla","profundidade_cm":283,"inacessivel":false,"posicao":"Esquina","tampa":"Concreto","condicao":"Boa","obstr_sup":"Não","obstr_sup_tipo":"Nenhuma","obstr_fundo":"Parcial","obstr_fundo_tipo":"Resíduo","n_tubos":2,"tubos":"40cm NE; 7.5cm S","area_critica":"","entrega":"2026-09-30"},"geometry":{"type":"Point","coordinates":[-51.9007997,-23.4168344]}},
{"type":"Feature","properties":{"id":"B26093009:35026","equipe":"B","num":26,"codigo":"BLO","tipo":"Boca de lobo","utm_E":408053.1819,"utm_N":7409996.14,"h_ortom":540.528,"material":"Concreto","cc_tipo":"Múltipla","profundidade_cm":189,"inacessivel":false,"posicao":"Meio de quadra","tampa":"Concreto","condicao":"Boa","obstr_sup":"Não","obstr_sup_tipo":"Nenhuma","obstr_fundo":"Não","obstr_fundo_tipo":"Nenhuma","n_tubos":1,"tubos":"40cm NE","area_critica":"","entrega":"2026-09-30"},"geometry":{"type":"Point","coordinates":[-51.8999688,-23.4173079]}},
{"type":"Feature","properties":{"id":"B26093009:43027","equipe":"B","num":27,"codigo":"BLO","tipo":"Boca de lobo","utm_E":407973.5361,"utm_N":7409942.899,"h_ortom":542.272,"material":"Concreto","cc_tipo":"Simples","profundidade_cm":150,"inacessivel":false,"posicao":"Meio de quadra","tampa":"Concreto","condicao":"Boa","obstr_sup":"Não","obstr_sup_tipo":"Nenhuma","obstr_fundo":"Parcial","obstr_fundo_tipo":"Solo","n_tubos":1,"tubos":"40cm SW","area_critica":"","entrega":"2026-09-30"},"geometry":{"type":"Point","coordinates":[-51.9007515,-23.4177843]}},
{"type":"Feature","properties":{"id":"B26093009:48028","equipe":"B","num":28,"codigo":"BLO","tipo":"Boca de lobo","utm_E":407921.939,"utm_N":7409973.614,"h_ortom":541.555,"material":"Concreto","cc_tipo":"Simples","profundidade_cm":150,"inacessivel":false,"posicao":"Esquina","tampa":"Concreto","condicao":"Boa","obstr_sup":"Não","obstr_sup_tipo":"Nenhuma","obstr_fundo":"Parcial","obstr_fundo_tipo":"Solo","n_tubos":1,"tubos":"40cm SW","area_critica":"","entrega":"2026-09-30"},"geometry":{"type":"Point","coordinates":[-51.9012546,-23.417504]}},
{"type":"Feature","properties":{"id":"B26093009:49029","equipe":"B","num":29,"codigo":"ESQUINA","tipo":"Esquina (eixo)","utm_E":407912.6503,"utm_N":7409974.52,"h_ortom":541.518,"material":null,"cc_tipo":null,"profundidade_cm":null,"inacessivel":false,"posicao":null,"tampa":null,"condicao":null,"obstr_sup":null,"obstr_sup_tipo":null,"obstr_fundo":null,"obstr_fundo_tipo":null,"n_tubos":0,"tubos":"","area_critica":"","entrega":"2026-09-30"},"geometry":{"type":"Point","coordinates":[-51.9013455,-23.4174953]}},
{"type":"Feature","properties":{"id":"B26093009:51030","equipe":"B","num":30,"codigo":"BLO","tipo":"Boca de lobo","utm_E":407912.1509,"utm_N":7409964.64,"h_ortom":541.674,"material":"Concreto","cc_tipo":"Simples","profundidade_cm":null,"inacessivel":true,"posicao":"Esquina","tampa":"Concreto","condicao":"Boa","obstr_sup":"Total","obstr_sup_tipo":"Solo","obstr_fundo":"Total","obstr_fundo_tipo":"Solo","n_tubos":0,"tubos":"","area_critica":"","entrega":"2026-09-30"},"geometry":{"type":"Point","coordinates":[-51.901351,-23.4175845]}},
{"type":"Feature","properties":{"id":"B26093009:58031","equipe":"B","num":31,"codigo":"BLO","tipo":"Boca de lobo","utm_E":407832.22,"utm_N":7410017.911,"h_ortom":540.653,"material":"Concreto","cc_tipo":"Simples","profundidade_cm":138,"inacessivel":false,"posicao":"Meio de quadra","tampa":"Concreto","condicao":"Boa","obstr_sup":"Não","obstr_sup_tipo":"Nenhuma","obstr_fundo":"Parcial","obstr_fundo_tipo":"Solo","n_tubos":1,"tubos":"40cm NE","area_critica":"","entrega":"2026-09-30"},"geometry":{"type":"Point","coordinates":[-51.90213,-23.4170988]}},
{"type":"Feature","properties":{"id":"B26093010:01032","equipe":"B","num":32,"codigo":"BLO","tipo":"Boca de lobo","utm_E":407764.702,"utm_N":7410068.415,"h_ortom":539.263,"material":"Concreto","cc_tipo":"Simples","profundidade_cm":145,"inacessivel":false,"posicao":"Esquina","tampa":"Concreto","condicao":"Boa","obstr_sup":"Não","obstr_sup_tipo":"Nenhuma","obstr_fundo":"Parcial","obstr_fundo_tipo":"Solo","n_tubos":1,"tubos":"40cm SW","area_critica":"","entrega":"2026-09-30"},"geometry":{"type":"Point","coordinates":[-51.9027877,-23.4166389]}},
{"type":"Feature","properties":{"id":"B26093010:03033","equipe":"B","num":33,"codigo":"ESQUINA","tipo":"Esquina (eixo)","utm_E":407754.9751,"utm_N":7410069.534,"h_ortom":539.181,"material":null,"cc_tipo":null,"profundidade_cm":null,"inacessivel":false,"posicao":null,"tampa":null,"condicao":null,"obstr_sup":null,"obstr_sup_tipo":null,"obstr_fundo":null,"obstr_fundo_tipo":null,"n_tubos":0,"tubos":"","area_critica":"","entrega":"2026-09-30"},"geometry":{"type":"Point","coordinates":[-51.9028828,-23.4166282]}},
{"type":"Feature","properties":{"id":"B26093010:03034","equipe":"B","num":34,"codigo":"BLO","tipo":"Boca de lobo","utm_E":407747.0911,"utm_N":7410064.301,"h_ortom":539.214,"material":"Concreto","cc_tipo":"Simples","profundidade_cm":175,"inacessivel":false,"posicao":"Esquina","tampa":"Concreto","condicao":"Ruim","obstr_sup":"Não","obstr_sup_tipo":"Nenhuma","obstr_fundo":"Parcial","obstr_fundo_tipo":"Solo","n_tubos":1,"tubos":"40cm SE","area_critica":"","entrega":"2026-09-30"},"geometry":{"type":"Point","coordinates":[-51.9029603,-23.416675]}},
{"type":"Feature","properties":{"id":"B26093010:10035","equipe":"B","num":35,"codigo":"BLO","tipo":"Boca de lobo","utm_E":407674.292,"utm_N":7410122.93,"h_ortom":536.895,"material":"Concreto","cc_tipo":"Simples","profundidade_cm":155,"inacessivel":false,"posicao":"Meio de quadra","tampa":"Concreto","condicao":"Boa","obstr_sup":"Não","obstr_sup_tipo":"Nenhuma","obstr_fundo":"Não","obstr_fundo_tipo":"Nenhuma","n_tubos":1,"tubos":"40cm SW","area_critica":"","entrega":"2026-09-30"},"geometry":{"type":"Point","coordinates":[-51.9036692,-23.4161414]}},
{"type":"Feature","properties":{"id":"B26093010:13036","equipe":"B","num":36,"codigo":"PTOBAI","tipo":"Ponto baixo (eixo)","utm_E":407604.9328,"utm_N":7410160.069,"h_ortom":534.924,"material":null,"cc_tipo":null,"profundidade_cm":null,"inacessivel":false,"posicao":null,"tampa":null,"condicao":null,"obstr_sup":null,"obstr_sup_tipo":null,"obstr_fundo":null,"obstr_fundo_tipo":null,"n_tubos":0,"tubos":"","area_critica":"","entrega":"2026-09-30"},"geometry":{"type":"Point","coordinates":[-51.9043457,-23.415802]}},
{"type":"Feature","properties":{"id":"B26093010:14037","equipe":"B","num":37,"codigo":"ESQUINA","tipo":"Esquina (eixo)","utm_E":407595.7976,"utm_N":7410165.575,"h_ortom":534.787,"material":null,"cc_tipo":null,"profundidade_cm":null,"inacessivel":false,"posicao":null,"tampa":null,"condicao":null,"obstr_sup":null,"obstr_sup_tipo":null,"obstr_fundo":null,"obstr_fundo_tipo":null,"n_tubos":0,"tubos":"","area_critica":"","entrega":"2026-09-30"},"geometry":{"type":"Point","coordinates":[-51.9044348,-23.4157518]}},
{"type":"Feature","properties":{"id":"B26093010:14038","equipe":"B","num":38,"codigo":"ESQUINA","tipo":"Esquina (eixo)","utm_E":407581.2628,"utm_N":7410173.057,"h_ortom":534.231,"material":null,"cc_tipo":null,"profundidade_cm":null,"inacessivel":false,"posicao":null,"tampa":null,"condicao":null,"obstr_sup":null,"obstr_sup_tipo":null,"obstr_fundo":null,"obstr_fundo_tipo":null,"n_tubos":0,"tubos":"","area_critica":"","entrega":"2026-09-30"},"geometry":{"type":"Point","coordinates":[-51.9045766,-23.4156834]}},
{"type":"Feature","properties":{"id":"B26093010:21039","equipe":"B","num":39,"codigo":"BLO","tipo":"Boca de lobo","utm_E":407508.6348,"utm_N":7410213.233,"h_ortom":530.652,"material":"Concreto","cc_tipo":"Simples","profundidade_cm":null,"inacessivel":true,"posicao":"Esquina","tampa":"Concreto","condicao":"Boa","obstr_sup":"Total","obstr_sup_tipo":"Solo","obstr_fundo":"Total","obstr_fundo_tipo":"Solo","n_tubos":0,"tubos":"","area_critica":"","entrega":"2026-09-30"},"geometry":{"type":"Point","coordinates":[-51.9052849,-23.4153164]}},
{"type":"Feature","properties":{"id":"B26093010:23040","equipe":"B","num":40,"codigo":"BLO","tipo":"Boca de lobo","utm_E":407504.3853,"utm_N":7410230.913,"h_ortom":530.018,"material":"Concreto","cc_tipo":"Simples","profundidade_cm":132,"inacessivel":false,"posicao":"Esquina","tampa":"Concreto","condicao":"Ruim","obstr_sup":"Não","obstr_sup_tipo":"Nenhuma","obstr_fundo":"Não","obstr_fundo_tipo":"Nenhuma","n_tubos":1,"tubos":"40cm SE","area_critica":"","entrega":"2026-09-30"},"geometry":{"type":"Point","coordinates":[-51.9053254,-23.4151565]}},
{"type":"Feature","properties":{"id":"B26093010:27041","equipe":"B","num":41,"codigo":"ESQUINA","tipo":"Esquina (eixo)","utm_E":407503.242,"utm_N":7410220.909,"h_ortom":530.483,"material":null,"cc_tipo":null,"profundidade_cm":null,"inacessivel":false,"posicao":null,"tampa":null,"condicao":null,"obstr_sup":null,"obstr_sup_tipo":null,"obstr_fundo":null,"obstr_fundo_tipo":null,"n_tubos":0,"tubos":"","area_critica":"","entrega":"2026-09-30"},"geometry":{"type":"Point","coordinates":[-51.9053372,-23.4152468]}},
{"type":"Feature","properties":{"id":"B26093010:28042","equipe":"B","num":42,"codigo":"BLO","tipo":"Boca de lobo","utm_E":407422.4062,"utm_N":7410265.435,"h_ortom":525.651,"material":"Concreto","cc_tipo":"Simples","profundidade_cm":130,"inacessivel":false,"posicao":"Meio de quadra","tampa":"Concreto","condicao":"Ruim","obstr_sup":"Parcial","obstr_sup_tipo":"Resíduo","obstr_fundo":"Parcial","obstr_fundo_tipo":"Resíduo","n_tubos":1,"tubos":"40cm NE","area_critica":"","entrega":"2026-09-30"},"geometry":{"type":"Point","coordinates":[-51.9061256,-23.41484]}},
{"type":"Feature","properties":{"id":"B26093010:34043","equipe":"B","num":43,"codigo":"ESQUINA","tipo":"Esquina (eixo)","utm_E":407350.5587,"utm_N":7410314.006,"h_ortom":523.549,"material":null,"cc_tipo":null,"profundidade_cm":null,"inacessivel":false,"posicao":null,"tampa":null,"condicao":null,"obstr_sup":null,"obstr_sup_tipo":null,"obstr_fundo":null,"obstr_fundo_tipo":null,"n_tubos":0,"tubos":"","area_critica":"","entrega":"2026-09-30"},"geometry":{"type":"Point","coordinates":[-51.9068257,-23.4143973]}},
{"type":"Feature","properties":{"id":"B26093010:34044","equipe":"B","num":44,"codigo":"BLO","tipo":"Boca de lobo","utm_E":407355.7852,"utm_N":7410305.742,"h_ortom":523.574,"material":"Concreto","cc_tipo":"Simples","profundidade_cm":150,"inacessivel":false,"posicao":"Meio de quadra","tampa":"Concreto","condicao":"Boa","obstr_sup":"Não","obstr_sup_tipo":"Nenhuma","obstr_fundo":"Não","obstr_fundo_tipo":"Nenhuma","n_tubos":2,"tubos":"40cm NE; 5cm SW","area_critica":"","entrega":"2026-09-30"},"geometry":{"type":"Point","coordinates":[-51.9067751,-23.4144722]}},
{"type":"Feature","properties":{"id":"B26093010:40045","equipe":"B","num":45,"codigo":"BLO","tipo":"Boca de lobo","utm_E":407342.3106,"utm_N":7410307.848,"h_ortom":523.858,"material":"Concreto","cc_tipo":"Múltipla","profundidade_cm":170,"inacessivel":false,"posicao":"Esquina","tampa":"Concreto","condicao":"Boa","obstr_sup":"Não","obstr_sup_tipo":"Nenhuma","obstr_fundo":"Não","obstr_fundo_tipo":"Nenhuma","n_tubos":1,"tubos":"40cm SEM","area_critica":"","entrega":"2026-09-30"},"geometry":{"type":"Point","coordinates":[-51.9069069,-23.4144524]}},
{"type":"Feature","properties":{"id":"B26093010:44046","equipe":"B","num":46,"codigo":"BLO","tipo":"Boca de lobo","utm_E":407345.155,"utm_N":7410321.845,"h_ortom":523.51,"material":"Concreto","cc_tipo":"Múltipla","profundidade_cm":155,"inacessivel":false,"posicao":"Esquina","tampa":"Concreto","condicao":"Boa","obstr_sup":"Não","obstr_sup_tipo":"Nenhuma","obstr_fundo":"Não","obstr_fundo_tipo":"Nenhuma","n_tubos":1,"tubos":"40cm SW","area_critica":"","entrega":"2026-09-30"},"geometry":{"type":"Point","coordinates":[-51.9068782,-23.4143261]}},
{"type":"Feature","properties":{"id":"B26093010:47047","equipe":"B","num":47,"codigo":"PTOALT","tipo":"Ponto alto (eixo)","utm_E":407284.7445,"utm_N":7410353.652,"h_ortom":524.332,"material":null,"cc_tipo":null,"profundidade_cm":null,"inacessivel":false,"posicao":null,"tampa":null,"condicao":null,"obstr_sup":null,"obstr_sup_tipo":null,"obstr_fundo":null,"obstr_fundo_tipo":null,"n_tubos":0,"tubos":"","area_critica":"","entrega":"2026-09-30"},"geometry":{"type":"Point","coordinates":[-51.9074674,-23.4140354]}},
{"type":"Feature","properties":{"id":"B26093010:48048","equipe":"B","num":48,"codigo":"BLO","tipo":"Boca de lobo","utm_E":407271.725,"utm_N":7410356.13,"h_ortom":524.433,"material":"Concreto","cc_tipo":"Simples","profundidade_cm":null,"inacessivel":true,"posicao":"Meio de quadra","tampa":"Concreto","condicao":"Boa","obstr_sup":"Total","obstr_sup_tipo":"Solo","obstr_fundo":"Total","obstr_fundo_tipo":"Solo","n_tubos":0,"tubos":"","area_critica":"","entrega":"2026-09-30"},"geometry":{"type":"Point","coordinates":[-51.9075947,-23.4140123]}},
{"type":"Feature","properties":{"id":"B26093010:52049","equipe":"B","num":49,"codigo":"BLO","tipo":"Boca de lobo","utm_E":407223.5104,"utm_N":7410273.658,"h_ortom":529.128,"material":"Concreto","cc_tipo":"Simples","profundidade_cm":null,"inacessivel":true,"posicao":"Meio de quadra","tampa":"Concreto","condicao":"Boa","obstr_sup":"Não","obstr_sup_tipo":"Nenhuma","obstr_fundo":"Total","obstr_fundo_tipo":"Solo","n_tubos":0,"tubos":"","area_critica":"","entrega":"2026-09-30"},"geometry":{"type":"Point","coordinates":[-51.9080716,-23.4147544]}},
{"type":"Feature","properties":{"id":"B26093010:57050","equipe":"B","num":50,"codigo":"ESQUINA","tipo":"Esquina (eixo)","utm_E":407301.0613,"utm_N":7410231.504,"h_ortom":528.208,"material":null,"cc_tipo":null,"profundidade_cm":null,"inacessivel":false,"posicao":null,"tampa":null,"condicao":null,"obstr_sup":null,"obstr_sup_tipo":null,"obstr_fundo":null,"obstr_fundo_tipo":null,"n_tubos":0,"tubos":"","area_critica":"","entrega":"2026-09-30"},"geometry":{"type":"Point","coordinates":[-51.9073152,-23.4151396]}},
{"type":"Feature","properties":{"id":"B26093010:57051","equipe":"B","num":51,"codigo":"BLO","tipo":"Boca de lobo","utm_E":407291.4974,"utm_N":7410232.483,"h_ortom":528.452,"material":"Concreto","cc_tipo":"Simples","profundidade_cm":150,"inacessivel":false,"posicao":"Esquina","tampa":"Concreto","condicao":"Boa","obstr_sup":"Não","obstr_sup_tipo":"Nenhuma","obstr_fundo":"Parcial","obstr_fundo_tipo":"Entulho","n_tubos":1,"tubos":"40cm NE","area_critica":"","entrega":"2026-09-30"},"geometry":{"type":"Point","coordinates":[-51.9074088,-23.4151302]}},
{"type":"Feature","properties":{"id":"B26093011:02052","equipe":"B","num":52,"codigo":"BLO","tipo":"Boca de lobo","utm_E":407292.9819,"utm_N":7410226.336,"h_ortom":528.521,"material":"Concreto","cc_tipo":"Simples","profundidade_cm":135,"inacessivel":false,"posicao":"Esquina","tampa":"Concreto","condicao":"Boa","obstr_sup":"Não","obstr_sup_tipo":"Nenhuma","obstr_fundo":"Não","obstr_fundo_tipo":"Nenhuma","n_tubos":1,"tubos":"40cm SE","area_critica":"","entrega":"2026-09-30"},"geometry":{"type":"Point","coordinates":[-51.9073946,-23.4151858]}},
{"type":"Feature","properties":{"id":"B26093011:04053","equipe":"B","num":53,"codigo":"BLO","tipo":"Boca de lobo","utm_E":407300.0293,"utm_N":7410222.134,"h_ortom":528.314,"material":"Concreto","cc_tipo":"Simples","profundidade_cm":142,"inacessivel":false,"posicao":"Esquina","tampa":"Concreto","condicao":"Boa","obstr_sup":"Não","obstr_sup_tipo":"Nenhuma","obstr_fundo":"Parcial","obstr_fundo_tipo":"Entulho","n_tubos":1,"tubos":"40cm NW","area_critica":"","entrega":"2026-09-30"},"geometry":{"type":"Point","coordinates":[-51.9073259,-23.4152242]}},
{"type":"Feature","properties":{"id":"B26093011:07054","equipe":"B","num":54,"codigo":"PTOBAI","tipo":"Ponto baixo (eixo)","utm_E":407308.6984,"utm_N":7410226.626,"h_ortom":528.062,"material":null,"cc_tipo":null,"profundidade_cm":null,"inacessivel":false,"posicao":null,"tampa":null,"condicao":null,"obstr_sup":null,"obstr_sup_tipo":null,"obstr_fundo":null,"obstr_fundo_tipo":null,"n_tubos":0,"tubos":"","area_critica":"","entrega":"2026-09-30"},"geometry":{"type":"Point","coordinates":[-51.9072408,-23.4151841]}},
{"type":"Feature","properties":{"id":"B26093011:08055","equipe":"B","num":55,"codigo":"BLO","tipo":"Boca de lobo","utm_E":407378.6316,"utm_N":7410189.505,"h_ortom":528.39,"material":"Concreto","cc_tipo":"Simples","profundidade_cm":103,"inacessivel":false,"posicao":"Meio de quadra","tampa":"Concreto","condicao":"Boa","obstr_sup":"Parcial","obstr_sup_tipo":"Folhagem","obstr_fundo":"Não","obstr_fundo_tipo":"Nenhuma","n_tubos":2,"tubos":"40cm SW; 7.5cm EE","area_critica":"","entrega":"2026-09-30"},"geometry":{"type":"Point","coordinates":[-51.9065587,-23.4155233]}},
{"type":"Feature","properties":{"id":"B26093011:13056","equipe":"B","num":56,"codigo":"ESQUINA","tipo":"Esquina (eixo)","utm_E":407453.9076,"utm_N":7410139.283,"h_ortom":530.306,"material":null,"cc_tipo":null,"profundidade_cm":null,"inacessivel":false,"posicao":null,"tampa":null,"condicao":null,"obstr_sup":null,"obstr_sup_tipo":null,"obstr_fundo":null,"obstr_fundo_tipo":null,"n_tubos":0,"tubos":"","area_critica":"","entrega":"2026-09-30"},"geometry":{"type":"Point","coordinates":[-51.905825,-23.4159812]}},
{"type":"Feature","properties":{"id":"B26093011:13057","equipe":"B","num":57,"codigo":"BLO","tipo":"Boca de lobo","utm_E":407454.6046,"utm_N":7410148.752,"h_ortom":530.086,"material":"Concreto","cc_tipo":"Simples","profundidade_cm":104,"inacessivel":false,"posicao":"Esquina","tampa":"Concreto","condicao":"Boa","obstr_sup":"Não","obstr_sup_tipo":"Nenhuma","obstr_fundo":"Parcial","obstr_fundo_tipo":"Folhagem","n_tubos":1,"tubos":"40cm SE","area_critica":"","entrega":"2026-09-30"},"geometry":{"type":"Point","coordinates":[-51.9058176,-23.4158957]}},
{"type":"Feature","properties":{"id":"B26093011:17058","equipe":"B","num":58,"codigo":"BLO","tipo":"Boca de lobo","utm_E":407463.0551,"utm_N":7410138.411,"h_ortom":530.463,"material":"Concreto","cc_tipo":"Simples","profundidade_cm":null,"inacessivel":true,"posicao":"Esquina","tampa":"Concreto","condicao":"Boa","obstr_sup":"Total","obstr_sup_tipo":"Solo","obstr_fundo":"Total","obstr_fundo_tipo":"Solo","n_tubos":0,"tubos":"","area_critica":"","entrega":"2026-09-30"},"geometry":{"type":"Point","coordinates":[-51.9057356,-23.4159896]}},
{"type":"Feature","properties":{"id":"B26093011:19059","equipe":"B","num":59,"codigo":"BLO","tipo":"Boca de lobo","utm_E":407459.0559,"utm_N":7410131.054,"h_ortom":530.601,"material":"Concreto","cc_tipo":"Simples","profundidade_cm":null,"inacessivel":true,"posicao":"Esquina","tampa":"Concreto","condicao":"Boa","obstr_sup":"Total","obstr_sup_tipo":"Solo","obstr_fundo":"Total","obstr_fundo_tipo":"Solo","n_tubos":0,"tubos":"","area_critica":"","entrega":"2026-09-30"},"geometry":{"type":"Point","coordinates":[-51.9057752,-23.4160558]}},
{"type":"Feature","properties":{"id":"B26093011:21060","equipe":"B","num":60,"codigo":"ESQUINA","tipo":"Esquina (eixo)","utm_E":407532.2568,"utm_N":7410091.552,"h_ortom":534.084,"material":null,"cc_tipo":null,"profundidade_cm":null,"inacessivel":false,"posicao":null,"tampa":null,"condicao":null,"obstr_sup":null,"obstr_sup_tipo":null,"obstr_fundo":null,"obstr_fundo_tipo":null,"n_tubos":0,"tubos":"","area_critica":"","entrega":"2026-09-30"},"geometry":{"type":"Point","coordinates":[-51.9050612,-23.4164167]}},
{"type":"Feature","properties":{"id":"B26093011:22061","equipe":"B","num":61,"codigo":"ESQUINA","tipo":"Esquina (eixo)","utm_E":407545.2788,"utm_N":7410084.161,"h_ortom":534.499,"material":null,"cc_tipo":null,"profundidade_cm":null,"inacessivel":false,"posicao":null,"tampa":null,"condicao":null,"obstr_sup":null,"obstr_sup_tipo":null,"obstr_fundo":null,"obstr_fundo_tipo":null,"n_tubos":0,"tubos":"","area_critica":"","entrega":"2026-09-30"},"geometry":{"type":"Point","coordinates":[-51.9049342,-23.4164842]}},
{"type":"Feature","properties":{"id":"B26093011:22062","equipe":"B","num":62,"codigo":"BLO","tipo":"Boca de lobo","utm_E":407522.7862,"utm_N":7410086.047,"h_ortom":533.869,"material":"Concreto","cc_tipo":"Simples","profundidade_cm":140,"inacessivel":false,"posicao":"Esquina","tampa":"Concreto","condicao":"Ruim","obstr_sup":"Não","obstr_sup_tipo":"Nenhuma","obstr_fundo":"Parcial","obstr_fundo_tipo":"Solo","n_tubos":1,"tubos":"40cm SE","area_critica":"","entrega":"2026-09-30"},"geometry":{"type":"Point","coordinates":[-51.9051542,-23.4164659]}},
{"type":"Feature","properties":{"id":"B26093011:27063","equipe":"B","num":63,"codigo":"BLO","tipo":"Boca de lobo","utm_E":407528.3261,"utm_N":7410078.414,"h_ortom":534.11,"material":"Concreto","cc_tipo":"Simples","profundidade_cm":162,"inacessivel":false,"posicao":"Esquina","tampa":"Concreto","condicao":"Ruim","obstr_sup":"Não","obstr_sup_tipo":"Nenhuma","obstr_fundo":"Parcial","obstr_fundo_tipo":"Solo","n_tubos":1,"tubos":"40cm NW","area_critica":"","entrega":"2026-09-30"},"geometry":{"type":"Point","coordinates":[-51.9051005,-23.4165352]}},
{"type":"Feature","properties":{"id":"B26093011:32064","equipe":"B","num":64,"codigo":"BLO","tipo":"Boca de lobo","utm_E":407535.5298,"utm_N":7410074.22,"h_ortom":534.403,"material":"Concreto","cc_tipo":"Simples","profundidade_cm":175,"inacessivel":false,"posicao":"Esquina","tampa":"Concreto","condicao":"Ruim","obstr_sup":"Não","obstr_sup_tipo":"Nenhuma","obstr_fundo":"Parcial","obstr_fundo_tipo":"Entulho","n_tubos":1,"tubos":"40cm SE","area_critica":"","entrega":"2026-09-30"},"geometry":{"type":"Point","coordinates":[-51.9050302,-23.4165735]}},
{"type":"Feature","properties":{"id":"B26093013:19065","equipe":"B","num":65,"codigo":"BLO","tipo":"Boca de lobo","utm_E":407545.1012,"utm_N":7410073.709,"h_ortom":534.466,"material":"Concreto","cc_tipo":"Simples","profundidade_cm":108,"inacessivel":false,"posicao":"Esquina","tampa":"Concreto","condicao":"Boa","obstr_sup":"Não","obstr_sup_tipo":"Nenhuma","obstr_fundo":"Não","obstr_fundo_tipo":"Nenhuma","n_tubos":1,"tubos":"40cm NW","area_critica":"","entrega":"2026-09-30"},"geometry":{"type":"Point","coordinates":[-51.9049366,-23.4165786]}},
{"type":"Feature","properties":{"id":"B26093013:23066","equipe":"B","num":66,"codigo":"BLO","tipo":"Boca de lobo","utm_E":407552.1335,"utm_N":7410074.906,"h_ortom":534.626,"material":"Concreto","cc_tipo":"Simples","profundidade_cm":113,"inacessivel":false,"posicao":"Esquina","tampa":"Concreto","condicao":"Boa","obstr_sup":"Não","obstr_sup_tipo":"Nenhuma","obstr_fundo":"Parcial","obstr_fundo_tipo":"Entulho","n_tubos":2,"tubos":"40cm NE; 100cm SE","area_critica":"","entrega":"2026-09-30"},"geometry":{"type":"Point","coordinates":[-51.9048677,-23.4165682]}},
{"type":"Feature","properties":{"id":"B26093013:29067","equipe":"B","num":67,"codigo":"BLO","tipo":"Boca de lobo","utm_E":407622.1497,"utm_N":7410032.568,"h_ortom":537.316,"material":"Concreto","cc_tipo":"Simples","profundidade_cm":170,"inacessivel":false,"posicao":"Esquina","tampa":"Concreto","condicao":"Ruim","obstr_sup":"Não","obstr_sup_tipo":"Nenhuma","obstr_fundo":"Parcial","obstr_fundo_tipo":"Entulho","n_tubos":1,"tubos":"40cm NE","area_critica":"","entrega":"2026-09-30"},"geometry":{"type":"Point","coordinates":[-51.904185,-23.4169546]}},
{"type":"Feature","properties":{"id":"B26093013:34068","equipe":"B","num":68,"codigo":"ESQUINA","tipo":"Esquina (eixo)","utm_E":407705.0172,"utm_N":7409987.123,"h_ortom":540.408,"material":null,"cc_tipo":null,"profundidade_cm":null,"inacessivel":false,"posicao":null,"tampa":null,"condicao":null,"obstr_sup":null,"obstr_sup_tipo":null,"obstr_fundo":null,"obstr_fundo_tipo":null,"n_tubos":0,"tubos":"","area_critica":"","entrega":"2026-09-30"},"geometry":{"type":"Point","coordinates":[-51.9033768,-23.4173697]}},
{"type":"Feature","properties":{"id":"B26093013:34069","equipe":"B","num":69,"codigo":"BLO","tipo":"Boca de lobo","utm_E":407704.4187,"utm_N":7409977.708,"h_ortom":540.498,"material":"Concreto","cc_tipo":"Simples","profundidade_cm":163,"inacessivel":false,"posicao":"Esquina","tampa":"Concreto","condicao":"Ruim","obstr_sup":"Não","obstr_sup_tipo":"Nenhuma","obstr_fundo":"Parcial","obstr_fundo_tipo":"Entulho","n_tubos":1,"tubos":"40cm NW","area_critica":"","entrega":"2026-09-30"},"geometry":{"type":"Point","coordinates":[-51.9033832,-23.4174547]}},
{"type":"Feature","properties":{"id":"B26093013:38070","equipe":"B","num":70,"codigo":"BLO","tipo":"Boca de lobo","utm_E":407710.5403,"utm_N":7409978.895,"h_ortom":540.569,"material":"Concreto","cc_tipo":"Simples","profundidade_cm":156,"inacessivel":false,"posicao":"Esquina","tampa":"Concreto","condicao":"Ruim","obstr_sup":"Não","obstr_sup_tipo":"Nenhuma","obstr_fundo":"Parcial","obstr_fundo_tipo":"Entulho","n_tubos":1,"tubos":"40cm NE","area_critica":"","entrega":"2026-09-30"},"geometry":{"type":"Point","coordinates":[-51.9033232,-23.4174443]}},
{"type":"Feature","properties":{"id":"B26093013:42071","equipe":"B","num":71,"codigo":"BLO","tipo":"Boca de lobo","utm_E":407785.9519,"utm_N":7409943.475,"h_ortom":542.391,"material":"Concreto","cc_tipo":"Simples","profundidade_cm":165,"inacessivel":false,"posicao":"Meio de quadra","tampa":"Concreto","condicao":"Boa","obstr_sup":"Não","obstr_sup_tipo":"Nenhuma","obstr_fundo":"Não","obstr_fundo_tipo":"Nenhuma","n_tubos":1,"tubos":"40cm SW","area_critica":"","entrega":"2026-09-30"},"geometry":{"type":"Point","coordinates":[-51.9025874,-23.4177685]}},
{"type":"Feature","properties":{"id":"B26093013:46072","equipe":"B","num":72,"codigo":"ESQUINA","tipo":"Esquina (eixo)","utm_E":407863.096,"utm_N":7409892.121,"h_ortom":543.663,"material":null,"cc_tipo":null,"profundidade_cm":null,"inacessivel":false,"posicao":null,"tampa":null,"condicao":null,"obstr_sup":null,"obstr_sup_tipo":null,"obstr_fundo":null,"obstr_fundo_tipo":null,"n_tubos":0,"tubos":"","area_critica":"","entrega":"2026-09-30"},"geometry":{"type":"Point","coordinates":[-51.9018355,-23.4182367]}},
{"type":"Feature","properties":{"id":"B26093013:47074","equipe":"B","num":74,"codigo":"PTOALT","tipo":"Ponto alto (eixo)","utm_E":407878.4559,"utm_N":7409882.761,"h_ortom":543.862,"material":null,"cc_tipo":null,"profundidade_cm":null,"inacessivel":false,"posicao":null,"tampa":null,"condicao":null,"obstr_sup":null,"obstr_sup_tipo":null,"obstr_fundo":null,"obstr_fundo_tipo":null,"n_tubos":0,"tubos":"","area_critica":"","entrega":"2026-09-30"},"geometry":{"type":"Point","coordinates":[-51.9016857,-23.4183221]}},
{"type":"Feature","properties":{"id":"B26093013:48075","equipe":"B","num":75,"codigo":"BLO","tipo":"Boca de lobo","utm_E":407868.0835,"utm_N":7409884.332,"h_ortom":543.76,"material":"Concreto","cc_tipo":"Simples","profundidade_cm":135,"inacessivel":false,"posicao":"Esquina","tampa":"Concreto","condicao":"Boa","obstr_sup":"Não","obstr_sup_tipo":"Nenhuma","obstr_fundo":"Não","obstr_fundo_tipo":"Nenhuma","n_tubos":1,"tubos":"40cm NE","area_critica":"","entrega":"2026-09-30"},"geometry":{"type":"Point","coordinates":[-51.9017872,-23.4183073]}},
{"type":"Feature","properties":{"id":"B26093013:52077","equipe":"B","num":77,"codigo":"PTOALT","tipo":"Ponto alto (eixo)","utm_E":407827.3385,"utm_N":7409832.858,"h_ortom":544.986,"material":null,"cc_tipo":null,"profundidade_cm":null,"inacessivel":false,"posicao":null,"tampa":null,"condicao":null,"obstr_sup":null,"obstr_sup_tipo":null,"obstr_fundo":null,"obstr_fundo_tipo":null,"n_tubos":0,"tubos":"","area_critica":"","entrega":"2026-09-30","tambem":"B26093013:52076 (ESQUINA)"},"geometry":{"type":"Point","coordinates":[-51.9021891,-23.4187699]}},
{"type":"Feature","properties":{"id":"B26093013:53078","equipe":"B","num":78,"codigo":"PTOBAI","tipo":"Ponto baixo (eixo)","utm_E":407860.4633,"utm_N":7409843.92,"h_ortom":544.716,"material":null,"cc_tipo":null,"profundidade_cm":null,"inacessivel":false,"posicao":null,"tampa":null,"condicao":null,"obstr_sup":null,"obstr_sup_tipo":null,"obstr_fundo":null,"obstr_fundo_tipo":null,"n_tubos":0,"tubos":"","area_critica":"","entrega":"2026-09-30"},"geometry":{"type":"Point","coordinates":[-51.9018642,-23.4186719]}},
{"type":"Feature","properties":{"id":"B26093013:55079","equipe":"B","num":79,"codigo":"ESQUINA","tipo":"Esquina (eixo)","utm_E":407782.0971,"utm_N":7409817.328,"h_ortom":545.075,"material":null,"cc_tipo":null,"profundidade_cm":null,"inacessivel":false,"posicao":null,"tampa":null,"condicao":null,"obstr_sup":null,"obstr_sup_tipo":null,"obstr_fundo":null,"obstr_fundo_tipo":null,"n_tubos":0,"tubos":"","area_critica":"","entrega":"2026-09-30"},"geometry":{"type":"Point","coordinates":[-51.9026328,-23.4189076]}},
{"type":"Feature","properties":{"id":"B26093013:55080","equipe":"B","num":80,"codigo":"PTOALT","tipo":"Ponto alto (eixo)","utm_E":407772.4531,"utm_N":7409821.246,"h_ortom":544.885,"material":null,"cc_tipo":null,"profundidade_cm":null,"inacessivel":false,"posicao":null,"tampa":null,"condicao":null,"obstr_sup":null,"obstr_sup_tipo":null,"obstr_fundo":null,"obstr_fundo_tipo":null,"n_tubos":0,"tubos":"","area_critica":"","entrega":"2026-09-30"},"geometry":{"type":"Point","coordinates":[-51.902727,-23.4188717]}},
{"type":"Feature","properties":{"id":"B26093013:56081","equipe":"B","num":81,"codigo":"BLO","tipo":"Boca de lobo","utm_E":407708.1822,"utm_N":7409849.305,"h_ortom":543.414,"material":"Concreto","cc_tipo":"Simples","profundidade_cm":165,"inacessivel":false,"posicao":"Meio de quadra","tampa":"Concreto","condicao":"Boa","obstr_sup":"Não","obstr_sup_tipo":"Nenhuma","obstr_fundo":"Não","obstr_fundo_tipo":"Nenhuma","n_tubos":1,"tubos":"40cm SE","area_critica":"","entrega":"2026-09-30"},"geometry":{"type":"Point","coordinates":[-51.9033543,-23.4186146]}},
{"type":"Feature","properties":{"id":"B26093014:01082","equipe":"B","num":82,"codigo":"BLO","tipo":"Boca de lobo","utm_E":407646.0202,"utm_N":7409872.124,"h_ortom":542.066,"material":"Concreto","cc_tipo":"Simples","profundidade_cm":152,"inacessivel":false,"posicao":"Esquina","tampa":"Concreto","condicao":"Boa","obstr_sup":"Não","obstr_sup_tipo":"Nenhuma","obstr_fundo":"Não","obstr_fundo_tipo":"Nenhuma","n_tubos":1,"tubos":"40cm SW","area_critica":"","entrega":"2026-09-30"},"geometry":{"type":"Point","coordinates":[-51.9039613,-23.418405]}},
{"type":"Feature","properties":{"id":"B26093014:04083","equipe":"B","num":83,"codigo":"ESQUINA","tipo":"Esquina (eixo)","utm_E":407635.5706,"utm_N":7409871.588,"h_ortom":541.983,"material":null,"cc_tipo":null,"profundidade_cm":null,"inacessivel":false,"posicao":null,"tampa":null,"condicao":null,"obstr_sup":null,"obstr_sup_tipo":null,"obstr_fundo":null,"obstr_fundo_tipo":null,"n_tubos":0,"tubos":"","area_critica":"","entrega":"2026-09-30","tambem":"B26093016:56135 (ESQUINA)"},"geometry":{"type":"Point","coordinates":[-51.9040636,-23.4184093]}},
{"type":"Feature","properties":{"id":"B26093014:04084","equipe":"B","num":84,"codigo":"BLO","tipo":"Boca de lobo","utm_E":407627.0461,"utm_N":7409865.513,"h_ortom":541.946,"material":"Concreto","cc_tipo":"Simples","profundidade_cm":155,"inacessivel":false,"posicao":"Esquina","tampa":"Concreto","condicao":"Boa","obstr_sup":"Não","obstr_sup_tipo":"Nenhuma","obstr_fundo":"Não","obstr_fundo_tipo":"Nenhuma","n_tubos":1,"tubos":"40cm SE","area_critica":"","entrega":"2026-09-30"},"geometry":{"type":"Point","coordinates":[-51.9041474,-23.4184637]}},
{"type":"Feature","properties":{"id":"B26093014:09085","equipe":"B","num":85,"codigo":"ESQUINA","tipo":"Esquina (eixo)","utm_E":407524.7473,"utm_N":7409912.2,"h_ortom":538.602,"material":null,"cc_tipo":null,"profundidade_cm":null,"inacessivel":false,"posicao":null,"tampa":null,"condicao":null,"obstr_sup":null,"obstr_sup_tipo":null,"obstr_fundo":null,"obstr_fundo_tipo":null,"n_tubos":0,"tubos":"","area_critica":"","entrega":"2026-09-30"},"geometry":{"type":"Point","coordinates":[-51.9051457,-23.4180362]}},
{"type":"Feature","properties":{"id":"B26093014:09086","equipe":"B","num":86,"codigo":"BLO","tipo":"Boca de lobo","utm_E":407522.3639,"utm_N":7409903.685,"h_ortom":538.673,"material":"Concreto","cc_tipo":"Simples","profundidade_cm":98,"inacessivel":false,"posicao":"Esquina","tampa":"Concreto","condicao":"Boa","obstr_sup":"Não","obstr_sup_tipo":"Nenhuma","obstr_fundo":"Parcial","obstr_fundo_tipo":"Solo","n_tubos":1,"tubos":"40cm NW","area_critica":"","entrega":"2026-09-30"},"geometry":{"type":"Point","coordinates":[-51.9051695,-23.418113]}},
{"type":"Feature","properties":{"id":"B26093014:12087","equipe":"B","num":87,"codigo":"BLO","tipo":"Boca de lobo","utm_E":407518.3093,"utm_N":7409905.209,"h_ortom":538.578,"material":"Concreto","cc_tipo":"Simples","profundidade_cm":102,"inacessivel":false,"posicao":"Esquina","tampa":"Concreto","condicao":"Boa","obstr_sup":"Não","obstr_sup_tipo":"Nenhuma","obstr_fundo":"Não","obstr_fundo_tipo":"Nenhuma","n_tubos":2,"tubos":"40cm SE; 100cm SW","area_critica":"","entrega":"2026-09-30"},"geometry":{"type":"Point","coordinates":[-51.9052091,-23.418099]}},
{"type":"Feature","properties":{"id":"B26093014:18091","equipe":"B","num":91,"codigo":"ESQUINA","tipo":"Esquina (eixo)","utm_E":407432.7328,"utm_N":7409898.269,"h_ortom":537.282,"material":null,"cc_tipo":null,"profundidade_cm":null,"inacessivel":false,"posicao":null,"tampa":null,"condicao":null,"obstr_sup":null,"obstr_sup_tipo":null,"obstr_fundo":null,"obstr_fundo_tipo":null,"n_tubos":0,"tubos":"","area_critica":"","entrega":"2026-09-30","tambem":"B26093014:27093 (ESQUINA)"},"geometry":{"type":"Point","coordinates":[-51.9060471,-23.4181568]}},
{"type":"Feature","properties":{"id":"B26093014:19092","equipe":"B","num":92,"codigo":"BLO","tipo":"Boca de lobo","utm_E":407464.8679,"utm_N":7409930.547,"h_ortom":536.419,"material":"Concreto","cc_tipo":"Simples","profundidade_cm":97,"inacessivel":false,"posicao":"Esquina","tampa":"Concreto","condicao":"Boa","obstr_sup":"Não","obstr_sup_tipo":"Nenhuma","obstr_fundo":"Não","obstr_fundo_tipo":"Nenhuma","n_tubos":1,"tubos":"40cm NE","area_critica":"","entrega":"2026-09-30"},"geometry":{"type":"Point","coordinates":[-51.9057306,-23.4178671]}},
{"type":"Feature","properties":{"id":"B26093014:28094","equipe":"B","num":94,"codigo":"ESQUINA","tipo":"Esquina (eixo)","utm_E":407442.8779,"utm_N":7409943.648,"h_ortom":536.252,"material":null,"cc_tipo":null,"profundidade_cm":null,"inacessivel":false,"posicao":null,"tampa":null,"condicao":null,"obstr_sup":null,"obstr_sup_tipo":null,"obstr_fundo":null,"obstr_fundo_tipo":null,"n_tubos":0,"tubos":"","area_critica":"","entrega":"2026-09-30"},"geometry":{"type":"Point","coordinates":[-51.905945,-23.4177475]}},
{"type":"Feature","properties":{"id":"B26093014:28095","equipe":"B","num":95,"codigo":"ESQUINA","tipo":"Esquina (eixo)","utm_E":407456.6615,"utm_N":7409937.85,"h_ortom":536.187,"material":null,"cc_tipo":null,"profundidade_cm":null,"inacessivel":false,"posicao":null,"tampa":null,"condicao":null,"obstr_sup":null,"obstr_sup_tipo":null,"obstr_fundo":null,"obstr_fundo_tipo":null,"n_tubos":0,"tubos":"","area_critica":"","entrega":"2026-09-30"},"geometry":{"type":"Point","coordinates":[-51.9058105,-23.4178007]}},
{"type":"Feature","properties":{"id":"B26093014:30096","equipe":"B","num":96,"codigo":"PTOBAI","tipo":"Ponto baixo (eixo)","utm_E":407460.6688,"utm_N":7409936.474,"h_ortom":536.19,"material":null,"cc_tipo":null,"profundidade_cm":null,"inacessivel":false,"posicao":null,"tampa":null,"condicao":null,"obstr_sup":null,"obstr_sup_tipo":null,"obstr_fundo":null,"obstr_fundo_tipo":null,"n_tubos":0,"tubos":"","area_critica":"","entrega":"2026-09-30"},"geometry":{"type":"Point","coordinates":[-51.9057713,-23.4178133]}},
{"type":"Feature","properties":{"id":"B26093014:30097","equipe":"B","num":97,"codigo":"BLO","tipo":"Boca de lobo","utm_E":407439.2355,"utm_N":7409931.172,"h_ortom":536.309,"material":"Concreto","cc_tipo":"Simples","profundidade_cm":null,"inacessivel":true,"posicao":"Esquina","tampa":"Concreto","condicao":"Ruim","obstr_sup":"Total","obstr_sup_tipo":"Solo","obstr_fundo":"Total","obstr_fundo_tipo":"Solo","n_tubos":1,"tubos":"40cm","area_critica":"","entrega":"2026-09-30"},"geometry":{"type":"Point","coordinates":[-51.9059814,-23.41786]}},
{"type":"Feature","properties":{"id":"B26093014:34098","equipe":"B","num":98,"codigo":"PTOBAI","tipo":"Ponto baixo (eixo)","utm_E":407435.4786,"utm_N":7409945.041,"h_ortom":536.209,"material":null,"cc_tipo":null,"profundidade_cm":null,"inacessivel":false,"posicao":null,"tampa":null,"condicao":null,"obstr_sup":null,"obstr_sup_tipo":null,"obstr_fundo":null,"obstr_fundo_tipo":null,"n_tubos":0,"tubos":"","area_critica":"","entrega":"2026-09-30"},"geometry":{"type":"Point","coordinates":[-51.9060174,-23.4177345]}},
{"type":"Feature","properties":{"id":"B26093014:35099","equipe":"B","num":99,"codigo":"BLO","tipo":"Boca de lobo","utm_E":407429.6493,"utm_N":7409942.652,"h_ortom":536.215,"material":"Concreto","cc_tipo":"Simples","profundidade_cm":null,"inacessivel":true,"posicao":"Esquina","tampa":"Concreto","condicao":"Boa","obstr_sup":"Total","obstr_sup_tipo":"Solo","obstr_fundo":"Total","obstr_fundo_tipo":"Solo","n_tubos":0,"tubos":"","area_critica":"","entrega":"2026-09-30"},"geometry":{"type":"Point","coordinates":[-51.9060746,-23.4177558]}},
{"type":"Feature","properties":{"id":"B26093014:37101","equipe":"B","num":101,"codigo":"PTOALT","tipo":"Ponto alto (eixo)","utm_E":407354.351,"utm_N":7409975.104,"h_ortom":536.57,"material":null,"cc_tipo":null,"profundidade_cm":null,"inacessivel":false,"posicao":null,"tampa":null,"condicao":null,"obstr_sup":null,"obstr_sup_tipo":null,"obstr_fundo":null,"obstr_fundo_tipo":null,"n_tubos":0,"tubos":"","area_critica":"","entrega":"2026-09-30","tambem":"B26093014:37100 (ESQUINA)"},"geometry":{"type":"Point","coordinates":[-51.9068095,-23.4174584]}},
{"type":"Feature","properties":{"id":"B26093014:38102","equipe":"B","num":102,"codigo":"BLO","tipo":"Boca de lobo","utm_E":407360.6647,"utm_N":7409968.105,"h_ortom":536.619,"material":"Concreto","cc_tipo":"Simples","profundidade_cm":null,"inacessivel":true,"posicao":"Esquina","tampa":"Concreto","condicao":"Boa","obstr_sup":"Não","obstr_sup_tipo":"NO","obstr_fundo":"Sim","obstr_fundo_tipo":"00","n_tubos":0,"tubos":"","area_critica":"","entrega":"2026-09-30"},"geometry":{"type":"Point","coordinates":[-51.9067481,-23.4175219]}},
{"type":"Feature","properties":{"id":"B26093014:43103","equipe":"B","num":103,"codigo":"BLO","tipo":"Boca de lobo","utm_E":407354.24,"utm_N":7409966.521,"h_ortom":536.774,"material":"Concreto","cc_tipo":"Simples","profundidade_cm":null,"inacessivel":true,"posicao":"Esquina","tampa":"Concreto","condicao":"Boa","obstr_sup":"Não","obstr_sup_tipo":"Nenhuma","obstr_fundo":"Total","obstr_fundo_tipo":"Solo","n_tubos":0,"tubos":"","area_critica":"","entrega":"2026-09-30"},"geometry":{"type":"Point","coordinates":[-51.9068111,-23.4175359]}},
{"type":"Feature","properties":{"id":"B26093014:46104","equipe":"B","num":104,"codigo":"BLO","tipo":"Boca de lobo","utm_E":407346.7181,"utm_N":7409970.519,"h_ortom":536.79,"material":"Concreto","cc_tipo":"Simples","profundidade_cm":null,"inacessivel":true,"posicao":"Esquina","tampa":"Concreto","condicao":"Boa","obstr_sup":"Não","obstr_sup_tipo":"Nenhuma","obstr_fundo":"Total","obstr_fundo_tipo":"Solo","n_tubos":0,"tubos":"","area_critica":"","entrega":"2026-09-30"},"geometry":{"type":"Point","coordinates":[-51.9068845,-23.4174994]}},
{"type":"Feature","properties":{"id":"B26093014:50105","equipe":"B","num":105,"codigo":"BLO","tipo":"Boca de lobo","utm_E":407275.4932,"utm_N":7410017.804,"h_ortom":535.939,"material":"Concreto","cc_tipo":"Múltipla","profundidade_cm":122,"inacessivel":false,"posicao":"Meio de quadra","tampa":"Concreto","condicao":"Boa","obstr_sup":"Não","obstr_sup_tipo":"Nenhuma","obstr_fundo":"Não","obstr_fundo_tipo":"Nenhuma","n_tubos":2,"tubos":"40cm NE; 40cm NW","area_critica":"","entrega":"2026-09-30"},"geometry":{"type":"Point","coordinates":[-51.9075786,-23.4170682]}},
{"type":"Feature","properties":{"id":"B26093014:56106","equipe":"B","num":106,"codigo":"ESQUINA","tipo":"Esquina (eixo)","utm_E":407234.8983,"utm_N":7410047.339,"h_ortom":536.157,"material":null,"cc_tipo":null,"profundidade_cm":null,"inacessivel":false,"posicao":null,"tampa":null,"condicao":null,"obstr_sup":null,"obstr_sup_tipo":null,"obstr_fundo":null,"obstr_fundo_tipo":null,"n_tubos":0,"tubos":"","area_critica":"","entrega":"2026-09-30"},"geometry":{"type":"Point","coordinates":[-51.9079741,-23.4167992]}},
{"type":"Feature","properties":{"id":"B26093014:56107","equipe":"B","num":107,"codigo":"PTOALT","tipo":"Ponto alto (eixo)","utm_E":407237.6593,"utm_N":7410051.704,"h_ortom":535.903,"material":null,"cc_tipo":null,"profundidade_cm":null,"inacessivel":false,"posicao":null,"tampa":null,"condicao":null,"obstr_sup":null,"obstr_sup_tipo":null,"obstr_fundo":null,"obstr_fundo_tipo":null,"n_tubos":0,"tubos":"","area_critica":"","entrega":"2026-09-30"},"geometry":{"type":"Point","coordinates":[-51.9079468,-23.4167599]}},
{"type":"Feature","properties":{"id":"B26093014:57108","equipe":"B","num":108,"codigo":"BLO","tipo":"Boca de lobo","utm_E":407200.6965,"utm_N":7410057.583,"h_ortom":536.692,"material":"Concreto","cc_tipo":"Simples","profundidade_cm":null,"inacessivel":true,"posicao":"Esquina","tampa":"Concreto","condicao":"Boa","obstr_sup":"Não","obstr_sup_tipo":"Nenhuma","obstr_fundo":"Total","obstr_fundo_tipo":"Solo","n_tubos":0,"tubos":"","area_critica":"","entrega":"2026-09-30"},"geometry":{"type":"Point","coordinates":[-51.9083082,-23.4167047]}},
{"type":"Feature","properties":{"id":"B26093015:00109","equipe":"B","num":109,"codigo":"BLO","tipo":"Boca de lobo","utm_E":407191.9737,"utm_N":7410068.265,"h_ortom":536.676,"material":"Concreto","cc_tipo":"Simples","profundidade_cm":null,"inacessivel":true,"posicao":"Esquina","tampa":"Concreto","condicao":"Boa","obstr_sup":"Não","obstr_sup_tipo":"Nenhuma","obstr_fundo":"Total","obstr_fundo_tipo":"Solo","n_tubos":0,"tubos":"","area_critica":"","entrega":"2026-09-30"},"geometry":{"type":"Point","coordinates":[-51.9083929,-23.4166077]}},
{"type":"Feature","properties":{"id":"B26093015:03110","equipe":"B","num":110,"codigo":"BLO","tipo":"Boca de lobo","utm_E":407121.2059,"utm_N":7410111.123,"h_ortom":537.488,"material":"Concreto","cc_tipo":"Simples","profundidade_cm":90,"inacessivel":false,"posicao":"Meio de quadra","tampa":"Concreto","condicao":"Boa","obstr_sup":"Não","obstr_sup_tipo":"Nenhuma","obstr_fundo":"Não","obstr_fundo_tipo":"Nenhuma","n_tubos":1,"tubos":"40cm NE","area_critica":"","entrega":"2026-09-30"},"geometry":{"type":"Point","coordinates":[-51.9090829,-23.4162166]}},
{"type":"Feature","properties":{"id":"B26093015:16111","equipe":"B","num":111,"codigo":"PTOALT","tipo":"Ponto alto (eixo)","utm_E":407127.8105,"utm_N":7410223.981,"h_ortom":533.827,"material":null,"cc_tipo":null,"profundidade_cm":null,"inacessivel":false,"posicao":null,"tampa":null,"condicao":null,"obstr_sup":null,"obstr_sup_tipo":null,"obstr_fundo":null,"obstr_fundo_tipo":null,"n_tubos":0,"tubos":"","area_critica":"","entrega":"2026-09-30"},"geometry":{"type":"Point","coordinates":[-51.9090113,-23.4151977]}},
{"type":"Feature","properties":{"id":"B26093015:17112","equipe":"B","num":112,"codigo":"BLO","tipo":"Boca de lobo","utm_E":407170.9685,"utm_N":7410203.021,"h_ortom":533.089,"material":"Concreto","cc_tipo":"Simples","profundidade_cm":107,"inacessivel":false,"posicao":"Meio de quadra","tampa":"Concreto","condicao":"Ruim","obstr_sup":"Não","obstr_sup_tipo":"Nenhuma","obstr_fundo":"Parcial","obstr_fundo_tipo":"Entulho","n_tubos":1,"tubos":"40cm SW","area_critica":"","entrega":"2026-09-30"},"geometry":{"type":"Point","coordinates":[-51.9085902,-23.4153894]}},
{"type":"Feature","properties":{"id":"B26093015:24113","equipe":"B","num":113,"codigo":"BLO","tipo":"Boca de lobo","utm_E":407241.7652,"utm_N":7410150.387,"h_ortom":531.974,"material":"Concreto","cc_tipo":"Simples","profundidade_cm":null,"inacessivel":true,"posicao":"Esquina","tampa":"Concreto","condicao":"Boa","obstr_sup":"Não","obstr_sup_tipo":"Nenhuma","obstr_fundo":"Total","obstr_fundo_tipo":"Solo","n_tubos":0,"tubos":"","area_critica":"","entrega":"2026-09-30"},"geometry":{"type":"Point","coordinates":[-51.9079006,-23.4158689]}},
{"type":"Feature","properties":{"id":"B26093015:27114","equipe":"B","num":114,"codigo":"BLO","tipo":"Boca de lobo","utm_E":407250.3361,"utm_N":7410139.778,"h_ortom":532.137,"material":"Concreto","cc_tipo":"Simples","profundidade_cm":105,"inacessivel":false,"posicao":"Esquina","tampa":"Concreto","condicao":"Boa","obstr_sup":"Não","obstr_sup_tipo":"Nenhuma","obstr_fundo":"Não","obstr_fundo_tipo":"Nenhuma","n_tubos":1,"tubos":"40cm NW","area_critica":"","entrega":"2026-09-30"},"geometry":{"type":"Point","coordinates":[-51.9078173,-23.4159652]}},
{"type":"Feature","properties":{"id":"B26093015:31115","equipe":"B","num":115,"codigo":"BLO","tipo":"Boca de lobo","utm_E":407260.9684,"utm_N":7410148.517,"h_ortom":531.806,"material":"Concreto","cc_tipo":"Simples","profundidade_cm":120,"inacessivel":false,"posicao":"Esquina","tampa":"Concreto","condicao":"Boa","obstr_sup":"Não","obstr_sup_tipo":"Nenhuma","obstr_fundo":"Parcial","obstr_fundo_tipo":"Entulho","n_tubos":1,"tubos":"40cm SW","area_critica":"","entrega":"2026-09-30"},"geometry":{"type":"Point","coordinates":[-51.9077127,-23.4158868]}},
{"type":"Feature","properties":{"id":"B26093015:38116","equipe":"B","num":116,"codigo":"BLO","tipo":"Boca de lobo","utm_E":407282.0646,"utm_N":7410120.912,"h_ortom":532.263,"material":"Concreto","cc_tipo":"Simples","profundidade_cm":105,"inacessivel":false,"posicao":"Esquina","tampa":"Concreto","condicao":"Boa","obstr_sup":"Não","obstr_sup_tipo":"Nenhuma","obstr_fundo":"Não","obstr_fundo_tipo":"Nenhuma","n_tubos":2,"tubos":"40cm NE; 40cm NW","area_critica":"","entrega":"2026-09-30"},"geometry":{"type":"Point","coordinates":[-51.907508,-23.4161374]}},
{"type":"Feature","properties":{"id":"B26093015:41117","equipe":"B","num":117,"codigo":"BLO","tipo":"Boca de lobo","utm_E":407315.0506,"utm_N":7410115.87,"h_ortom":532.087,"material":"Concreto","cc_tipo":"Simples","profundidade_cm":115,"inacessivel":false,"posicao":"Meio de quadra","tampa":"Concreto","condicao":"Boa","obstr_sup":"Não","obstr_sup_tipo":"Nenhuma","obstr_fundo":"Não","obstr_fundo_tipo":"Nenhuma","n_tubos":1,"tubos":"40cm SW","area_critica":"","entrega":"2026-09-30"},"geometry":{"type":"Point","coordinates":[-51.9071855,-23.4161848]}},
{"type":"Feature","properties":{"id":"B26093015:56118","equipe":"B","num":118,"codigo":"BLO","tipo":"Boca de lobo","utm_E":407329.69,"utm_N":7410107.112,"h_ortom":532.181,"material":"Concreto","cc_tipo":"Simples","profundidade_cm":126,"inacessivel":false,"posicao":"Meio de quadra","tampa":"Ferro","condicao":"Boa","obstr_sup":"Não","obstr_sup_tipo":"Nenhuma","obstr_fundo":"Não","obstr_fundo_tipo":"Nenhuma","n_tubos":1,"tubos":"40cm SW","area_critica":"","entrega":"2026-09-30"},"geometry":{"type":"Point","coordinates":[-51.9070427,-23.4162647]}},
{"type":"Feature","properties":{"id":"B26093015:58119","equipe":"B","num":119,"codigo":"ESQUINA","tipo":"Esquina (eixo)","utm_E":407341.9672,"utm_N":7410094.216,"h_ortom":532.344,"material":null,"cc_tipo":null,"profundidade_cm":null,"inacessivel":false,"posicao":null,"tampa":null,"condicao":null,"obstr_sup":null,"obstr_sup_tipo":null,"obstr_fundo":null,"obstr_fundo_tipo":null,"n_tubos":0,"tubos":"","area_critica":"","entrega":"2026-09-30"},"geometry":{"type":"Point","coordinates":[-51.9069234,-23.4163819]}},
{"type":"Feature","properties":{"id":"B26093015:58120","equipe":"B","num":120,"codigo":"PTOBAI","tipo":"Ponto baixo (eixo)","utm_E":407339.2301,"utm_N":7410089.18,"h_ortom":532.32,"material":null,"cc_tipo":null,"profundidade_cm":null,"inacessivel":false,"posicao":null,"tampa":null,"condicao":null,"obstr_sup":null,"obstr_sup_tipo":null,"obstr_fundo":null,"obstr_fundo_tipo":null,"n_tubos":0,"tubos":"","area_critica":"","entrega":"2026-09-30"},"geometry":{"type":"Point","coordinates":[-51.9069505,-23.4164272]}},
{"type":"Feature","properties":{"id":"B26093015:58121","equipe":"B","num":121,"codigo":"BLO","tipo":"Boca de lobo","utm_E":407344.6137,"utm_N":7410087.957,"h_ortom":532.352,"material":"Concreto","cc_tipo":"Simples","profundidade_cm":null,"inacessivel":true,"posicao":"Esquina","tampa":"Concreto","condicao":"Boa","obstr_sup":"Total","obstr_sup_tipo":"Solo","obstr_fundo":"Total","obstr_fundo_tipo":"Solo","n_tubos":0,"tubos":"","area_critica":"","entrega":"2026-09-30"},"geometry":{"type":"Point","coordinates":[-51.9068978,-23.4164386]}},
{"type":"Feature","properties":{"id":"B26093016:00122","equipe":"B","num":122,"codigo":"BLO","tipo":"Boca de lobo","utm_E":407368.3371,"utm_N":7410068.323,"h_ortom":532.623,"material":"Concreto","cc_tipo":"Simples","profundidade_cm":null,"inacessivel":true,"posicao":"Esquina","tampa":"Concreto","condicao":"Boa","obstr_sup":"Total","obstr_sup_tipo":"Solo","obstr_fundo":"Total","obstr_fundo_tipo":"Solo","n_tubos":0,"tubos":"","area_critica":"","entrega":"2026-09-30"},"geometry":{"type":"Point","coordinates":[-51.9066669,-23.4166172]}},
{"type":"Feature","properties":{"id":"B26093016:03123","equipe":"B","num":123,"codigo":"ESQUINA","tipo":"Esquina (eixo)","utm_E":407404.154,"utm_N":7410056.711,"h_ortom":532.811,"material":null,"cc_tipo":null,"profundidade_cm":null,"inacessivel":false,"posicao":null,"tampa":null,"condicao":null,"obstr_sup":null,"obstr_sup_tipo":null,"obstr_fundo":null,"obstr_fundo_tipo":null,"n_tubos":0,"tubos":"","area_critica":"","entrega":"2026-09-30"},"geometry":{"type":"Point","coordinates":[-51.9063171,-23.4167241]}},
{"type":"Feature","properties":{"id":"B26093016:04124","equipe":"B","num":124,"codigo":"BLO","tipo":"Boca de lobo","utm_E":407403.1196,"utm_N":7410047.315,"h_ortom":532.962,"material":"Concreto","cc_tipo":"Simples","profundidade_cm":140,"inacessivel":false,"posicao":"Esquina","tampa":"Concreto","condicao":"Boa","obstr_sup":"Não","obstr_sup_tipo":"Nenhuma","obstr_fundo":"Parcial","obstr_fundo_tipo":"Entulho","n_tubos":1,"tubos":"40cm NW","area_critica":"","entrega":"2026-09-30"},"geometry":{"type":"Point","coordinates":[-51.9063278,-23.4168089]}},
{"type":"Feature","properties":{"id":"B26093016:12125","equipe":"B","num":125,"codigo":"BLO","tipo":"Boca de lobo","utm_E":407473.533,"utm_N":7410004.621,"h_ortom":534.817,"material":"Concreto","cc_tipo":"Simples","profundidade_cm":null,"inacessivel":true,"posicao":"Esquina","tampa":"Concreto","condicao":"Boa","obstr_sup":"Total","obstr_sup_tipo":"Solo","obstr_fundo":"Total","obstr_fundo_tipo":"Solo","n_tubos":0,"tubos":"","area_critica":"","entrega":"2026-09-30"},"geometry":{"type":"Point","coordinates":[-51.9056413,-23.4171986]}},
{"type":"Feature","properties":{"id":"B26093016:20127","equipe":"B","num":127,"codigo":"PTOBAI","tipo":"Ponto baixo (eixo)","utm_E":407503.6461,"utm_N":7409996.779,"h_ortom":535.316,"material":null,"cc_tipo":null,"profundidade_cm":null,"inacessivel":false,"posicao":null,"tampa":null,"condicao":null,"obstr_sup":null,"obstr_sup_tipo":null,"obstr_fundo":null,"obstr_fundo_tipo":null,"n_tubos":0,"tubos":"","area_critica":"","entrega":"2026-09-30"},"geometry":{"type":"Point","coordinates":[-51.905347,-23.4172711]}},
{"type":"Feature","properties":{"id":"B26093016:21128","equipe":"B","num":128,"codigo":"ESQUINA","tipo":"Esquina (eixo)","utm_E":407495.5461,"utm_N":7410002.061,"h_ortom":535.144,"material":null,"cc_tipo":null,"profundidade_cm":null,"inacessivel":false,"posicao":null,"tampa":null,"condicao":null,"obstr_sup":null,"obstr_sup_tipo":null,"obstr_fundo":null,"obstr_fundo_tipo":null,"n_tubos":0,"tubos":"","area_critica":"","entrega":"2026-09-30"},"geometry":{"type":"Point","coordinates":[-51.905426,-23.4172229]}},
{"type":"Feature","properties":{"id":"B26093016:37129","equipe":"B","num":129,"codigo":"BLO","tipo":"Boca de lobo","utm_E":407495.4779,"utm_N":7409991.746,"h_ortom":535.241,"material":"Concreto","cc_tipo":"Simples","profundidade_cm":127,"inacessivel":false,"posicao":"Esquina","tampa":"Concreto","condicao":"Boa","obstr_sup":"Não","obstr_sup_tipo":"Nenhuma","obstr_fundo":"Não","obstr_fundo_tipo":"Nenhuma","n_tubos":1,"tubos":"40cm NW","area_critica":"","entrega":"2026-09-30"},"geometry":{"type":"Point","coordinates":[-51.9054273,-23.4173161]}},
{"type":"Feature","properties":{"id":"B26093016:41130","equipe":"B","num":130,"codigo":"PTOBAI","tipo":"Ponto baixo (eixo)","utm_E":407500.7663,"utm_N":7409998.455,"h_ortom":535.196,"material":null,"cc_tipo":null,"profundidade_cm":null,"inacessivel":false,"posicao":null,"tampa":null,"condicao":null,"obstr_sup":null,"obstr_sup_tipo":null,"obstr_fundo":null,"obstr_fundo_tipo":null,"n_tubos":0,"tubos":"","area_critica":"","entrega":"2026-09-30"},"geometry":{"type":"Point","coordinates":[-51.9053751,-23.4172558]}},
{"type":"Feature","properties":{"id":"B26093016:43131","equipe":"B","num":131,"codigo":"BLO","tipo":"Boca de lobo","utm_E":407582.1146,"utm_N":7409944.802,"h_ortom":538.94,"material":"Concreto","cc_tipo":"Simples","profundidade_cm":150,"inacessivel":false,"posicao":"Meio de quadra","tampa":"Concreto","condicao":"Boa","obstr_sup":"Não","obstr_sup_tipo":"Nenhuma","obstr_fundo":"Não","obstr_fundo_tipo":"Nenhuma","n_tubos":1,"tubos":"40cm NE","area_critica":"","entrega":"2026-09-30"},"geometry":{"type":"Point","coordinates":[-51.9045822,-23.417745]}},
{"type":"Feature","properties":{"id":"B26093016:48132","equipe":"B","num":132,"codigo":"PTOALT","tipo":"Ponto alto (eixo)","utm_E":407651.9647,"utm_N":7409907.908,"h_ortom":541.372,"material":null,"cc_tipo":null,"profundidade_cm":null,"inacessivel":false,"posicao":null,"tampa":null,"condicao":null,"obstr_sup":null,"obstr_sup_tipo":null,"obstr_fundo":null,"obstr_fundo_tipo":null,"n_tubos":0,"tubos":"","area_critica":"","entrega":"2026-09-30"},"geometry":{"type":"Point","coordinates":[-51.9039009,-23.4180822]}},
{"type":"Feature","properties":{"id":"B26093016:48133","equipe":"B","num":133,"codigo":"ESQUINA","tipo":"Esquina (eixo)","utm_E":407655.8001,"utm_N":7409905.293,"h_ortom":541.514,"material":null,"cc_tipo":null,"profundidade_cm":null,"inacessivel":false,"posicao":null,"tampa":null,"condicao":null,"obstr_sup":null,"obstr_sup_tipo":null,"obstr_fundo":null,"obstr_fundo_tipo":null,"n_tubos":0,"tubos":"","area_critica":"","entrega":"2026-09-30"},"geometry":{"type":"Point","coordinates":[-51.9038635,-23.418106]}},
{"type":"Feature","properties":{"id":"B26093016:48134","equipe":"B","num":134,"codigo":"BLO","tipo":"Boca de lobo","utm_E":407673.3672,"utm_N":7409926.172,"h_ortom":541.053,"material":"Concreto","cc_tipo":"Simples","profundidade_cm":137,"inacessivel":false,"posicao":"Meio de quadra","tampa":"Ferro","condicao":"Boa","obstr_sup":"Não","obstr_sup_tipo":"Nenhuma","obstr_fundo":"Não","obstr_fundo_tipo":"Nenhuma","n_tubos":0,"tubos":"","area_critica":"","entrega":"2026-09-30"},"geometry":{"type":"Point","coordinates":[-51.9036903,-23.4179184]}},
{"type":"Feature","properties":{"id":"B26093016:58136","equipe":"B","num":136,"codigo":"BLO","tipo":"Boca de lobo","utm_E":407647.4001,"utm_N":7409767.877,"h_ortom":544.31,"material":"Concreto","cc_tipo":"Simples","profundidade_cm":106,"inacessivel":false,"posicao":"Meio de quadra","tampa":"Concreto","condicao":"Boa","obstr_sup":"Não","obstr_sup_tipo":"Nenhuma","obstr_fundo":"Parcial","obstr_fundo_tipo":"Resíduo","n_tubos":1,"tubos":"40cm NN","area_critica":"","entrega":"2026-09-30"},"geometry":{"type":"Point","coordinates":[-51.9039541,-23.4193466]}},
{"type":"Feature","properties":{"id":"B26093017:02137","equipe":"B","num":137,"codigo":"BLO","tipo":"Boca de lobo","utm_E":407597.3952,"utm_N":7409791.617,"h_ortom":543.225,"material":"Concreto","cc_tipo":"Simples","profundidade_cm":150,"inacessivel":false,"posicao":"Esquina","tampa":"Concreto","condicao":"Boa","obstr_sup":"Não","obstr_sup_tipo":"Nenhuma","obstr_fundo":"Não","obstr_fundo_tipo":"Nenhuma","n_tubos":1,"tubos":"40cm SW","area_critica":"","entrega":"2026-09-30"},"geometry":{"type":"Point","coordinates":[-51.9044421,-23.4191294]}},
{"type":"Feature","properties":{"id":"B26093017:08138","equipe":"B","num":138,"codigo":"BLO","tipo":"Boca de lobo","utm_E":407534.5479,"utm_N":7409803.449,"h_ortom":541.225,"material":"Concreto","cc_tipo":"Simples","profundidade_cm":140,"inacessivel":false,"posicao":"Meio de quadra","tampa":"Concreto","condicao":"Boa","obstr_sup":"Não","obstr_sup_tipo":"Nenhuma","obstr_fundo":"Não","obstr_fundo_tipo":"Nenhuma","n_tubos":0,"tubos":"","area_critica":"","entrega":"2026-09-30"},"geometry":{"type":"Point","coordinates":[-51.9050565,-23.419019]}},
{"type":"Feature","properties":{"id":"B26093017:13139","equipe":"B","num":139,"codigo":"BLO","tipo":"Boca de lobo","utm_E":407468.6078,"utm_N":7409822.25,"h_ortom":539.946,"material":"Concreto","cc_tipo":"Simples","profundidade_cm":67,"inacessivel":false,"posicao":"Esquina","tampa":"Concreto","condicao":"Ruim","obstr_sup":"Não","obstr_sup_tipo":"Nenhuma","obstr_fundo":"Não","obstr_fundo_tipo":"Nenhuma","n_tubos":1,"tubos":"40cm SE","area_critica":"","entrega":"2026-09-30"},"geometry":{"type":"Point","coordinates":[-51.9057007,-23.4188454]}},
{"type":"Feature","properties":{"id":"B26093017:21140","equipe":"B","num":140,"codigo":"ESQUINA","tipo":"Esquina (eixo)","utm_E":407450.1206,"utm_N":7409787.885,"h_ortom":541.187,"material":null,"cc_tipo":null,"profundidade_cm":null,"inacessivel":false,"posicao":null,"tampa":null,"condicao":null,"obstr_sup":null,"obstr_sup_tipo":null,"obstr_fundo":null,"obstr_fundo_tipo":null,"n_tubos":0,"tubos":"","area_critica":"","entrega":"2026-09-30"},"geometry":{"type":"Point","coordinates":[-51.9058837,-23.4191547]}},
{"type":"Feature","properties":{"id":"B26093017:21141","equipe":"B","num":141,"codigo":"PTOBAI","tipo":"Ponto baixo (eixo)","utm_E":407447.7082,"utm_N":7409788.923,"h_ortom":541.164,"material":null,"cc_tipo":null,"profundidade_cm":null,"inacessivel":false,"posicao":null,"tampa":null,"condicao":null,"obstr_sup":null,"obstr_sup_tipo":null,"obstr_fundo":null,"obstr_fundo_tipo":null,"n_tubos":0,"tubos":"","area_critica":"","entrega":"2026-09-30"},"geometry":{"type":"Point","coordinates":[-51.9059073,-23.4191452]}},
{"type":"Feature","properties":{"id":"B26093017:24143","equipe":"B","num":143,"codigo":"BLO","tipo":"Boca de lobo","utm_E":407443.519,"utm_N":7409895.597,"h_ortom":537.504,"material":"Concreto","cc_tipo":"Simples","profundidade_cm":100,"inacessivel":false,"posicao":"Esquina","tampa":"Concreto","condicao":"Boa","obstr_sup":"Não","obstr_sup_tipo":"Nenhuma","obstr_fundo":"Não","obstr_fundo_tipo":"Nenhuma","n_tubos":1,"tubos":"40cm SW","area_critica":"","entrega":"2026-09-30"},"geometry":{"type":"Point","coordinates":[-51.9059417,-23.4181815]}},
{"type":"Feature","properties":{"id":"B26093017:29144","equipe":"B","num":144,"codigo":"BLO","tipo":"Boca de lobo","utm_E":407414.5794,"utm_N":7409847.437,"h_ortom":539.659,"material":"Concreto","cc_tipo":"Simples","profundidade_cm":110,"inacessivel":false,"posicao":"Esquina","tampa":"Concreto","condicao":"Boa","obstr_sup":"Não","obstr_sup_tipo":"Nenhuma","obstr_fundo":"Não","obstr_fundo_tipo":"Nenhuma","n_tubos":0,"tubos":"","area_critica":"","entrega":"2026-09-30"},"geometry":{"type":"Point","coordinates":[-51.9062279,-23.4186149]}},
{"type":"Feature","properties":{"id":"B26093017:32145","equipe":"B","num":145,"codigo":"BLO","tipo":"Boca de lobo","utm_E":407395.8481,"utm_N":7409843.988,"h_ortom":540.193,"material":"Concreto","cc_tipo":"Simples","profundidade_cm":null,"inacessivel":true,"posicao":"Esquina","tampa":"Concreto","condicao":"Boa","obstr_sup":"Total","obstr_sup_tipo":"Solo","obstr_fundo":"Total","obstr_fundo_tipo":"Solo","n_tubos":0,"tubos":"","area_critica":"","entrega":"2026-09-30"},"geometry":{"type":"Point","coordinates":[-51.9064114,-23.418645]}},
{"type":"Feature","properties":{"id":"B26093017:35146","equipe":"B","num":146,"codigo":"BLO","tipo":"Boca de lobo","utm_E":407447.9876,"utm_N":7409791.094,"h_ortom":541.054,"material":"Concreto","cc_tipo":"Simples","profundidade_cm":80,"inacessivel":false,"posicao":"Esquina","tampa":"Concreto","condicao":"Boa","obstr_sup":"Não","obstr_sup_tipo":"Nenhuma","obstr_fundo":"Não","obstr_fundo_tipo":"Nenhuma","n_tubos":0,"tubos":"","area_critica":"","entrega":"2026-09-30"},"geometry":{"type":"Point","coordinates":[-51.9059044,-23.4191256]}},
{"type":"Feature","properties":{"id":"B26093017:38147","equipe":"B","num":147,"codigo":"BLO","tipo":"Boca de lobo","utm_E":407452.5758,"utm_N":7409787.727,"h_ortom":541.123,"material":"Concreto","cc_tipo":"Simples","profundidade_cm":88,"inacessivel":false,"posicao":"Esquina","tampa":"Concreto","condicao":"Boa","obstr_sup":"Não","obstr_sup_tipo":"Nenhuma","obstr_fundo":"Não","obstr_fundo_tipo":"Nenhuma","n_tubos":1,"tubos":"40cm NW","area_critica":"","entrega":"2026-09-30"},"geometry":{"type":"Point","coordinates":[-51.9058597,-23.4191563]}},
{"type":"Feature","properties":{"id":"B26093017:43148","equipe":"B","num":148,"codigo":"ESQUINA","tipo":"Esquina (eixo)","utm_E":407391.8746,"utm_N":7409859.862,"h_ortom":539.985,"material":null,"cc_tipo":null,"profundidade_cm":null,"inacessivel":false,"posicao":null,"tampa":null,"condicao":null,"obstr_sup":null,"obstr_sup_tipo":null,"obstr_fundo":null,"obstr_fundo_tipo":null,"n_tubos":0,"tubos":"","area_critica":"","entrega":"2026-09-30"},"geometry":{"type":"Point","coordinates":[-51.9064493,-23.4185014]}},
{"type":"Feature","properties":{"id":"B26093017:43149","equipe":"B","num":149,"codigo":"BLO","tipo":"Boca de lobo","utm_E":407382.2373,"utm_N":7409853.662,"h_ortom":540.334,"material":"Concreto","cc_tipo":"Simples","profundidade_cm":167,"inacessivel":false,"posicao":"Esquina","tampa":"Concreto","condicao":"Boa","obstr_sup":"Não","obstr_sup_tipo":"Nenhuma","obstr_fundo":"Não","obstr_fundo_tipo":"Nenhuma","n_tubos":1,"tubos":"40cm SE","area_critica":"","entrega":"2026-09-30"},"geometry":{"type":"Point","coordinates":[-51.906544,-23.4185568]}},
{"type":"Feature","properties":{"id":"B26093017:53150","equipe":"B","num":150,"codigo":"PTOBAI","tipo":"Ponto baixo (eixo)","utm_E":407382.8077,"utm_N":7409863.801,"h_ortom":540.134,"material":null,"cc_tipo":null,"profundidade_cm":null,"inacessivel":false,"posicao":null,"tampa":null,"condicao":null,"obstr_sup":null,"obstr_sup_tipo":null,"obstr_fundo":null,"obstr_fundo_tipo":null,"n_tubos":0,"tubos":"","area_critica":"","entrega":"2026-09-30"},"geometry":{"type":"Point","coordinates":[-51.9065378,-23.4184653]}},
{"type":"Feature","properties":{"id":"B26093017:55151","equipe":"B","num":151,"codigo":"BLO","tipo":"Boca de lobo","utm_E":407295.3378,"utm_N":7409885.358,"h_ortom":541.298,"material":"Concreto","cc_tipo":"Simples","profundidade_cm":200,"inacessivel":false,"posicao":"Esquina","tampa":"Concreto","condicao":"Boa","obstr_sup":"Não","obstr_sup_tipo":"Nenhuma","obstr_fundo":"Não","obstr_fundo_tipo":"Nenhuma","n_tubos":1,"tubos":"40cm SE","area_critica":"","entrega":"2026-09-30"},"geometry":{"type":"Point","coordinates":[-51.9073926,-23.4182656]}},
{"type":"Feature","properties":{"id":"B26093018:02152","equipe":"B","num":152,"codigo":"BLO","tipo":"Boca de lobo","utm_E":407233.0885,"utm_N":7409943.31,"h_ortom":541.264,"material":"Concreto","cc_tipo":"Simples","profundidade_cm":140,"inacessivel":false,"posicao":"Meio de quadra","tampa":"Concreto","condicao":"Ruim","obstr_sup":"Não","obstr_sup_tipo":"Nenhuma","obstr_fundo":"Parcial","obstr_fundo_tipo":"Resíduo","n_tubos":1,"tubos":"40cm SW","area_critica":"","entrega":"2026-09-30"},"geometry":{"type":"Point","coordinates":[-51.9079983,-23.4177386]}},
{"type":"Feature","properties":{"id":"B26093018:07153","equipe":"B","num":153,"codigo":"ESQUINA","tipo":"Esquina (eixo)","utm_E":407152.5788,"utm_N":7409984.694,"h_ortom":541.918,"material":null,"cc_tipo":null,"profundidade_cm":null,"inacessivel":false,"posicao":null,"tampa":null,"condicao":null,"obstr_sup":null,"obstr_sup_tipo":null,"obstr_fundo":null,"obstr_fundo_tipo":null,"n_tubos":0,"tubos":"","area_critica":"","entrega":"2026-09-30"},"geometry":{"type":"Point","coordinates":[-51.9087836,-23.4173603]}},
{"type":"Feature","properties":{"id":"B26093018:08154","equipe":"B","num":154,"codigo":"BLO","tipo":"Boca de lobo","utm_E":407143.2633,"utm_N":7409979.205,"h_ortom":542.133,"material":"Concreto","cc_tipo":"Simples","profundidade_cm":180,"inacessivel":false,"posicao":"Esquina","tampa":"Concreto","condicao":"Boa","obstr_sup":"Não","obstr_sup_tipo":"Nenhuma","obstr_fundo":"Não","obstr_fundo_tipo":"Nenhuma","n_tubos":0,"tubos":"","area_critica":"","entrega":"2026-09-30"},"geometry":{"type":"Point","coordinates":[-51.9088752,-23.4174093]}},
{"type":"Feature","properties":{"id":"B26093018:12155","equipe":"B","num":155,"codigo":"BLO","tipo":"Boca de lobo","utm_E":407147.9071,"utm_N":7409995.025,"h_ortom":541.697,"material":"Concreto","cc_tipo":"Simples","profundidade_cm":160,"inacessivel":false,"posicao":"Esquina","tampa":"Concreto","condicao":"Boa","obstr_sup":"Não","obstr_sup_tipo":"Nenhuma","obstr_fundo":"Não","obstr_fundo_tipo":"Nenhuma","n_tubos":0,"tubos":"","area_critica":"","entrega":"2026-09-30"},"geometry":{"type":"Point","coordinates":[-51.9088287,-23.4172667]}},
{"type":"Feature","properties":{"id":"B26093018:15156","equipe":"B","num":156,"codigo":"BLO","tipo":"Boca de lobo","utm_E":407077.9499,"utm_N":7410037.401,"h_ortom":542.485,"material":"Concreto","cc_tipo":"Simples","profundidade_cm":140,"inacessivel":false,"posicao":"Meio de quadra","tampa":"Concreto","condicao":"Boa","obstr_sup":"Não","obstr_sup_tipo":"Nenhuma","obstr_fundo":"Não","obstr_fundo_tipo":"Nenhuma","n_tubos":1,"tubos":"40cm SW","area_critica":"","entrega":"2026-09-30"},"geometry":{"type":"Point","coordinates":[-51.9095108,-23.41688]}},
{"type":"Feature","properties":{"id":"A26100108:18001","equipe":"A","num":1,"codigo":"PTOALT","tipo":"Ponto alto (eixo)","utm_E":406983.5239,"utm_N":7409973.617,"h_ortom":546.829,"material":null,"cc_tipo":null,"profundidade_cm":null,"inacessivel":false,"posicao":null,"tampa":null,"condicao":null,"obstr_sup":null,"obstr_sup_tipo":null,"obstr_fundo":null,"obstr_fundo_tipo":null,"n_tubos":0,"tubos":"","area_critica":"","entrega":"2026-10-01"},"geometry":{"type":"Point","coordinates":[-51.9104389,-23.4174507]}},
{"type":"Feature","properties":{"id":"A26100108:19002","equipe":"A","num":2,"codigo":"BLO","tipo":"Boca de lobo","utm_E":407022.9457,"utm_N":7409945.01,"h_ortom":546.335,"material":"Concreto","cc_tipo":"Simples","profundidade_cm":120,"inacessivel":false,"posicao":"Meio de quadra","tampa":"Concreto","condicao":"Boa","obstr_sup":"Não","obstr_sup_tipo":"Nenhuma","obstr_fundo":"Não","obstr_fundo_tipo":"Nenhuma","n_tubos":1,"tubos":"40cm NE","area_critica":"","entrega":"2026-10-01"},"geometry":{"type":"Point","coordinates":[-51.9100548,-23.4177113]}},
{"type":"Feature","properties":{"id":"A26100108:25003","equipe":"A","num":3,"codigo":"BLO","tipo":"Boca de lobo","utm_E":407092.0283,"utm_N":7409903.326,"h_ortom":545.012,"material":"Concreto","cc_tipo":"Simples","profundidade_cm":135,"inacessivel":false,"posicao":"Esquina","tampa":"Concreto","condicao":"Ruim","obstr_sup":"Parcial","obstr_sup_tipo":"Folhagem","obstr_fundo":"Não","obstr_fundo_tipo":"Nenhuma","n_tubos":1,"tubos":"40cm NE","area_critica":"","entrega":"2026-10-01"},"geometry":{"type":"Point","coordinates":[-51.9093813,-23.4180917]}},
{"type":"Feature","properties":{"id":"A26100108:29004","equipe":"A","num":4,"codigo":"BLO","tipo":"Boca de lobo","utm_E":407100.6262,"utm_N":7409892.733,"h_ortom":545.437,"material":"Concreto","cc_tipo":"Simples","profundidade_cm":null,"inacessivel":true,"posicao":"Esquina","tampa":"Concreto","condicao":"Boa","obstr_sup":"Não","obstr_sup_tipo":"Nenhuma","obstr_fundo":"Total","obstr_fundo_tipo":"Folhagem","n_tubos":0,"tubos":"","area_critica":"","entrega":"2026-10-01"},"geometry":{"type":"Point","coordinates":[-51.9092978,-23.4181879]}},
{"type":"Feature","properties":{"id":"A26100108:30005","equipe":"A","num":5,"codigo":"BLO","tipo":"Boca de lobo","utm_E":407093.6836,"utm_N":7409896.984,"h_ortom":545.427,"material":"Concreto","cc_tipo":"Simples","profundidade_cm":135,"inacessivel":false,"posicao":"Esquina","tampa":"Concreto","condicao":"Ruim","obstr_sup":"Não","obstr_sup_tipo":"Nenhuma","obstr_fundo":"Não","obstr_fundo_tipo":"Nenhuma","n_tubos":0,"tubos":"","area_critica":"","entrega":"2026-10-01"},"geometry":{"type":"Point","coordinates":[-51.9093655,-23.4181491]}},
{"type":"Feature","properties":{"id":"A26100108:39006","equipe":"A","num":6,"codigo":"BLO","tipo":"Boca de lobo","utm_E":407249.1584,"utm_N":7409817.542,"h_ortom":544.726,"material":"Concreto","cc_tipo":"Simples","profundidade_cm":140,"inacessivel":false,"posicao":"Esquina","tampa":"Concreto","condicao":"Ruim","obstr_sup":"Não","obstr_sup_tipo":"Nenhuma","obstr_fundo":"Parcial","obstr_fundo_tipo":"Entulho","n_tubos":1,"tubos":"40cm SW","area_critica":"","entrega":"2026-10-01"},"geometry":{"type":"Point","coordinates":[-51.9078487,-23.4188755]}},
{"type":"Feature","properties":{"id":"A26100108:43007","equipe":"A","num":7,"codigo":"BLO","tipo":"Boca de lobo","utm_E":407253.8708,"utm_N":7409800.905,"h_ortom":544.962,"material":"Concreto","cc_tipo":"Simples","profundidade_cm":null,"inacessivel":true,"posicao":"Esquina","tampa":"Concreto","condicao":"Boa","obstr_sup":"Não","obstr_sup_tipo":"Nenhuma","obstr_fundo":"Total","obstr_fundo_tipo":"Folhagem","n_tubos":0,"tubos":"","area_critica":"","entrega":"2026-10-01"},"geometry":{"type":"Point","coordinates":[-51.9078036,-23.419026]}},
{"type":"Feature","properties":{"id":"A26100108:49008","equipe":"A","num":8,"codigo":"BLO","tipo":"Boca de lobo","utm_E":407334.343,"utm_N":7409784.264,"h_ortom":543.606,"material":"Concreto","cc_tipo":"Simples","profundidade_cm":133,"inacessivel":false,"posicao":"Esquina","tampa":"Concreto","condicao":"Boa","obstr_sup":"Não","obstr_sup_tipo":"Nenhuma","obstr_fundo":"Parcial","obstr_fundo_tipo":"Resíduo","n_tubos":1,"tubos":"40cm SW","area_critica":"","entrega":"2026-10-01"},"geometry":{"type":"Point","coordinates":[-51.9070171,-23.4191809]}},
{"type":"Feature","properties":{"id":"A26100108:56009","equipe":"A","num":9,"codigo":"BLO","tipo":"Boca de lobo","utm_E":407338.1876,"utm_N":7409764.652,"h_ortom":544.025,"material":"Concreto","cc_tipo":"Simples","profundidade_cm":null,"inacessivel":true,"posicao":"Esquina","tampa":"Concreto","condicao":"Ruim","obstr_sup":"Total","obstr_sup_tipo":"Solo","obstr_fundo":"Total","obstr_fundo_tipo":"Solo","n_tubos":0,"tubos":"","area_critica":"","entrega":"2026-10-01"},"geometry":{"type":"Point","coordinates":[-51.9069806,-23.4193582]}},
{"type":"Feature","properties":{"id":"A26100108:57010","equipe":"A","num":10,"codigo":"BLO","tipo":"Boca de lobo","utm_E":407346.8059,"utm_N":7409762.162,"h_ortom":543.751,"material":"Concreto","cc_tipo":"Simples","profundidade_cm":190,"inacessivel":false,"posicao":"Esquina","tampa":"Concreto","condicao":"Boa","obstr_sup":"Não","obstr_sup_tipo":"Nenhuma","obstr_fundo":"Não","obstr_fundo_tipo":"Nenhuma","n_tubos":0,"tubos":"","area_critica":"","entrega":"2026-10-01"},"geometry":{"type":"Point","coordinates":[-51.9068965,-23.4193812]}},
{"type":"Feature","properties":{"id":"A26100110:04011","equipe":"A","num":11,"codigo":"BLO","tipo":"Boca de lobo","utm_E":407429.782,"utm_N":7409740.669,"h_ortom":542.949,"material":"Concreto","cc_tipo":"Múltipla","profundidade_cm":110,"inacessivel":false,"posicao":"Meio de quadra","tampa":"Concreto","condicao":"Boa","obstr_sup":"Não","obstr_sup_tipo":"Nenhuma","obstr_fundo":"Não","obstr_fundo_tipo":"Nenhuma","n_tubos":1,"tubos":"40cm NE","area_critica":"","entrega":"2026-10-01"},"geometry":{"type":"Point","coordinates":[-51.9060857,-23.41958]}},
{"type":"Feature","properties":{"id":"A26100110:16012","equipe":"A","num":12,"codigo":"BLE","tipo":"Boca de leão","utm_E":407479.4268,"utm_N":7409726.58,"h_ortom":543.288,"material":"Ferro","cc_tipo":"Múltipla","profundidade_cm":362,"inacessivel":false,"posicao":"Esquina","tampa":"Ferro","condicao":"Boa","obstr_sup":"Não","obstr_sup_tipo":"Nenhuma","obstr_fundo":"Não","obstr_fundo_tipo":"Nenhuma","n_tubos":3,"tubos":"140cm SE; 140cm NW; 40cm EE","area_critica":"","entrega":"2026-10-01"},"geometry":{"type":"Point","coordinates":[-51.9056007,-23.4197101]}},
{"type":"Feature","properties":{"id":"A26100110:42013","equipe":"A","num":13,"codigo":"ESQUINA","tipo":"Esquina (eixo)","utm_E":407455.9879,"utm_N":7409640.906,"h_ortom":544.993,"material":null,"cc_tipo":null,"profundidade_cm":null,"inacessivel":false,"posicao":null,"tampa":null,"condicao":null,"obstr_sup":null,"obstr_sup_tipo":null,"obstr_fundo":null,"obstr_fundo_tipo":null,"n_tubos":0,"tubos":"","area_critica":"","entrega":"2026-10-01"},"geometry":{"type":"Point","coordinates":[-51.9058353,-23.4204826]}},
{"type":"Feature","properties":{"id":"A26100110:43014","equipe":"A","num":14,"codigo":"BLO","tipo":"Boca de lobo","utm_E":407456.9438,"utm_N":7409631.659,"h_ortom":545.156,"material":"Concreto","cc_tipo":"Simples","profundidade_cm":127,"inacessivel":false,"posicao":"Meio de quadra","tampa":"Concreto","condicao":"Boa","obstr_sup":"Não","obstr_sup_tipo":"Nenhuma","obstr_fundo":"Não","obstr_fundo_tipo":"Nenhuma","n_tubos":1,"tubos":"40cm NW","area_critica":"","entrega":"2026-10-01"},"geometry":{"type":"Point","coordinates":[-51.9058265,-23.4205661]}},
{"type":"Feature","properties":{"id":"A26100110:46015","equipe":"A","num":15,"codigo":"BLO","tipo":"Boca de lobo","utm_E":407449.295,"utm_N":7409634.433,"h_ortom":545.1,"material":"Concreto","cc_tipo":"Simples","profundidade_cm":118,"inacessivel":false,"posicao":"Esquina","tampa":"Concreto","condicao":"Boa","obstr_sup":"Não","obstr_sup_tipo":"Nenhuma","obstr_fundo":"Não","obstr_fundo_tipo":"Nenhuma","n_tubos":1,"tubos":"40cm SE","area_critica":"","entrega":"2026-10-01"},"geometry":{"type":"Point","coordinates":[-51.9059012,-23.4205407]}},
{"type":"Feature","properties":{"id":"A26100110:50016","equipe":"A","num":16,"codigo":"BLO","tipo":"Boca de lobo","utm_E":407446.7422,"utm_N":7409640.045,"h_ortom":544.971,"material":"Concreto","cc_tipo":"Simples","profundidade_cm":115,"inacessivel":false,"posicao":"Esquina","tampa":"Concreto","condicao":"Boa","obstr_sup":"Não","obstr_sup_tipo":"Nenhuma","obstr_fundo":"Não","obstr_fundo_tipo":"Nenhuma","n_tubos":1,"tubos":"40cm NE","area_critica":"","entrega":"2026-10-01"},"geometry":{"type":"Point","coordinates":[-51.9059259,-23.4204898]}},
{"type":"Feature","properties":{"id":"A26100110:54017","equipe":"A","num":17,"codigo":"BLO","tipo":"Boca de lobo","utm_E":407322.6751,"utm_N":7409694.507,"h_ortom":545.676,"material":"Concreto","cc_tipo":"Simples","profundidade_cm":110,"inacessivel":false,"posicao":"Esquina","tampa":"Concreto","condicao":"Boa","obstr_sup":"Não","obstr_sup_tipo":"Nenhuma","obstr_fundo":"Não","obstr_fundo_tipo":"Nenhuma","n_tubos":1,"tubos":"40cm SW","area_critica":"","entrega":"2026-10-01"},"geometry":{"type":"Point","coordinates":[-51.9071368,-23.4199909]}},
{"type":"Feature","properties":{"id":"A26100110:57018","equipe":"A","num":18,"codigo":"BLO","tipo":"Boca de lobo","utm_E":407318.086,"utm_N":7409687.666,"h_ortom":545.737,"material":"Concreto","cc_tipo":"Simples","profundidade_cm":117,"inacessivel":false,"posicao":"Esquina","tampa":"Concreto","condicao":"Boa","obstr_sup":"Não","obstr_sup_tipo":"Nenhuma","obstr_fundo":"Não","obstr_fundo_tipo":"Nenhuma","n_tubos":1,"tubos":"40cm NE","area_critica":"","entrega":"2026-10-01"},"geometry":{"type":"Point","coordinates":[-51.9071821,-23.4200524]}},
{"type":"Feature","properties":{"id":"A26100111:00019","equipe":"A","num":19,"codigo":"BLO","tipo":"Boca de lobo","utm_E":407299.8467,"utm_N":7409684.644,"h_ortom":545.663,"material":"Concreto","cc_tipo":"Simples","profundidade_cm":null,"inacessivel":true,"posicao":"Esquina","tampa":"Concreto","condicao":"Boa","obstr_sup":"Não","obstr_sup_tipo":"Nenhuma","obstr_fundo":"Total","obstr_fundo_tipo":"Resíduo","n_tubos":0,"tubos":"","area_critica":"","entrega":"2026-10-01"},"geometry":{"type":"Point","coordinates":[-51.9073608,-23.4200787]}},
{"type":"Feature","properties":{"id":"A26100111:04020","equipe":"A","num":20,"codigo":"BLO","tipo":"Boca de lobo","utm_E":407286.0231,"utm_N":7409694.395,"h_ortom":545.789,"material":"Concreto","cc_tipo":"Simples","profundidade_cm":125,"inacessivel":false,"posicao":"Esquina","tampa":"Concreto","condicao":"Boa","obstr_sup":"Não","obstr_sup_tipo":"Nenhuma","obstr_fundo":"Não","obstr_fundo_tipo":"Nenhuma","n_tubos":0,"tubos":"","area_critica":"","entrega":"2026-10-01"},"geometry":{"type":"Point","coordinates":[-51.9074955,-23.4199898]}},
{"type":"Feature","properties":{"id":"A26100111:07021","equipe":"A","num":21,"codigo":"CC","tipo":"Caixa de coleta","utm_E":407278.5717,"utm_N":7409691.291,"h_ortom":546.418,"material":"Concreto","cc_tipo":"Simples","profundidade_cm":null,"inacessivel":true,"posicao":"Praça/grama","tampa":"Concreto","condicao":"Ruim","obstr_sup":"Total","obstr_sup_tipo":"Resíduo","obstr_fundo":"Total","obstr_fundo_tipo":"Resíduo","n_tubos":0,"tubos":"","area_critica":"","entrega":"2026-10-01"},"geometry":{"type":"Point","coordinates":[-51.9075686,-23.4200174]}},
{"type":"Feature","properties":{"id":"A26100111:10022","equipe":"A","num":22,"codigo":"BLO","tipo":"Boca de lobo","utm_E":407288.1175,"utm_N":7409707.228,"h_ortom":545.958,"material":"Concreto","cc_tipo":"Simples","profundidade_cm":null,"inacessivel":true,"posicao":"Esquina","tampa":"Concreto","condicao":"Boa","obstr_sup":"Não","obstr_sup_tipo":"Nenhuma","obstr_fundo":"Parcial","obstr_fundo_tipo":"Resíduo","n_tubos":0,"tubos":"","area_critica":"","entrega":"2026-10-01"},"geometry":{"type":"Point","coordinates":[-51.9074742,-23.419874]}},
{"type":"Feature","properties":{"id":"A26100111:12023","equipe":"A","num":23,"codigo":"BLO","tipo":"Boca de lobo","utm_E":407206.5848,"utm_N":7409723.236,"h_ortom":548.308,"material":"Concreto","cc_tipo":"Simples","profundidade_cm":null,"inacessivel":true,"posicao":"Esquina","tampa":"Concreto","condicao":"Boa","obstr_sup":"Parcial","obstr_sup_tipo":"Folhagem","obstr_fundo":"Não","obstr_fundo_tipo":"Nenhuma","n_tubos":0,"tubos":"","area_critica":"","entrega":"2026-10-01"},"geometry":{"type":"Point","coordinates":[-51.9082712,-23.4197248]}},
{"type":"Feature","properties":{"id":"A26100111:15024","equipe":"A","num":24,"codigo":"BLO","tipo":"Boca de lobo","utm_E":407198.0437,"utm_N":7409733.535,"h_ortom":548.126,"material":"Concreto","cc_tipo":"Simples","profundidade_cm":103,"inacessivel":false,"posicao":"Esquina","tampa":"Concreto","condicao":"Boa","obstr_sup":"Não","obstr_sup_tipo":"Nenhuma","obstr_fundo":"Não","obstr_fundo_tipo":"Nenhuma","n_tubos":0,"tubos":"","area_critica":"","entrega":"2026-10-01"},"geometry":{"type":"Point","coordinates":[-51.9083542,-23.4196313]}},
{"type":"Feature","properties":{"id":"A26100111:17025","equipe":"A","num":25,"codigo":"BLO","tipo":"Boca de lobo","utm_E":407202.4351,"utm_N":7409740.465,"h_ortom":547.951,"material":"Concreto","cc_tipo":"Simples","profundidade_cm":125,"inacessivel":false,"posicao":"Esquina","tampa":"Concreto","condicao":"Boa","obstr_sup":"Não","obstr_sup_tipo":"Nenhuma","obstr_fundo":"Não","obstr_fundo_tipo":"Nenhuma","n_tubos":0,"tubos":"","area_critica":"","entrega":"2026-10-01"},"geometry":{"type":"Point","coordinates":[-51.9083108,-23.419569]}},
{"type":"Feature","properties":{"id":"A26100111:21026","equipe":"A","num":26,"codigo":"BLE","tipo":"Boca de leão","utm_E":407129.601,"utm_N":7409774.416,"h_ortom":548.326,"material":"Ferro","cc_tipo":"Simples","profundidade_cm":90,"inacessivel":false,"posicao":"Meio de quadra","tampa":"Ferro","condicao":"Boa","obstr_sup":"Parcial","obstr_sup_tipo":"Folhagem","obstr_fundo":"Não","obstr_fundo_tipo":"Nenhuma","n_tubos":1,"tubos":"40cm NE","area_critica":"","entrega":"2026-10-01"},"geometry":{"type":"Point","coordinates":[-51.9090215,-23.4192582]}},
{"type":"Feature","properties":{"id":"A26100111:24027","equipe":"A","num":27,"codigo":"BLE","tipo":"Boca de leão","utm_E":407125.6039,"utm_N":7409776.711,"h_ortom":548.332,"material":"Ferro","cc_tipo":"Simples","profundidade_cm":null,"inacessivel":true,"posicao":"Meio de quadra","tampa":"Ferro","condicao":"Ruim","obstr_sup":"Total","obstr_sup_tipo":"Resíduo","obstr_fundo":"Total","obstr_fundo_tipo":"Resíduo","n_tubos":0,"tubos":"","area_critica":"","entrega":"2026-10-01"},"geometry":{"type":"Point","coordinates":[-51.9090605,-23.4192372]}},
{"type":"Feature","properties":{"id":"A26100111:29028","equipe":"A","num":28,"codigo":"BLO","tipo":"Boca de lobo","utm_E":407053.8202,"utm_N":7409815.422,"h_ortom":549.065,"material":"Concreto","cc_tipo":"Simples","profundidade_cm":150,"inacessivel":false,"posicao":"Esquina","tampa":"Concreto","condicao":"Boa","obstr_sup":"Não","obstr_sup_tipo":"Nenhuma","obstr_fundo":"Não","obstr_fundo_tipo":"Nenhuma","n_tubos":0,"tubos":"","area_critica":"","entrega":"2026-10-01"},"geometry":{"type":"Point","coordinates":[-51.9097606,-23.4188835]}},
{"type":"Feature","properties":{"id":"A26100111:31029","equipe":"A","num":29,"codigo":"BLO","tipo":"Boca de lobo","utm_E":407046.8723,"utm_N":7409819.884,"h_ortom":549.006,"material":"Concreto","cc_tipo":"Simples","profundidade_cm":null,"inacessivel":true,"posicao":"Esquina","tampa":"Concreto","condicao":"Boa","obstr_sup":"Não","obstr_sup_tipo":"Nenhuma","obstr_fundo":"Total","obstr_fundo_tipo":"Folhagem","n_tubos":0,"tubos":"","area_critica":"","entrega":"2026-10-01"},"geometry":{"type":"Point","coordinates":[-51.9098284,-23.4188428]}},
{"type":"Feature","properties":{"id":"A26100111:32030","equipe":"A","num":30,"codigo":"BLO","tipo":"Boca de lobo","utm_E":407049.5694,"utm_N":7409832.906,"h_ortom":548.792,"material":"Concreto","cc_tipo":"Simples","profundidade_cm":150,"inacessivel":false,"posicao":"Esquina","tampa":"Concreto","condicao":"Boa","obstr_sup":"Não","obstr_sup_tipo":"Nenhuma","obstr_fundo":"Não","obstr_fundo_tipo":"Nenhuma","n_tubos":0,"tubos":"","area_critica":"","entrega":"2026-10-01"},"geometry":{"type":"Point","coordinates":[-51.9098012,-23.4187253]}},
{"type":"Feature","properties":{"id":"A26100111:36031","equipe":"A","num":31,"codigo":"BLO","tipo":"Boca de lobo","utm_E":406980.6052,"utm_N":7409874.648,"h_ortom":549.445,"material":"Concreto","cc_tipo":"Simples","profundidade_cm":120,"inacessivel":false,"posicao":"Meio de quadra","tampa":"Concreto","condicao":"Ruim","obstr_sup":"Não","obstr_sup_tipo":"Nenhuma","obstr_fundo":"Não","obstr_fundo_tipo":"Nenhuma","n_tubos":1,"tubos":"40cm SW","area_critica":"","entrega":"2026-10-01"},"geometry":{"type":"Point","coordinates":[-51.9104735,-23.4183444]}},
{"type":"Feature","properties":{"id":"A26100111:39032","equipe":"A","num":32,"codigo":"PTOALT","tipo":"Ponto alto (eixo)","utm_E":406937.395,"utm_N":7409896.245,"h_ortom":550.051,"material":null,"cc_tipo":null,"profundidade_cm":null,"inacessivel":false,"posicao":null,"tampa":null,"condicao":null,"obstr_sup":null,"obstr_sup_tipo":null,"obstr_fundo":null,"obstr_fundo_tipo":null,"n_tubos":0,"tubos":"","area_critica":"","entrega":"2026-10-01"},"geometry":{"type":"Point","coordinates":[-51.9108951,-23.4181469]}},
{"type":"Feature","properties":{"id":"A26100113:43033","equipe":"A","num":33,"codigo":"PTOBAI","tipo":"Ponto baixo (eixo)","utm_E":406873.5889,"utm_N":7409869.917,"h_ortom":551.94,"material":null,"cc_tipo":null,"profundidade_cm":null,"inacessivel":false,"posicao":null,"tampa":null,"condicao":null,"obstr_sup":null,"obstr_sup_tipo":null,"obstr_fundo":null,"obstr_fundo_tipo":null,"n_tubos":0,"tubos":"","area_critica":"","entrega":"2026-10-01"},"geometry":{"type":"Point","coordinates":[-51.9115212,-23.418381]}},
{"type":"Feature","properties":{"id":"A26100113:45034","equipe":"A","num":34,"codigo":"BLO","tipo":"Boca de lobo","utm_E":406840.6899,"utm_N":7409808.167,"h_ortom":554.116,"material":"Concreto","cc_tipo":"Simples","profundidade_cm":null,"inacessivel":true,"posicao":"Esquina","tampa":"Concreto","condicao":"Boa","obstr_sup":"Total","obstr_sup_tipo":"Solo","obstr_fundo":"Total","obstr_fundo_tipo":"Solo","n_tubos":0,"tubos":"","area_critica":"","entrega":"2026-10-01"},"geometry":{"type":"Point","coordinates":[-51.911847,-23.4189369]}},
{"type":"Feature","properties":{"id":"A26100113:46035","equipe":"A","num":35,"codigo":"BLO","tipo":"Boca de lobo","utm_E":406833.6081,"utm_N":7409812.192,"h_ortom":554.051,"material":"Concreto","cc_tipo":"Simples","profundidade_cm":null,"inacessivel":true,"posicao":"Esquina","tampa":"Concreto","condicao":"Ruim","obstr_sup":"Total","obstr_sup_tipo":"Solo","obstr_fundo":"Total","obstr_fundo_tipo":"Solo","n_tubos":0,"tubos":"","area_critica":"","entrega":"2026-10-01"},"geometry":{"type":"Point","coordinates":[-51.9119161,-23.4189001]}},
{"type":"Feature","properties":{"id":"A26100113:48036","equipe":"A","num":36,"codigo":"PTOALT","tipo":"Ponto alto (eixo)","utm_E":406831.9851,"utm_N":7409801.782,"h_ortom":554.322,"material":null,"cc_tipo":null,"profundidade_cm":null,"inacessivel":false,"posicao":null,"tampa":null,"condicao":null,"obstr_sup":null,"obstr_sup_tipo":null,"obstr_fundo":null,"obstr_fundo_tipo":null,"n_tubos":0,"tubos":"","area_critica":"","entrega":"2026-10-01"},"geometry":{"type":"Point","coordinates":[-51.9119326,-23.418994]}},
{"type":"Feature","properties":{"id":"A26100113:50037","equipe":"A","num":37,"codigo":"BLO","tipo":"Boca de lobo","utm_E":406912.0483,"utm_N":7409770.555,"h_ortom":553.724,"material":"Concreto","cc_tipo":"Simples","profundidade_cm":128,"inacessivel":false,"posicao":"Meio de quadra","tampa":"Concreto","condicao":"Boa","obstr_sup":"Não","obstr_sup_tipo":"Nenhuma","obstr_fundo":"Não","obstr_fundo_tipo":"Nenhuma","n_tubos":1,"tubos":"40cm NE","area_critica":"","entrega":"2026-10-01"},"geometry":{"type":"Point","coordinates":[-51.911151,-23.4192806]}},
{"type":"Feature","properties":{"id":"A26100113:55038","equipe":"A","num":38,"codigo":"BLO","tipo":"Boca de lobo","utm_E":406985.1324,"utm_N":7409726.521,"h_ortom":552.754,"material":"Concreto","cc_tipo":"Simples","profundidade_cm":null,"inacessivel":true,"posicao":"Esquina","tampa":"Concreto","condicao":"Boa","obstr_sup":"Total","obstr_sup_tipo":"Solo","obstr_fundo":"Total","obstr_fundo_tipo":"Solo","n_tubos":0,"tubos":"","area_critica":"","entrega":"2026-10-01"},"geometry":{"type":"Point","coordinates":[-51.9104384,-23.4196825]}},
{"type":"Feature","properties":{"id":"A26100113:57039","equipe":"A","num":39,"codigo":"CC","tipo":"Caixa de coleta","utm_E":406956.2217,"utm_N":7409753.382,"h_ortom":553.283,"material":"Alvenaria tijolo","cc_tipo":"Simples","profundidade_cm":118,"inacessivel":false,"posicao":"Meio de quadra","tampa":"Concreto","condicao":"Boa","obstr_sup":"Não","obstr_sup_tipo":"Nenhuma","obstr_fundo":"Não","obstr_fundo_tipo":"Nenhuma","n_tubos":3,"tubos":"20cm NN; 30cm NE; 30cm SW","area_critica":"","entrega":"2026-10-01"},"geometry":{"type":"Point","coordinates":[-51.9107197,-23.4194383]}},
{"type":"Feature","properties":{"id":"A26100114:02040","equipe":"A","num":40,"codigo":"PTOALT","tipo":"Ponto alto (eixo)","utm_E":406988.2724,"utm_N":7409715.601,"h_ortom":553.203,"material":null,"cc_tipo":null,"profundidade_cm":null,"inacessivel":false,"posicao":null,"tampa":null,"condicao":null,"obstr_sup":null,"obstr_sup_tipo":null,"obstr_fundo":null,"obstr_fundo_tipo":null,"n_tubos":0,"tubos":"","area_critica":"","entrega":"2026-10-01"},"geometry":{"type":"Point","coordinates":[-51.9104083,-23.4197813]}},
{"type":"Feature","properties":{"id":"A26100114:10041","equipe":"A","num":41,"codigo":"PTOALT","tipo":"Ponto alto (eixo)","utm_E":407206.7279,"utm_N":7409674.203,"h_ortom":549.331,"material":null,"cc_tipo":null,"profundidade_cm":null,"inacessivel":false,"posicao":null,"tampa":null,"condicao":null,"obstr_sup":null,"obstr_sup_tipo":null,"obstr_fundo":null,"obstr_fundo_tipo":null,"n_tubos":0,"tubos":"","area_critica":"","entrega":"2026-10-01"},"geometry":{"type":"Point","coordinates":[-51.9082728,-23.4201677]}},
{"type":"Feature","properties":{"id":"A26100114:11042","equipe":"A","num":42,"codigo":"BLO","tipo":"Boca de lobo","utm_E":407241.7977,"utm_N":7409628.26,"h_ortom":546.137,"material":"Concreto","cc_tipo":"Simples","profundidade_cm":105,"inacessivel":false,"posicao":"Meio de quadra","tampa":"Concreto","condicao":"Ruim","obstr_sup":"Total","obstr_sup_tipo":"Solo","obstr_fundo":"Parcial","obstr_fundo_tipo":"Solo","n_tubos":0,"tubos":"","area_critica":"","entrega":"2026-10-01"},"geometry":{"type":"Point","coordinates":[-51.9079324,-23.4205846]}},
{"type":"Feature","properties":{"id":"A26100114:16043","equipe":"A","num":43,"codigo":"BLO","tipo":"Boca de lobo","utm_E":407268.6114,"utm_N":7409612.937,"h_ortom":546.236,"material":"Concreto","cc_tipo":"Simples","profundidade_cm":108,"inacessivel":false,"posicao":"Meio de quadra","tampa":"Concreto","condicao":"Boa","obstr_sup":"Total","obstr_sup_tipo":"Resíduo","obstr_fundo":"Não","obstr_fundo_tipo":"Nenhuma","n_tubos":1,"tubos":"40cm NN","area_critica":"","entrega":"2026-10-01"},"geometry":{"type":"Point","coordinates":[-51.9076709,-23.4207245]}},
{"type":"Feature","properties":{"id":"A26100114:20044","equipe":"A","num":44,"codigo":"BLO","tipo":"Boca de lobo","utm_E":407284.086,"utm_N":7409630.127,"h_ortom":547.037,"material":"Concreto","cc_tipo":"Simples","profundidade_cm":185,"inacessivel":false,"posicao":"Meio de quadra","tampa":"Concreto","condicao":"Ruim","obstr_sup":"Parcial","obstr_sup_tipo":"Resíduo","obstr_fundo":"Parcial","obstr_fundo_tipo":"Resíduo","n_tubos":1,"tubos":"60cm NN","area_critica":"","entrega":"2026-10-01"},"geometry":{"type":"Point","coordinates":[-51.9075184,-23.4205702]}},
{"type":"Feature","properties":{"id":"A26100114:25045","equipe":"A","num":45,"codigo":"BLO","tipo":"Boca de lobo","utm_E":407253.7476,"utm_N":7409592.773,"h_ortom":546.403,"material":"Concreto","cc_tipo":"Simples","profundidade_cm":null,"inacessivel":true,"posicao":"Meio de quadra","tampa":"Concreto","condicao":"Boa","obstr_sup":"Total","obstr_sup_tipo":"Solo","obstr_fundo":"Total","obstr_fundo_tipo":"Solo","n_tubos":0,"tubos":"","area_critica":"","entrega":"2026-10-01"},"geometry":{"type":"Point","coordinates":[-51.9078177,-23.4209058]}},
{"type":"Feature","properties":{"id":"A26100114:26046","equipe":"A","num":46,"codigo":"BLO","tipo":"Boca de lobo","utm_E":407245.8372,"utm_N":7409595.608,"h_ortom":546.432,"material":"Concreto","cc_tipo":"Simples","profundidade_cm":null,"inacessivel":true,"posicao":"Meio de quadra","tampa":"Concreto","condicao":"Boa","obstr_sup":"Total","obstr_sup_tipo":"Solo","obstr_fundo":"Total","obstr_fundo_tipo":"Solo","n_tubos":0,"tubos":"","area_critica":"","entrega":"2026-10-01"},"geometry":{"type":"Point","coordinates":[-51.9078949,-23.4208798]}},
{"type":"Feature","properties":{"id":"A26100114:28047","equipe":"A","num":47,"codigo":"BLO","tipo":"Boca de lobo","utm_E":407228.5098,"utm_N":7409601.498,"h_ortom":546.648,"material":"Concreto","cc_tipo":"Simples","profundidade_cm":null,"inacessivel":true,"posicao":"Meio de quadra","tampa":"Concreto","condicao":"Boa","obstr_sup":"Não","obstr_sup_tipo":"Nenhuma","obstr_fundo":"Total","obstr_fundo_tipo":"Solo","n_tubos":0,"tubos":"","area_critica":"","entrega":"2026-10-01"},"geometry":{"type":"Point","coordinates":[-51.9080641,-23.4208256]}},
{"type":"Feature","properties":{"id":"A26100114:30048","equipe":"A","num":48,"codigo":"BLO","tipo":"Boca de lobo","utm_E":407217.7711,"utm_N":7409576.978,"h_ortom":546.705,"material":"Concreto","cc_tipo":"Simples","profundidade_cm":100,"inacessivel":false,"posicao":"Meio de quadra","tampa":"Concreto","condicao":"Boa","obstr_sup":"Não","obstr_sup_tipo":"Nenhuma","obstr_fundo":"Parcial","obstr_fundo_tipo":"Resíduo","n_tubos":1,"tubos":"40cm SE","area_critica":"","entrega":"2026-10-01"},"geometry":{"type":"Point","coordinates":[-51.9081708,-23.4210464]}},
{"type":"Feature","properties":{"id":"A26100114:34049","equipe":"A","num":49,"codigo":"BLO","tipo":"Boca de lobo","utm_E":407241.4986,"utm_N":7409568.13,"h_ortom":546.636,"material":"Concreto","cc_tipo":"Simples","profundidade_cm":123,"inacessivel":false,"posicao":"Meio de quadra","tampa":"Concreto","condicao":"Ruim","obstr_sup":"Total","obstr_sup_tipo":"Solo","obstr_fundo":"Não","obstr_fundo_tipo":"Nenhuma","n_tubos":0,"tubos":"","area_critica":"","entrega":"2026-10-01"},"geometry":{"type":"Point","coordinates":[-51.9079391,-23.4211277]}},
{"type":"Feature","properties":{"id":"A26100114:37050","equipe":"A","num":50,"codigo":"CC","tipo":"Caixa de coleta","utm_E":407241.9849,"utm_N":7409551.777,"h_ortom":547.587,"material":"Concreto","cc_tipo":"Múltipla","profundidade_cm":null,"inacessivel":true,"posicao":"Praça/grama","tampa":"Concreto","condicao":"Boa","obstr_sup":"Total","obstr_sup_tipo":"Solo","obstr_fundo":"Total","obstr_fundo_tipo":"Solo","n_tubos":0,"tubos":"","area_critica":"","entrega":"2026-10-01"},"geometry":{"type":"Point","coordinates":[-51.9079353,-23.4212754]}},
{"type":"Feature","properties":{"id":"A26100114:41051","equipe":"A","num":51,"codigo":"BLO","tipo":"Boca de lobo","utm_E":407213.9372,"utm_N":7409519.897,"h_ortom":548.826,"material":"Concreto","cc_tipo":"Simples","profundidade_cm":null,"inacessivel":true,"posicao":"Meio de quadra","tampa":"Concreto","condicao":"Boa","obstr_sup":"Não","obstr_sup_tipo":"Nenhuma","obstr_fundo":"Total","obstr_fundo_tipo":"Solo","n_tubos":0,"tubos":"","area_critica":"","entrega":"2026-10-01"},"geometry":{"type":"Point","coordinates":[-51.9082118,-23.4215617]}},
{"type":"Feature","properties":{"id":"A26100114:59053","equipe":"A","num":53,"codigo":"BLO","tipo":"Boca de lobo","utm_E":407207.556,"utm_N":7409522.266,"h_ortom":548.96,"material":"Concreto","cc_tipo":"Simples","profundidade_cm":null,"inacessivel":true,"posicao":"Meio de quadra","tampa":"Concreto","condicao":"Boa","obstr_sup":"Total","obstr_sup_tipo":"Solo","obstr_fundo":"Total","obstr_fundo_tipo":"Solo","n_tubos":0,"tubos":"","area_critica":"","entrega":"2026-10-01"},"geometry":{"type":"Point","coordinates":[-51.9082741,-23.42154]}},
{"type":"Feature","properties":{"id":"A26100115:00054","equipe":"A","num":54,"codigo":"BLO","tipo":"Boca de lobo","utm_E":407198.9682,"utm_N":7409525.768,"h_ortom":548.959,"material":"Concreto","cc_tipo":"Simples","profundidade_cm":null,"inacessivel":true,"posicao":"Meio de quadra","tampa":"Concreto","condicao":"Boa","obstr_sup":"Total","obstr_sup_tipo":"Solo","obstr_fundo":"Total","obstr_fundo_tipo":"Solo","n_tubos":0,"tubos":"","area_critica":"","entrega":"2026-10-01"},"geometry":{"type":"Point","coordinates":[-51.9083579,-23.4215079]}},
{"type":"Feature","properties":{"id":"A26100115:04055","equipe":"A","num":55,"codigo":"PTOALT","tipo":"Ponto alto (eixo)","utm_E":407171.6983,"utm_N":7409588.072,"h_ortom":550.111,"material":null,"cc_tipo":null,"profundidade_cm":null,"inacessivel":false,"posicao":null,"tampa":null,"condicao":null,"obstr_sup":null,"obstr_sup_tipo":null,"obstr_fundo":null,"obstr_fundo_tipo":null,"n_tubos":0,"tubos":"","area_critica":"","entrega":"2026-10-01"},"geometry":{"type":"Point","coordinates":[-51.908621,-23.4209436]}},
{"type":"Feature","properties":{"id":"A26100115:04056","equipe":"A","num":56,"codigo":"BLO","tipo":"Boca de lobo","utm_E":407179.2335,"utm_N":7409589.406,"h_ortom":549.653,"material":"Concreto","cc_tipo":"Simples","profundidade_cm":null,"inacessivel":true,"posicao":"Meio de quadra","tampa":"Concreto","condicao":"Ruim","obstr_sup":"Total","obstr_sup_tipo":"Solo","obstr_fundo":"Total","obstr_fundo_tipo":"Solo","n_tubos":0,"tubos":"","area_critica":"","entrega":"2026-10-01"},"geometry":{"type":"Point","coordinates":[-51.9085472,-23.420932]}},
{"type":"Feature","properties":{"id":"A26100115:06057","equipe":"A","num":57,"codigo":"BLO","tipo":"Boca de lobo","utm_E":407176.3307,"utm_N":7409581.841,"h_ortom":549.715,"material":"Concreto","cc_tipo":"Simples","profundidade_cm":null,"inacessivel":true,"posicao":"Meio de quadra","tampa":"Concreto","condicao":"Ruim","obstr_sup":"Total","obstr_sup_tipo":"Solo","obstr_fundo":"Total","obstr_fundo_tipo":"Solo","n_tubos":0,"tubos":"","area_critica":"","entrega":"2026-10-01"},"geometry":{"type":"Point","coordinates":[-51.908576,-23.4210001]}},
{"type":"Feature","properties":{"id":"A26100115:33058","equipe":"A","num":58,"codigo":"BLO","tipo":"Boca de lobo","utm_E":407349.1994,"utm_N":7409555.896,"h_ortom":550.557,"material":"Concreto","cc_tipo":"Simples","profundidade_cm":null,"inacessivel":true,"posicao":"Meio de quadra","tampa":"Concreto","condicao":"Boa","obstr_sup":"Total","obstr_sup_tipo":"Solo","obstr_fundo":"Total","obstr_fundo_tipo":"Solo","n_tubos":0,"tubos":"","area_critica":"","entrega":"2026-10-01"},"geometry":{"type":"Point","coordinates":[-51.9068857,-23.4212443]}},
{"type":"Feature","properties":{"id":"A26100116:17059","equipe":"A","num":59,"codigo":"BLO","tipo":"Boca de lobo","utm_E":407896.026,"utm_N":7409861.343,"h_ortom":544.273,"material":"Concreto","cc_tipo":"Simples","profundidade_cm":116,"inacessivel":false,"posicao":"Esquina","tampa":"Concreto","condicao":"Ruim","obstr_sup":"Não","obstr_sup_tipo":"Nenhuma","obstr_fundo":"Não","obstr_fundo_tipo":"Nenhuma","n_tubos":1,"tubos":"40cm SS","area_critica":"AC03 — Ribeirão Morangueiro","entrega":"2026-10-01"},"geometry":{"type":"Point","coordinates":[-51.9015151,-23.4185165]}},
{"type":"Feature","properties":{"id":"A26100116:20060","equipe":"A","num":60,"codigo":"PTOBAI","tipo":"Ponto baixo (eixo)","utm_E":407895.2702,"utm_N":7409872.83,"h_ortom":544.08,"material":null,"cc_tipo":null,"profundidade_cm":null,"inacessivel":false,"posicao":null,"tampa":null,"condicao":null,"obstr_sup":null,"obstr_sup_tipo":null,"obstr_fundo":null,"obstr_fundo_tipo":null,"n_tubos":0,"tubos":"","area_critica":"","entrega":"2026-10-01","tambem":"B26100116:17086 (PTOBAI)"},"geometry":{"type":"Point","coordinates":[-51.9015218,-23.4184127]}},
{"type":"Feature","properties":{"id":"A26100116:20061","equipe":"A","num":61,"codigo":"PTOALT","tipo":"Ponto alto (eixo)","utm_E":407906.4001,"utm_N":7409865.835,"h_ortom":544.246,"material":null,"cc_tipo":null,"profundidade_cm":null,"inacessivel":false,"posicao":null,"tampa":null,"condicao":null,"obstr_sup":null,"obstr_sup_tipo":null,"obstr_fundo":null,"obstr_fundo_tipo":null,"n_tubos":0,"tubos":"","area_critica":"AC03 — Ribeirão Morangueiro","entrega":"2026-10-01"},"geometry":{"type":"Point","coordinates":[-51.9014133,-23.4184765]}},
{"type":"Feature","properties":{"id":"A26100116:20062","equipe":"A","num":62,"codigo":"ESQUINA","tipo":"Esquina (eixo)","utm_E":407912.0285,"utm_N":7409862.602,"h_ortom":544.273,"material":null,"cc_tipo":null,"profundidade_cm":null,"inacessivel":false,"posicao":null,"tampa":null,"condicao":null,"obstr_sup":null,"obstr_sup_tipo":null,"obstr_fundo":null,"obstr_fundo_tipo":null,"n_tubos":0,"tubos":"","area_critica":"AC03 — Ribeirão Morangueiro","entrega":"2026-10-01"},"geometry":{"type":"Point","coordinates":[-51.9013584,-23.4185061]}},
{"type":"Feature","properties":{"id":"A26100116:22063","equipe":"A","num":63,"codigo":"BLO","tipo":"Boca de lobo","utm_E":407957.8205,"utm_N":7409882.421,"h_ortom":543.671,"material":"Concreto","cc_tipo":"Simples","profundidade_cm":101,"inacessivel":false,"posicao":"Meio de quadra","tampa":"Concreto","condicao":"Ruim","obstr_sup":"Não","obstr_sup_tipo":"Nenhuma","obstr_fundo":"Parcial","obstr_fundo_tipo":"Folhagem","n_tubos":2,"tubos":"40cm SS; 10cm NN","area_critica":"AC03 — Ribeirão Morangueiro","entrega":"2026-10-01"},"geometry":{"type":"Point","coordinates":[-51.900909,-23.4183297]}},
{"type":"Feature","properties":{"id":"A26100116:27064","equipe":"A","num":64,"codigo":"BLO","tipo":"Boca de lobo","utm_E":408014.0554,"utm_N":7409901.578,"h_ortom":543.364,"material":"Concreto","cc_tipo":"Simples","profundidade_cm":152,"inacessivel":false,"posicao":"Esquina","tampa":"Concreto","condicao":"Ruim","obstr_sup":"Não","obstr_sup_tipo":"Nenhuma","obstr_fundo":"Não","obstr_fundo_tipo":"Nenhuma","n_tubos":1,"tubos":"40cm SS","area_critica":"AC03 — Ribeirão Morangueiro","entrega":"2026-10-01"},"geometry":{"type":"Point","coordinates":[-51.9003575,-23.4181598]}},
{"type":"Feature","properties":{"id":"A26100116:29065","equipe":"A","num":65,"codigo":"PTOBAI","tipo":"Ponto baixo (eixo)","utm_E":408009.9311,"utm_N":7409915.589,"h_ortom":542.943,"material":null,"cc_tipo":null,"profundidade_cm":null,"inacessivel":false,"posicao":null,"tampa":null,"condicao":null,"obstr_sup":null,"obstr_sup_tipo":null,"obstr_fundo":null,"obstr_fundo_tipo":null,"n_tubos":0,"tubos":"","area_critica":"","entrega":"2026-10-01"},"geometry":{"type":"Point","coordinates":[-51.900397,-23.418033]}},
{"type":"Feature","properties":{"id":"A26100116:29066","equipe":"A","num":66,"codigo":"PTOALT","tipo":"Ponto alto (eixo)","utm_E":408025.858,"utm_N":7409905.987,"h_ortom":543.171,"material":null,"cc_tipo":null,"profundidade_cm":null,"inacessivel":false,"posicao":null,"tampa":null,"condicao":null,"obstr_sup":null,"obstr_sup_tipo":null,"obstr_fundo":null,"obstr_fundo_tipo":null,"n_tubos":0,"tubos":"","area_critica":"AC03 — Ribeirão Morangueiro","entrega":"2026-10-01"},"geometry":{"type":"Point","coordinates":[-51.9002417,-23.4181206]}},
{"type":"Feature","properties":{"id":"A26100116:29067","equipe":"A","num":67,"codigo":"ESQUINA","tipo":"Esquina (eixo)","utm_E":408030.7219,"utm_N":7409902.6,"h_ortom":543.263,"material":null,"cc_tipo":null,"profundidade_cm":null,"inacessivel":false,"posicao":null,"tampa":null,"condicao":null,"obstr_sup":null,"obstr_sup_tipo":null,"obstr_fundo":null,"obstr_fundo_tipo":null,"n_tubos":0,"tubos":"","area_critica":"AC03 — Ribeirão Morangueiro","entrega":"2026-10-01"},"geometry":{"type":"Point","coordinates":[-51.9001943,-23.4181515]}},
{"type":"Feature","properties":{"id":"A26100116:30068","equipe":"A","num":68,"codigo":"ESQUINA","tipo":"Esquina (eixo)","utm_E":408048.4157,"utm_N":7409909.189,"h_ortom":543.068,"material":null,"cc_tipo":null,"profundidade_cm":null,"inacessivel":false,"posicao":null,"tampa":null,"condicao":null,"obstr_sup":null,"obstr_sup_tipo":null,"obstr_fundo":null,"obstr_fundo_tipo":null,"n_tubos":0,"tubos":"","area_critica":"AC03 — Ribeirão Morangueiro","entrega":"2026-10-01"},"geometry":{"type":"Point","coordinates":[-51.9000207,-23.418093]}},
{"type":"Feature","properties":{"id":"A26100116:30069","equipe":"A","num":69,"codigo":"PTOBAI","tipo":"Ponto baixo (eixo)","utm_E":408050.6921,"utm_N":7409902.088,"h_ortom":543.274,"material":null,"cc_tipo":null,"profundidade_cm":null,"inacessivel":false,"posicao":null,"tampa":null,"condicao":null,"obstr_sup":null,"obstr_sup_tipo":null,"obstr_fundo":null,"obstr_fundo_tipo":null,"n_tubos":0,"tubos":"","area_critica":"AC03 — Ribeirão Morangueiro","entrega":"2026-10-01"},"geometry":{"type":"Point","coordinates":[-51.8999989,-23.4181573]}},
{"type":"Feature","properties":{"id":"A26100116:30070","equipe":"A","num":70,"codigo":"BLO","tipo":"Boca de lobo","utm_E":408053.9494,"utm_N":7409901.71,"h_ortom":543.31,"material":"Concreto","cc_tipo":"Simples","profundidade_cm":147,"inacessivel":false,"posicao":"Esquina","tampa":"Concreto","condicao":"Boa","obstr_sup":"Não","obstr_sup_tipo":"Nenhuma","obstr_fundo":"Parcial","obstr_fundo_tipo":"Folhagem","n_tubos":1,"tubos":"40cm WW","area_critica":"AC03 — Ribeirão Morangueiro","entrega":"2026-10-01"},"geometry":{"type":"Point","coordinates":[-51.899967,-23.4181609]}},
{"type":"Feature","properties":{"id":"A26100116:35071","equipe":"A","num":71,"codigo":"PTOALT","tipo":"Ponto alto (eixo)","utm_E":408065.7267,"utm_N":7409856.892,"h_ortom":544.727,"material":null,"cc_tipo":null,"profundidade_cm":null,"inacessivel":false,"posicao":null,"tampa":null,"condicao":null,"obstr_sup":null,"obstr_sup_tipo":null,"obstr_fundo":null,"obstr_fundo_tipo":null,"n_tubos":0,"tubos":"","area_critica":"AC03 — Ribeirão Morangueiro","entrega":"2026-10-01"},"geometry":{"type":"Point","coordinates":[-51.8998545,-23.4185663]}},
{"type":"Feature","properties":{"id":"A26100116:37072","equipe":"A","num":72,"codigo":"BLO","tipo":"Boca de lobo","utm_E":408096.492,"utm_N":7409921.08,"h_ortom":542.865,"material":"Concreto","cc_tipo":"Múltipla","profundidade_cm":162,"inacessivel":false,"posicao":"Meio de quadra","tampa":"Concreto","condicao":"Boa","obstr_sup":"Não","obstr_sup_tipo":"Nenhuma","obstr_fundo":"Não","obstr_fundo_tipo":"Nenhuma","n_tubos":2,"tubos":"40cm SS; 40cm NN","area_critica":"AC03 — Ribeirão Morangueiro","entrega":"2026-10-01"},"geometry":{"type":"Point","coordinates":[-51.8995495,-23.4179883]}},
{"type":"Feature","properties":{"id":"A26100116:41073","equipe":"A","num":73,"codigo":"BLO","tipo":"Boca de lobo","utm_E":408132.7109,"utm_N":7409942.037,"h_ortom":542.516,"material":"Concreto","cc_tipo":"Múltipla","profundidade_cm":163,"inacessivel":false,"posicao":"Esquina","tampa":"Concreto","condicao":"Boa","obstr_sup":"Não","obstr_sup_tipo":"Nenhuma","obstr_fundo":"Não","obstr_fundo_tipo":"Nenhuma","n_tubos":1,"tubos":"40cm SS","area_critica":"AC03 — Ribeirão Morangueiro","entrega":"2026-10-01"},"geometry":{"type":"Point","coordinates":[-51.8991937,-23.4178011]}},
{"type":"Feature","properties":{"id":"A26100116:44074","equipe":"A","num":74,"codigo":"PTOBAI","tipo":"Ponto baixo (eixo)","utm_E":408125.2086,"utm_N":7409957.867,"h_ortom":541.867,"material":null,"cc_tipo":null,"profundidade_cm":null,"inacessivel":false,"posicao":null,"tampa":null,"condicao":null,"obstr_sup":null,"obstr_sup_tipo":null,"obstr_fundo":null,"obstr_fundo_tipo":null,"n_tubos":0,"tubos":"","area_critica":"AC03 — Ribeirão Morangueiro","entrega":"2026-10-01"},"geometry":{"type":"Point","coordinates":[-51.8992662,-23.4176577]}},
{"type":"Feature","properties":{"id":"A26100116:44075","equipe":"A","num":75,"codigo":"PTOALT","tipo":"Ponto alto (eixo)","utm_E":408144.4844,"utm_N":7409946.335,"h_ortom":542.326,"material":null,"cc_tipo":null,"profundidade_cm":null,"inacessivel":false,"posicao":null,"tampa":null,"condicao":null,"obstr_sup":null,"obstr_sup_tipo":null,"obstr_fundo":null,"obstr_fundo_tipo":null,"n_tubos":0,"tubos":"","area_critica":"AC03 — Ribeirão Morangueiro","entrega":"2026-10-01"},"geometry":{"type":"Point","coordinates":[-51.8990782,-23.4177629]}},
{"type":"Feature","properties":{"id":"A26100116:45076","equipe":"A","num":76,"codigo":"BLO","tipo":"Boca de lobo","utm_E":408147.8964,"utm_N":7409943.052,"h_ortom":542.441,"material":null,"cc_tipo":null,"profundidade_cm":null,"inacessivel":false,"posicao":null,"tampa":null,"condicao":null,"obstr_sup":null,"obstr_sup_tipo":null,"obstr_fundo":null,"obstr_fundo_tipo":null,"n_tubos":0,"tubos":"","area_critica":"AC03 — Ribeirão Morangueiro","entrega":"2026-10-01"},"geometry":{"type":"Point","coordinates":[-51.899045,-23.4177928]}},
{"type":"Feature","properties":{"id":"A26100116:45077","equipe":"A","num":77,"codigo":"BLO","tipo":"Boca de lobo","utm_E":408154.1279,"utm_N":7409949.347,"h_ortom":542.307,"material":"Concreto","cc_tipo":"Múltipla","profundidade_cm":165,"inacessivel":false,"posicao":"Esquina","tampa":"Concreto","condicao":"Boa","obstr_sup":"Não","obstr_sup_tipo":"Nenhuma","obstr_fundo":"Não","obstr_fundo_tipo":"Nenhuma","n_tubos":1,"tubos":"40cm SS","area_critica":"AC03 — Ribeirão Morangueiro","entrega":"2026-10-01"},"geometry":{"type":"Point","coordinates":[-51.8989837,-23.4177363]}},
{"type":"Feature","properties":{"id":"A26100116:52078","equipe":"A","num":78,"codigo":"BLO","tipo":"Boca de lobo","utm_E":408243.0947,"utm_N":7409961.819,"h_ortom":544.098,"material":"Concreto","cc_tipo":"Simples","profundidade_cm":172,"inacessivel":false,"posicao":"Meio de quadra","tampa":"Concreto","condicao":"Boa","obstr_sup":"Não","obstr_sup_tipo":"Nenhuma","obstr_fundo":"Parcial","obstr_fundo_tipo":"Folhagem","n_tubos":1,"tubos":"40cm NE","area_critica":"AC03 — Ribeirão Morangueiro","entrega":"2026-10-01"},"geometry":{"type":"Point","coordinates":[-51.8981122,-23.4176286]}},
{"type":"Feature","properties":{"id":"A26100116:56079","equipe":"A","num":79,"codigo":"BLO","tipo":"Boca de lobo","utm_E":408288.2224,"utm_N":7409939.696,"h_ortom":546.571,"material":"Concreto","cc_tipo":"Simples","profundidade_cm":88,"inacessivel":false,"posicao":"Esquina","tampa":"Concreto","condicao":"Boa","obstr_sup":"Não","obstr_sup_tipo":"Nenhuma","obstr_fundo":"Não","obstr_fundo_tipo":"Nenhuma","n_tubos":1,"tubos":"30cm SE","area_critica":"AC03 — Ribeirão Morangueiro","entrega":"2026-10-01"},"geometry":{"type":"Point","coordinates":[-51.8976719,-23.417831]}},
{"type":"Feature","properties":{"id":"A26100117:01080","equipe":"A","num":80,"codigo":"BLO","tipo":"Boca de lobo","utm_E":408294.7073,"utm_N":7409937.045,"h_ortom":546.586,"material":"Concreto","cc_tipo":"Múltipla","profundidade_cm":137,"inacessivel":false,"posicao":"Esquina","tampa":"Concreto","condicao":"Boa","obstr_sup":"Não","obstr_sup_tipo":"Nenhuma","obstr_fundo":"Não","obstr_fundo_tipo":"Nenhuma","n_tubos":2,"tubos":"30cm NW; 30cm NW","area_critica":"AC03 — Ribeirão Morangueiro","entrega":"2026-10-01"},"geometry":{"type":"Point","coordinates":[-51.8976086,-23.4178553]}},
{"type":"Feature","properties":{"id":"A26100117:11081","equipe":"A","num":81,"codigo":"BLC","tipo":"Boca combinada","utm_E":408302.0121,"utm_N":7409933.255,"h_ortom":546.698,"material":"Concreto","cc_tipo":"Simples","profundidade_cm":85,"inacessivel":false,"posicao":"Esquina","tampa":"Ferro","condicao":"Boa","obstr_sup":"Não","obstr_sup_tipo":"Nenhuma","obstr_fundo":"Não","obstr_fundo_tipo":"Nenhuma","n_tubos":2,"tubos":"30cm NW; 10cm SS","area_critica":"AC03 — Ribeirão Morangueiro","entrega":"2026-10-01"},"geometry":{"type":"Point","coordinates":[-51.8975373,-23.4178899]}},
{"type":"Feature","properties":{"id":"A26100117:14082","equipe":"A","num":82,"codigo":"BLO","tipo":"Boca de lobo","utm_E":408308.535,"utm_N":7409933.408,"h_ortom":547.154,"material":"Concreto","cc_tipo":"Simples","profundidade_cm":112,"inacessivel":false,"posicao":"Esquina","tampa":"Concreto","condicao":"Ruim","obstr_sup":"Não","obstr_sup_tipo":"Nenhuma","obstr_fundo":"Parcial","obstr_fundo_tipo":"Resíduo","n_tubos":2,"tubos":"30cm NE; 10cm WW","area_critica":"AC03 — Ribeirão Morangueiro","entrega":"2026-10-01"},"geometry":{"type":"Point","coordinates":[-51.8974734,-23.4178889]}},
{"type":"Feature","properties":{"id":"A26100117:18083","equipe":"A","num":83,"codigo":"BLO","tipo":"Boca de lobo","utm_E":408363.9815,"utm_N":7409919.781,"h_ortom":550.03,"material":"Concreto","cc_tipo":"Simples","profundidade_cm":167,"inacessivel":false,"posicao":"Esquina","tampa":"Concreto","condicao":"Boa","obstr_sup":"Não","obstr_sup_tipo":"Nenhuma","obstr_fundo":"Não","obstr_fundo_tipo":"Nenhuma","n_tubos":1,"tubos":"30cm SE","area_critica":"AC03 — Ribeirão Morangueiro","entrega":"2026-10-01"},"geometry":{"type":"Point","coordinates":[-51.8969316,-23.4180151]}},
{"type":"Feature","properties":{"id":"A26100117:22084","equipe":"A","num":84,"codigo":"BLO","tipo":"Boca de lobo","utm_E":408371.0781,"utm_N":7409915.835,"h_ortom":550.18,"material":"Concreto","cc_tipo":"Simples","profundidade_cm":75,"inacessivel":false,"posicao":"Esquina","tampa":"Concreto","condicao":"Boa","obstr_sup":"Não","obstr_sup_tipo":"Nenhuma","obstr_fundo":"Não","obstr_fundo_tipo":"Nenhuma","n_tubos":1,"tubos":"30cm NW","area_critica":"AC03 — Ribeirão Morangueiro","entrega":"2026-10-01"},"geometry":{"type":"Point","coordinates":[-51.8968624,-23.4180511]}},
{"type":"Feature","properties":{"id":"A26100117:25085","equipe":"A","num":85,"codigo":"BLO","tipo":"Boca de lobo","utm_E":408366.0868,"utm_N":7409901.917,"h_ortom":550.454,"material":"Concreto","cc_tipo":"Simples","profundidade_cm":142,"inacessivel":false,"posicao":"Esquina","tampa":"Concreto","condicao":"Boa","obstr_sup":"Não","obstr_sup_tipo":"Nenhuma","obstr_fundo":"Não","obstr_fundo_tipo":"Nenhuma","n_tubos":1,"tubos":"30cm NE","area_critica":"AC03 — Ribeirão Morangueiro","entrega":"2026-10-01"},"geometry":{"type":"Point","coordinates":[-51.8969121,-23.4181766]}},
{"type":"Feature","properties":{"id":"A26100117:27086","equipe":"A","num":86,"codigo":"BLO","tipo":"Boca de lobo","utm_E":408355.3849,"utm_N":7409903.841,"h_ortom":549.771,"material":"Concreto","cc_tipo":"Simples","profundidade_cm":210,"inacessivel":false,"posicao":"Esquina","tampa":"Concreto","condicao":"Boa","obstr_sup":"Não","obstr_sup_tipo":"Nenhuma","obstr_fundo":"Não","obstr_fundo_tipo":"Nenhuma","n_tubos":0,"tubos":"","area_critica":"AC03 — Ribeirão Morangueiro","entrega":"2026-10-01"},"geometry":{"type":"Point","coordinates":[-51.8970167,-23.4181586]}},
{"type":"Feature","properties":{"id":"A26100117:31087","equipe":"A","num":87,"codigo":"BLO","tipo":"Boca de lobo","utm_E":408428.362,"utm_N":7409883.578,"h_ortom":553.259,"material":"Concreto","cc_tipo":"Simples","profundidade_cm":93,"inacessivel":false,"posicao":"Esquina","tampa":"Concreto","condicao":"Boa","obstr_sup":"Não","obstr_sup_tipo":"Nenhuma","obstr_fundo":"Não","obstr_fundo_tipo":"Nenhuma","n_tubos":1,"tubos":"30cm NW","area_critica":"AC03 — Ribeirão Morangueiro","entrega":"2026-10-01"},"geometry":{"type":"Point","coordinates":[-51.8963037,-23.4183457]}},
{"type":"Feature","properties":{"id":"A26100117:35088","equipe":"A","num":88,"codigo":"BLO","tipo":"Boca de lobo","utm_E":408428.8485,"utm_N":7409879.035,"h_ortom":553.586,"material":"Concreto","cc_tipo":"Simples","profundidade_cm":155,"inacessivel":false,"posicao":"Esquina","tampa":"Concreto","condicao":"Boa","obstr_sup":"Não","obstr_sup_tipo":"Nenhuma","obstr_fundo":"Não","obstr_fundo_tipo":"Nenhuma","n_tubos":0,"tubos":"","area_critica":"AC03 — Ribeirão Morangueiro","entrega":"2026-10-01"},"geometry":{"type":"Point","coordinates":[-51.8962992,-23.4183868]}},
{"type":"Feature","properties":{"id":"A26100117:38089","equipe":"A","num":89,"codigo":"BLO","tipo":"Boca de lobo","utm_E":408477.2219,"utm_N":7409856.865,"h_ortom":556.121,"material":"Concreto","cc_tipo":"Simples","profundidade_cm":135,"inacessivel":false,"posicao":"Esquina","tampa":"Concreto","condicao":"Boa","obstr_sup":"Parcial","obstr_sup_tipo":"Resíduo","obstr_fundo":"Não","obstr_fundo_tipo":"Nenhuma","n_tubos":1,"tubos":"40cm SE","area_critica":"AC03 — Ribeirão Morangueiro","entrega":"2026-10-01"},"geometry":{"type":"Point","coordinates":[-51.8958272,-23.4185897]}},
{"type":"Feature","properties":{"id":"A26100117:41090","equipe":"A","num":90,"codigo":"BLO","tipo":"Boca de lobo","utm_E":408484.2886,"utm_N":7409852.809,"h_ortom":556.328,"material":"Concreto","cc_tipo":"Simples","profundidade_cm":116,"inacessivel":false,"posicao":"Esquina","tampa":"Concreto","condicao":"Boa","obstr_sup":"Parcial","obstr_sup_tipo":"Resíduo","obstr_fundo":"Não","obstr_fundo_tipo":"Nenhuma","n_tubos":1,"tubos":"40cm NW","area_critica":"AC03 — Ribeirão Morangueiro","entrega":"2026-10-01"},"geometry":{"type":"Point","coordinates":[-51.8957582,-23.4186267]}},
{"type":"Feature","properties":{"id":"A26100117:50091","equipe":"A","num":91,"codigo":"BLO","tipo":"Boca de lobo","utm_E":408531.4878,"utm_N":7409826.841,"h_ortom":559.39,"material":"Concreto","cc_tipo":"Simples","profundidade_cm":135,"inacessivel":false,"posicao":"Esquina","tampa":"Concreto","condicao":"Boa","obstr_sup":"Não","obstr_sup_tipo":"Nenhuma","obstr_fundo":"Não","obstr_fundo_tipo":"Nenhuma","n_tubos":0,"tubos":"","area_critica":"AC03 — Ribeirão Morangueiro","entrega":"2026-10-01"},"geometry":{"type":"Point","coordinates":[-51.8952979,-23.4188639]}},
{"type":"Feature","properties":{"id":"A26100117:52092","equipe":"A","num":92,"codigo":"BLO","tipo":"Boca de lobo","utm_E":408534.5371,"utm_N":7409809.778,"h_ortom":559.743,"material":"Concreto","cc_tipo":"Múltipla","profundidade_cm":125,"inacessivel":false,"posicao":"Esquina","tampa":"Concreto","condicao":"Boa","obstr_sup":"Não","obstr_sup_tipo":"Nenhuma","obstr_fundo":"Não","obstr_fundo_tipo":"Nenhuma","n_tubos":1,"tubos":"40cm NE","area_critica":"AC03 — Ribeirão Morangueiro","entrega":"2026-10-01"},"geometry":{"type":"Point","coordinates":[-51.8952691,-23.4190182]}},
{"type":"Feature","properties":{"id":"A26100117:55093","equipe":"A","num":93,"codigo":"BLO","tipo":"Boca de lobo","utm_E":408552.0699,"utm_N":7409800.165,"h_ortom":560.741,"material":"Concreto","cc_tipo":"Simples","profundidade_cm":105,"inacessivel":false,"posicao":"Meio de quadra","tampa":"Concreto","condicao":"Boa","obstr_sup":"Não","obstr_sup_tipo":"Nenhuma","obstr_fundo":"Não","obstr_fundo_tipo":"Nenhuma","n_tubos":1,"tubos":"60cm NE","area_critica":"AC03 — Ribeirão Morangueiro","entrega":"2026-10-01"},"geometry":{"type":"Point","coordinates":[-51.8950981,-23.419106]}},
{"type":"Feature","properties":{"id":"A26100118:01094","equipe":"A","num":94,"codigo":"BLO","tipo":"Boca de lobo","utm_E":408593.3987,"utm_N":7409793.874,"h_ortom":562.9,"material":"Concreto","cc_tipo":"Simples","profundidade_cm":110,"inacessivel":false,"posicao":"Esquina","tampa":"Concreto","condicao":"Boa","obstr_sup":"Total","obstr_sup_tipo":"Solo","obstr_fundo":"Não","obstr_fundo_tipo":"Nenhuma","n_tubos":1,"tubos":"40cm NW","area_critica":"AC03 — Ribeirão Morangueiro","entrega":"2026-10-01"},"geometry":{"type":"Point","coordinates":[-51.8946939,-23.4191651]}},
{"type":"Feature","properties":{"id":"A26100118:05095","equipe":"A","num":95,"codigo":"BLO","tipo":"Boca de lobo","utm_E":408593.5206,"utm_N":7409789.112,"h_ortom":563.062,"material":"Concreto","cc_tipo":"Simples","profundidade_cm":null,"inacessivel":true,"posicao":"Esquina","tampa":"Concreto","condicao":"Boa","obstr_sup":"Total","obstr_sup_tipo":"Solo","obstr_fundo":"Total","obstr_fundo_tipo":"Solo","n_tubos":0,"tubos":"","area_critica":"AC03 — Ribeirão Morangueiro","entrega":"2026-10-01"},"geometry":{"type":"Point","coordinates":[-51.894693,-23.4192082]}},
{"type":"Feature","properties":{"id":"A26100118:08096","equipe":"A","num":96,"codigo":"BLO","tipo":"Boca de lobo","utm_E":408615.2031,"utm_N":7409777.163,"h_ortom":564.296,"material":"Concreto","cc_tipo":"Simples","profundidade_cm":90,"inacessivel":false,"posicao":"Meio de quadra","tampa":"Concreto","condicao":"Boa","obstr_sup":"Não","obstr_sup_tipo":"Nenhuma","obstr_fundo":"Não","obstr_fundo_tipo":"Nenhuma","n_tubos":1,"tubos":"60cm SW","area_critica":"AC03 — Ribeirão Morangueiro","entrega":"2026-10-01"},"geometry":{"type":"Point","coordinates":[-51.8944816,-23.4193173]}},
{"type":"Feature","properties":{"id":"A26100118:12097","equipe":"A","num":97,"codigo":"BLE","tipo":"Boca de leão","utm_E":408639.6436,"utm_N":7409768.128,"h_ortom":565.557,"material":"Ferro","cc_tipo":"Simples","profundidade_cm":42,"inacessivel":false,"posicao":"Esquina","tampa":"Ferro","condicao":"Boa","obstr_sup":"Não","obstr_sup_tipo":"Nenhuma","obstr_fundo":"Não","obstr_fundo_tipo":"Nenhuma","n_tubos":0,"tubos":"","area_critica":"AC03 — Ribeirão Morangueiro","entrega":"2026-10-01"},"geometry":{"type":"Point","coordinates":[-51.8942429,-23.4194003]}},
{"type":"Feature","properties":{"id":"A26100118:14098","equipe":"A","num":98,"codigo":"BLO","tipo":"Boca de lobo","utm_E":408651.3612,"utm_N":7409757.312,"h_ortom":566.444,"material":"Concreto","cc_tipo":"Simples","profundidade_cm":125,"inacessivel":false,"posicao":"Esquina","tampa":"Concreto","condicao":"Boa","obstr_sup":"Parcial","obstr_sup_tipo":"Folhagem","obstr_fundo":"Não","obstr_fundo_tipo":"Nenhuma","n_tubos":1,"tubos":"40cm SW","area_critica":"AC03 — Ribeirão Morangueiro","entrega":"2026-10-01"},"geometry":{"type":"Point","coordinates":[-51.8941289,-23.4194986]}},
{"type":"Feature","properties":{"id":"B26100108:18001","equipe":"B","num":1,"codigo":"BLO","tipo":"Boca de lobo","utm_E":407027.2688,"utm_N":7409951.957,"h_ortom":546.283,"material":"Concreto","cc_tipo":"Simples","profundidade_cm":120,"inacessivel":false,"posicao":"Meio de quadra","tampa":"Concreto","condicao":"Boa","obstr_sup":"Não","obstr_sup_tipo":"Nenhuma","obstr_fundo":"Não","obstr_fundo_tipo":"Nenhuma","n_tubos":1,"tubos":"40cm SW","area_critica":"","entrega":"2026-10-01"},"geometry":{"type":"Point","coordinates":[-51.9100121,-23.4176488]}},
{"type":"Feature","properties":{"id":"B26100108:22002","equipe":"B","num":2,"codigo":"ESQUINA","tipo":"Esquina (eixo)","utm_E":407101.3117,"utm_N":7409902.128,"h_ortom":545.235,"material":null,"cc_tipo":null,"profundidade_cm":null,"inacessivel":false,"posicao":null,"tampa":null,"condicao":null,"obstr_sup":null,"obstr_sup_tipo":null,"obstr_fundo":null,"obstr_fundo_tipo":null,"n_tubos":0,"tubos":"","area_critica":"","entrega":"2026-10-01"},"geometry":{"type":"Point","coordinates":[-51.9092905,-23.4181031]}},
{"type":"Feature","properties":{"id":"B26100108:23003","equipe":"B","num":3,"codigo":"BLO","tipo":"Boca de lobo","utm_E":407096.4536,"utm_N":7409910.175,"h_ortom":545.082,"material":"Concreto","cc_tipo":"Simples","profundidade_cm":155,"inacessivel":false,"posicao":"Esquina","tampa":"Concreto","condicao":"Boa","obstr_sup":"Não","obstr_sup_tipo":"Nenhuma","obstr_fundo":"Não","obstr_fundo_tipo":"Nenhuma","n_tubos":1,"tubos":"40cm SW","area_critica":"","entrega":"2026-10-01"},"geometry":{"type":"Point","coordinates":[-51.9093375,-23.4180301]}},
{"type":"Feature","properties":{"id":"B26100108:27004","equipe":"B","num":4,"codigo":"BLO","tipo":"Boca de lobo","utm_E":407110.9997,"utm_N":7409901.312,"h_ortom":545.041,"material":"Concreto","cc_tipo":"Simples","profundidade_cm":120,"inacessivel":false,"posicao":"Esquina","tampa":"Concreto","condicao":"Boa","obstr_sup":"Não","obstr_sup_tipo":"Nenhuma","obstr_fundo":"Não","obstr_fundo_tipo":"Nenhuma","n_tubos":1,"tubos":"40cm SW","area_critica":"","entrega":"2026-10-01"},"geometry":{"type":"Point","coordinates":[-51.9091957,-23.418111]}},
{"type":"Feature","properties":{"id":"B26100108:30005","equipe":"B","num":5,"codigo":"BLO","tipo":"Boca de lobo","utm_E":407106.5639,"utm_N":7409894.341,"h_ortom":545.177,"material":"Concreto","cc_tipo":"Simples","profundidade_cm":110,"inacessivel":false,"posicao":"Esquina","tampa":"Concreto","condicao":"Boa","obstr_sup":"Não","obstr_sup_tipo":"Nenhuma","obstr_fundo":"Não","obstr_fundo_tipo":"Nenhuma","n_tubos":1,"tubos":"40cm NE","area_critica":"","entrega":"2026-10-01"},"geometry":{"type":"Point","coordinates":[-51.9092396,-23.4181737]}},
{"type":"Feature","properties":{"id":"B26100108:39006","equipe":"B","num":6,"codigo":"BLO","tipo":"Boca de lobo","utm_E":407245.0421,"utm_N":7409810.491,"h_ortom":544.803,"material":"Concreto","cc_tipo":"Simples","profundidade_cm":130,"inacessivel":false,"posicao":"Esquina","tampa":"Concreto","condicao":"Boa","obstr_sup":"Não","obstr_sup_tipo":"Nenhuma","obstr_fundo":"Parcial","obstr_fundo_tipo":"Entulho","n_tubos":1,"tubos":"40cm NE","area_critica":"","entrega":"2026-10-01"},"geometry":{"type":"Point","coordinates":[-51.9078894,-23.4189389]}},
{"type":"Feature","properties":{"id":"B26100108:42007","equipe":"B","num":7,"codigo":"ESQUINA","tipo":"Esquina (eixo)","utm_E":407254.9145,"utm_N":7409810.468,"h_ortom":544.766,"material":null,"cc_tipo":null,"profundidade_cm":null,"inacessivel":false,"posicao":null,"tampa":null,"condicao":null,"obstr_sup":null,"obstr_sup_tipo":null,"obstr_fundo":null,"obstr_fundo_tipo":null,"n_tubos":0,"tubos":"","area_critica":"","entrega":"2026-10-01"},"geometry":{"type":"Point","coordinates":[-51.9077928,-23.4189397]}},
{"type":"Feature","properties":{"id":"B26100108:43008","equipe":"B","num":8,"codigo":"BLO","tipo":"Boca de lobo","utm_E":407246.489,"utm_N":7409804.596,"h_ortom":545.017,"material":"Concreto","cc_tipo":"Simples","profundidade_cm":102,"inacessivel":false,"posicao":"Esquina","tampa":"Concreto","condicao":"Boa","obstr_sup":"Não","obstr_sup_tipo":"Nenhuma","obstr_fundo":"Não","obstr_fundo_tipo":"Nenhuma","n_tubos":1,"tubos":"40cm SE","area_critica":"","entrega":"2026-10-01"},"geometry":{"type":"Point","coordinates":[-51.9078757,-23.4189922]}},
{"type":"Feature","properties":{"id":"B26100108:49009","equipe":"B","num":9,"codigo":"BLO","tipo":"Boca de lobo","utm_E":407329.8375,"utm_N":7409777.347,"h_ortom":543.772,"material":"Concreto","cc_tipo":"Simples","profundidade_cm":110,"inacessivel":false,"posicao":"Esquina","tampa":"Concreto","condicao":"Boa","obstr_sup":"Não","obstr_sup_tipo":"Nenhuma","obstr_fundo":"Não","obstr_fundo_tipo":"Nenhuma","n_tubos":1,"tubos":"40cm NE","area_critica":"","entrega":"2026-10-01"},"geometry":{"type":"Point","coordinates":[-51.9070616,-23.4192431]}},
{"type":"Feature","properties":{"id":"B26100108:52010","equipe":"B","num":10,"codigo":"ESQUINA","tipo":"Esquina (eixo)","utm_E":407342.7309,"utm_N":7409778.555,"h_ortom":543.324,"material":null,"cc_tipo":null,"profundidade_cm":null,"inacessivel":false,"posicao":null,"tampa":null,"condicao":null,"obstr_sup":null,"obstr_sup_tipo":null,"obstr_fundo":null,"obstr_fundo_tipo":null,"n_tubos":0,"tubos":"","area_critica":"","entrega":"2026-10-01"},"geometry":{"type":"Point","coordinates":[-51.9069353,-23.4192329]}},
{"type":"Feature","properties":{"id":"B26100108:53011","equipe":"B","num":11,"codigo":"PTOBAI","tipo":"Ponto baixo (eixo)","utm_E":407331.0005,"utm_N":7409781.654,"h_ortom":543.706,"material":null,"cc_tipo":null,"profundidade_cm":null,"inacessivel":false,"posicao":null,"tampa":null,"condicao":null,"obstr_sup":null,"obstr_sup_tipo":null,"obstr_fundo":null,"obstr_fundo_tipo":null,"n_tubos":0,"tubos":"","area_critica":"","entrega":"2026-10-01"},"geometry":{"type":"Point","coordinates":[-51.9070499,-23.4192043]}},
{"type":"Feature","properties":{"id":"B26100108:54012","equipe":"B","num":12,"codigo":"BLO","tipo":"Boca de lobo","utm_E":407332.678,"utm_N":7409771.688,"h_ortom":543.656,"material":"Concreto","cc_tipo":"Simples","profundidade_cm":130,"inacessivel":false,"posicao":"Esquina","tampa":"Concreto","condicao":"Boa","obstr_sup":"Não","obstr_sup_tipo":"Nenhuma","obstr_fundo":"Parcial","obstr_fundo_tipo":"Entulho","n_tubos":1,"tubos":"40cm SE","area_critica":"","entrega":"2026-10-01"},"geometry":{"type":"Point","coordinates":[-51.9070341,-23.4192944]}},
{"type":"Feature","properties":{"id":"B26100108:58013","equipe":"B","num":13,"codigo":"ESQUINA","tipo":"Esquina (eixo)","utm_E":407356.4363,"utm_N":7409772.131,"h_ortom":543.451,"material":null,"cc_tipo":null,"profundidade_cm":null,"inacessivel":false,"posicao":null,"tampa":null,"condicao":null,"obstr_sup":null,"obstr_sup_tipo":null,"obstr_fundo":null,"obstr_fundo_tipo":null,"n_tubos":0,"tubos":"","area_critica":"","entrega":"2026-10-01"},"geometry":{"type":"Point","coordinates":[-51.9068016,-23.4192917]}},
{"type":"Feature","properties":{"id":"B26100108:58014","equipe":"B","num":14,"codigo":"BLO","tipo":"Boca de lobo","utm_E":407356.9091,"utm_N":7409762.81,"h_ortom":543.673,"material":"Concreto","cc_tipo":"Simples","profundidade_cm":130,"inacessivel":false,"posicao":"Esquina","tampa":"Concreto","condicao":"Boa","obstr_sup":"Não","obstr_sup_tipo":"Nenhuma","obstr_fundo":"Parcial","obstr_fundo_tipo":"Resíduo","n_tubos":1,"tubos":"40cm NW","area_critica":"","entrega":"2026-10-01"},"geometry":{"type":"Point","coordinates":[-51.9067975,-23.4193759]}},
{"type":"Feature","properties":{"id":"B26100110:01015","equipe":"B","num":15,"codigo":"PTOALT","tipo":"Ponto alto (eixo)","utm_E":407362.578,"utm_N":7409770.179,"h_ortom":543.439,"material":null,"cc_tipo":null,"profundidade_cm":null,"inacessivel":false,"posicao":null,"tampa":null,"condicao":null,"obstr_sup":null,"obstr_sup_tipo":null,"obstr_fundo":null,"obstr_fundo_tipo":null,"n_tubos":0,"tubos":"","area_critica":"","entrega":"2026-10-01"},"geometry":{"type":"Point","coordinates":[-51.9067416,-23.4193097]}},
{"type":"Feature","properties":{"id":"B26100110:03016","equipe":"B","num":16,"codigo":"PTOALT","tipo":"Ponto alto (eixo)","utm_E":407428.2461,"utm_N":7409750.998,"h_ortom":542.837,"material":null,"cc_tipo":null,"profundidade_cm":null,"inacessivel":false,"posicao":null,"tampa":null,"condicao":null,"obstr_sup":null,"obstr_sup_tipo":null,"obstr_fundo":null,"obstr_fundo_tipo":null,"n_tubos":0,"tubos":"","area_critica":"","entrega":"2026-10-01"},"geometry":{"type":"Point","coordinates":[-51.9061001,-23.4194867]}},
{"type":"Feature","properties":{"id":"B26100110:03017","equipe":"B","num":17,"codigo":"ESQUINA","tipo":"Esquina (eixo)","utm_E":407425.3596,"utm_N":7409746.624,"h_ortom":542.944,"material":null,"cc_tipo":null,"profundidade_cm":null,"inacessivel":false,"posicao":null,"tampa":null,"condicao":null,"obstr_sup":null,"obstr_sup_tipo":null,"obstr_fundo":null,"obstr_fundo_tipo":null,"n_tubos":0,"tubos":"","area_critica":"","entrega":"2026-10-01"},"geometry":{"type":"Point","coordinates":[-51.9061286,-23.419526]}},
{"type":"Feature","properties":{"id":"B26100110:03018","equipe":"B","num":18,"codigo":"BLO","tipo":"Boca de lobo","utm_E":407421.1905,"utm_N":7409752.59,"h_ortom":542.745,"material":"Concreto","cc_tipo":"Simples","profundidade_cm":100,"inacessivel":false,"posicao":"Esquina","tampa":"Concreto","condicao":"Boa","obstr_sup":"Não","obstr_sup_tipo":"Nenhuma","obstr_fundo":"Não","obstr_fundo_tipo":"Nenhuma","n_tubos":1,"tubos":"40cm SE","area_critica":"","entrega":"2026-10-01"},"geometry":{"type":"Point","coordinates":[-51.906169,-23.4194719]}},
{"type":"Feature","properties":{"id":"B26100110:07019","equipe":"B","num":19,"codigo":"BLO","tipo":"Boca de lobo","utm_E":407432.6434,"utm_N":7409748.473,"h_ortom":542.857,"material":"Concreto","cc_tipo":"Simples","profundidade_cm":125,"inacessivel":false,"posicao":"Esquina","tampa":"Concreto","condicao":"Boa","obstr_sup":"Não","obstr_sup_tipo":"Nenhuma","obstr_fundo":"Parcial","obstr_fundo_tipo":"Resíduo","n_tubos":2,"tubos":"40cm NW; 40cm SW","area_critica":"","entrega":"2026-10-01"},"geometry":{"type":"Point","coordinates":[-51.9060572,-23.4195097]}},
{"type":"Feature","properties":{"id":"B26100110:12020","equipe":"B","num":20,"codigo":"PTOBAI","tipo":"Ponto baixo (eixo)","utm_E":407439.1802,"utm_N":7409741.536,"h_ortom":543.005,"material":null,"cc_tipo":null,"profundidade_cm":null,"inacessivel":false,"posicao":null,"tampa":null,"condicao":null,"obstr_sup":null,"obstr_sup_tipo":null,"obstr_fundo":null,"obstr_fundo_tipo":null,"n_tubos":0,"tubos":"","area_critica":"","entrega":"2026-10-01"},"geometry":{"type":"Point","coordinates":[-51.9059936,-23.4195727]}},
{"type":"Feature","properties":{"id":"B26100110:13021","equipe":"B","num":21,"codigo":"PTOALT","tipo":"Ponto alto (eixo)","utm_E":407489.3299,"utm_N":7409722.723,"h_ortom":543.462,"material":null,"cc_tipo":null,"profundidade_cm":null,"inacessivel":false,"posicao":null,"tampa":null,"condicao":null,"obstr_sup":null,"obstr_sup_tipo":null,"obstr_fundo":null,"obstr_fundo_tipo":null,"n_tubos":0,"tubos":"","area_critica":"","entrega":"2026-10-01"},"geometry":{"type":"Point","coordinates":[-51.905504,-23.4197455]}},
{"type":"Feature","properties":{"id":"B26100110:13022","equipe":"B","num":22,"codigo":"ESQUINA","tipo":"Esquina (eixo)","utm_E":407497.8986,"utm_N":7409719.966,"h_ortom":543.469,"material":null,"cc_tipo":null,"profundidade_cm":null,"inacessivel":false,"posicao":null,"tampa":null,"condicao":null,"obstr_sup":null,"obstr_sup_tipo":null,"obstr_fundo":null,"obstr_fundo_tipo":null,"n_tubos":0,"tubos":"","area_critica":"","entrega":"2026-10-01"},"geometry":{"type":"Point","coordinates":[-51.9054203,-23.4197709]}},
{"type":"Feature","properties":{"id":"B26100110:19023","equipe":"B","num":23,"codigo":"BLO","tipo":"Boca de lobo","utm_E":407491.3119,"utm_N":7409712.174,"h_ortom":543.481,"material":"Concreto","cc_tipo":"Simples","profundidade_cm":165,"inacessivel":false,"posicao":"Meio de quadra","tampa":"Concreto","condicao":"Boa","obstr_sup":"Não","obstr_sup_tipo":"Nenhuma","obstr_fundo":"Não","obstr_fundo_tipo":"Nenhuma","n_tubos":1,"tubos":"40cm NW","area_critica":"","entrega":"2026-10-01"},"geometry":{"type":"Point","coordinates":[-51.9054852,-23.4198409]}},
{"type":"Feature","properties":{"id":"B26100110:24024","equipe":"B","num":24,"codigo":"BLO","tipo":"Boca de lobo","utm_E":407479.9041,"utm_N":7409717.045,"h_ortom":543.312,"material":"Concreto","cc_tipo":"Simples","profundidade_cm":153,"inacessivel":false,"posicao":"Esquina","tampa":"Concreto","condicao":"Boa","obstr_sup":"Não","obstr_sup_tipo":"Nenhuma","obstr_fundo":"Não","obstr_fundo_tipo":"Nenhuma","n_tubos":1,"tubos":"40cm SE","area_critica":"","entrega":"2026-10-01"},"geometry":{"type":"Point","coordinates":[-51.9055966,-23.4197963]}},
{"type":"Feature","properties":{"id":"B26100110:32025","equipe":"B","num":25,"codigo":"PTOALT","tipo":"Ponto alto (eixo)","utm_E":407501.3345,"utm_N":7409721.375,"h_ortom":543.458,"material":null,"cc_tipo":null,"profundidade_cm":null,"inacessivel":false,"posicao":null,"tampa":null,"condicao":null,"obstr_sup":null,"obstr_sup_tipo":null,"obstr_fundo":null,"obstr_fundo_tipo":null,"n_tubos":0,"tubos":"","area_critica":"","entrega":"2026-10-01"},"geometry":{"type":"Point","coordinates":[-51.9053866,-23.4197584]}},
{"type":"Feature","properties":{"id":"B26100110:32026","equipe":"B","num":26,"codigo":"BLO","tipo":"Boca de lobo","utm_E":407506.0511,"utm_N":7409719.733,"h_ortom":543.442,"material":"Concreto","cc_tipo":"Simples","profundidade_cm":130,"inacessivel":false,"posicao":"Meio de quadra","tampa":"Concreto","condicao":"Boa","obstr_sup":"Não","obstr_sup_tipo":"Nenhuma","obstr_fundo":"Não","obstr_fundo_tipo":"Nenhuma","n_tubos":1,"tubos":"40cm NN","area_critica":"","entrega":"2026-10-01"},"geometry":{"type":"Point","coordinates":[-51.9053405,-23.4197735]}},
{"type":"Feature","properties":{"id":"B26100110:40027","equipe":"B","num":27,"codigo":"PV","tipo":"Poço de visita","utm_E":407500.3368,"utm_N":7409726.129,"h_ortom":543.234,"material":"Concreto","cc_tipo":"Simples","profundidade_cm":158,"inacessivel":false,"posicao":"Esquina","tampa":"Ferro","condicao":"Boa","obstr_sup":"Não","obstr_sup_tipo":"Nenhuma","obstr_fundo":"Não","obstr_fundo_tipo":"Nenhuma","n_tubos":3,"tubos":"40cm NW; 40cm SE; 40cm NW","area_critica":"","entrega":"2026-10-01"},"geometry":{"type":"Point","coordinates":[-51.905396,-23.4197154]}},
{"type":"Feature","properties":{"id":"B26100110:46028","equipe":"B","num":28,"codigo":"BLO","tipo":"Boca de lobo","utm_E":407499.8646,"utm_N":7409726.433,"h_ortom":543.359,"material":"Concreto","cc_tipo":"Simples","profundidade_cm":158,"inacessivel":false,"posicao":"Esquina","tampa":"Concreto","condicao":"Boa","obstr_sup":"Não","obstr_sup_tipo":"Nenhuma","obstr_fundo":"Não","obstr_fundo_tipo":"Nenhuma","n_tubos":1,"tubos":"40cm SE","area_critica":"","entrega":"2026-10-01"},"geometry":{"type":"Point","coordinates":[-51.9054006,-23.4197126]}},
{"type":"Feature","properties":{"id":"B26100110:49029","equipe":"B","num":29,"codigo":"BLO","tipo":"Boca de lobo","utm_E":407449.3416,"utm_N":7409647.899,"h_ortom":544.9,"material":"Concreto","cc_tipo":"Simples","profundidade_cm":132,"inacessivel":false,"posicao":"Esquina","tampa":"Concreto","condicao":"Boa","obstr_sup":"Não","obstr_sup_tipo":"Nenhuma","obstr_fundo":"Não","obstr_fundo_tipo":"Nenhuma","n_tubos":1,"tubos":"40cm SW","area_critica":"","entrega":"2026-10-01"},"geometry":{"type":"Point","coordinates":[-51.9059,-23.420419]}},
{"type":"Feature","properties":{"id":"B26100110:52030","equipe":"B","num":30,"codigo":"PTOBAI","tipo":"Ponto baixo (eixo)","utm_E":407447.6529,"utm_N":7409644.014,"h_ortom":545.006,"material":null,"cc_tipo":null,"profundidade_cm":null,"inacessivel":false,"posicao":null,"tampa":null,"condicao":null,"obstr_sup":null,"obstr_sup_tipo":null,"obstr_fundo":null,"obstr_fundo_tipo":null,"n_tubos":0,"tubos":"","area_critica":"","entrega":"2026-10-01"},"geometry":{"type":"Point","coordinates":[-51.9059167,-23.420454]}},
{"type":"Feature","properties":{"id":"B26100110:53031","equipe":"B","num":31,"codigo":"PTOALT","tipo":"Ponto alto (eixo)","utm_E":407383.7412,"utm_N":7409667.607,"h_ortom":545.874,"material":null,"cc_tipo":null,"profundidade_cm":null,"inacessivel":false,"posicao":null,"tampa":null,"condicao":null,"obstr_sup":null,"obstr_sup_tipo":null,"obstr_fundo":null,"obstr_fundo_tipo":null,"n_tubos":0,"tubos":"","area_critica":"","entrega":"2026-10-01"},"geometry":{"type":"Point","coordinates":[-51.9065408,-23.4202373]}},
{"type":"Feature","properties":{"id":"B26100110:54032","equipe":"B","num":32,"codigo":"PTOBAI","tipo":"Ponto baixo (eixo)","utm_E":407315.9936,"utm_N":7409692.907,"h_ortom":545.648,"material":null,"cc_tipo":null,"profundidade_cm":null,"inacessivel":false,"posicao":null,"tampa":null,"condicao":null,"obstr_sup":null,"obstr_sup_tipo":null,"obstr_fundo":null,"obstr_fundo_tipo":null,"n_tubos":0,"tubos":"","area_critica":"","entrega":"2026-10-01"},"geometry":{"type":"Point","coordinates":[-51.9072023,-23.420005]}},
{"type":"Feature","properties":{"id":"B26100110:54033","equipe":"B","num":33,"codigo":"ESQUINA","tipo":"Esquina (eixo)","utm_E":407310.6163,"utm_N":7409695.129,"h_ortom":545.678,"material":null,"cc_tipo":null,"profundidade_cm":null,"inacessivel":false,"posicao":null,"tampa":null,"condicao":null,"obstr_sup":null,"obstr_sup_tipo":null,"obstr_fundo":null,"obstr_fundo_tipo":null,"n_tubos":0,"tubos":"","area_critica":"","entrega":"2026-10-01"},"geometry":{"type":"Point","coordinates":[-51.9072548,-23.4199846]}},
{"type":"Feature","properties":{"id":"B26100110:54034","equipe":"B","num":34,"codigo":"ESQUINA","tipo":"Esquina (eixo)","utm_E":407295.2799,"utm_N":7409700.306,"h_ortom":545.765,"material":null,"cc_tipo":null,"profundidade_cm":null,"inacessivel":false,"posicao":null,"tampa":null,"condicao":null,"obstr_sup":null,"obstr_sup_tipo":null,"obstr_fundo":null,"obstr_fundo_tipo":null,"n_tubos":0,"tubos":"","area_critica":"","entrega":"2026-10-01"},"geometry":{"type":"Point","coordinates":[-51.9074046,-23.4199369]}},
{"type":"Feature","properties":{"id":"B26100110:55035","equipe":"B","num":35,"codigo":"BLO","tipo":"Boca de lobo","utm_E":407310.1784,"utm_N":7409685.479,"h_ortom":545.622,"material":"Concreto","cc_tipo":"Simples","profundidade_cm":150,"inacessivel":false,"posicao":"Esquina","tampa":"Concreto","condicao":"Boa","obstr_sup":"Não","obstr_sup_tipo":"Nenhuma","obstr_fundo":"Não","obstr_fundo_tipo":"Nenhuma","n_tubos":1,"tubos":"40cm NW","area_critica":"","entrega":"2026-10-01"},"geometry":{"type":"Point","coordinates":[-51.9072597,-23.4200717]}},
{"type":"Feature","properties":{"id":"B26100111:04036","equipe":"B","num":36,"codigo":"BLO","tipo":"Boca de lobo","utm_E":407291.7077,"utm_N":7409687.758,"h_ortom":545.78,"material":"Concreto","cc_tipo":"Simples","profundidade_cm":179,"inacessivel":false,"posicao":"Esquina","tampa":"Concreto","condicao":"Boa","obstr_sup":"Não","obstr_sup_tipo":"Nenhuma","obstr_fundo":"Não","obstr_fundo_tipo":"Nenhuma","n_tubos":1,"tubos":"60cm SE","area_critica":"","entrega":"2026-10-01"},"geometry":{"type":"Point","coordinates":[-51.9074403,-23.4200501]}},
{"type":"Feature","properties":{"id":"B26100111:09037","equipe":"B","num":37,"codigo":"BLO","tipo":"Boca de lobo","utm_E":407284.1757,"utm_N":7409699.84,"h_ortom":545.928,"material":"Concreto","cc_tipo":"Simples","profundidade_cm":80,"inacessivel":false,"posicao":"Esquina","tampa":"Concreto","condicao":"Ruim","obstr_sup":"Não","obstr_sup_tipo":"Nenhuma","obstr_fundo":"Parcial","obstr_fundo_tipo":"Resíduo","n_tubos":1,"tubos":"40cm NE","area_critica":"","entrega":"2026-10-01"},"geometry":{"type":"Point","coordinates":[-51.9075133,-23.4199405]}},
{"type":"Feature","properties":{"id":"B26100111:14039","equipe":"B","num":39,"codigo":"PTOALT","tipo":"Ponto alto (eixo)","utm_E":407208.0123,"utm_N":7409732.352,"h_ortom":548.241,"material":null,"cc_tipo":null,"profundidade_cm":null,"inacessivel":false,"posicao":null,"tampa":null,"condicao":null,"obstr_sup":null,"obstr_sup_tipo":null,"obstr_fundo":null,"obstr_fundo_tipo":null,"n_tubos":0,"tubos":"","area_critica":"","entrega":"2026-10-01","tambem":"B26100111:14038 (ESQUINA)"},"geometry":{"type":"Point","coordinates":[-51.9082567,-23.4196426]}},
{"type":"Feature","properties":{"id":"B26100111:14040","equipe":"B","num":40,"codigo":"BLO","tipo":"Boca de lobo","utm_E":407199.3109,"utm_N":7409727.349,"h_ortom":548.287,"material":"Concreto","cc_tipo":"Simples","profundidade_cm":null,"inacessivel":true,"posicao":"Esquina","tampa":"Concreto","condicao":"Boa","obstr_sup":"Total","obstr_sup_tipo":"Solo","obstr_fundo":"Total","obstr_fundo_tipo":"Solo","n_tubos":0,"tubos":"","area_critica":"","entrega":"2026-10-01"},"geometry":{"type":"Point","coordinates":[-51.9083422,-23.4196872]}},
{"type":"Feature","properties":{"id":"B26100111:18041","equipe":"B","num":41,"codigo":"PTOALT","tipo":"Ponto alto (eixo)","utm_E":407183.4543,"utm_N":7409693.943,"h_ortom":549.395,"material":null,"cc_tipo":null,"profundidade_cm":null,"inacessivel":false,"posicao":null,"tampa":null,"condicao":null,"obstr_sup":null,"obstr_sup_tipo":null,"obstr_fundo":null,"obstr_fundo_tipo":null,"n_tubos":0,"tubos":"","area_critica":"","entrega":"2026-10-01"},"geometry":{"type":"Point","coordinates":[-51.9084994,-23.4199881]}},
{"type":"Feature","properties":{"id":"B26100111:19042","equipe":"B","num":42,"codigo":"PTOBAI","tipo":"Ponto baixo (eixo)","utm_E":407204.6397,"utm_N":7409727.891,"h_ortom":548.323,"material":null,"cc_tipo":null,"profundidade_cm":null,"inacessivel":false,"posicao":null,"tampa":null,"condicao":null,"obstr_sup":null,"obstr_sup_tipo":null,"obstr_fundo":null,"obstr_fundo_tipo":null,"n_tubos":0,"tubos":"","area_critica":"","entrega":"2026-10-01"},"geometry":{"type":"Point","coordinates":[-51.90829,-23.4196826]}},
{"type":"Feature","properties":{"id":"B26100111:21043","equipe":"B","num":43,"codigo":"PTOBAI","tipo":"Ponto baixo (eixo)","utm_E":407193.8018,"utm_N":7409740.701,"h_ortom":548.067,"material":null,"cc_tipo":null,"profundidade_cm":null,"inacessivel":false,"posicao":null,"tampa":null,"condicao":null,"obstr_sup":null,"obstr_sup_tipo":null,"obstr_fundo":null,"obstr_fundo_tipo":null,"n_tubos":0,"tubos":"","area_critica":"","entrega":"2026-10-01"},"geometry":{"type":"Point","coordinates":[-51.9083952,-23.4195663]}},
{"type":"Feature","properties":{"id":"B26100111:23044","equipe":"B","num":44,"codigo":"BLO","tipo":"Boca de lobo","utm_E":407133.6252,"utm_N":7409782.127,"h_ortom":548.24,"material":"Concreto","cc_tipo":"Simples","profundidade_cm":null,"inacessivel":true,"posicao":"Meio de quadra","tampa":"Concreto","condicao":"Boa","obstr_sup":"Total","obstr_sup_tipo":"Solo","obstr_fundo":"Total","obstr_fundo_tipo":"Solo","n_tubos":0,"tubos":"","area_critica":"","entrega":"2026-10-01"},"geometry":{"type":"Point","coordinates":[-51.9089816,-23.4191888]}},
{"type":"Feature","properties":{"id":"B26100111:25045","equipe":"B","num":45,"codigo":"PV","tipo":"Poço de visita","utm_E":407133.0821,"utm_N":7409780.954,"h_ortom":548.374,"material":"Concreto","cc_tipo":"Simples","profundidade_cm":165,"inacessivel":false,"posicao":"Meio de quadra","tampa":"Ferro","condicao":"Boa","obstr_sup":"Não","obstr_sup_tipo":"Nenhuma","obstr_fundo":"Não","obstr_fundo_tipo":"Nenhuma","n_tubos":3,"tubos":"40cm WW; 40cm SE; 40cm NW","area_critica":"","entrega":"2026-10-01"},"geometry":{"type":"Point","coordinates":[-51.908987,-23.4191993]}},
{"type":"Feature","properties":{"id":"B26100111:30047","equipe":"B","num":47,"codigo":"PTOALT","tipo":"Ponto alto (eixo)","utm_E":407054.713,"utm_N":7409825.502,"h_ortom":548.855,"material":null,"cc_tipo":null,"profundidade_cm":null,"inacessivel":false,"posicao":null,"tampa":null,"condicao":null,"obstr_sup":null,"obstr_sup_tipo":null,"obstr_fundo":null,"obstr_fundo_tipo":null,"n_tubos":0,"tubos":"","area_critica":"","entrega":"2026-10-01","tambem":"B26100111:30046 (ESQUINA)"},"geometry":{"type":"Point","coordinates":[-51.9097513,-23.4187925]}},
{"type":"Feature","properties":{"id":"B26100111:30048","equipe":"B","num":48,"codigo":"BLO","tipo":"Boca de lobo","utm_E":407045.2833,"utm_N":7409825.939,"h_ortom":548.903,"material":"Concreto","cc_tipo":"Simples","profundidade_cm":120,"inacessivel":false,"posicao":"Esquina","tampa":"Concreto","condicao":"Boa","obstr_sup":"Não","obstr_sup_tipo":"Nenhuma","obstr_fundo":"Não","obstr_fundo_tipo":"Nenhuma","n_tubos":1,"tubos":"40cm NE","area_critica":"","entrega":"2026-10-01"},"geometry":{"type":"Point","coordinates":[-51.9098436,-23.418788]}},
{"type":"Feature","properties":{"id":"B26100111:37049","equipe":"B","num":49,"codigo":"BLC","tipo":"Boca combinada","utm_E":406976.203,"utm_N":7409867.773,"h_ortom":549.539,"material":"Concreto","cc_tipo":"Simples","profundidade_cm":20,"inacessivel":false,"posicao":"Meio de quadra","tampa":"Concreto","condicao":"Ruim","obstr_sup":"Parcial","obstr_sup_tipo":"Folhagem","obstr_fundo":"Não","obstr_fundo_tipo":"Nenhuma","n_tubos":1,"tubos":"40cm NE","area_critica":"","entrega":"2026-10-01"},"geometry":{"type":"Point","coordinates":[-51.9105171,-23.4184062]}},
{"type":"Feature","properties":{"id":"B26100113:43050","equipe":"B","num":50,"codigo":"ESQUINA","tipo":"Esquina (eixo)","utm_E":406841.7975,"utm_N":7409818.257,"h_ortom":553.937,"material":null,"cc_tipo":null,"profundidade_cm":null,"inacessivel":false,"posicao":null,"tampa":null,"condicao":null,"obstr_sup":null,"obstr_sup_tipo":null,"obstr_fundo":null,"obstr_fundo_tipo":null,"n_tubos":0,"tubos":"","area_critica":"","entrega":"2026-10-01"},"geometry":{"type":"Point","coordinates":[-51.9118356,-23.4188458]}},
{"type":"Feature","properties":{"id":"B26100113:44051","equipe":"B","num":51,"codigo":"PTOALT","tipo":"Ponto alto (eixo)","utm_E":406757.1449,"utm_N":7409868.7,"h_ortom":554.376,"material":null,"cc_tipo":null,"profundidade_cm":null,"inacessivel":false,"posicao":null,"tampa":null,"condicao":null,"obstr_sup":null,"obstr_sup_tipo":null,"obstr_fundo":null,"obstr_fundo_tipo":null,"n_tubos":0,"tubos":"","area_critica":"","entrega":"2026-10-01"},"geometry":{"type":"Point","coordinates":[-51.9126609,-23.4183854]}},
{"type":"Feature","properties":{"id":"B26100113:45052","equipe":"B","num":52,"codigo":"BLO","tipo":"Boca de lobo","utm_E":406831.7091,"utm_N":7409818.89,"h_ortom":553.849,"material":"Concreto","cc_tipo":"Simples","profundidade_cm":null,"inacessivel":true,"posicao":"Esquina","tampa":"Concreto","condicao":"Boa","obstr_sup":"Total","obstr_sup_tipo":"Solo","obstr_fundo":"Total","obstr_fundo_tipo":"Solo","n_tubos":0,"tubos":"","area_critica":"","entrega":"2026-10-01"},"geometry":{"type":"Point","coordinates":[-51.9119343,-23.4188395]}},
{"type":"Feature","properties":{"id":"B26100113:47053","equipe":"B","num":53,"codigo":"BLO","tipo":"Boca de lobo","utm_E":406836.0342,"utm_N":7409826.071,"h_ortom":553.713,"material":"Concreto","cc_tipo":"Simples","profundidade_cm":120,"inacessivel":false,"posicao":"Esquina","tampa":"Concreto","condicao":"Boa","obstr_sup":"Não","obstr_sup_tipo":"Nenhuma","obstr_fundo":"Não","obstr_fundo_tipo":"Nenhuma","n_tubos":1,"tubos":"40cm SW","area_critica":"","entrega":"2026-10-01"},"geometry":{"type":"Point","coordinates":[-51.9118915,-23.4187749]}},
{"type":"Feature","properties":{"id":"B26100113:53054","equipe":"B","num":54,"codigo":"BLO","tipo":"Boca de lobo","utm_E":406916.1843,"utm_N":7409777.689,"h_ortom":553.661,"material":"Concreto","cc_tipo":"Simples","profundidade_cm":150,"inacessivel":false,"posicao":"Meio de quadra","tampa":"Concreto","condicao":"Boa","obstr_sup":"Não","obstr_sup_tipo":"Nenhuma","obstr_fundo":"Parcial","obstr_fundo_tipo":"Folhagem","n_tubos":1,"tubos":"40cm SW","area_critica":"","entrega":"2026-10-01"},"geometry":{"type":"Point","coordinates":[-51.91111,-23.4192164]}},
{"type":"Feature","properties":{"id":"B26100113:59055","equipe":"B","num":55,"codigo":"PTOBAI","tipo":"Ponto baixo (eixo)","utm_E":406989.9538,"utm_N":7409728.381,"h_ortom":552.808,"material":null,"cc_tipo":null,"profundidade_cm":null,"inacessivel":false,"posicao":null,"tampa":null,"condicao":null,"obstr_sup":null,"obstr_sup_tipo":null,"obstr_fundo":null,"obstr_fundo_tipo":null,"n_tubos":0,"tubos":"","area_critica":"","entrega":"2026-10-01"},"geometry":{"type":"Point","coordinates":[-51.9103911,-23.419666]}},
{"type":"Feature","properties":{"id":"B26100113:59056","equipe":"B","num":56,"codigo":"ESQUINA","tipo":"Esquina (eixo)","utm_E":406994.2531,"utm_N":7409725.673,"h_ortom":552.848,"material":null,"cc_tipo":null,"profundidade_cm":null,"inacessivel":false,"posicao":null,"tampa":null,"condicao":null,"obstr_sup":null,"obstr_sup_tipo":null,"obstr_fundo":null,"obstr_fundo_tipo":null,"n_tubos":0,"tubos":"","area_critica":"","entrega":"2026-10-01"},"geometry":{"type":"Point","coordinates":[-51.9103492,-23.4196907]}},
{"type":"Feature","properties":{"id":"B26100113:59057","equipe":"B","num":57,"codigo":"BLO","tipo":"Boca de lobo","utm_E":406989.5614,"utm_N":7409733.471,"h_ortom":552.556,"material":"Concreto","cc_tipo":"Simples","profundidade_cm":150,"inacessivel":false,"posicao":"Esquina","tampa":"Concreto","condicao":"Boa","obstr_sup":"Não","obstr_sup_tipo":"Nenhuma","obstr_fundo":"Parcial","obstr_fundo_tipo":"Resíduo","n_tubos":1,"tubos":"40cm SW","area_critica":"","entrega":"2026-10-01"},"geometry":{"type":"Point","coordinates":[-51.9103946,-23.41962]}},
{"type":"Feature","properties":{"id":"B26100114:10058","equipe":"B","num":58,"codigo":"BLO","tipo":"Boca de lobo","utm_E":407252.2644,"utm_N":7409622.368,"h_ortom":546.327,"material":"Concreto","cc_tipo":"Simples","profundidade_cm":145,"inacessivel":false,"posicao":"Meio de quadra","tampa":"Concreto","condicao":"Ruim","obstr_sup":"Não","obstr_sup_tipo":"Nenhuma","obstr_fundo":"Não","obstr_fundo_tipo":"Nenhuma","n_tubos":2,"tubos":"40cm NW; 40cm SE","area_critica":"","entrega":"2026-10-01"},"geometry":{"type":"Point","coordinates":[-51.9078304,-23.4206384]}},
{"type":"Feature","properties":{"id":"B26100114:15059","equipe":"B","num":59,"codigo":"BLO","tipo":"Boca de lobo","utm_E":407259.6363,"utm_N":7409618.322,"h_ortom":546.355,"material":"Concreto","cc_tipo":"Simples","profundidade_cm":155,"inacessivel":false,"posicao":"Esquina","tampa":"Concreto","condicao":"Boa","obstr_sup":"Total","obstr_sup_tipo":"Solo","obstr_fundo":"Não","obstr_fundo_tipo":"Nenhuma","n_tubos":2,"tubos":"40cm NW; 40cm SE","area_critica":"","entrega":"2026-10-01"},"geometry":{"type":"Point","coordinates":[-51.9077585,-23.4206754]}},
{"type":"Feature","properties":{"id":"B26100114:18060","equipe":"B","num":60,"codigo":"ESQUINA","tipo":"Esquina (eixo)","utm_E":407260.7676,"utm_N":7409612.447,"h_ortom":546.377,"material":null,"cc_tipo":null,"profundidade_cm":null,"inacessivel":false,"posicao":null,"tampa":null,"condicao":null,"obstr_sup":null,"obstr_sup_tipo":null,"obstr_fundo":null,"obstr_fundo_tipo":null,"n_tubos":0,"tubos":"","area_critica":"","entrega":"2026-10-01"},"geometry":{"type":"Point","coordinates":[-51.9077477,-23.4207285]}},
{"type":"Feature","properties":{"id":"B26100114:19062","equipe":"B","num":62,"codigo":"PTOALT","tipo":"Ponto alto (eixo)","utm_E":407295.8918,"utm_N":7409670.331,"h_ortom":545.871,"material":null,"cc_tipo":null,"profundidade_cm":null,"inacessivel":false,"posicao":null,"tampa":null,"condicao":null,"obstr_sup":null,"obstr_sup_tipo":null,"obstr_fundo":null,"obstr_fundo_tipo":null,"n_tubos":0,"tubos":"","area_critica":"","entrega":"2026-10-01","tambem":"B26100114:19061 (ESQUINA)"},"geometry":{"type":"Point","coordinates":[-51.9074004,-23.4202077]}},
{"type":"Feature","properties":{"id":"B26100114:20063","equipe":"B","num":63,"codigo":"BLO","tipo":"Boca de lobo","utm_E":407290.3778,"utm_N":7409653.041,"h_ortom":545.933,"material":"Concreto","cc_tipo":"Simples","profundidade_cm":null,"inacessivel":true,"posicao":"Esquina","tampa":"Concreto","condicao":"Boa","obstr_sup":"Total","obstr_sup_tipo":"Solo","obstr_fundo":"Total","obstr_fundo_tipo":"Solo","n_tubos":0,"tubos":"","area_critica":"","entrega":"2026-10-01"},"geometry":{"type":"Point","coordinates":[-51.9074554,-23.4203636]}},
{"type":"Feature","properties":{"id":"B26100114:22064","equipe":"B","num":64,"codigo":"BLO","tipo":"Boca de lobo","utm_E":407292.075,"utm_N":7409652.24,"h_ortom":546.014,"material":"Concreto","cc_tipo":"Simples","profundidade_cm":null,"inacessivel":true,"posicao":"Esquina","tampa":"Concreto","condicao":"Boa","obstr_sup":"Total","obstr_sup_tipo":"Solo","obstr_fundo":"Total","obstr_fundo_tipo":"Solo","n_tubos":0,"tubos":"","area_critica":"","entrega":"2026-10-01"},"geometry":{"type":"Point","coordinates":[-51.9074389,-23.4203709]}},
{"type":"Feature","properties":{"id":"B26100114:24065","equipe":"B","num":65,"codigo":"BLO","tipo":"Boca de lobo","utm_E":407300.5813,"utm_N":7409666.876,"h_ortom":545.764,"material":"Concreto","cc_tipo":"Simples","profundidade_cm":null,"inacessivel":true,"posicao":"Esquina","tampa":"Concreto","condicao":"Boa","obstr_sup":"Total","obstr_sup_tipo":"Solo","obstr_fundo":"Total","obstr_fundo_tipo":"Solo","n_tubos":0,"tubos":"","area_critica":"","entrega":"2026-10-01"},"geometry":{"type":"Point","coordinates":[-51.9073547,-23.4202392]}},
{"type":"Feature","properties":{"id":"B26100114:26066","equipe":"B","num":66,"codigo":"BLO","tipo":"Boca de lobo","utm_E":407237.6688,"utm_N":7409598.473,"h_ortom":546.472,"material":"Concreto","cc_tipo":"Simples","profundidade_cm":165,"inacessivel":false,"posicao":"Meio de quadra","tampa":"Concreto","condicao":"Boa","obstr_sup":"Não","obstr_sup_tipo":"Nenhuma","obstr_fundo":"Parcial","obstr_fundo_tipo":"Resíduo","n_tubos":2,"tubos":"40cm SE; 40cm NW","area_critica":"","entrega":"2026-10-01"},"geometry":{"type":"Point","coordinates":[-51.9079747,-23.4208534]}},
{"type":"Feature","properties":{"id":"B26100114:31067","equipe":"B","num":67,"codigo":"BLO","tipo":"Boca de lobo","utm_E":407226.4761,"utm_N":7409573.893,"h_ortom":546.714,"material":"Concreto","cc_tipo":"Simples","profundidade_cm":130,"inacessivel":false,"posicao":"Meio de quadra","tampa":"Concreto","condicao":"Boa","obstr_sup":"Não","obstr_sup_tipo":"Nenhuma","obstr_fundo":"Parcial","obstr_fundo_tipo":"Resíduo","n_tubos":2,"tubos":"40cm SE; 40cm NW","area_critica":"","entrega":"2026-10-01"},"geometry":{"type":"Point","coordinates":[-51.9080857,-23.4210748]}},
{"type":"Feature","properties":{"id":"B26100114:35068","equipe":"B","num":68,"codigo":"BLO","tipo":"Boca de lobo","utm_E":407232.6973,"utm_N":7409571.313,"h_ortom":546.654,"material":"Concreto","cc_tipo":"Simples","profundidade_cm":null,"inacessivel":true,"posicao":"Meio de quadra","tampa":"Concreto","condicao":"Boa","obstr_sup":"Total","obstr_sup_tipo":"Solo","obstr_fundo":"Total","obstr_fundo_tipo":"Solo","n_tubos":0,"tubos":"","area_critica":"","entrega":"2026-10-01"},"geometry":{"type":"Point","coordinates":[-51.908025,-23.4210984]}},
{"type":"Feature","properties":{"id":"B26100114:37069","equipe":"B","num":69,"codigo":"PTOBAI","tipo":"Ponto baixo (eixo)","utm_E":407233.859,"utm_N":7409560.69,"h_ortom":546.884,"material":null,"cc_tipo":null,"profundidade_cm":null,"inacessivel":false,"posicao":null,"tampa":null,"condicao":null,"obstr_sup":null,"obstr_sup_tipo":null,"obstr_fundo":null,"obstr_fundo_tipo":null,"n_tubos":0,"tubos":"","area_critica":"","entrega":"2026-10-01"},"geometry":{"type":"Point","coordinates":[-51.9080143,-23.4211944]}},
{"type":"Feature","properties":{"id":"B26100114:38070","equipe":"B","num":70,"codigo":"ESQUINA","tipo":"Esquina (eixo)","utm_E":407228.2664,"utm_N":7409545.601,"h_ortom":547.579,"material":null,"cc_tipo":null,"profundidade_cm":null,"inacessivel":false,"posicao":null,"tampa":null,"condicao":null,"obstr_sup":null,"obstr_sup_tipo":null,"obstr_fundo":null,"obstr_fundo_tipo":null,"n_tubos":0,"tubos":"","area_critica":"","entrega":"2026-10-01"},"geometry":{"type":"Point","coordinates":[-51.90807,-23.4213304]}},
{"type":"Feature","properties":{"id":"B26100114:39071","equipe":"B","num":71,"codigo":"PTOALT","tipo":"Ponto alto (eixo)","utm_E":407236.9828,"utm_N":7409504.967,"h_ortom":549.886,"material":null,"cc_tipo":null,"profundidade_cm":null,"inacessivel":false,"posicao":null,"tampa":null,"condicao":null,"obstr_sup":null,"obstr_sup_tipo":null,"obstr_fundo":null,"obstr_fundo_tipo":null,"n_tubos":0,"tubos":"","area_critica":"","entrega":"2026-10-01"},"geometry":{"type":"Point","coordinates":[-51.9079872,-23.4216979]}},
{"type":"Feature","properties":{"id":"B26100114:40072","equipe":"B","num":72,"codigo":"BLO","tipo":"Boca de lobo","utm_E":407222.6818,"utm_N":7409516.62,"h_ortom":548.757,"material":"Concreto","cc_tipo":"Simples","profundidade_cm":null,"inacessivel":true,"posicao":"Esquina","tampa":"Concreto","condicao":"Boa","obstr_sup":"Total","obstr_sup_tipo":"Solo","obstr_fundo":"Total","obstr_fundo_tipo":"Solo","n_tubos":0,"tubos":"","area_critica":"","entrega":"2026-10-01"},"geometry":{"type":"Point","coordinates":[-51.9081264,-23.4215918]}},
{"type":"Feature","properties":{"id":"B26100114:43073","equipe":"B","num":73,"codigo":"PV","tipo":"Poço de visita","utm_E":407216.0321,"utm_N":7409531.636,"h_ortom":548.321,"material":"Concreto","cc_tipo":"Simples","profundidade_cm":210,"inacessivel":false,"posicao":"Meio de quadra","tampa":"Concreto","condicao":"Boa","obstr_sup":"Não","obstr_sup_tipo":"Nenhuma","obstr_fundo":"Não","obstr_fundo_tipo":"Nenhuma","n_tubos":3,"tubos":"120cm NE; 120cm SW; 80cm SE","area_critica":"","entrega":"2026-10-01"},"geometry":{"type":"Point","coordinates":[-51.9081906,-23.4214558]}},
{"type":"Feature","properties":{"id":"B26100115:00074","equipe":"B","num":74,"codigo":"PV","tipo":"Poço de visita","utm_E":407211.9631,"utm_N":7409524.267,"h_ortom":548.86,"material":"Concreto","cc_tipo":"Simples","profundidade_cm":220,"inacessivel":false,"posicao":"Meio de quadra","tampa":"Ferro","condicao":"Boa","obstr_sup":"Não","obstr_sup_tipo":"Nenhuma","obstr_fundo":"Não","obstr_fundo_tipo":"Nenhuma","n_tubos":4,"tubos":"120cm NE; 120cm SW; 80cm SE; 80cm NW","area_critica":"","entrega":"2026-10-01"},"geometry":{"type":"Point","coordinates":[-51.9082308,-23.4215222]}},
{"type":"Feature","properties":{"id":"B26100115:02075","equipe":"B","num":75,"codigo":"BLO","tipo":"Boca de lobo","utm_E":407207.0931,"utm_N":7409564.206,"h_ortom":547.826,"material":"Concreto","cc_tipo":"Simples","profundidade_cm":159,"inacessivel":false,"posicao":"Esquina","tampa":"Concreto","condicao":"Ruim","obstr_sup":"Não","obstr_sup_tipo":"Nenhuma","obstr_fundo":"Parcial","obstr_fundo_tipo":"Resíduo","n_tubos":1,"tubos":"40cm WW","area_critica":"","entrega":"2026-10-01"},"geometry":{"type":"Point","coordinates":[-51.908276,-23.4211612]}},
{"type":"Feature","properties":{"id":"B26100115:09076","equipe":"B","num":76,"codigo":"PTOBAI","tipo":"Ponto baixo (eixo)","utm_E":407206.9725,"utm_N":7409554.685,"h_ortom":547.755,"material":null,"cc_tipo":null,"profundidade_cm":null,"inacessivel":false,"posicao":null,"tampa":null,"condicao":null,"obstr_sup":null,"obstr_sup_tipo":null,"obstr_fundo":null,"obstr_fundo_tipo":null,"n_tubos":0,"tubos":"","area_critica":"","entrega":"2026-10-01"},"geometry":{"type":"Point","coordinates":[-51.9082778,-23.4212471]}},
{"type":"Feature","properties":{"id":"B26100115:10077","equipe":"B","num":77,"codigo":"ESQUINA","tipo":"Esquina (eixo)","utm_E":407212.0586,"utm_N":7409545.06,"h_ortom":547.954,"material":null,"cc_tipo":null,"profundidade_cm":null,"inacessivel":false,"posicao":null,"tampa":null,"condicao":null,"obstr_sup":null,"obstr_sup_tipo":null,"obstr_fundo":null,"obstr_fundo_tipo":null,"n_tubos":0,"tubos":"","area_critica":"","entrega":"2026-10-01"},"geometry":{"type":"Point","coordinates":[-51.9082286,-23.4213344]}},
{"type":"Feature","properties":{"id":"B26100115:11078","equipe":"B","num":78,"codigo":"PTOBAI","tipo":"Ponto baixo (eixo)","utm_E":407221.8314,"utm_N":7409573.173,"h_ortom":546.898,"material":null,"cc_tipo":null,"profundidade_cm":null,"inacessivel":false,"posicao":null,"tampa":null,"condicao":null,"obstr_sup":null,"obstr_sup_tipo":null,"obstr_fundo":null,"obstr_fundo_tipo":null,"n_tubos":0,"tubos":"","area_critica":"","entrega":"2026-10-01"},"geometry":{"type":"Point","coordinates":[-51.9081312,-23.421081]}},
{"type":"Feature","properties":{"id":"B26100115:12079","equipe":"B","num":79,"codigo":"ESQUINA","tipo":"Esquina (eixo)","utm_E":407191.2826,"utm_N":7409443.891,"h_ortom":553.295,"material":null,"cc_tipo":null,"profundidade_cm":null,"inacessivel":false,"posicao":null,"tampa":null,"condicao":null,"obstr_sup":null,"obstr_sup_tipo":null,"obstr_fundo":null,"obstr_fundo_tipo":null,"n_tubos":0,"tubos":"","area_critica":"","entrega":"2026-10-01"},"geometry":{"type":"Point","coordinates":[-51.9084382,-23.4222469]}},
{"type":"Feature","properties":{"id":"B26100115:13080","equipe":"B","num":80,"codigo":"PTOALT","tipo":"Ponto alto (eixo)","utm_E":407178.1581,"utm_N":7409409.311,"h_ortom":554.354,"material":null,"cc_tipo":null,"profundidade_cm":null,"inacessivel":false,"posicao":null,"tampa":null,"condicao":null,"obstr_sup":null,"obstr_sup_tipo":null,"obstr_fundo":null,"obstr_fundo_tipo":null,"n_tubos":0,"tubos":"","area_critica":"","entrega":"2026-10-01"},"geometry":{"type":"Point","coordinates":[-51.9085688,-23.4225585]}},
{"type":"Feature","properties":{"id":"B26100115:14081","equipe":"B","num":81,"codigo":"PTOALT","tipo":"Ponto alto (eixo)","utm_E":407163.6949,"utm_N":7409415.484,"h_ortom":554.58,"material":null,"cc_tipo":null,"profundidade_cm":null,"inacessivel":false,"posicao":null,"tampa":null,"condicao":null,"obstr_sup":null,"obstr_sup_tipo":null,"obstr_fundo":null,"obstr_fundo_tipo":null,"n_tubos":0,"tubos":"","area_critica":"","entrega":"2026-10-01"},"geometry":{"type":"Point","coordinates":[-51.90871,-23.4225019]}},
{"type":"Feature","properties":{"id":"B26100115:14082","equipe":"B","num":82,"codigo":"BLO","tipo":"Boca de lobo","utm_E":407159.2135,"utm_N":7409417.538,"h_ortom":554.489,"material":"Concreto","cc_tipo":"Simples","profundidade_cm":null,"inacessivel":true,"posicao":"Esquina","tampa":"Concreto","condicao":"Boa","obstr_sup":"Parcial","obstr_sup_tipo":"Folhagem","obstr_fundo":"Não","obstr_fundo_tipo":"Nenhuma","n_tubos":0,"tubos":"","area_critica":"","entrega":"2026-10-01"},"geometry":{"type":"Point","coordinates":[-51.9087537,-23.4224831]}},
{"type":"Feature","properties":{"id":"B26100115:28083","equipe":"B","num":83,"codigo":"PTOALT","tipo":"Ponto alto (eixo)","utm_E":407327.1621,"utm_N":7409574.004,"h_ortom":550.02,"material":null,"cc_tipo":null,"profundidade_cm":null,"inacessivel":false,"posicao":null,"tampa":null,"condicao":null,"obstr_sup":null,"obstr_sup_tipo":null,"obstr_fundo":null,"obstr_fundo_tipo":null,"n_tubos":0,"tubos":"","area_critica":"","entrega":"2026-10-01"},"geometry":{"type":"Point","coordinates":[-51.9071003,-23.4210795]}},
{"type":"Feature","properties":{"id":"B26100115:30084","equipe":"B","num":84,"codigo":"BLC","tipo":"Boca combinada","utm_E":407352.4351,"utm_N":7409565.044,"h_ortom":549.837,"material":"Concreto","cc_tipo":"Simples","profundidade_cm":110,"inacessivel":false,"posicao":"Meio de quadra","tampa":"Concreto","condicao":"Ruim","obstr_sup":"Não","obstr_sup_tipo":"Nenhuma","obstr_fundo":"Não","obstr_fundo_tipo":"Nenhuma","n_tubos":2,"tubos":"40cm NE; 40cm SW","area_critica":"","entrega":"2026-10-01"},"geometry":{"type":"Point","coordinates":[-51.9068535,-23.4211619]}},
{"type":"Feature","properties":{"id":"B26100115:36085","equipe":"B","num":85,"codigo":"PTOALT","tipo":"Ponto alto (eixo)","utm_E":407416.6819,"utm_N":7409535.007,"h_ortom":550.058,"material":null,"cc_tipo":null,"profundidade_cm":null,"inacessivel":false,"posicao":null,"tampa":null,"condicao":null,"obstr_sup":null,"obstr_sup_tipo":null,"obstr_fundo":null,"obstr_fundo_tipo":null,"n_tubos":0,"tubos":"","area_critica":"","entrega":"2026-10-01"},"geometry":{"type":"Point","coordinates":[-51.9062265,-23.4214368]}},
{"type":"Feature","properties":{"id":"B26100116:17087","equipe":"B","num":87,"codigo":"PTOALT","tipo":"Ponto alto (eixo)","utm_E":407887.6643,"utm_N":7409853.143,"h_ortom":544.446,"material":null,"cc_tipo":null,"profundidade_cm":null,"inacessivel":false,"posicao":null,"tampa":null,"condicao":null,"obstr_sup":null,"obstr_sup_tipo":null,"obstr_fundo":null,"obstr_fundo_tipo":null,"n_tubos":0,"tubos":"","area_critica":"AC03 — Ribeirão Morangueiro","entrega":"2026-10-01"},"geometry":{"type":"Point","coordinates":[-51.9015974,-23.4185901]}},
{"type":"Feature","properties":{"id":"B26100116:20088","equipe":"B","num":88,"codigo":"BLO","tipo":"Boca de lobo","utm_E":407899.3724,"utm_N":7409853.932,"h_ortom":544.337,"material":"Concreto","cc_tipo":"Simples","profundidade_cm":110,"inacessivel":false,"posicao":"Meio de quadra","tampa":"Concreto","condicao":"Boa","obstr_sup":"Parcial","obstr_sup_tipo":"Resíduo","obstr_fundo":"Não","obstr_fundo_tipo":"Nenhuma","n_tubos":1,"tubos":"40cm NW","area_critica":"AC03 — Ribeirão Morangueiro","entrega":"2026-10-01"},"geometry":{"type":"Point","coordinates":[-51.9014828,-23.4185837]}},
{"type":"Feature","properties":{"id":"B26100116:23089","equipe":"B","num":89,"codigo":"BLO","tipo":"Boca de lobo","utm_E":407960.5306,"utm_N":7409874.606,"h_ortom":543.789,"material":"Concreto","cc_tipo":"Simples","profundidade_cm":100,"inacessivel":false,"posicao":"Meio de quadra","tampa":"Concreto","condicao":"Boa","obstr_sup":"Parcial","obstr_sup_tipo":"Folhagem","obstr_fundo":"Parcial","obstr_fundo_tipo":"Folhagem","n_tubos":1,"tubos":"40cm NN","area_critica":"AC03 — Ribeirão Morangueiro","entrega":"2026-10-01"},"geometry":{"type":"Point","coordinates":[-51.900883,-23.4184004]}},
{"type":"Feature","properties":{"id":"B26100116:29090","equipe":"B","num":90,"codigo":"BLO","tipo":"Boca de lobo","utm_E":408019.7243,"utm_N":7409894.897,"h_ortom":543.284,"material":"Concreto","cc_tipo":"Simples","profundidade_cm":115,"inacessivel":false,"posicao":"Meio de quadra","tampa":"Concreto","condicao":"Boa","obstr_sup":"Parcial","obstr_sup_tipo":"Folhagem","obstr_fundo":"Parcial","obstr_fundo_tipo":"Folhagem","n_tubos":1,"tubos":"40cm NN","area_critica":"AC03 — Ribeirão Morangueiro","entrega":"2026-10-01"},"geometry":{"type":"Point","coordinates":[-51.9003024,-23.4182205]}},
{"type":"Feature","properties":{"id":"B26100116:30091","equipe":"B","num":91,"codigo":"BLO","tipo":"Boca de lobo","utm_E":408044.0797,"utm_N":7409903.168,"h_ortom":543.014,"material":"Concreto","cc_tipo":"Simples","profundidade_cm":null,"inacessivel":true,"posicao":"Esquina","tampa":"Concreto","condicao":"Boa","obstr_sup":"Total","obstr_sup_tipo":"Solo","obstr_fundo":"Total","obstr_fundo_tipo":"Solo","n_tubos":0,"tubos":"","area_critica":"AC03 — Ribeirão Morangueiro","entrega":"2026-10-01"},"geometry":{"type":"Point","coordinates":[-51.9000635,-23.4181471]}},
{"type":"Feature","properties":{"id":"B26100116:33092","equipe":"B","num":92,"codigo":"BLE","tipo":"Boca de leão","utm_E":408048.3702,"utm_N":7409899.614,"h_ortom":543.351,"material":"Concreto","cc_tipo":"Simples","profundidade_cm":187,"inacessivel":false,"posicao":"Esquina","tampa":"Ferro","condicao":"Boa","obstr_sup":"Total","obstr_sup_tipo":"Solo","obstr_fundo":"Não","obstr_fundo_tipo":"Nenhuma","n_tubos":1,"tubos":"40cm EE","area_critica":"AC03 — Ribeirão Morangueiro","entrega":"2026-10-01"},"geometry":{"type":"Point","coordinates":[-51.9000217,-23.4181795]}},
{"type":"Feature","properties":{"id":"B26100116:37093","equipe":"B","num":93,"codigo":"BLO","tipo":"Boca de lobo","utm_E":408094.7116,"utm_N":7409929.121,"h_ortom":542.817,"material":"Alvenaria tijolo","cc_tipo":"Múltipla","profundidade_cm":160,"inacessivel":false,"posicao":"Meio de quadra","tampa":"Concreto","condicao":"Boa","obstr_sup":"Não","obstr_sup_tipo":"Nenhuma","obstr_fundo":"Não","obstr_fundo_tipo":"Nenhuma","n_tubos":1,"tubos":"40cm SS","area_critica":"AC03 — Ribeirão Morangueiro","entrega":"2026-10-01"},"geometry":{"type":"Point","coordinates":[-51.8995664,-23.4179156]}},
{"type":"Feature","properties":{"id":"B26100116:43094","equipe":"B","num":94,"codigo":"BLO","tipo":"Boca de lobo","utm_E":408140.0397,"utm_N":7409935.8,"h_ortom":542.648,"material":"Concreto","cc_tipo":"Múltipla","profundidade_cm":140,"inacessivel":false,"posicao":"Meio de quadra","tampa":"Concreto","condicao":"Boa","obstr_sup":"Não","obstr_sup_tipo":"Nenhuma","obstr_fundo":"Não","obstr_fundo_tipo":"Nenhuma","n_tubos":1,"tubos":"40cm NN","area_critica":"AC03 — Ribeirão Morangueiro","entrega":"2026-10-01"},"geometry":{"type":"Point","coordinates":[-51.8991224,-23.4178578]}},
{"type":"Feature","properties":{"id":"B26100116:47095","equipe":"B","num":95,"codigo":"BLO","tipo":"Boca de lobo","utm_E":408163.9223,"utm_N":7409943.948,"h_ortom":542.553,"material":"Concreto","cc_tipo":"Múltipla","profundidade_cm":180,"inacessivel":false,"posicao":"Meio de quadra","tampa":"Concreto","condicao":"Boa","obstr_sup":"Não","obstr_sup_tipo":"Nenhuma","obstr_fundo":"Não","obstr_fundo_tipo":"Nenhuma","n_tubos":1,"tubos":"40cm NN","area_critica":"AC03 — Ribeirão Morangueiro","entrega":"2026-10-01"},"geometry":{"type":"Point","coordinates":[-51.8988881,-23.4177856]}},
{"type":"Feature","properties":{"id":"B26100116:50097","equipe":"B","num":97,"codigo":"PTOALT","tipo":"Ponto alto (eixo)","utm_E":408227.728,"utm_N":7409966.351,"h_ortom":543.666,"material":null,"cc_tipo":null,"profundidade_cm":null,"inacessivel":false,"posicao":null,"tampa":null,"condicao":null,"obstr_sup":null,"obstr_sup_tipo":null,"obstr_fundo":null,"obstr_fundo_tipo":null,"n_tubos":0,"tubos":"","area_critica":"AC03 — Ribeirão Morangueiro","entrega":"2026-10-01","tambem":"B26100116:50096 (ESQUINA)"},"geometry":{"type":"Point","coordinates":[-51.8982623,-23.4175868]}},
{"type":"Feature","properties":{"id":"B26100116:50098","equipe":"B","num":98,"codigo":"BLO","tipo":"Boca de lobo","utm_E":408233.6391,"utm_N":7409970.604,"h_ortom":543.878,"material":"Concreto","cc_tipo":"Simples","profundidade_cm":110,"inacessivel":false,"posicao":"Esquina","tampa":"Concreto","condicao":"Boa","obstr_sup":"Não","obstr_sup_tipo":"Nenhuma","obstr_fundo":"Não","obstr_fundo_tipo":"Nenhuma","n_tubos":1,"tubos":"40cm SS","area_critica":"AC03 — Ribeirão Morangueiro","entrega":"2026-10-01"},"geometry":{"type":"Point","coordinates":[-51.8982042,-23.4175487]}},
{"type":"Feature","properties":{"id":"B26100116:56100","equipe":"B","num":100,"codigo":"PTOALT","tipo":"Ponto alto (eixo)","utm_E":408290.3291,"utm_N":7409949.06,"h_ortom":546.565,"material":null,"cc_tipo":null,"profundidade_cm":null,"inacessivel":false,"posicao":null,"tampa":null,"condicao":null,"obstr_sup":null,"obstr_sup_tipo":null,"obstr_fundo":null,"obstr_fundo_tipo":null,"n_tubos":0,"tubos":"","area_critica":"AC03 — Ribeirão Morangueiro","entrega":"2026-10-01","tambem":"B26100116:56099 (ESQUINA)"},"geometry":{"type":"Point","coordinates":[-51.8976507,-23.4177465]}},
{"type":"Feature","properties":{"id":"B26100116:56101","equipe":"B","num":101,"codigo":"BLC","tipo":"Boca combinada","utm_E":408287.8613,"utm_N":7409960.414,"h_ortom":546.501,"material":"Concreto","cc_tipo":"Simples","profundidade_cm":140,"inacessivel":false,"posicao":"Esquina","tampa":"Ferro","condicao":"Boa","obstr_sup":"Não","obstr_sup_tipo":"Nenhuma","obstr_fundo":"Parcial","obstr_fundo_tipo":"Resíduo","n_tubos":1,"tubos":"40cm SE","area_critica":"AC03 — Ribeirão Morangueiro","entrega":"2026-10-01"},"geometry":{"type":"Point","coordinates":[-51.8976741,-23.4176438]}},
{"type":"Feature","properties":{"id":"B26100117:02102","equipe":"B","num":102,"codigo":"BLO","tipo":"Boca de lobo","utm_E":408299.3804,"utm_N":7409957.387,"h_ortom":546.411,"material":"Concreto","cc_tipo":"Simples","profundidade_cm":120,"inacessivel":false,"posicao":"Esquina","tampa":"Concreto","condicao":"Boa","obstr_sup":"Não","obstr_sup_tipo":"Nenhuma","obstr_fundo":"Não","obstr_fundo_tipo":"Nenhuma","n_tubos":1,"tubos":"40cm NW","area_critica":"AC03 — Ribeirão Morangueiro","entrega":"2026-10-01"},"geometry":{"type":"Point","coordinates":[-51.8975616,-23.4176718]}},
{"type":"Feature","properties":{"id":"B26100117:05103","equipe":"B","num":103,"codigo":"BLO","tipo":"Boca de lobo","utm_E":408302.878,"utm_N":7409952.242,"h_ortom":546.71,"material":"Concreto","cc_tipo":"Simples","profundidade_cm":140,"inacessivel":false,"posicao":"Esquina","tampa":"Concreto","condicao":"Boa","obstr_sup":"Não","obstr_sup_tipo":"Nenhuma","obstr_fundo":"Não","obstr_fundo_tipo":"Nenhuma","n_tubos":2,"tubos":"40cm NW; 40cm SE","area_critica":"AC03 — Ribeirão Morangueiro","entrega":"2026-10-01"},"geometry":{"type":"Point","coordinates":[-51.8975277,-23.4177185]}},
{"type":"Feature","properties":{"id":"B26100117:09104","equipe":"B","num":104,"codigo":"BLE","tipo":"Boca de leão","utm_E":408298.8725,"utm_N":7409948.152,"h_ortom":546.666,"material":"Concreto","cc_tipo":"Simples","profundidade_cm":215,"inacessivel":false,"posicao":"Esquina","tampa":"Ferro","condicao":"Boa","obstr_sup":"Não","obstr_sup_tipo":"Nenhuma","obstr_fundo":"Não","obstr_fundo_tipo":"Nenhuma","n_tubos":3,"tubos":"120cm SW; 120cm NE; 120cm SE","area_critica":"AC03 — Ribeirão Morangueiro","entrega":"2026-10-01"},"geometry":{"type":"Point","coordinates":[-51.8975671,-23.4177552]}},
{"type":"Feature","properties":{"id":"B26100117:15105","equipe":"B","num":105,"codigo":"BLC","tipo":"Boca combinada","utm_E":408310.2098,"utm_N":7409948.008,"h_ortom":546.852,"material":"Concreto","cc_tipo":"Simples","profundidade_cm":130,"inacessivel":false,"posicao":"Esquina","tampa":"Ferro","condicao":"Boa","obstr_sup":"Não","obstr_sup_tipo":"Nenhuma","obstr_fundo":"Não","obstr_fundo_tipo":"Nenhuma","n_tubos":3,"tubos":"40cm NW; 10cm EE; 50cm SE","area_critica":"AC03 — Ribeirão Morangueiro","entrega":"2026-10-01"},"geometry":{"type":"Point","coordinates":[-51.8974562,-23.4177571]}},
{"type":"Feature","properties":{"id":"B26100117:18106","equipe":"B","num":106,"codigo":"BLC","tipo":"Boca combinada","utm_E":408313.2596,"utm_N":7409942.441,"h_ortom":547.291,"material":"Concreto","cc_tipo":"Simples","profundidade_cm":133,"inacessivel":false,"posicao":"Esquina","tampa":"Ferro","condicao":"Boa","obstr_sup":"Não","obstr_sup_tipo":"Nenhuma","obstr_fundo":"Não","obstr_fundo_tipo":"Nenhuma","n_tubos":1,"tubos":"40cm SW","area_critica":"AC03 — Ribeirão Morangueiro","entrega":"2026-10-01"},"geometry":{"type":"Point","coordinates":[-51.8974267,-23.4178076]}},
{"type":"Feature","properties":{"id":"B26100117:22108","equipe":"B","num":108,"codigo":"PTOALT","tipo":"Ponto alto (eixo)","utm_E":408362.9715,"utm_N":7409909.489,"h_ortom":550.134,"material":null,"cc_tipo":null,"profundidade_cm":null,"inacessivel":false,"posicao":null,"tampa":null,"condicao":null,"obstr_sup":null,"obstr_sup_tipo":null,"obstr_fundo":null,"obstr_fundo_tipo":null,"n_tubos":0,"tubos":"","area_critica":"AC03 — Ribeirão Morangueiro","entrega":"2026-10-01","tambem":"B26100117:21107 (ESQUINA)"},"geometry":{"type":"Point","coordinates":[-51.8969421,-23.418108]}},
{"type":"Feature","properties":{"id":"B26100117:22109","equipe":"B","num":109,"codigo":"BLO","tipo":"Boca de lobo","utm_E":408370.9955,"utm_N":7409910.837,"h_ortom":550.475,"material":"Concreto","cc_tipo":"Simples","profundidade_cm":168,"inacessivel":false,"posicao":"Esquina","tampa":"Concreto","condicao":"Boa","obstr_sup":"Não","obstr_sup_tipo":"Nenhuma","obstr_fundo":"Parcial","obstr_fundo_tipo":"Resíduo","n_tubos":1,"tubos":"40cm SW","area_critica":"AC03 — Ribeirão Morangueiro","entrega":"2026-10-01"},"geometry":{"type":"Point","coordinates":[-51.8968635,-23.4180963]}},
{"type":"Feature","properties":{"id":"B26100117:26110","equipe":"B","num":110,"codigo":"BLO","tipo":"Boca de lobo","utm_E":408362.3727,"utm_N":7409899.964,"h_ortom":550.138,"material":"Concreto","cc_tipo":"Simples","profundidade_cm":188,"inacessivel":false,"posicao":"Esquina","tampa":"Concreto","condicao":"Boa","obstr_sup":"Não","obstr_sup_tipo":"Nenhuma","obstr_fundo":"Não","obstr_fundo_tipo":"Nenhuma","n_tubos":2,"tubos":"40cm NW; 10cm SE","area_critica":"AC03 — Ribeirão Morangueiro","entrega":"2026-10-01"},"geometry":{"type":"Point","coordinates":[-51.8969486,-23.418194]}},
{"type":"Feature","properties":{"id":"B26100117:30111","equipe":"B","num":111,"codigo":"ESQUINA","tipo":"Esquina (eixo)","utm_E":408420.6599,"utm_N":7409877.973,"h_ortom":553.237,"material":null,"cc_tipo":null,"profundidade_cm":null,"inacessivel":false,"posicao":null,"tampa":null,"condicao":null,"obstr_sup":null,"obstr_sup_tipo":null,"obstr_fundo":null,"obstr_fundo_tipo":null,"n_tubos":0,"tubos":"","area_critica":"AC03 — Ribeirão Morangueiro","entrega":"2026-10-01"},"geometry":{"type":"Point","coordinates":[-51.8963794,-23.4183959]}},
{"type":"Feature","properties":{"id":"B26100117:30112","equipe":"B","num":112,"codigo":"BLO","tipo":"Boca de lobo","utm_E":408423.8985,"utm_N":7409870.272,"h_ortom":553.493,"material":"Concreto","cc_tipo":"Múltipla","profundidade_cm":150,"inacessivel":false,"posicao":"Esquina","tampa":"Concreto","condicao":"Boa","obstr_sup":"Não","obstr_sup_tipo":"Nenhuma","obstr_fundo":"Não","obstr_fundo_tipo":"Nenhuma","n_tubos":1,"tubos":"40cm NE","area_critica":"AC03 — Ribeirão Morangueiro","entrega":"2026-10-01"},"geometry":{"type":"Point","coordinates":[-51.8963482,-23.4184656]}},
{"type":"Feature","properties":{"id":"B26100117:33113","equipe":"B","num":113,"codigo":"BLO","tipo":"Boca de lobo","utm_E":408421.3647,"utm_N":7409887.709,"h_ortom":553.203,"material":"Concreto","cc_tipo":"Simples","profundidade_cm":155,"inacessivel":false,"posicao":"Esquina","tampa":"Concreto","condicao":"Boa","obstr_sup":"Não","obstr_sup_tipo":"Nenhuma","obstr_fundo":"Parcial","obstr_fundo_tipo":"Resíduo","n_tubos":1,"tubos":"40cm SE","area_critica":"AC03 — Ribeirão Morangueiro","entrega":"2026-10-01"},"geometry":{"type":"Point","coordinates":[-51.896372,-23.418308]}},
{"type":"Feature","properties":{"id":"B26100117:38114","equipe":"B","num":114,"codigo":"ESQUINA","tipo":"Esquina (eixo)","utm_E":408476.6333,"utm_N":7409847.146,"h_ortom":556.13,"material":null,"cc_tipo":null,"profundidade_cm":null,"inacessivel":false,"posicao":null,"tampa":null,"condicao":null,"obstr_sup":null,"obstr_sup_tipo":null,"obstr_fundo":null,"obstr_fundo_tipo":null,"n_tubos":0,"tubos":"","area_critica":"AC03 — Ribeirão Morangueiro","entrega":"2026-10-01"},"geometry":{"type":"Point","coordinates":[-51.8958335,-23.4186775]}},
{"type":"Feature","properties":{"id":"B26100117:39115","equipe":"B","num":115,"codigo":"BLO","tipo":"Boca de lobo","utm_E":408480.3403,"utm_N":7409839.306,"h_ortom":556.445,"material":"Concreto","cc_tipo":"Múltipla","profundidade_cm":148,"inacessivel":false,"posicao":"Esquina","tampa":"Concreto","condicao":null,"obstr_sup":"Parcial","obstr_sup_tipo":"Resíduo","obstr_fundo":"Não","obstr_fundo_tipo":"Nenhuma","n_tubos":1,"tubos":"40cm NE","area_critica":"AC03 — Ribeirão Morangueiro","entrega":"2026-10-01"},"geometry":{"type":"Point","coordinates":[-51.8957977,-23.4187485]}},
{"type":"Feature","properties":{"id":"B26100117:43116","equipe":"B","num":116,"codigo":"BLO","tipo":"Boca de lobo","utm_E":408485.0448,"utm_N":7409848.274,"h_ortom":556.473,"material":"Concreto","cc_tipo":"Simples","profundidade_cm":140,"inacessivel":false,"posicao":"Esquina","tampa":"Concreto","condicao":"Boa","obstr_sup":"Não","obstr_sup_tipo":"Nenhuma","obstr_fundo":"Não","obstr_fundo_tipo":"Nenhuma","n_tubos":2,"tubos":"40cm SW; 40cm SE","area_critica":"AC03 — Ribeirão Morangueiro","entrega":"2026-10-01"},"geometry":{"type":"Point","coordinates":[-51.8957511,-23.4186677]}},
{"type":"Feature","properties":{"id":"B26100117:50117","equipe":"B","num":117,"codigo":"ESQUINA","tipo":"Esquina (eixo)","utm_E":408530.5572,"utm_N":7409817.425,"h_ortom":559.386,"material":null,"cc_tipo":null,"profundidade_cm":null,"inacessivel":false,"posicao":null,"tampa":null,"condicao":null,"obstr_sup":null,"obstr_sup_tipo":null,"obstr_fundo":null,"obstr_fundo_tipo":null,"n_tubos":0,"tubos":"","area_critica":"AC03 — Ribeirão Morangueiro","entrega":"2026-10-01"},"geometry":{"type":"Point","coordinates":[-51.8953076,-23.4189489]}},
{"type":"Feature","properties":{"id":"B26100117:51118","equipe":"B","num":118,"codigo":"BLO","tipo":"Boca de lobo","utm_E":408538.8635,"utm_N":7409822.986,"h_ortom":559.629,"material":"Concreto","cc_tipo":"Simples","profundidade_cm":128,"inacessivel":false,"posicao":"Esquina","tampa":"Concreto","condicao":"Boa","obstr_sup":"Não","obstr_sup_tipo":"Nenhuma","obstr_fundo":"Não","obstr_fundo_tipo":"Nenhuma","n_tubos":1,"tubos":"40cm NW","area_critica":"AC03 — Ribeirão Morangueiro","entrega":"2026-10-01"},"geometry":{"type":"Point","coordinates":[-51.8952259,-23.4188992]}},
{"type":"Feature","properties":{"id":"B26100117:53119","equipe":"B","num":119,"codigo":"BLO","tipo":"Boca de lobo","utm_E":408539.2596,"utm_N":7409818.818,"h_ortom":559.842,"material":"Concreto","cc_tipo":"Simples","profundidade_cm":142,"inacessivel":false,"posicao":"Esquina","tampa":"Concreto","condicao":"Boa","obstr_sup":"Não","obstr_sup_tipo":"Nenhuma","obstr_fundo":"Não","obstr_fundo_tipo":"Nenhuma","n_tubos":1,"tubos":"40cm SW","area_critica":"AC03 — Ribeirão Morangueiro","entrega":"2026-10-01"},"geometry":{"type":"Point","coordinates":[-51.8952223,-23.4189368]}},
{"type":"Feature","properties":{"id":"B26100117:55120","equipe":"B","num":120,"codigo":"BLO","tipo":"Boca de lobo","utm_E":408556.5352,"utm_N":7409809.363,"h_ortom":560.859,"material":"Concreto","cc_tipo":"Simples","profundidade_cm":100,"inacessivel":false,"posicao":"Meio de quadra","tampa":"Concreto","condicao":"Boa","obstr_sup":"Não","obstr_sup_tipo":"Nenhuma","obstr_fundo":"Não","obstr_fundo_tipo":"Nenhuma","n_tubos":1,"tubos":"60cm SW","area_critica":"AC03 — Ribeirão Morangueiro","entrega":"2026-10-01"},"geometry":{"type":"Point","coordinates":[-51.8950538,-23.4190232]}},
{"type":"Feature","properties":{"id":"B26100118:00121","equipe":"B","num":121,"codigo":"ESQUINA","tipo":"Esquina (eixo)","utm_E":408585.599,"utm_N":7409787.655,"h_ortom":562.757,"material":null,"cc_tipo":null,"profundidade_cm":null,"inacessivel":false,"posicao":null,"tampa":null,"condicao":null,"obstr_sup":null,"obstr_sup_tipo":null,"obstr_fundo":null,"obstr_fundo_tipo":null,"n_tubos":0,"tubos":"","area_critica":"AC03 — Ribeirão Morangueiro","entrega":"2026-10-01"},"geometry":{"type":"Point","coordinates":[-51.8947707,-23.4192209]}},
{"type":"Feature","properties":{"id":"B26100118:01122","equipe":"B","num":122,"codigo":"BLO","tipo":"Boca de lobo","utm_E":408586.2352,"utm_N":7409797.674,"h_ortom":562.918,"material":"Concreto","cc_tipo":"Simples","profundidade_cm":140,"inacessivel":false,"posicao":"Esquina","tampa":"Concreto","condicao":"Boa","obstr_sup":"Não","obstr_sup_tipo":"Nenhuma","obstr_fundo":"Não","obstr_fundo_tipo":"Nenhuma","n_tubos":1,"tubos":"40cm SE","area_critica":"AC03 — Ribeirão Morangueiro","entrega":"2026-10-01"},"geometry":{"type":"Point","coordinates":[-51.8947638,-23.4191304]}},
{"type":"Feature","properties":{"id":"B26100118:06123","equipe":"B","num":123,"codigo":"BLO","tipo":"Boca de lobo","utm_E":408589.5585,"utm_N":7409779.63,"h_ortom":563.001,"material":"Concreto","cc_tipo":"Múltipla","profundidade_cm":90,"inacessivel":false,"posicao":"Esquina","tampa":"Concreto","condicao":"Boa","obstr_sup":"Não","obstr_sup_tipo":"Nenhuma","obstr_fundo":"Não","obstr_fundo_tipo":"Nenhuma","n_tubos":1,"tubos":"40cm NE","area_critica":"AC03 — Ribeirão Morangueiro","entrega":"2026-10-01"},"geometry":{"type":"Point","coordinates":[-51.8947324,-23.4192936]}},
{"type":"Feature","properties":{"id":"B26100118:08124","equipe":"B","num":124,"codigo":"BLO","tipo":"Boca de lobo","utm_E":408610.5516,"utm_N":7409768.051,"h_ortom":564.27,"material":"Concreto","cc_tipo":"Simples","profundidade_cm":90,"inacessivel":false,"posicao":"Meio de quadra","tampa":"Concreto","condicao":"Boa","obstr_sup":"Não","obstr_sup_tipo":"Nenhuma","obstr_fundo":"Não","obstr_fundo_tipo":"Nenhuma","n_tubos":1,"tubos":"60cm NE","area_critica":"AC03 — Ribeirão Morangueiro","entrega":"2026-10-01"},"geometry":{"type":"Point","coordinates":[-51.8945276,-23.4193993]}},
{"type":"Feature","properties":{"id":"B26100118:13125","equipe":"B","num":125,"codigo":"ESQUINA","tipo":"Esquina (eixo)","utm_E":408633.5488,"utm_N":7409761.282,"h_ortom":565.566,"material":null,"cc_tipo":null,"profundidade_cm":null,"inacessivel":false,"posicao":null,"tampa":null,"condicao":null,"obstr_sup":null,"obstr_sup_tipo":null,"obstr_fundo":null,"obstr_fundo_tipo":null,"n_tubos":0,"tubos":"","area_critica":"AC03 — Ribeirão Morangueiro","entrega":"2026-10-01","tambem":"B26100211:21072 (ESQUINA)"},"geometry":{"type":"Point","coordinates":[-51.894303,-23.4194618]}},
{"type":"Feature","properties":{"id":"B26100118:13126","equipe":"B","num":126,"codigo":"PTOBAI","tipo":"Ponto baixo (eixo)","utm_E":408643.5978,"utm_N":7409764.261,"h_ortom":566.044,"material":null,"cc_tipo":null,"profundidade_cm":null,"inacessivel":false,"posicao":null,"tampa":null,"condicao":null,"obstr_sup":null,"obstr_sup_tipo":null,"obstr_fundo":null,"obstr_fundo_tipo":null,"n_tubos":0,"tubos":"","area_critica":"AC03 — Ribeirão Morangueiro","entrega":"2026-10-01"},"geometry":{"type":"Point","coordinates":[-51.8942044,-23.4194354]}},
{"type":"Feature","properties":{"id":"B26100118:14127","equipe":"B","num":127,"codigo":"BLO","tipo":"Boca de lobo","utm_E":408651.8242,"utm_N":7409761.288,"h_ortom":566.471,"material":"Concreto","cc_tipo":"Simples","profundidade_cm":130,"inacessivel":false,"posicao":"Esquina","tampa":"Concreto","condicao":"Boa","obstr_sup":"Não","obstr_sup_tipo":"Nenhuma","obstr_fundo":"Parcial","obstr_fundo_tipo":"Resíduo","n_tubos":1,"tubos":"40cm NN","area_critica":"AC03 — Ribeirão Morangueiro","entrega":"2026-10-01"},"geometry":{"type":"Point","coordinates":[-51.8941241,-23.4194627]}},
{"type":"Feature","properties":{"id":"A26100208:13001","equipe":"A","num":1,"codigo":"BLO","tipo":"Boca de lobo","utm_E":408722.1794,"utm_N":7409724.069,"h_ortom":570.066,"material":"Concreto","cc_tipo":"Simples","profundidade_cm":130,"inacessivel":false,"posicao":"Esquina","tampa":"Concreto","condicao":"Boa","obstr_sup":"Não","obstr_sup_tipo":"Nenhuma","obstr_fundo":"Parcial","obstr_fundo_tipo":"Resíduo","n_tubos":0,"tubos":"","area_critica":"AC03 — Ribeirão Morangueiro","entrega":"2026-10-02"},"geometry":{"type":"Point","coordinates":[-51.8934378,-23.4198028]}},
{"type":"Feature","properties":{"id":"A26100208:16002","equipe":"A","num":2,"codigo":"BLO","tipo":"Boca de lobo","utm_E":408732.0985,"utm_N":7409718.582,"h_ortom":570.222,"material":"Concreto","cc_tipo":"Simples","profundidade_cm":97,"inacessivel":false,"posicao":"Esquina","tampa":"Concreto","condicao":"Ruim","obstr_sup":"Parcial","obstr_sup_tipo":"Resíduo","obstr_fundo":"Parcial","obstr_fundo_tipo":"Resíduo","n_tubos":1,"tubos":"40cm NN","area_critica":"AC03 — Ribeirão Morangueiro","entrega":"2026-10-02"},"geometry":{"type":"Point","coordinates":[-51.893341,-23.4198529]}},
{"type":"Feature","properties":{"id":"A26100208:21003","equipe":"A","num":3,"codigo":"BLO","tipo":"Boca de lobo","utm_E":408726.2744,"utm_N":7409704.47,"h_ortom":570.381,"material":"Concreto","cc_tipo":"Simples","profundidade_cm":86,"inacessivel":false,"posicao":"Meio de quadra","tampa":"Concreto","condicao":"Boa","obstr_sup":"Não","obstr_sup_tipo":"Nenhuma","obstr_fundo":"Parcial","obstr_fundo_tipo":"Resíduo","n_tubos":1,"tubos":"30cm NE","area_critica":"AC03 — Ribeirão Morangueiro","entrega":"2026-10-02"},"geometry":{"type":"Point","coordinates":[-51.8933989,-23.4199801]}},
{"type":"Feature","properties":{"id":"A26100208:25004","equipe":"A","num":4,"codigo":"BLO","tipo":"Boca de lobo","utm_E":408809.7485,"utm_N":7409674.294,"h_ortom":573.795,"material":"Concreto","cc_tipo":"Múltipla","profundidade_cm":110,"inacessivel":false,"posicao":"Esquina","tampa":"Concreto","condicao":"Boa","obstr_sup":"Parcial","obstr_sup_tipo":"Resíduo","obstr_fundo":"Não","obstr_fundo_tipo":"Nenhuma","n_tubos":2,"tubos":"40cm WW; 40cm EE","area_critica":"AC03 — Ribeirão Morangueiro","entrega":"2026-10-02"},"geometry":{"type":"Point","coordinates":[-51.8925837,-23.4202573]}},
{"type":"Feature","properties":{"id":"A26100208:28005","equipe":"A","num":5,"codigo":"BLO","tipo":"Boca de lobo","utm_E":408814.9065,"utm_N":7409662.906,"h_ortom":574.058,"material":"Concreto","cc_tipo":"Simples","profundidade_cm":65,"inacessivel":false,"posicao":"Esquina","tampa":"Concreto","condicao":"Boa","obstr_sup":"Não","obstr_sup_tipo":"Nenhuma","obstr_fundo":"Não","obstr_fundo_tipo":"Nenhuma","n_tubos":1,"tubos":"40cm NN","area_critica":"AC03 — Ribeirão Morangueiro","entrega":"2026-10-02"},"geometry":{"type":"Point","coordinates":[-51.892534,-23.4203604]}},
{"type":"Feature","properties":{"id":"A26100208:33006","equipe":"A","num":6,"codigo":"PV","tipo":"Poço de visita","utm_E":408788.4239,"utm_N":7409668.066,"h_ortom":573.008,"material":"Concreto","cc_tipo":"Simples","profundidade_cm":174,"inacessivel":false,"posicao":"Esquina","tampa":"Ferro","condicao":"Boa","obstr_sup":"Não","obstr_sup_tipo":"Nenhuma","obstr_fundo":"Não","obstr_fundo_tipo":"Nenhuma","n_tubos":2,"tubos":"80cm SE; 80cm NW","area_critica":"AC03 — Ribeirão Morangueiro","entrega":"2026-10-02"},"geometry":{"type":"Point","coordinates":[-51.8927928,-23.4203123]}},
{"type":"Feature","properties":{"id":"A26100208:46007","equipe":"A","num":7,"codigo":"BLO","tipo":"Boca de lobo","utm_E":408870.9146,"utm_N":7409616.899,"h_ortom":576.571,"material":"Concreto","cc_tipo":"Simples","profundidade_cm":null,"inacessivel":true,"posicao":"Meio de quadra","tampa":"Concreto","condicao":"Boa","obstr_sup":"Parcial","obstr_sup_tipo":"Resíduo","obstr_fundo":"Não","obstr_fundo_tipo":"Nenhuma","n_tubos":0,"tubos":"","area_critica":"AC03 — Ribeirão Morangueiro","entrega":"2026-10-02"},"geometry":{"type":"Point","coordinates":[-51.8919886,-23.4207791]}},
{"type":"Feature","properties":{"id":"A26100208:50008","equipe":"A","num":8,"codigo":"BLO","tipo":"Boca de lobo","utm_E":408932.1445,"utm_N":7409597.435,"h_ortom":579.197,"material":"Concreto","cc_tipo":"Simples","profundidade_cm":101,"inacessivel":false,"posicao":"Esquina","tampa":"Concreto","condicao":"Boa","obstr_sup":"Não","obstr_sup_tipo":"Nenhuma","obstr_fundo":"Não","obstr_fundo_tipo":"Nenhuma","n_tubos":1,"tubos":"40cm SS","area_critica":"AC03 — Ribeirão Morangueiro","entrega":"2026-10-02"},"geometry":{"type":"Point","coordinates":[-51.8913905,-23.4209583]}},
{"type":"Feature","properties":{"id":"A26100208:55009","equipe":"A","num":9,"codigo":"BLO","tipo":"Boca de lobo","utm_E":408939.5134,"utm_N":7409591.884,"h_ortom":579.387,"material":"Concreto","cc_tipo":"Simples","profundidade_cm":96,"inacessivel":false,"posicao":"Esquina","tampa":"Concreto","condicao":"Boa","obstr_sup":"Não","obstr_sup_tipo":"Nenhuma","obstr_fundo":"Não","obstr_fundo_tipo":"Nenhuma","n_tubos":1,"tubos":"40cm NN","area_critica":"AC03 — Ribeirão Morangueiro","entrega":"2026-10-02"},"geometry":{"type":"Point","coordinates":[-51.8913187,-23.4210089]}},
{"type":"Feature","properties":{"id":"A26100209:01010","equipe":"A","num":10,"codigo":"BLO","tipo":"Boca de lobo","utm_E":409013.6511,"utm_N":7409541.747,"h_ortom":582.574,"material":"Concreto","cc_tipo":"Simples","profundidade_cm":116,"inacessivel":false,"posicao":"Esquina","tampa":"Concreto","condicao":"Boa","obstr_sup":"Não","obstr_sup_tipo":"Nenhuma","obstr_fundo":"Não","obstr_fundo_tipo":"Nenhuma","n_tubos":1,"tubos":"40cm SW","area_critica":"AC03 — Ribeirão Morangueiro","entrega":"2026-10-02"},"geometry":{"type":"Point","coordinates":[-51.8905961,-23.4214658]}},
{"type":"Feature","properties":{"id":"A26100209:04011","equipe":"A","num":11,"codigo":"BLO","tipo":"Boca de lobo","utm_E":409014.1828,"utm_N":7409546.382,"h_ortom":582.586,"material":"Concreto","cc_tipo":"Simples","profundidade_cm":86,"inacessivel":false,"posicao":"Esquina","tampa":"Concreto","condicao":"Boa","obstr_sup":"Não","obstr_sup_tipo":"Nenhuma","obstr_fundo":"Parcial","obstr_fundo_tipo":"Solo","n_tubos":1,"tubos":"40cm NN","area_critica":"AC03 — Ribeirão Morangueiro","entrega":"2026-10-02"},"geometry":{"type":"Point","coordinates":[-51.8905906,-23.421424]}},
{"type":"Feature","properties":{"id":"A26100209:06012","equipe":"A","num":12,"codigo":"BLO","tipo":"Boca de lobo","utm_E":409007.4313,"utm_N":7409533.619,"h_ortom":582.211,"material":"Concreto","cc_tipo":"Simples","profundidade_cm":null,"inacessivel":true,"posicao":"Esquina","tampa":"Concreto","condicao":"Boa","obstr_sup":"Não","obstr_sup_tipo":"Nenhuma","obstr_fundo":"Total","obstr_fundo_tipo":"Solo","n_tubos":0,"tubos":"","area_critica":"AC03 — Ribeirão Morangueiro","entrega":"2026-10-02"},"geometry":{"type":"Point","coordinates":[-51.8906575,-23.4215389]}},
{"type":"Feature","properties":{"id":"A26100209:10013","equipe":"A","num":13,"codigo":"BLO","tipo":"Boca de lobo","utm_E":409091.2369,"utm_N":7409499.21,"h_ortom":584.32,"material":"Concreto","cc_tipo":"Simples","profundidade_cm":null,"inacessivel":true,"posicao":"Esquina","tampa":"Concreto","condicao":"Boa","obstr_sup":"Não","obstr_sup_tipo":"Nenhuma","obstr_fundo":"Total","obstr_fundo_tipo":"Solo","n_tubos":0,"tubos":"","area_critica":"AC03 — Ribeirão Morangueiro","entrega":"2026-10-02"},"geometry":{"type":"Point","coordinates":[-51.8898393,-23.4218543]}},
{"type":"Feature","properties":{"id":"A26100209:13014","equipe":"A","num":14,"codigo":"BLO","tipo":"Boca de lobo","utm_E":409091.4775,"utm_N":7409494.436,"h_ortom":584.322,"material":"Concreto","cc_tipo":"Simples","profundidade_cm":null,"inacessivel":true,"posicao":"Esquina","tampa":"Concreto","condicao":"Boa","obstr_sup":"Não","obstr_sup_tipo":"Nenhuma","obstr_fundo":"Não","obstr_fundo_tipo":"Nenhuma","n_tubos":0,"tubos":"","area_critica":"AC03 — Ribeirão Morangueiro","entrega":"2026-10-02"},"geometry":{"type":"Point","coordinates":[-51.8898373,-23.4218975]}},
{"type":"Feature","properties":{"id":"A26100209:19015","equipe":"A","num":15,"codigo":"BLO","tipo":"Boca de lobo","utm_E":409112.7312,"utm_N":7409591.267,"h_ortom":586.792,"material":"Concreto","cc_tipo":"Simples","profundidade_cm":null,"inacessivel":true,"posicao":"Esquina","tampa":"Concreto","condicao":"Boa","obstr_sup":"Não","obstr_sup_tipo":"Nenhuma","obstr_fundo":"Total","obstr_fundo_tipo":"Solo","n_tubos":0,"tubos":"","area_critica":"AC03 — Ribeirão Morangueiro","entrega":"2026-10-02"},"geometry":{"type":"Point","coordinates":[-51.8896234,-23.4210241]}},
{"type":"Feature","properties":{"id":"A26100209:22016","equipe":"A","num":16,"codigo":"BLO","tipo":"Boca de lobo","utm_E":409105.9652,"utm_N":7409599.902,"h_ortom":586.559,"material":"Concreto","cc_tipo":"Simples","profundidade_cm":50,"inacessivel":false,"posicao":"Esquina","tampa":"Concreto","condicao":"Boa","obstr_sup":"Não","obstr_sup_tipo":"Nenhuma","obstr_fundo":"Parcial","obstr_fundo_tipo":"Folhagem","n_tubos":1,"tubos":"30cm SE","area_critica":"AC03 — Ribeirão Morangueiro","entrega":"2026-10-02"},"geometry":{"type":"Point","coordinates":[-51.8896891,-23.4209457]}},
{"type":"Feature","properties":{"id":"A26100209:25017","equipe":"A","num":17,"codigo":"BLO","tipo":"Boca de lobo","utm_E":409088.5068,"utm_N":7409659.88,"h_ortom":587.408,"material":"Concreto","cc_tipo":"Simples","profundidade_cm":null,"inacessivel":true,"posicao":"Esquina","tampa":"Concreto","condicao":"Boa","obstr_sup":"Não","obstr_sup_tipo":"Nenhuma","obstr_fundo":"Parcial","obstr_fundo_tipo":"Folhagem","n_tubos":0,"tubos":"","area_critica":"AC03 — Ribeirão Morangueiro","entrega":"2026-10-02"},"geometry":{"type":"Point","coordinates":[-51.8898563,-23.420403]}},
{"type":"Feature","properties":{"id":"A26100209:29018","equipe":"A","num":18,"codigo":"BLO","tipo":"Boca de lobo","utm_E":409085.5764,"utm_N":7409667.356,"h_ortom":587.466,"material":"Concreto","cc_tipo":"Simples","profundidade_cm":95,"inacessivel":false,"posicao":"Esquina","tampa":"Concreto","condicao":"Boa","obstr_sup":"Não","obstr_sup_tipo":"Nenhuma","obstr_fundo":"Não","obstr_fundo_tipo":"Nenhuma","n_tubos":0,"tubos":"","area_critica":"AC03 — Ribeirão Morangueiro","entrega":"2026-10-02"},"geometry":{"type":"Point","coordinates":[-51.8898846,-23.4203354]}},
{"type":"Feature","properties":{"id":"A26100209:33019","equipe":"A","num":19,"codigo":"BLO","tipo":"Boca de lobo","utm_E":409059.0366,"utm_N":7409735.585,"h_ortom":586.384,"material":"Concreto","cc_tipo":"Simples","profundidade_cm":null,"inacessivel":true,"posicao":"Esquina","tampa":"Concreto","condicao":"Ruim","obstr_sup":"Total","obstr_sup_tipo":"Entulho","obstr_fundo":"Total","obstr_fundo_tipo":"Entulho","n_tubos":0,"tubos":"","area_critica":"AC03 — Ribeirão Morangueiro","entrega":"2026-10-02"},"geometry":{"type":"Point","coordinates":[-51.8901402,-23.4197176]}},
{"type":"Feature","properties":{"id":"A26100209:34020","equipe":"A","num":20,"codigo":"BLO","tipo":"Boca de lobo","utm_E":409061.7305,"utm_N":7409737.894,"h_ortom":586.883,"material":"Concreto","cc_tipo":"Simples","profundidade_cm":null,"inacessivel":true,"posicao":"Esquina","tampa":"Concreto","condicao":"Boa","obstr_sup":"Não","obstr_sup_tipo":"Nenhuma","obstr_fundo":"Total","obstr_fundo_tipo":"Solo","n_tubos":0,"tubos":"","area_critica":"AC03 — Ribeirão Morangueiro","entrega":"2026-10-02"},"geometry":{"type":"Point","coordinates":[-51.8901137,-23.4196969]}},
{"type":"Feature","properties":{"id":"A26100209:38021","equipe":"A","num":21,"codigo":"BLO","tipo":"Boca de lobo","utm_E":409063.796,"utm_N":7409746.806,"h_ortom":587.053,"material":"Concreto","cc_tipo":"Múltipla","profundidade_cm":130,"inacessivel":false,"posicao":"Esquina","tampa":"Concreto","condicao":"Ruim","obstr_sup":"Parcial","obstr_sup_tipo":"Folhagem","obstr_fundo":"Não","obstr_fundo_tipo":"Nenhuma","n_tubos":2,"tubos":"40cm WW; 40cm EE","area_critica":"AC03 — Ribeirão Morangueiro","entrega":"2026-10-02"},"geometry":{"type":"Point","coordinates":[-51.8900929,-23.4196166]}},
{"type":"Feature","properties":{"id":"A26100209:43022","equipe":"A","num":22,"codigo":"BLO","tipo":"Boca de lobo","utm_E":409131.6032,"utm_N":7409767.46,"h_ortom":590.237,"material":"Concreto","cc_tipo":"Múltipla","profundidade_cm":105,"inacessivel":false,"posicao":"Meio de quadra","tampa":"Concreto","condicao":"Boa","obstr_sup":"Parcial","obstr_sup_tipo":"Folhagem","obstr_fundo":"Parcial","obstr_fundo_tipo":"Resíduo","n_tubos":2,"tubos":"40cm EE; 40cm WW","area_critica":"AC03 — Ribeirão Morangueiro","entrega":"2026-10-02"},"geometry":{"type":"Point","coordinates":[-51.8894281,-23.4194338]}},
{"type":"Feature","properties":{"id":"A26100209:48023","equipe":"A","num":23,"codigo":"PTOALT","tipo":"Ponto alto (eixo)","utm_E":409203.9331,"utm_N":7409782.724,"h_ortom":591.068,"material":null,"cc_tipo":null,"profundidade_cm":null,"inacessivel":false,"posicao":null,"tampa":null,"condicao":null,"obstr_sup":null,"obstr_sup_tipo":null,"obstr_fundo":null,"obstr_fundo_tipo":null,"n_tubos":0,"tubos":"","area_critica":"","entrega":"2026-10-02"},"geometry":{"type":"Point","coordinates":[-51.8887192,-23.4193]}},
{"type":"Feature","properties":{"id":"A26100209:48024","equipe":"A","num":24,"codigo":"CC","tipo":"Caixa de coleta","utm_E":409201.6107,"utm_N":7409777.315,"h_ortom":591.063,"material":"Concreto","cc_tipo":"Simples","profundidade_cm":null,"inacessivel":true,"posicao":"Meio de quadra","tampa":"Concreto","condicao":"Boa","obstr_sup":"Parcial","obstr_sup_tipo":"Folhagem","obstr_fundo":"Parcial","obstr_fundo_tipo":"Folhagem","n_tubos":0,"tubos":"","area_critica":"AC03 — Ribeirão Morangueiro","entrega":"2026-10-02"},"geometry":{"type":"Point","coordinates":[-51.8887423,-23.4193487]}},
{"type":"Feature","properties":{"id":"A26100209:54025","equipe":"A","num":25,"codigo":"CC","tipo":"Caixa de coleta","utm_E":409009.5142,"utm_N":7409732.065,"h_ortom":583.95,"material":"Concreto","cc_tipo":"Simples","profundidade_cm":null,"inacessivel":true,"posicao":"Meio de quadra","tampa":"Concreto","condicao":"Ruim","obstr_sup":"Total","obstr_sup_tipo":"Solo","obstr_fundo":"Total","obstr_fundo_tipo":"Solo","n_tubos":0,"tubos":"","area_critica":"AC03 — Ribeirão Morangueiro","entrega":"2026-10-02"},"geometry":{"type":"Point","coordinates":[-51.8906251,-23.4197467]}},
{"type":"Feature","properties":{"id":"A26100209:56026","equipe":"A","num":26,"codigo":"BLO","tipo":"Boca de lobo","utm_E":408979.6387,"utm_N":7409732.325,"h_ortom":582.145,"material":"Concreto","cc_tipo":"Simples","profundidade_cm":null,"inacessivel":true,"posicao":"Meio de quadra","tampa":"Concreto","condicao":"Boa","obstr_sup":"Não","obstr_sup_tipo":"Nenhuma","obstr_fundo":"Não","obstr_fundo_tipo":"Nenhuma","n_tubos":0,"tubos":"","area_critica":"AC03 — Ribeirão Morangueiro","entrega":"2026-10-02"},"geometry":{"type":"Point","coordinates":[-51.8909175,-23.4197427]}},
{"type":"Feature","properties":{"id":"A26100210:06027","equipe":"A","num":27,"codigo":"BLO","tipo":"Boca de lobo","utm_E":408954.2294,"utm_N":7409715.506,"h_ortom":580.606,"material":"Concreto","cc_tipo":"Múltipla","profundidade_cm":122,"inacessivel":false,"posicao":"Esquina","tampa":"Concreto","condicao":"Boa","obstr_sup":"Não","obstr_sup_tipo":"Nenhuma","obstr_fundo":"Não","obstr_fundo_tipo":"Nenhuma","n_tubos":2,"tubos":"40cm WW; 40cm EE","area_critica":"AC03 — Ribeirão Morangueiro","entrega":"2026-10-02"},"geometry":{"type":"Point","coordinates":[-51.8911672,-23.4198931]}},
{"type":"Feature","properties":{"id":"A26100210:08028","equipe":"A","num":28,"codigo":"BLO","tipo":"Boca de lobo","utm_E":408956.48,"utm_N":7409707.787,"h_ortom":580.723,"material":"Concreto","cc_tipo":"Simples","profundidade_cm":85,"inacessivel":false,"posicao":"Esquina","tampa":"Concreto","condicao":"Boa","obstr_sup":"Não","obstr_sup_tipo":"Nenhuma","obstr_fundo":"Não","obstr_fundo_tipo":"Nenhuma","n_tubos":2,"tubos":"40cm NN; 20cm SW","area_critica":"AC03 — Ribeirão Morangueiro","entrega":"2026-10-02"},"geometry":{"type":"Point","coordinates":[-51.8911456,-23.419963]}},
{"type":"Feature","properties":{"id":"A26100210:11029","equipe":"A","num":29,"codigo":"BLO","tipo":"Boca de lobo","utm_E":408954.9225,"utm_N":7409703.112,"h_ortom":580.605,"material":"Concreto","cc_tipo":"Simples","profundidade_cm":18,"inacessivel":false,"posicao":"Esquina","tampa":"Concreto","condicao":"Boa","obstr_sup":"Não","obstr_sup_tipo":"Nenhuma","obstr_fundo":"Não","obstr_fundo_tipo":"Nenhuma","n_tubos":1,"tubos":"20cm NE","area_critica":"AC03 — Ribeirão Morangueiro","entrega":"2026-10-02"},"geometry":{"type":"Point","coordinates":[-51.8911611,-23.4200051]}},
{"type":"Feature","properties":{"id":"A26100210:13030","equipe":"A","num":30,"codigo":"BLO","tipo":"Boca de lobo","utm_E":408913.8853,"utm_N":7409713.473,"h_ortom":578.758,"material":"Concreto","cc_tipo":"Simples","profundidade_cm":66,"inacessivel":false,"posicao":"Meio de quadra","tampa":"Concreto","condicao":"Boa","obstr_sup":"Parcial","obstr_sup_tipo":"Folhagem","obstr_fundo":"Não","obstr_fundo_tipo":"Nenhuma","n_tubos":1,"tubos":"40cm SS","area_critica":"AC03 — Ribeirão Morangueiro","entrega":"2026-10-02"},"geometry":{"type":"Point","coordinates":[-51.8915622,-23.4199093]}},
{"type":"Feature","properties":{"id":"A26100210:24031","equipe":"A","num":31,"codigo":"BLO","tipo":"Boca de lobo","utm_E":408848.4388,"utm_N":7409694.756,"h_ortom":575.584,"material":"Concreto","cc_tipo":"Simples","profundidade_cm":null,"inacessivel":true,"posicao":"Esquina","tampa":"Concreto","condicao":"Boa","obstr_sup":"Total","obstr_sup_tipo":"Solo","obstr_fundo":"Total","obstr_fundo_tipo":"Solo","n_tubos":0,"tubos":"","area_critica":"AC03 — Ribeirão Morangueiro","entrega":"2026-10-02"},"geometry":{"type":"Point","coordinates":[-51.8922038,-23.4200746]}},
{"type":"Feature","properties":{"id":"A26100210:26032","equipe":"A","num":32,"codigo":"BLO","tipo":"Boca de lobo","utm_E":408851.1616,"utm_N":7409686.934,"h_ortom":575.77,"material":"Concreto","cc_tipo":"Múltipla","profundidade_cm":115,"inacessivel":false,"posicao":"Esquina","tampa":"Concreto","condicao":"Boa","obstr_sup":"Parcial","obstr_sup_tipo":"Folhagem","obstr_fundo":"Não","obstr_fundo_tipo":"Nenhuma","n_tubos":3,"tubos":"40cm WW; 40cm EE; 30cm NN","area_critica":"AC03 — Ribeirão Morangueiro","entrega":"2026-10-02"},"geometry":{"type":"Point","coordinates":[-51.8921777,-23.4201454]}},
{"type":"Feature","properties":{"id":"A26100210:34033","equipe":"A","num":33,"codigo":"BLO","tipo":"Boca de lobo","utm_E":408892.3496,"utm_N":7409773.159,"h_ortom":577.855,"material":"Concreto","cc_tipo":"Simples","profundidade_cm":130,"inacessivel":false,"posicao":"Meio de quadra","tampa":"Concreto","condicao":"Boa","obstr_sup":"Não","obstr_sup_tipo":"Nenhuma","obstr_fundo":"Não","obstr_fundo_tipo":"Nenhuma","n_tubos":0,"tubos":"","area_critica":"AC03 — Ribeirão Morangueiro","entrega":"2026-10-02"},"geometry":{"type":"Point","coordinates":[-51.8917693,-23.419369]}},
{"type":"Feature","properties":{"id":"A26100210:38034","equipe":"A","num":34,"codigo":"BLO","tipo":"Boca de lobo","utm_E":408962.3378,"utm_N":7409793.26,"h_ortom":581.436,"material":"Concreto","cc_tipo":"Simples","profundidade_cm":130,"inacessivel":false,"posicao":"Meio de quadra","tampa":"Concreto","condicao":"Boa","obstr_sup":"Não","obstr_sup_tipo":"Nenhuma","obstr_fundo":"Não","obstr_fundo_tipo":"Nenhuma","n_tubos":1,"tubos":"40cm SS","area_critica":"AC03 — Ribeirão Morangueiro","entrega":"2026-10-02"},"geometry":{"type":"Point","coordinates":[-51.8910831,-23.4191913]}},
{"type":"Feature","properties":{"id":"A26100210:41035","equipe":"A","num":35,"codigo":"BLO","tipo":"Boca de lobo","utm_E":409040.4908,"utm_N":7409804.72,"h_ortom":586.107,"material":"Concreto","cc_tipo":"Simples","profundidade_cm":145,"inacessivel":false,"posicao":"Esquina","tampa":"Concreto","condicao":"Boa","obstr_sup":"Parcial","obstr_sup_tipo":"Folhagem","obstr_fundo":"Não","obstr_fundo_tipo":"Nenhuma","n_tubos":1,"tubos":"40cm WW","area_critica":"AC03 — Ribeirão Morangueiro","entrega":"2026-10-02"},"geometry":{"type":"Point","coordinates":[-51.8903175,-23.4190922]}},
{"type":"Feature","properties":{"id":"A26100210:44036","equipe":"A","num":36,"codigo":"BLO","tipo":"Boca de lobo","utm_E":409040.1945,"utm_N":7409815.688,"h_ortom":586.128,"material":"Concreto","cc_tipo":"Simples","profundidade_cm":140,"inacessivel":false,"posicao":"Esquina","tampa":"Concreto","condicao":"Boa","obstr_sup":"Não","obstr_sup_tipo":"Nenhuma","obstr_fundo":"Não","obstr_fundo_tipo":"Nenhuma","n_tubos":1,"tubos":"40cm SS","area_critica":"AC03 — Ribeirão Morangueiro","entrega":"2026-10-02"},"geometry":{"type":"Point","coordinates":[-51.8903198,-23.4189931]}},
{"type":"Feature","properties":{"id":"A26100210:48037","equipe":"A","num":37,"codigo":"BLO","tipo":"Boca de lobo","utm_E":409125.2344,"utm_N":7409831.79,"h_ortom":589.576,"material":"Concreto","cc_tipo":"Simples","profundidade_cm":null,"inacessivel":true,"posicao":"Meio de quadra","tampa":"Concreto","condicao":"Boa","obstr_sup":"Parcial","obstr_sup_tipo":"Entulho","obstr_fundo":"Não","obstr_fundo_tipo":"Nenhuma","n_tubos":0,"tubos":"","area_critica":"AC03 — Ribeirão Morangueiro","entrega":"2026-10-02"},"geometry":{"type":"Point","coordinates":[-51.8894865,-23.4188524]}},
{"type":"Feature","properties":{"id":"A26100210:50038","equipe":"A","num":38,"codigo":"PTOALT","tipo":"Ponto alto (eixo)","utm_E":409159.0465,"utm_N":7409845.571,"h_ortom":589.908,"material":null,"cc_tipo":null,"profundidade_cm":null,"inacessivel":false,"posicao":null,"tampa":null,"condicao":null,"obstr_sup":null,"obstr_sup_tipo":null,"obstr_fundo":null,"obstr_fundo_tipo":null,"n_tubos":0,"tubos":"","area_critica":"AC03 — Ribeirão Morangueiro","entrega":"2026-10-02"},"geometry":{"type":"Point","coordinates":[-51.8891547,-23.4187298]}},
{"type":"Feature","properties":{"id":"A26100210:52039","equipe":"A","num":39,"codigo":"PTOALT","tipo":"Ponto alto (eixo)","utm_E":409142.8839,"utm_N":7409907.581,"h_ortom":588.667,"material":null,"cc_tipo":null,"profundidade_cm":null,"inacessivel":false,"posicao":null,"tampa":null,"condicao":null,"obstr_sup":null,"obstr_sup_tipo":null,"obstr_fundo":null,"obstr_fundo_tipo":null,"n_tubos":0,"tubos":"","area_critica":"","entrega":"2026-10-02"},"geometry":{"type":"Point","coordinates":[-51.8893092,-23.4181689]}},
{"type":"Feature","properties":{"id":"A26100210:53040","equipe":"A","num":40,"codigo":"BLO","tipo":"Boca de lobo","utm_E":409110.0744,"utm_N":7409903.337,"h_ortom":588.489,"material":"Concreto","cc_tipo":"Simples","profundidade_cm":null,"inacessivel":true,"posicao":"Meio de quadra","tampa":"Concreto","condicao":"Boa","obstr_sup":"Total","obstr_sup_tipo":"Folhagem","obstr_fundo":"Não","obstr_fundo_tipo":"Nenhuma","n_tubos":0,"tubos":"","area_critica":"AC03 — Ribeirão Morangueiro","entrega":"2026-10-02"},"geometry":{"type":"Point","coordinates":[-51.8896305,-23.4182054]}},
{"type":"Feature","properties":{"id":"A26100210:55041","equipe":"A","num":41,"codigo":"BLO","tipo":"Boca de lobo","utm_E":409023.1836,"utm_N":7409878.408,"h_ortom":585.106,"material":"Concreto","cc_tipo":"Simples","profundidade_cm":135,"inacessivel":false,"posicao":"Esquina","tampa":"Concreto","condicao":"Ruim","obstr_sup":"Não","obstr_sup_tipo":"Nenhuma","obstr_fundo":"Parcial","obstr_fundo_tipo":"Entulho","n_tubos":1,"tubos":"40cm SS","area_critica":"AC03 — Ribeirão Morangueiro","entrega":"2026-10-02"},"geometry":{"type":"Point","coordinates":[-51.8904825,-23.4184257]}},
{"type":"Feature","properties":{"id":"A26100210:59042","equipe":"A","num":42,"codigo":"BLO","tipo":"Boca de lobo","utm_E":409015.5984,"utm_N":7409861.768,"h_ortom":585.05,"material":"Concreto","cc_tipo":"Simples","profundidade_cm":145,"inacessivel":false,"posicao":"Esquina","tampa":"Concreto","condicao":"Boa","obstr_sup":"Não","obstr_sup_tipo":"Nenhuma","obstr_fundo":"Não","obstr_fundo_tipo":"Nenhuma","n_tubos":1,"tubos":"40cm EE","area_critica":"AC03 — Ribeirão Morangueiro","entrega":"2026-10-02"},"geometry":{"type":"Point","coordinates":[-51.8905577,-23.4185756]}},
{"type":"Feature","properties":{"id":"A26100211:02043","equipe":"A","num":43,"codigo":"BLO","tipo":"Boca de lobo","utm_E":408935.0841,"utm_N":7409853.026,"h_ortom":579.448,"material":"Concreto","cc_tipo":"Simples","profundidade_cm":130,"inacessivel":false,"posicao":"Meio de quadra","tampa":"Concreto","condicao":"Boa","obstr_sup":"Não","obstr_sup_tipo":"Nenhuma","obstr_fundo":"Não","obstr_fundo_tipo":"Nenhuma","n_tubos":1,"tubos":"40cm SS","area_critica":"AC03 — Ribeirão Morangueiro","entrega":"2026-10-02"},"geometry":{"type":"Point","coordinates":[-51.8913462,-23.41865]}},
{"type":"Feature","properties":{"id":"A26100211:07044","equipe":"A","num":44,"codigo":"BLO","tipo":"Boca de lobo","utm_E":408865.0983,"utm_N":7409832.824,"h_ortom":576.02,"material":"Concreto","cc_tipo":"Simples","profundidade_cm":null,"inacessivel":true,"posicao":"Meio de quadra","tampa":"Concreto","condicao":"Boa","obstr_sup":"Total","obstr_sup_tipo":"Solo","obstr_fundo":"Total","obstr_fundo_tipo":"Solo","n_tubos":0,"tubos":"","area_critica":"AC03 — Ribeirão Morangueiro","entrega":"2026-10-02"},"geometry":{"type":"Point","coordinates":[-51.8920324,-23.4188286]}},
{"type":"Feature","properties":{"id":"A26100211:10045","equipe":"A","num":45,"codigo":"BLO","tipo":"Boca de lobo","utm_E":408812.9817,"utm_N":7409817.768,"h_ortom":573.522,"material":"Concreto","cc_tipo":"Simples","profundidade_cm":130,"inacessivel":false,"posicao":"Esquina","tampa":"Concreto","condicao":"Boa","obstr_sup":"Parcial","obstr_sup_tipo":"Folhagem","obstr_fundo":"Não","obstr_fundo_tipo":"Nenhuma","n_tubos":1,"tubos":"40cm SS","area_critica":"AC03 — Ribeirão Morangueiro","entrega":"2026-10-02"},"geometry":{"type":"Point","coordinates":[-51.8925434,-23.4189616]}},
{"type":"Feature","properties":{"id":"A26100211:12046","equipe":"A","num":46,"codigo":"BLO","tipo":"Boca de lobo","utm_E":408815.8202,"utm_N":7409808.1,"h_ortom":573.617,"material":"Concreto","cc_tipo":"Simples","profundidade_cm":102,"inacessivel":false,"posicao":"Esquina","tampa":"Concreto","condicao":"Boa","obstr_sup":"Não","obstr_sup_tipo":"Nenhuma","obstr_fundo":"Não","obstr_fundo_tipo":"Nenhuma","n_tubos":1,"tubos":"40cm NN","area_critica":"AC03 — Ribeirão Morangueiro","entrega":"2026-10-02"},"geometry":{"type":"Point","coordinates":[-51.8925162,-23.4190491]}},
{"type":"Feature","properties":{"id":"A26100211:14047","equipe":"A","num":47,"codigo":"BLO","tipo":"Boca de lobo","utm_E":408806.3942,"utm_N":7409801.13,"h_ortom":573.489,"material":"Concreto","cc_tipo":"Simples","profundidade_cm":90,"inacessivel":false,"posicao":"Esquina","tampa":"Concreto","condicao":"Boa","obstr_sup":"Não","obstr_sup_tipo":"Nenhuma","obstr_fundo":"Parcial","obstr_fundo_tipo":"Folhagem","n_tubos":1,"tubos":"40cm EE","area_critica":"AC03 — Ribeirão Morangueiro","entrega":"2026-10-02"},"geometry":{"type":"Point","coordinates":[-51.8926089,-23.4191115]}},
{"type":"Feature","properties":{"id":"A26100211:18048","equipe":"A","num":48,"codigo":"BLO","tipo":"Boca de lobo","utm_E":408713.9906,"utm_N":7409789.678,"h_ortom":569.248,"material":"Concreto","cc_tipo":"Simples","profundidade_cm":118,"inacessivel":false,"posicao":"Meio de quadra","tampa":"Concreto","condicao":"Boa","obstr_sup":"Não","obstr_sup_tipo":"Nenhuma","obstr_fundo":"Não","obstr_fundo_tipo":"Nenhuma","n_tubos":1,"tubos":"40cm SS","area_critica":"AC03 — Ribeirão Morangueiro","entrega":"2026-10-02"},"geometry":{"type":"Point","coordinates":[-51.8935139,-23.4192098]}},
{"type":"Feature","properties":{"id":"A26100213:16049","equipe":"A","num":49,"codigo":"BLO","tipo":"Boca de lobo","utm_E":408596.8671,"utm_N":7409800.015,"h_ortom":563.06,"material":"Concreto","cc_tipo":"Simples","profundidade_cm":95,"inacessivel":false,"posicao":"Meio de quadra","tampa":"Concreto","condicao":"Boa","obstr_sup":"Não","obstr_sup_tipo":"Nenhuma","obstr_fundo":"Não","obstr_fundo_tipo":"Nenhuma","n_tubos":1,"tubos":"60cm NW","area_critica":"AC03 — Ribeirão Morangueiro","entrega":"2026-10-02"},"geometry":{"type":"Point","coordinates":[-51.8946596,-23.4191099]}},
{"type":"Feature","properties":{"id":"A26100213:19050","equipe":"A","num":50,"codigo":"BLO","tipo":"Boca de lobo","utm_E":408614.8237,"utm_N":7409826.869,"h_ortom":563.658,"material":"Concreto","cc_tipo":"Simples","profundidade_cm":126,"inacessivel":false,"posicao":"Esquina","tampa":"Concreto","condicao":"Boa","obstr_sup":"Não","obstr_sup_tipo":"Nenhuma","obstr_fundo":"Não","obstr_fundo_tipo":"Nenhuma","n_tubos":1,"tubos":"60cm SS","area_critica":"AC03 — Ribeirão Morangueiro","entrega":"2026-10-02"},"geometry":{"type":"Point","coordinates":[-51.8944823,-23.4188683]}},
{"type":"Feature","properties":{"id":"A26100213:21051","equipe":"A","num":51,"codigo":"BLO","tipo":"Boca de lobo","utm_E":408609.1278,"utm_N":7409816.76,"h_ortom":563.405,"material":"Concreto","cc_tipo":"Simples","profundidade_cm":98,"inacessivel":false,"posicao":"Esquina","tampa":"Concreto","condicao":"Ruim","obstr_sup":"Não","obstr_sup_tipo":"Nenhuma","obstr_fundo":"Parcial","obstr_fundo_tipo":"Entulho","n_tubos":1,"tubos":"60cm NN","area_critica":"AC03 — Ribeirão Morangueiro","entrega":"2026-10-02"},"geometry":{"type":"Point","coordinates":[-51.8945386,-23.4189593]}},
{"type":"Feature","properties":{"id":"A26100213:23053","equipe":"A","num":53,"codigo":"BLO","tipo":"Boca de lobo","utm_E":408613.4514,"utm_N":7409830.586,"h_ortom":563.302,"material":"Concreto","cc_tipo":"Simples","profundidade_cm":95,"inacessivel":false,"posicao":"Esquina","tampa":"Concreto","condicao":"Boa","obstr_sup":"Não","obstr_sup_tipo":"Nenhuma","obstr_fundo":"Não","obstr_fundo_tipo":"Nenhuma","n_tubos":1,"tubos":"60cm NW","area_critica":"AC03 — Ribeirão Morangueiro","entrega":"2026-10-02"},"geometry":{"type":"Point","coordinates":[-51.8944955,-23.4188347]}},
{"type":"Feature","properties":{"id":"A26100213:28054","equipe":"A","num":54,"codigo":"BLO","tipo":"Boca de lobo","utm_E":408700.2741,"utm_N":7409842.919,"h_ortom":567.372,"material":"Concreto","cc_tipo":"Simples","profundidade_cm":112,"inacessivel":false,"posicao":"Meio de quadra","tampa":"Concreto","condicao":"Boa","obstr_sup":"Não","obstr_sup_tipo":"Nenhuma","obstr_fundo":"Não","obstr_fundo_tipo":"Nenhuma","n_tubos":1,"tubos":"40cm NN","area_critica":"AC03 — Ribeirão Morangueiro","entrega":"2026-10-02"},"geometry":{"type":"Point","coordinates":[-51.893645,-23.4187282]}},
{"type":"Feature","properties":{"id":"A26100213:31055","equipe":"A","num":55,"codigo":"BLO","tipo":"Boca de lobo","utm_E":408787.9859,"utm_N":7409864.987,"h_ortom":571.918,"material":"Concreto","cc_tipo":"Simples","profundidade_cm":130,"inacessivel":false,"posicao":"Esquina","tampa":"Concreto","condicao":"Boa","obstr_sup":"Não","obstr_sup_tipo":"Nenhuma","obstr_fundo":"Parcial","obstr_fundo_tipo":"Entulho","n_tubos":1,"tubos":"40cm EE","area_critica":"AC03 — Ribeirão Morangueiro","entrega":"2026-10-02"},"geometry":{"type":"Point","coordinates":[-51.8927852,-23.4185338]}},
{"type":"Feature","properties":{"id":"A26100213:35056","equipe":"A","num":56,"codigo":"BLO","tipo":"Boca de lobo","utm_E":408795.7807,"utm_N":7409867.21,"h_ortom":572.106,"material":"Concreto","cc_tipo":"Simples","profundidade_cm":140,"inacessivel":false,"posicao":"Meio de quadra","tampa":"Concreto","condicao":"Boa","obstr_sup":"Não","obstr_sup_tipo":"Nenhuma","obstr_fundo":"Não","obstr_fundo_tipo":"Nenhuma","n_tubos":1,"tubos":"40cm WW","area_critica":"AC03 — Ribeirão Morangueiro","entrega":"2026-10-02"},"geometry":{"type":"Point","coordinates":[-51.8927088,-23.4185141]}},
{"type":"Feature","properties":{"id":"A26100213:38057","equipe":"A","num":57,"codigo":"BLO","tipo":"Boca de lobo","utm_E":408860.4719,"utm_N":7409897.274,"h_ortom":575.074,"material":"Concreto","cc_tipo":"Simples","profundidade_cm":115,"inacessivel":false,"posicao":"Meio de quadra","tampa":"Concreto","condicao":"Boa","obstr_sup":"Não","obstr_sup_tipo":"Nenhuma","obstr_fundo":"Parcial","obstr_fundo_tipo":"Entulho","n_tubos":1,"tubos":"40cm SS","area_critica":"AC03 — Ribeirão Morangueiro","entrega":"2026-10-02"},"geometry":{"type":"Point","coordinates":[-51.8920738,-23.4182462]}},
{"type":"Feature","properties":{"id":"A26100213:40058","equipe":"A","num":58,"codigo":"BLO","tipo":"Boca de lobo","utm_E":408862.9372,"utm_N":7409889.598,"h_ortom":575.169,"material":"Concreto","cc_tipo":"Simples","profundidade_cm":118,"inacessivel":false,"posicao":"Meio de quadra","tampa":"Concreto","condicao":"Boa","obstr_sup":"Não","obstr_sup_tipo":"Nenhuma","obstr_fundo":"Não","obstr_fundo_tipo":"Nenhuma","n_tubos":1,"tubos":"40cm NN","area_critica":"AC03 — Ribeirão Morangueiro","entrega":"2026-10-02"},"geometry":{"type":"Point","coordinates":[-51.8920501,-23.4183157]}},
{"type":"Feature","properties":{"id":"A26100213:45059","equipe":"A","num":59,"codigo":"BLO","tipo":"Boca de lobo","utm_E":408935.8898,"utm_N":7409910.55,"h_ortom":579.323,"material":"Concreto","cc_tipo":"Simples","profundidade_cm":100,"inacessivel":false,"posicao":"Meio de quadra","tampa":"Concreto","condicao":"Boa","obstr_sup":"Não","obstr_sup_tipo":"Nenhuma","obstr_fundo":"Não","obstr_fundo_tipo":"Nenhuma","n_tubos":1,"tubos":"40cm NN","area_critica":"AC03 — Ribeirão Morangueiro","entrega":"2026-10-02"},"geometry":{"type":"Point","coordinates":[-51.8913349,-23.4181305]}},
{"type":"Feature","properties":{"id":"A26100213:51060","equipe":"A","num":60,"codigo":"BLO","tipo":"Boca de lobo","utm_E":408997.3254,"utm_N":7409925.264,"h_ortom":583.873,"material":"Concreto","cc_tipo":"Simples","profundidade_cm":150,"inacessivel":false,"posicao":"Esquina","tampa":"Concreto","condicao":"Boa","obstr_sup":"Não","obstr_sup_tipo":"Nenhuma","obstr_fundo":"Não","obstr_fundo_tipo":"Nenhuma","n_tubos":1,"tubos":"40cm EE","area_critica":"AC03 — Ribeirão Morangueiro","entrega":"2026-10-02"},"geometry":{"type":"Point","coordinates":[-51.8907327,-23.418001]}},
{"type":"Feature","properties":{"id":"A26100213:54061","equipe":"A","num":61,"codigo":"BLO","tipo":"Boca de lobo","utm_E":409005.0346,"utm_N":7409927.494,"h_ortom":584.029,"material":"Concreto","cc_tipo":"Simples","profundidade_cm":145,"inacessivel":false,"posicao":"Esquina","tampa":"Concreto","condicao":"Boa","obstr_sup":"Não","obstr_sup_tipo":"Nenhuma","obstr_fundo":"Não","obstr_fundo_tipo":"Nenhuma","n_tubos":1,"tubos":"40cm WW","area_critica":"AC03 — Ribeirão Morangueiro","entrega":"2026-10-02"},"geometry":{"type":"Point","coordinates":[-51.8906571,-23.4179813]}},
{"type":"Feature","properties":{"id":"A26100213:58062","equipe":"A","num":62,"codigo":"BLO","tipo":"Boca de lobo","utm_E":409100.8802,"utm_N":7409957.831,"h_ortom":587.102,"material":"Concreto","cc_tipo":"Simples","profundidade_cm":120,"inacessivel":false,"posicao":"Meio de quadra","tampa":"Concreto","condicao":"Boa","obstr_sup":"Não","obstr_sup_tipo":"Nenhuma","obstr_fundo":"Não","obstr_fundo_tipo":"Nenhuma","n_tubos":1,"tubos":"40cm NN","area_critica":"AC03 — Ribeirão Morangueiro","entrega":"2026-10-02"},"geometry":{"type":"Point","coordinates":[-51.8897172,-23.4177127]}},
{"type":"Feature","properties":{"id":"A26100214:02063","equipe":"A","num":63,"codigo":"PTOALT","tipo":"Ponto alto (eixo)","utm_E":409125.7145,"utm_N":7409969.266,"h_ortom":587.496,"material":null,"cc_tipo":null,"profundidade_cm":null,"inacessivel":false,"posicao":null,"tampa":null,"condicao":null,"obstr_sup":null,"obstr_sup_tipo":null,"obstr_fundo":null,"obstr_fundo_tipo":null,"n_tubos":0,"tubos":"","area_critica":"","entrega":"2026-10-02"},"geometry":{"type":"Point","coordinates":[-51.8894735,-23.4176108]}},
{"type":"Feature","properties":{"id":"A26100214:05064","equipe":"A","num":64,"codigo":"PTOALT","tipo":"Ponto alto (eixo)","utm_E":409108.8251,"utm_N":7410028.989,"h_ortom":586.037,"material":null,"cc_tipo":null,"profundidade_cm":null,"inacessivel":false,"posicao":null,"tampa":null,"condicao":null,"obstr_sup":null,"obstr_sup_tipo":null,"obstr_fundo":null,"obstr_fundo_tipo":null,"n_tubos":0,"tubos":"","area_critica":"","entrega":"2026-10-02"},"geometry":{"type":"Point","coordinates":[-51.8896352,-23.4170704]}},
{"type":"Feature","properties":{"id":"A26100214:07065","equipe":"A","num":65,"codigo":"BLO","tipo":"Boca de lobo","utm_E":409066.4316,"utm_N":7410012.54,"h_ortom":585.805,"material":"Concreto","cc_tipo":"Simples","profundidade_cm":110,"inacessivel":false,"posicao":"Meio de quadra","tampa":"Concreto","condicao":"Boa","obstr_sup":"Não","obstr_sup_tipo":"Nenhuma","obstr_fundo":"Não","obstr_fundo_tipo":"Nenhuma","n_tubos":1,"tubos":"40cm NN","area_critica":"AC03 — Ribeirão Morangueiro","entrega":"2026-10-02"},"geometry":{"type":"Point","coordinates":[-51.8900511,-23.4172166]}},
{"type":"Feature","properties":{"id":"A26100214:10066","equipe":"A","num":66,"codigo":"BLO","tipo":"Boca de lobo","utm_E":408980.1205,"utm_N":7409985.047,"h_ortom":582.776,"material":"Concreto","cc_tipo":"Simples","profundidade_cm":147,"inacessivel":false,"posicao":"Esquina","tampa":"Concreto","condicao":"Boa","obstr_sup":"Não","obstr_sup_tipo":"Nenhuma","obstr_fundo":"Parcial","obstr_fundo_tipo":"Resíduo","n_tubos":1,"tubos":"40cm EE","area_critica":"AC03 — Ribeirão Morangueiro","entrega":"2026-10-02"},"geometry":{"type":"Point","coordinates":[-51.8908975,-23.4174601]}},
{"type":"Feature","properties":{"id":"A26100214:13067","equipe":"A","num":67,"codigo":"BLO","tipo":"Boca de lobo","utm_E":408987.8806,"utm_N":7409987.125,"h_ortom":582.935,"material":"Concreto","cc_tipo":"Simples","profundidade_cm":165,"inacessivel":false,"posicao":"Esquina","tampa":"Concreto","condicao":"Boa","obstr_sup":"Não","obstr_sup_tipo":"Nenhuma","obstr_fundo":"Não","obstr_fundo_tipo":"Nenhuma","n_tubos":1,"tubos":"40cm WW","area_critica":"AC03 — Ribeirão Morangueiro","entrega":"2026-10-02"},"geometry":{"type":"Point","coordinates":[-51.8908214,-23.4174418]}},
{"type":"Feature","properties":{"id":"A26100214:19068","equipe":"A","num":68,"codigo":"BLO","tipo":"Boca de lobo","utm_E":408912.7546,"utm_N":7409968.414,"h_ortom":577.8,"material":"Concreto","cc_tipo":"Simples","profundidade_cm":122,"inacessivel":false,"posicao":"Meio de quadra","tampa":"Concreto","condicao":"Boa","obstr_sup":"Não","obstr_sup_tipo":"Nenhuma","obstr_fundo":"Parcial","obstr_fundo_tipo":"Entulho","n_tubos":1,"tubos":"40cm NN","area_critica":"AC03 — Ribeirão Morangueiro","entrega":"2026-10-02"},"geometry":{"type":"Point","coordinates":[-51.8915578,-23.4176066]}},
{"type":"Feature","properties":{"id":"A26100214:21069","equipe":"A","num":69,"codigo":"BLO","tipo":"Boca de lobo","utm_E":408844.3083,"utm_N":7409948.766,"h_ortom":573.414,"material":"Concreto","cc_tipo":"Simples","profundidade_cm":130,"inacessivel":false,"posicao":"Meio de quadra","tampa":"Concreto","condicao":"Boa","obstr_sup":"Não","obstr_sup_tipo":"Nenhuma","obstr_fundo":"Não","obstr_fundo_tipo":"Nenhuma","n_tubos":1,"tubos":"40cm NN","area_critica":"AC03 — Ribeirão Morangueiro","entrega":"2026-10-02"},"geometry":{"type":"Point","coordinates":[-51.8922289,-23.4177802]}},
{"type":"Feature","properties":{"id":"A26100214:24070","equipe":"A","num":70,"codigo":"BLO","tipo":"Boca de lobo","utm_E":408780.5322,"utm_N":7409930.551,"h_ortom":570.262,"material":"Concreto","cc_tipo":"Simples","profundidade_cm":125,"inacessivel":false,"posicao":"Esquina","tampa":"Concreto","condicao":"Boa","obstr_sup":"Parcial","obstr_sup_tipo":"Folhagem","obstr_fundo":"Não","obstr_fundo_tipo":"Nenhuma","n_tubos":1,"tubos":"40cm NN","area_critica":"AC03 — Ribeirão Morangueiro","entrega":"2026-10-02"},"geometry":{"type":"Point","coordinates":[-51.8928542,-23.4179412]}},
{"type":"Feature","properties":{"id":"A26100214:27071","equipe":"A","num":71,"codigo":"BLO","tipo":"Boca de lobo","utm_E":408778.552,"utm_N":7409926.866,"h_ortom":570.265,"material":"Concreto","cc_tipo":"Simples","profundidade_cm":130,"inacessivel":false,"posicao":"Esquina","tampa":"Concreto","condicao":"Boa","obstr_sup":"Não","obstr_sup_tipo":"Nenhuma","obstr_fundo":"Não","obstr_fundo_tipo":"Nenhuma","n_tubos":1,"tubos":"40cm WW","area_critica":"AC03 — Ribeirão Morangueiro","entrega":"2026-10-02"},"geometry":{"type":"Point","coordinates":[-51.8928738,-23.4179744]}},
{"type":"Feature","properties":{"id":"A26100214:31072","equipe":"A","num":72,"codigo":"BLO","tipo":"Boca de lobo","utm_E":408655.0915,"utm_N":7409906.867,"h_ortom":563.835,"material":"Concreto","cc_tipo":"Simples","profundidade_cm":86,"inacessivel":false,"posicao":"Esquina","tampa":"Concreto","condicao":"Boa","obstr_sup":"Não","obstr_sup_tipo":"Nenhuma","obstr_fundo":"Não","obstr_fundo_tipo":"Nenhuma","n_tubos":1,"tubos":"40cm SE","area_critica":"AC03 — Ribeirão Morangueiro","entrega":"2026-10-02"},"geometry":{"type":"Point","coordinates":[-51.8940833,-23.4181481]}},
{"type":"Feature","properties":{"id":"A26100214:33073","equipe":"A","num":73,"codigo":"BLO","tipo":"Boca de lobo","utm_E":408657.9777,"utm_N":7409903.749,"h_ortom":564.108,"material":"Concreto","cc_tipo":"Simples","profundidade_cm":125,"inacessivel":false,"posicao":"Esquina","tampa":"Concreto","condicao":"Boa","obstr_sup":"Não","obstr_sup_tipo":"Nenhuma","obstr_fundo":"Não","obstr_fundo_tipo":"Nenhuma","n_tubos":2,"tubos":"40cm SW; 40cm NW","area_critica":"AC03 — Ribeirão Morangueiro","entrega":"2026-10-02"},"geometry":{"type":"Point","coordinates":[-51.8940552,-23.4181764]}},
{"type":"Feature","properties":{"id":"A26100214:38074","equipe":"A","num":74,"codigo":"ESQUINA","tipo":"Esquina (eixo)","utm_E":408674.5262,"utm_N":7409950.84,"h_ortom":564.503,"material":null,"cc_tipo":null,"profundidade_cm":null,"inacessivel":false,"posicao":null,"tampa":null,"condicao":null,"obstr_sup":null,"obstr_sup_tipo":null,"obstr_fundo":null,"obstr_fundo_tipo":null,"n_tubos":0,"tubos":"","area_critica":"AC03 — Ribeirão Morangueiro","entrega":"2026-10-02"},"geometry":{"type":"Point","coordinates":[-51.8938904,-23.417752]}},
{"type":"Feature","properties":{"id":"A26100214:38075","equipe":"A","num":75,"codigo":"PTOALT","tipo":"Ponto alto (eixo)","utm_E":408669.7489,"utm_N":7409953.425,"h_ortom":564.393,"material":null,"cc_tipo":null,"profundidade_cm":null,"inacessivel":false,"posicao":null,"tampa":null,"condicao":null,"obstr_sup":null,"obstr_sup_tipo":null,"obstr_fundo":null,"obstr_fundo_tipo":null,"n_tubos":0,"tubos":"","area_critica":"AC03 — Ribeirão Morangueiro","entrega":"2026-10-02"},"geometry":{"type":"Point","coordinates":[-51.893937,-23.4177284]}},
{"type":"Feature","properties":{"id":"A26100214:39076","equipe":"A","num":76,"codigo":"PTOBAI","tipo":"Ponto baixo (eixo)","utm_E":408654.0633,"utm_N":7409961.918,"h_ortom":563.443,"material":null,"cc_tipo":null,"profundidade_cm":null,"inacessivel":false,"posicao":null,"tampa":null,"condicao":null,"obstr_sup":null,"obstr_sup_tipo":null,"obstr_fundo":null,"obstr_fundo_tipo":null,"n_tubos":0,"tubos":"","area_critica":"","entrega":"2026-10-02"},"geometry":{"type":"Point","coordinates":[-51.89409,-23.4176508]}},
{"type":"Feature","properties":{"id":"A26100214:40077","equipe":"A","num":77,"codigo":"ESQUINA","tipo":"Esquina (eixo)","utm_E":408686.1743,"utm_N":7409972.03,"h_ortom":564.816,"material":null,"cc_tipo":null,"profundidade_cm":null,"inacessivel":false,"posicao":null,"tampa":null,"condicao":null,"obstr_sup":null,"obstr_sup_tipo":null,"obstr_fundo":null,"obstr_fundo_tipo":null,"n_tubos":0,"tubos":"","area_critica":"AC03 — Ribeirão Morangueiro","entrega":"2026-10-02"},"geometry":{"type":"Point","coordinates":[-51.8937751,-23.4175613]}},
{"type":"Feature","properties":{"id":"A26100214:40078","equipe":"A","num":78,"codigo":"PTOBAI","tipo":"Ponto baixo (eixo)","utm_E":408693.3276,"utm_N":7409974.148,"h_ortom":564.908,"material":null,"cc_tipo":null,"profundidade_cm":null,"inacessivel":false,"posicao":null,"tampa":null,"condicao":null,"obstr_sup":null,"obstr_sup_tipo":null,"obstr_fundo":null,"obstr_fundo_tipo":null,"n_tubos":0,"tubos":"","area_critica":"AC03 — Ribeirão Morangueiro","entrega":"2026-10-02"},"geometry":{"type":"Point","coordinates":[-51.893705,-23.4175425]}},
{"type":"Feature","properties":{"id":"A26100214:40079","equipe":"A","num":79,"codigo":"BLO","tipo":"Boca de lobo","utm_E":408700.4973,"utm_N":7409971.995,"h_ortom":565.194,"material":"Alvenaria tijolo","cc_tipo":"Simples","profundidade_cm":78,"inacessivel":false,"posicao":"Esquina","tampa":"Concreto","condicao":"Boa","obstr_sup":"Não","obstr_sup_tipo":"Nenhuma","obstr_fundo":"Não","obstr_fundo_tipo":"Nenhuma","n_tubos":1,"tubos":"40cm NN","area_critica":"AC03 — Ribeirão Morangueiro","entrega":"2026-10-02"},"geometry":{"type":"Point","coordinates":[-51.8936349,-23.4175624]}},
{"type":"Feature","properties":{"id":"A26100214:44080","equipe":"A","num":80,"codigo":"BLO","tipo":"Boca de lobo","utm_E":408698.5883,"utm_N":7409979.866,"h_ortom":565.088,"material":"Concreto","cc_tipo":"Simples","profundidade_cm":92,"inacessivel":false,"posicao":"Esquina","tampa":"Concreto","condicao":"Boa","obstr_sup":"Não","obstr_sup_tipo":"Nenhuma","obstr_fundo":"Parcial","obstr_fundo_tipo":"Folhagem","n_tubos":2,"tubos":"40cm SS; 40cm NN","area_critica":"AC03 — Ribeirão Morangueiro","entrega":"2026-10-02"},"geometry":{"type":"Point","coordinates":[-51.8936532,-23.4174912]}},
{"type":"Feature","properties":{"id":"A26100214:48081","equipe":"A","num":81,"codigo":"BLO","tipo":"Boca de lobo","utm_E":408753.4654,"utm_N":7409984.495,"h_ortom":568.146,"material":"Concreto","cc_tipo":"Simples","profundidade_cm":null,"inacessivel":true,"posicao":"Esquina","tampa":"Concreto","condicao":"Boa","obstr_sup":"Não","obstr_sup_tipo":"Nenhuma","obstr_fundo":"Total","obstr_fundo_tipo":"Solo","n_tubos":0,"tubos":"","area_critica":"AC03 — Ribeirão Morangueiro","entrega":"2026-10-02"},"geometry":{"type":"Point","coordinates":[-51.8931158,-23.4174524]}},
{"type":"Feature","properties":{"id":"A26100214:50082","equipe":"A","num":82,"codigo":"BLO","tipo":"Boca de lobo","utm_E":408761.2783,"utm_N":7409986.49,"h_ortom":568.341,"material":"Concreto","cc_tipo":"Simples","profundidade_cm":115,"inacessivel":false,"posicao":"Esquina","tampa":"Concreto","condicao":"Boa","obstr_sup":"Não","obstr_sup_tipo":"Nenhuma","obstr_fundo":"Não","obstr_fundo_tipo":"Nenhuma","n_tubos":1,"tubos":"40cm WW","area_critica":"AC03 — Ribeirão Morangueiro","entrega":"2026-10-02"},"geometry":{"type":"Point","coordinates":[-51.8930392,-23.4174349]}},
{"type":"Feature","properties":{"id":"A26100214:53083","equipe":"A","num":83,"codigo":"BLE","tipo":"Boca de leão","utm_E":408837.7201,"utm_N":7410011.703,"h_ortom":572.511,"material":"Ferro","cc_tipo":"Simples","profundidade_cm":95,"inacessivel":false,"posicao":"Meio de quadra","tampa":"Concreto","condicao":"Boa","obstr_sup":"Parcial","obstr_sup_tipo":"Folhagem","obstr_fundo":"Não","obstr_fundo_tipo":"Nenhuma","n_tubos":0,"tubos":"","area_critica":"AC03 — Ribeirão Morangueiro","entrega":"2026-10-02"},"geometry":{"type":"Point","coordinates":[-51.8922895,-23.4172114]}},
{"type":"Feature","properties":{"id":"A26100214:57084","equipe":"A","num":84,"codigo":"BLO","tipo":"Boca de lobo","utm_E":408904.3823,"utm_N":7410030.607,"h_ortom":577.007,"material":"Concreto","cc_tipo":"Simples","profundidade_cm":90,"inacessivel":false,"posicao":"Meio de quadra","tampa":"Concreto","condicao":"Boa","obstr_sup":"Não","obstr_sup_tipo":"Nenhuma","obstr_fundo":"Parcial","obstr_fundo_tipo":"Entulho","n_tubos":1,"tubos":"40cm NN","area_critica":"AC03 — Ribeirão Morangueiro","entrega":"2026-10-02"},"geometry":{"type":"Point","coordinates":[-51.891636,-23.4170444]}},
{"type":"Feature","properties":{"id":"A26100215:00085","equipe":"A","num":85,"codigo":"BLO","tipo":"Boca de lobo","utm_E":408963.1348,"utm_N":7410043.83,"h_ortom":581.79,"material":"Concreto","cc_tipo":"Simples","profundidade_cm":145,"inacessivel":false,"posicao":"Esquina","tampa":"Concreto","condicao":"Boa","obstr_sup":"Não","obstr_sup_tipo":"Nenhuma","obstr_fundo":"Parcial","obstr_fundo_tipo":"Entulho","n_tubos":1,"tubos":"40cm EE","area_critica":"AC03 — Ribeirão Morangueiro","entrega":"2026-10-02"},"geometry":{"type":"Point","coordinates":[-51.8910602,-23.4169283]}},
{"type":"Feature","properties":{"id":"A26100215:04086","equipe":"A","num":86,"codigo":"BLO","tipo":"Boca de lobo","utm_E":408970.7663,"utm_N":7410046.576,"h_ortom":581.9,"material":"Concreto","cc_tipo":"Simples","profundidade_cm":115,"inacessivel":false,"posicao":"Esquina","tampa":"Concreto","condicao":"Boa","obstr_sup":"Não","obstr_sup_tipo":"Nenhuma","obstr_fundo":"Não","obstr_fundo_tipo":"Nenhuma","n_tubos":1,"tubos":"40cm WW","area_critica":"AC03 — Ribeirão Morangueiro","entrega":"2026-10-02"},"geometry":{"type":"Point","coordinates":[-51.8909853,-23.4169039]}},
{"type":"Feature","properties":{"id":"A26100215:06087","equipe":"A","num":87,"codigo":"BLO","tipo":"Boca de lobo","utm_E":408970.5063,"utm_N":7410057.844,"h_ortom":582.016,"material":"Concreto","cc_tipo":"Simples","profundidade_cm":130,"inacessivel":false,"posicao":"Esquina","tampa":"Concreto","condicao":"Boa","obstr_sup":"Não","obstr_sup_tipo":"Nenhuma","obstr_fundo":"Não","obstr_fundo_tipo":"Nenhuma","n_tubos":1,"tubos":"40cm SS","area_critica":"AC03 — Ribeirão Morangueiro","entrega":"2026-10-02"},"geometry":{"type":"Point","coordinates":[-51.8909872,-23.4168021]}},
{"type":"Feature","properties":{"id":"A26100215:10088","equipe":"A","num":88,"codigo":"BLO","tipo":"Boca de lobo","utm_E":409046.8002,"utm_N":7410079.936,"h_ortom":584.464,"material":"Concreto","cc_tipo":"Simples","profundidade_cm":133,"inacessivel":false,"posicao":"Meio de quadra","tampa":"Concreto","condicao":"Boa","obstr_sup":"Não","obstr_sup_tipo":"Nenhuma","obstr_fundo":"Não","obstr_fundo_tipo":"Nenhuma","n_tubos":1,"tubos":"40cm SS","area_critica":"AC03 — Ribeirão Morangueiro","entrega":"2026-10-02"},"geometry":{"type":"Point","coordinates":[-51.8902391,-23.4166068]}},
{"type":"Feature","properties":{"id":"A26100215:13089","equipe":"A","num":89,"codigo":"PTOALT","tipo":"Ponto alto (eixo)","utm_E":409091.0438,"utm_N":7410088.2,"h_ortom":584.814,"material":null,"cc_tipo":null,"profundidade_cm":null,"inacessivel":false,"posicao":null,"tampa":null,"condicao":null,"obstr_sup":null,"obstr_sup_tipo":null,"obstr_fundo":null,"obstr_fundo_tipo":null,"n_tubos":0,"tubos":"","area_critica":"AC03 — Ribeirão Morangueiro","entrega":"2026-10-02"},"geometry":{"type":"Point","coordinates":[-51.8898056,-23.4165347]}},
{"type":"Feature","properties":{"id":"A26100215:17090","equipe":"A","num":90,"codigo":"BLO","tipo":"Boca de lobo","utm_E":409026.1611,"utm_N":7410129.846,"h_ortom":582.91,"material":"Concreto","cc_tipo":"Simples","profundidade_cm":135,"inacessivel":false,"posicao":"Meio de quadra","tampa":"Concreto","condicao":"Boa","obstr_sup":"Não","obstr_sup_tipo":"Nenhuma","obstr_fundo":"Parcial","obstr_fundo_tipo":"Entulho","n_tubos":1,"tubos":"40cm NN","area_critica":"AC03 — Ribeirão Morangueiro","entrega":"2026-10-02"},"geometry":{"type":"Point","coordinates":[-51.8904381,-23.4161549]}},
{"type":"Feature","properties":{"id":"A26100215:21091","equipe":"A","num":91,"codigo":"BLO","tipo":"Boca de lobo","utm_E":408955.7384,"utm_N":7410109.718,"h_ortom":580.677,"material":"Concreto","cc_tipo":"Simples","profundidade_cm":140,"inacessivel":false,"posicao":"Esquina","tampa":"Concreto","condicao":"Boa","obstr_sup":"Não","obstr_sup_tipo":"Nenhuma","obstr_fundo":"Não","obstr_fundo_tipo":"Nenhuma","n_tubos":1,"tubos":"40cm NN","area_critica":"AC03 — Ribeirão Morangueiro","entrega":"2026-10-02"},"geometry":{"type":"Point","coordinates":[-51.8911286,-23.4163328]}},
{"type":"Feature","properties":{"id":"A26100215:24092","equipe":"A","num":92,"codigo":"BLO","tipo":"Boca de lobo","utm_E":408945.9313,"utm_N":7410103.364,"h_ortom":580.37,"material":"Concreto","cc_tipo":"Simples","profundidade_cm":null,"inacessivel":true,"posicao":"Esquina","tampa":"Concreto","condicao":"Boa","obstr_sup":"Não","obstr_sup_tipo":"Nenhuma","obstr_fundo":"Total","obstr_fundo_tipo":"Solo","n_tubos":0,"tubos":"","area_critica":"AC03 — Ribeirão Morangueiro","entrega":"2026-10-02"},"geometry":{"type":"Point","coordinates":[-51.8912249,-23.4163896]}},
{"type":"Feature","properties":{"id":"A26100215:27093","equipe":"A","num":93,"codigo":"BLO","tipo":"Boca de lobo","utm_E":408879.6324,"utm_N":7410087.881,"h_ortom":575.398,"material":"Concreto","cc_tipo":"Simples","profundidade_cm":160,"inacessivel":false,"posicao":"Meio de quadra","tampa":"Concreto","condicao":"Boa","obstr_sup":"Não","obstr_sup_tipo":"Nenhuma","obstr_fundo":"Não","obstr_fundo_tipo":"Nenhuma","n_tubos":1,"tubos":"40cm NN","area_critica":"AC03 — Ribeirão Morangueiro","entrega":"2026-10-02"},"geometry":{"type":"Point","coordinates":[-51.8918747,-23.4165257]}},
{"type":"Feature","properties":{"id":"A26100215:30094","equipe":"A","num":94,"codigo":"BLO","tipo":"Boca de lobo","utm_E":408808.5951,"utm_N":7410075.937,"h_ortom":570.898,"material":"Concreto","cc_tipo":"Simples","profundidade_cm":165,"inacessivel":false,"posicao":"Meio de quadra","tampa":"Concreto","condicao":"Boa","obstr_sup":"Não","obstr_sup_tipo":"Nenhuma","obstr_fundo":"Parcial","obstr_fundo_tipo":"Resíduo","n_tubos":1,"tubos":"40cm SS","area_critica":"AC03 — Ribeirão Morangueiro","entrega":"2026-10-02"},"geometry":{"type":"Point","coordinates":[-51.8925707,-23.4166296]}},
{"type":"Feature","properties":{"id":"A26100215:35095","equipe":"A","num":95,"codigo":"BLO","tipo":"Boca de lobo","utm_E":408744.5409,"utm_N":7410057.573,"h_ortom":567.296,"material":"Concreto","cc_tipo":"Simples","profundidade_cm":145,"inacessivel":false,"posicao":"Esquina","tampa":"Concreto","condicao":"Boa","obstr_sup":"Não","obstr_sup_tipo":"Nenhuma","obstr_fundo":"Parcial","obstr_fundo_tipo":"Resíduo","n_tubos":1,"tubos":"40cm SS","area_critica":"AC03 — Ribeirão Morangueiro","entrega":"2026-10-02"},"geometry":{"type":"Point","coordinates":[-51.8931987,-23.4167919]}},
{"type":"Feature","properties":{"id":"A26100215:38096","equipe":"A","num":96,"codigo":"PTOBAI","tipo":"Ponto baixo (eixo)","utm_E":408733.2686,"utm_N":7410050.275,"h_ortom":566.662,"material":null,"cc_tipo":null,"profundidade_cm":null,"inacessivel":false,"posicao":null,"tampa":null,"condicao":null,"obstr_sup":null,"obstr_sup_tipo":null,"obstr_fundo":null,"obstr_fundo_tipo":null,"n_tubos":0,"tubos":"","area_critica":"AC03 — Ribeirão Morangueiro","entrega":"2026-10-02"},"geometry":{"type":"Point","coordinates":[-51.8933095,-23.4168572]}},
{"type":"Feature","properties":{"id":"A26100215:38097","equipe":"A","num":97,"codigo":"ESQUINA","tipo":"Esquina (eixo)","utm_E":408729.1706,"utm_N":7410051.202,"h_ortom":566.543,"material":null,"cc_tipo":null,"profundidade_cm":null,"inacessivel":false,"posicao":null,"tampa":null,"condicao":null,"obstr_sup":null,"obstr_sup_tipo":null,"obstr_fundo":null,"obstr_fundo_tipo":null,"n_tubos":0,"tubos":"","area_critica":"AC03 — Ribeirão Morangueiro","entrega":"2026-10-02"},"geometry":{"type":"Point","coordinates":[-51.8933495,-23.4168486]}},
{"type":"Feature","properties":{"id":"A26100215:39098","equipe":"A","num":98,"codigo":"BLO","tipo":"Boca de lobo","utm_E":408730.8009,"utm_N":7410062.549,"h_ortom":566.593,"material":"Concreto","cc_tipo":"Simples","profundidade_cm":115,"inacessivel":false,"posicao":"Meio de quadra","tampa":"Concreto","condicao":"Boa","obstr_sup":"Parcial","obstr_sup_tipo":"Folhagem","obstr_fundo":"Não","obstr_fundo_tipo":"Nenhuma","n_tubos":1,"tubos":"40cm SE","area_critica":"AC03 — Ribeirão Morangueiro","entrega":"2026-10-02"},"geometry":{"type":"Point","coordinates":[-51.8933329,-23.4167462]}},
{"type":"Feature","properties":{"id":"A26100215:42099","equipe":"A","num":99,"codigo":"PTOALT","tipo":"Ponto alto (eixo)","utm_E":408748.8845,"utm_N":7410087.262,"h_ortom":567.067,"material":null,"cc_tipo":null,"profundidade_cm":null,"inacessivel":false,"posicao":null,"tampa":null,"condicao":null,"obstr_sup":null,"obstr_sup_tipo":null,"obstr_fundo":null,"obstr_fundo_tipo":null,"n_tubos":0,"tubos":"","area_critica":"AC03 — Ribeirão Morangueiro","entrega":"2026-10-02"},"geometry":{"type":"Point","coordinates":[-51.8931544,-23.416524]}},
{"type":"Feature","properties":{"id":"A26100215:47100","equipe":"A","num":100,"codigo":"BLO","tipo":"Boca de lobo","utm_E":408569.7419,"utm_N":7409896.509,"h_ortom":560.35,"material":"Concreto","cc_tipo":"Simples","profundidade_cm":125,"inacessivel":false,"posicao":"Meio de quadra","tampa":"Concreto","condicao":"Boa","obstr_sup":"Não","obstr_sup_tipo":"Nenhuma","obstr_fundo":"Não","obstr_fundo_tipo":"Nenhuma","n_tubos":1,"tubos":"40cm SE","area_critica":"AC03 — Ribeirão Morangueiro","entrega":"2026-10-02"},"geometry":{"type":"Point","coordinates":[-51.8949192,-23.4182368]}},
{"type":"Feature","properties":{"id":"A26100216:20101","equipe":"A","num":101,"codigo":"BLO","tipo":"Boca de lobo","utm_E":408522.22,"utm_N":7409922.329,"h_ortom":557.016,"material":"Concreto","cc_tipo":"Simples","profundidade_cm":135,"inacessivel":false,"posicao":"Meio de quadra","tampa":"Concreto","condicao":"Boa","obstr_sup":"Não","obstr_sup_tipo":"Nenhuma","obstr_fundo":"Não","obstr_fundo_tipo":"Nenhuma","n_tubos":1,"tubos":"40cm NW","area_critica":"AC03 — Ribeirão Morangueiro","entrega":"2026-10-02"},"geometry":{"type":"Point","coordinates":[-51.8953828,-23.418001]}},
{"type":"Feature","properties":{"id":"A26100216:23102","equipe":"A","num":102,"codigo":"PTOALT","tipo":"Ponto alto (eixo)","utm_E":408536.3599,"utm_N":7409956.348,"h_ortom":557.522,"material":null,"cc_tipo":null,"profundidade_cm":null,"inacessivel":false,"posicao":null,"tampa":null,"condicao":null,"obstr_sup":null,"obstr_sup_tipo":null,"obstr_fundo":null,"obstr_fundo_tipo":null,"n_tubos":0,"tubos":"","area_critica":"","entrega":"2026-10-02"},"geometry":{"type":"Point","coordinates":[-51.8952423,-23.4176945]}},
{"type":"Feature","properties":{"id":"A26100216:26103","equipe":"A","num":103,"codigo":"BLO","tipo":"Boca de lobo","utm_E":408466.2498,"utm_N":7409952.727,"h_ortom":553.804,"material":"Concreto","cc_tipo":"Simples","profundidade_cm":118,"inacessivel":false,"posicao":"Meio de quadra","tampa":"Concreto","condicao":"Boa","obstr_sup":"Não","obstr_sup_tipo":"Nenhuma","obstr_fundo":"Não","obstr_fundo_tipo":"Nenhuma","n_tubos":1,"tubos":"40cm NW","area_critica":"AC03 — Ribeirão Morangueiro","entrega":"2026-10-02"},"geometry":{"type":"Point","coordinates":[-51.8959287,-23.4177233]}},
{"type":"Feature","properties":{"id":"A26100216:31104","equipe":"A","num":104,"codigo":"BLO","tipo":"Boca de lobo","utm_E":408408.6172,"utm_N":7409984.588,"h_ortom":550.64,"material":"Concreto","cc_tipo":"Simples","profundidade_cm":null,"inacessivel":true,"posicao":"Meio de quadra","tampa":"Concreto","condicao":"Boa","obstr_sup":"Não","obstr_sup_tipo":"Nenhuma","obstr_fundo":"Total","obstr_fundo_tipo":"Solo","n_tubos":0,"tubos":"","area_critica":"AC03 — Ribeirão Morangueiro","entrega":"2026-10-02"},"geometry":{"type":"Point","coordinates":[-51.8964908,-23.4174323]}},
{"type":"Feature","properties":{"id":"A26100216:33105","equipe":"A","num":105,"codigo":"PTOALT","tipo":"Ponto alto (eixo)","utm_E":408419.2474,"utm_N":7410012.515,"h_ortom":550.83,"material":null,"cc_tipo":null,"profundidade_cm":null,"inacessivel":false,"posicao":null,"tampa":null,"condicao":null,"obstr_sup":null,"obstr_sup_tipo":null,"obstr_fundo":null,"obstr_fundo_tipo":null,"n_tubos":0,"tubos":"","area_critica":"AC03 — Ribeirão Morangueiro","entrega":"2026-10-02"},"geometry":{"type":"Point","coordinates":[-51.8963851,-23.4171806]}},
{"type":"Feature","properties":{"id":"A26100216:38106","equipe":"A","num":106,"codigo":"BLO","tipo":"Boca de lobo","utm_E":408318.3114,"utm_N":7409836.247,"h_ortom":550.329,"material":"Concreto","cc_tipo":"Simples","profundidade_cm":null,"inacessivel":true,"posicao":"Meio de quadra","tampa":"Concreto","condicao":"Boa","obstr_sup":"Total","obstr_sup_tipo":"Solo","obstr_fundo":"Total","obstr_fundo_tipo":"Solo","n_tubos":0,"tubos":"","area_critica":"AC03 — Ribeirão Morangueiro","entrega":"2026-10-02"},"geometry":{"type":"Point","coordinates":[-51.8973837,-23.418767]}},
{"type":"Feature","properties":{"id":"A26100216:41107","equipe":"A","num":107,"codigo":"BLO","tipo":"Boca de lobo","utm_E":408266.9272,"utm_N":7409742.556,"h_ortom":551.361,"material":"Concreto","cc_tipo":"Simples","profundidade_cm":190,"inacessivel":false,"posicao":"Esquina","tampa":"Concreto","condicao":"Boa","obstr_sup":"Não","obstr_sup_tipo":"Nenhuma","obstr_fundo":"Não","obstr_fundo_tipo":"Nenhuma","n_tubos":1,"tubos":"40cm SE","area_critica":"AC03 — Ribeirão Morangueiro","entrega":"2026-10-02"},"geometry":{"type":"Point","coordinates":[-51.8978923,-23.4196103]}},
{"type":"Feature","properties":{"id":"A26100216:44108","equipe":"A","num":108,"codigo":"BLO","tipo":"Boca de lobo","utm_E":408274.0976,"utm_N":7409738.617,"h_ortom":551.478,"material":"Concreto","cc_tipo":"Simples","profundidade_cm":null,"inacessivel":true,"posicao":"Esquina","tampa":"Concreto","condicao":"Boa","obstr_sup":"Parcial","obstr_sup_tipo":"Folhagem","obstr_fundo":"Parcial","obstr_fundo_tipo":"Folhagem","n_tubos":0,"tubos":"","area_critica":"AC03 — Ribeirão Morangueiro","entrega":"2026-10-02"},"geometry":{"type":"Point","coordinates":[-51.8978224,-23.4196463]}},
{"type":"Feature","properties":{"id":"A26100216:47109","equipe":"A","num":109,"codigo":"BLO","tipo":"Boca de lobo","utm_E":408225.4911,"utm_N":7409666.899,"h_ortom":553.04,"material":"Concreto","cc_tipo":"Simples","profundidade_cm":null,"inacessivel":true,"posicao":"Meio de quadra","tampa":"Concreto","condicao":"Boa","obstr_sup":"Não","obstr_sup_tipo":"Nenhuma","obstr_fundo":"Total","obstr_fundo_tipo":"Resíduo","n_tubos":0,"tubos":"","area_critica":"AC03 — Ribeirão Morangueiro","entrega":"2026-10-02"},"geometry":{"type":"Point","coordinates":[-51.8983025,-23.4202913]}},
{"type":"Feature","properties":{"id":"A26100216:50110","equipe":"A","num":110,"codigo":"BLO","tipo":"Boca de lobo","utm_E":408192.832,"utm_N":7409585.75,"h_ortom":555.384,"material":"Concreto","cc_tipo":"Simples","profundidade_cm":150,"inacessivel":false,"posicao":"Esquina","tampa":"Concreto","condicao":"Boa","obstr_sup":"Não","obstr_sup_tipo":"Nenhuma","obstr_fundo":"Não","obstr_fundo_tipo":"Nenhuma","n_tubos":1,"tubos":"40cm SW","area_critica":"AC03 — Ribeirão Morangueiro","entrega":"2026-10-02"},"geometry":{"type":"Point","coordinates":[-51.898627,-23.4210224]}},
{"type":"Feature","properties":{"id":"A26100216:53111","equipe":"A","num":111,"codigo":"BLO","tipo":"Boca de lobo","utm_E":408178.7566,"utm_N":7409581.62,"h_ortom":555.377,"material":"Concreto","cc_tipo":"Simples","profundidade_cm":150,"inacessivel":false,"posicao":"Esquina","tampa":"Concreto","condicao":"Boa","obstr_sup":"Não","obstr_sup_tipo":"Nenhuma","obstr_fundo":"Não","obstr_fundo_tipo":"Nenhuma","n_tubos":1,"tubos":"40cm SE","area_critica":"AC03 — Ribeirão Morangueiro","entrega":"2026-10-02"},"geometry":{"type":"Point","coordinates":[-51.8987651,-23.4210589]}},
{"type":"Feature","properties":{"id":"A26100216:58112","equipe":"A","num":112,"codigo":"BLO","tipo":"Boca de lobo","utm_E":408150.063,"utm_N":7409529.174,"h_ortom":556.881,"material":"Concreto","cc_tipo":"Simples","profundidade_cm":128,"inacessivel":false,"posicao":"Meio de quadra","tampa":"Concreto","condicao":"Boa","obstr_sup":"Não","obstr_sup_tipo":"Nenhuma","obstr_fundo":"Não","obstr_fundo_tipo":"Nenhuma","n_tubos":1,"tubos":"40cm SE","area_critica":"AC03 — Ribeirão Morangueiro","entrega":"2026-10-02"},"geometry":{"type":"Point","coordinates":[-51.8990491,-23.421531]}},
{"type":"Feature","properties":{"id":"A26100217:01113","equipe":"A","num":113,"codigo":"BLO","tipo":"Boca de lobo","utm_E":408136.8803,"utm_N":7409478.386,"h_ortom":558.188,"material":"Concreto","cc_tipo":"Simples","profundidade_cm":null,"inacessivel":true,"posicao":"Esquina","tampa":"Concreto","condicao":"Boa","obstr_sup":"Total","obstr_sup_tipo":"Solo","obstr_fundo":"Total","obstr_fundo_tipo":"Solo","n_tubos":0,"tubos":"","area_critica":"AC03 — Ribeirão Morangueiro","entrega":"2026-10-02"},"geometry":{"type":"Point","coordinates":[-51.8991812,-23.4219889]}},
{"type":"Feature","properties":{"id":"A26100217:03114","equipe":"A","num":114,"codigo":"BLO","tipo":"Boca de lobo","utm_E":408132.1965,"utm_N":7409461.464,"h_ortom":558.405,"material":"Concreto","cc_tipo":"Simples","profundidade_cm":null,"inacessivel":true,"posicao":"Meio de quadra","tampa":"Concreto","condicao":"Boa","obstr_sup":"Total","obstr_sup_tipo":"Solo","obstr_fundo":"Total","obstr_fundo_tipo":"Solo","n_tubos":0,"tubos":"","area_critica":"AC03 — Ribeirão Morangueiro","entrega":"2026-10-02"},"geometry":{"type":"Point","coordinates":[-51.8992281,-23.4221415]}},
{"type":"Feature","properties":{"id":"A26100217:06115","equipe":"A","num":115,"codigo":"BLO","tipo":"Boca de lobo","utm_E":408221.8245,"utm_N":7409485.849,"h_ortom":558.783,"material":"Concreto","cc_tipo":"Simples","profundidade_cm":null,"inacessivel":true,"posicao":"Meio de quadra","tampa":"Concreto","condicao":"Boa","obstr_sup":"Total","obstr_sup_tipo":"Solo","obstr_fundo":"Total","obstr_fundo_tipo":"Solo","n_tubos":0,"tubos":"","area_critica":"AC03 — Ribeirão Morangueiro","entrega":"2026-10-02"},"geometry":{"type":"Point","coordinates":[-51.8983494,-23.4219263]}},
{"type":"Feature","properties":{"id":"A26100217:09116","equipe":"A","num":116,"codigo":"BLO","tipo":"Boca de lobo","utm_E":408226.0113,"utm_N":7409503.785,"h_ortom":558.609,"material":"Concreto","cc_tipo":"Simples","profundidade_cm":125,"inacessivel":false,"posicao":"Esquina","tampa":"Concreto","condicao":"Boa","obstr_sup":"Não","obstr_sup_tipo":"Nenhuma","obstr_fundo":"Não","obstr_fundo_tipo":"Nenhuma","n_tubos":1,"tubos":"40cm SS","area_critica":"AC03 — Ribeirão Morangueiro","entrega":"2026-10-02"},"geometry":{"type":"Point","coordinates":[-51.8983073,-23.4217646]}},
{"type":"Feature","properties":{"id":"A26100217:13117","equipe":"A","num":117,"codigo":"BLO","tipo":"Boca de lobo","utm_E":408290.8542,"utm_N":7409632.192,"h_ortom":554.964,"material":"Concreto","cc_tipo":"Simples","profundidade_cm":136,"inacessivel":false,"posicao":"Meio de quadra","tampa":"Concreto","condicao":"Boa","obstr_sup":"Não","obstr_sup_tipo":"Nenhuma","obstr_fundo":"Parcial","obstr_fundo_tipo":"Resíduo","n_tubos":1,"tubos":"40cm NW","area_critica":"AC03 — Ribeirão Morangueiro","entrega":"2026-10-02"},"geometry":{"type":"Point","coordinates":[-51.8976648,-23.4206084]}},
{"type":"Feature","properties":{"id":"A26100217:17118","equipe":"A","num":118,"codigo":"BLO","tipo":"Boca de lobo","utm_E":408331.7444,"utm_N":7409706.975,"h_ortom":553.373,"material":"Concreto","cc_tipo":"Simples","profundidade_cm":149,"inacessivel":false,"posicao":"Esquina","tampa":"Concreto","condicao":"Boa","obstr_sup":"Não","obstr_sup_tipo":"Nenhuma","obstr_fundo":"Não","obstr_fundo_tipo":"Nenhuma","n_tubos":1,"tubos":"40cm NW","area_critica":"AC03 — Ribeirão Morangueiro","entrega":"2026-10-02"},"geometry":{"type":"Point","coordinates":[-51.8972601,-23.4199353]}},
{"type":"Feature","properties":{"id":"A26100217:21119","equipe":"A","num":119,"codigo":"BLO","tipo":"Boca de lobo","utm_E":408336.0796,"utm_N":7409707.518,"h_ortom":553.516,"material":"Concreto","cc_tipo":"Simples","profundidade_cm":160,"inacessivel":false,"posicao":"Esquina","tampa":"Concreto","condicao":"Boa","obstr_sup":"Não","obstr_sup_tipo":"Nenhuma","obstr_fundo":"Parcial","obstr_fundo_tipo":"Resíduo","n_tubos":1,"tubos":"40cm NE","area_critica":"AC03 — Ribeirão Morangueiro","entrega":"2026-10-02"},"geometry":{"type":"Point","coordinates":[-51.8972176,-23.4199307]}},
{"type":"Feature","properties":{"id":"A26100217:23120","equipe":"A","num":120,"codigo":"BLO","tipo":"Boca de lobo","utm_E":408340.0657,"utm_N":7409739.162,"h_ortom":553.06,"material":"Concreto","cc_tipo":"Simples","profundidade_cm":85,"inacessivel":false,"posicao":"Meio de quadra","tampa":"Concreto","condicao":"Boa","obstr_sup":"Não","obstr_sup_tipo":"Nenhuma","obstr_fundo":"Parcial","obstr_fundo_tipo":"Entulho","n_tubos":1,"tubos":"40cm SE","area_critica":"AC03 — Ribeirão Morangueiro","entrega":"2026-10-02"},"geometry":{"type":"Point","coordinates":[-51.8971767,-23.4196451]}},
{"type":"Feature","properties":{"id":"A26100217:26121","equipe":"A","num":121,"codigo":"BLO","tipo":"Boca de lobo","utm_E":408361.4648,"utm_N":7409761.305,"h_ortom":552.976,"material":"Concreto","cc_tipo":"Simples","profundidade_cm":null,"inacessivel":true,"posicao":"Meio de quadra","tampa":"Concreto","condicao":"Ruim","obstr_sup":"Total","obstr_sup_tipo":"Solo","obstr_fundo":"Total","obstr_fundo_tipo":"Solo","n_tubos":0,"tubos":"","area_critica":"AC03 — Ribeirão Morangueiro","entrega":"2026-10-02"},"geometry":{"type":"Point","coordinates":[-51.8969659,-23.4194463]}},
{"type":"Feature","properties":{"id":"A26100217:28122","equipe":"A","num":122,"codigo":"BLO","tipo":"Boca de lobo","utm_E":408378.6905,"utm_N":7409809.658,"h_ortom":552.721,"material":"Concreto","cc_tipo":"Múltipla","profundidade_cm":87,"inacessivel":false,"posicao":"Meio de quadra","tampa":"Concreto","condicao":"Boa","obstr_sup":"Não","obstr_sup_tipo":"Nenhuma","obstr_fundo":"Não","obstr_fundo_tipo":"Nenhuma","n_tubos":3,"tubos":"60cm SE; 10cm NN; 10cm NN","area_critica":"AC03 — Ribeirão Morangueiro","entrega":"2026-10-02"},"geometry":{"type":"Point","coordinates":[-51.8967944,-23.4190105]}},
{"type":"Feature","properties":{"id":"A26100217:32123","equipe":"A","num":123,"codigo":"BLO","tipo":"Boca de lobo","utm_E":408410.6913,"utm_N":7409851.217,"h_ortom":553.161,"material":"Concreto","cc_tipo":"Múltipla","profundidade_cm":122,"inacessivel":false,"posicao":"Meio de quadra","tampa":"Concreto","condicao":"Boa","obstr_sup":"Não","obstr_sup_tipo":"Nenhuma","obstr_fundo":"Não","obstr_fundo_tipo":"Nenhuma","n_tubos":1,"tubos":"60cm NW","area_critica":"AC03 — Ribeirão Morangueiro","entrega":"2026-10-02"},"geometry":{"type":"Point","coordinates":[-51.8964786,-23.418637]}},
{"type":"Feature","properties":{"id":"A26100217:40124","equipe":"A","num":124,"codigo":"BLO","tipo":"Boca de lobo","utm_E":408436.866,"utm_N":7409766.062,"h_ortom":555.965,"material":"Concreto","cc_tipo":"Simples","profundidade_cm":145,"inacessivel":false,"posicao":"Meio de quadra","tampa":"Concreto","condicao":"Boa","obstr_sup":"Não","obstr_sup_tipo":"Nenhuma","obstr_fundo":"Não","obstr_fundo_tipo":"Nenhuma","n_tubos":1,"tubos":"40cm NW","area_critica":"AC03 — Ribeirão Morangueiro","entrega":"2026-10-02"},"geometry":{"type":"Point","coordinates":[-51.8962276,-23.4194076]}},
{"type":"Feature","properties":{"id":"A26100217:44125","equipe":"A","num":125,"codigo":"BLO","tipo":"Boca de lobo","utm_E":408394.1944,"utm_N":7409687.856,"h_ortom":555.607,"material":"Concreto","cc_tipo":"Simples","profundidade_cm":125,"inacessivel":false,"posicao":"Esquina","tampa":"Concreto","condicao":"Boa","obstr_sup":"Não","obstr_sup_tipo":"Nenhuma","obstr_fundo":"Não","obstr_fundo_tipo":"Nenhuma","n_tubos":1,"tubos":"40cm NW","area_critica":"AC03 — Ribeirão Morangueiro","entrega":"2026-10-02"},"geometry":{"type":"Point","coordinates":[-51.89665,-23.4201115]}},
{"type":"Feature","properties":{"id":"A26100217:47126","equipe":"A","num":126,"codigo":"BLO","tipo":"Boca de lobo","utm_E":408395.4158,"utm_N":7409684.472,"h_ortom":555.83,"material":"Concreto","cc_tipo":"Simples","profundidade_cm":161,"inacessivel":false,"posicao":"Esquina","tampa":"Concreto","condicao":"Boa","obstr_sup":"Não","obstr_sup_tipo":"Nenhuma","obstr_fundo":"Não","obstr_fundo_tipo":"Nenhuma","n_tubos":1,"tubos":"40cm SW","area_critica":"AC03 — Ribeirão Morangueiro","entrega":"2026-10-02"},"geometry":{"type":"Point","coordinates":[-51.8966383,-23.4201421]}},
{"type":"Feature","properties":{"id":"A26100217:49127","equipe":"A","num":127,"codigo":"BLO","tipo":"Boca de lobo","utm_E":408387.9633,"utm_N":7409676.504,"h_ortom":555.664,"material":"Concreto","cc_tipo":"Simples","profundidade_cm":130,"inacessivel":false,"posicao":"Esquina","tampa":"Concreto","condicao":"Boa","obstr_sup":"Não","obstr_sup_tipo":"Nenhuma","obstr_fundo":"Não","obstr_fundo_tipo":"Nenhuma","n_tubos":1,"tubos":"40cm NW","area_critica":"AC03 — Ribeirão Morangueiro","entrega":"2026-10-02"},"geometry":{"type":"Point","coordinates":[-51.8967117,-23.4202137]}},
{"type":"Feature","properties":{"id":"A26100217:53128","equipe":"A","num":128,"codigo":"BLO","tipo":"Boca de lobo","utm_E":408343.3211,"utm_N":7409611.773,"h_ortom":557.13,"material":"Concreto","cc_tipo":"Simples","profundidade_cm":135,"inacessivel":false,"posicao":"Meio de quadra","tampa":"Concreto","condicao":"Boa","obstr_sup":"Não","obstr_sup_tipo":"Nenhuma","obstr_fundo":"Não","obstr_fundo_tipo":"Nenhuma","n_tubos":1,"tubos":"40cm SE","area_critica":"AC03 — Ribeirão Morangueiro","entrega":"2026-10-02"},"geometry":{"type":"Point","coordinates":[-51.8971526,-23.4207958]}},
{"type":"Feature","properties":{"id":"A26100217:57129","equipe":"A","num":129,"codigo":"BLO","tipo":"Boca de lobo","utm_E":408312.1707,"utm_N":7409528.311,"h_ortom":559.327,"material":"Concreto","cc_tipo":"Simples","profundidade_cm":158,"inacessivel":false,"posicao":"Esquina","tampa":"Concreto","condicao":"Boa","obstr_sup":"Não","obstr_sup_tipo":"Nenhuma","obstr_fundo":"Parcial","obstr_fundo_tipo":"Solo","n_tubos":1,"tubos":"40cm WW","area_critica":"AC03 — Ribeirão Morangueiro","entrega":"2026-10-02"},"geometry":{"type":"Point","coordinates":[-51.8974625,-23.4215479]}},
{"type":"Feature","properties":{"id":"A26100218:00130","equipe":"A","num":130,"codigo":"BLO","tipo":"Boca de lobo","utm_E":408327.0193,"utm_N":7409515.68,"h_ortom":559.668,"material":"Concreto","cc_tipo":"Simples","profundidade_cm":80,"inacessivel":false,"posicao":"Esquina","tampa":"Concreto","condicao":"Boa","obstr_sup":"Não","obstr_sup_tipo":"Nenhuma","obstr_fundo":"Não","obstr_fundo_tipo":"Nenhuma","n_tubos":1,"tubos":"40cm NN","area_critica":"AC03 — Ribeirão Morangueiro","entrega":"2026-10-02"},"geometry":{"type":"Point","coordinates":[-51.897318,-23.4216628]}},
{"type":"Feature","properties":{"id":"A26100218:05131","equipe":"A","num":131,"codigo":"BLO","tipo":"Boca de lobo","utm_E":408325.3883,"utm_N":7409510.148,"h_ortom":559.93,"material":"Concreto","cc_tipo":"Múltipla","profundidade_cm":160,"inacessivel":false,"posicao":"Esquina","tampa":"Concreto","condicao":"Boa","obstr_sup":"Não","obstr_sup_tipo":"Nenhuma","obstr_fundo":"Não","obstr_fundo_tipo":"Nenhuma","n_tubos":1,"tubos":"40cm WW","area_critica":"AC03 — Ribeirão Morangueiro","entrega":"2026-10-02"},"geometry":{"type":"Point","coordinates":[-51.8973343,-23.4217127]}},
{"type":"Feature","properties":{"id":"A26100218:09132","equipe":"A","num":132,"codigo":"BLO","tipo":"Boca de lobo","utm_E":408393.2969,"utm_N":7409551.425,"h_ortom":560.669,"material":"Concreto","cc_tipo":"Simples","profundidade_cm":null,"inacessivel":true,"posicao":"Esquina","tampa":"Concreto","condicao":"Boa","obstr_sup":"Total","obstr_sup_tipo":"Solo","obstr_fundo":"Total","obstr_fundo_tipo":"Solo","n_tubos":0,"tubos":"","area_critica":"AC03 — Ribeirão Morangueiro","entrega":"2026-10-02"},"geometry":{"type":"Point","coordinates":[-51.8966671,-23.4213437]}},
{"type":"Feature","properties":{"id":"A26100218:14133","equipe":"A","num":133,"codigo":"BLO","tipo":"Boca de lobo","utm_E":408412.2247,"utm_N":7409591.97,"h_ortom":559.574,"material":"Concreto","cc_tipo":"Simples","profundidade_cm":70,"inacessivel":false,"posicao":"Meio de quadra","tampa":"Concreto","condicao":"Boa","obstr_sup":"Não","obstr_sup_tipo":"Nenhuma","obstr_fundo":"Não","obstr_fundo_tipo":"Nenhuma","n_tubos":1,"tubos":"40cm NW","area_critica":"AC03 — Ribeirão Morangueiro","entrega":"2026-10-02"},"geometry":{"type":"Point","coordinates":[-51.8964794,-23.4209785]}},
{"type":"Feature","properties":{"id":"A26100218:17134","equipe":"A","num":134,"codigo":"BLO","tipo":"Boca de lobo","utm_E":408442.0284,"utm_N":7409646.383,"h_ortom":558.659,"material":"Concreto","cc_tipo":"Simples","profundidade_cm":166,"inacessivel":false,"posicao":"Esquina","tampa":"Concreto","condicao":"Boa","obstr_sup":"Não","obstr_sup_tipo":"Nenhuma","obstr_fundo":"Não","obstr_fundo_tipo":"Nenhuma","n_tubos":1,"tubos":"40cm NW","area_critica":"AC03 — Ribeirão Morangueiro","entrega":"2026-10-02"},"geometry":{"type":"Point","coordinates":[-51.8961844,-23.4204888]}},
{"type":"Feature","properties":{"id":"A26100218:20135","equipe":"A","num":135,"codigo":"BLO","tipo":"Boca de lobo","utm_E":408445.4695,"utm_N":7409647.781,"h_ortom":558.827,"material":"Concreto","cc_tipo":"Simples","profundidade_cm":205,"inacessivel":false,"posicao":"Esquina","tampa":"Concreto","condicao":"Boa","obstr_sup":"Não","obstr_sup_tipo":"Nenhuma","obstr_fundo":"Parcial","obstr_fundo_tipo":"Folhagem","n_tubos":1,"tubos":"40cm NE","area_critica":"AC03 — Ribeirão Morangueiro","entrega":"2026-10-02"},"geometry":{"type":"Point","coordinates":[-51.8961506,-23.4204763]}},
{"type":"Feature","properties":{"id":"A26100218:22136","equipe":"A","num":136,"codigo":"BLO","tipo":"Boca de lobo","utm_E":408449.6116,"utm_N":7409654.829,"h_ortom":558.72,"material":"Concreto","cc_tipo":"Simples","profundidade_cm":210,"inacessivel":false,"posicao":"Esquina","tampa":"Concreto","condicao":"Boa","obstr_sup":"Não","obstr_sup_tipo":"Nenhuma","obstr_fundo":"Não","obstr_fundo_tipo":"Nenhuma","n_tubos":1,"tubos":"40cm SW","area_critica":"AC03 — Ribeirão Morangueiro","entrega":"2026-10-02"},"geometry":{"type":"Point","coordinates":[-51.8961097,-23.4204129]}},
{"type":"Feature","properties":{"id":"A26100218:24137","equipe":"A","num":137,"codigo":"BLO","tipo":"Boca de lobo","utm_E":408448.5767,"utm_N":7409658.374,"h_ortom":558.566,"material":"Concreto","cc_tipo":"Simples","profundidade_cm":175,"inacessivel":false,"posicao":"Esquina","tampa":"Concreto","condicao":"Boa","obstr_sup":"Não","obstr_sup_tipo":"Nenhuma","obstr_fundo":"Não","obstr_fundo_tipo":"Nenhuma","n_tubos":1,"tubos":"40cm NW","area_critica":"AC03 — Ribeirão Morangueiro","entrega":"2026-10-02"},"geometry":{"type":"Point","coordinates":[-51.8961196,-23.4203808]}},
{"type":"Feature","properties":{"id":"A26100218:28138","equipe":"A","num":138,"codigo":"BLO","tipo":"Boca de lobo","utm_E":408486.4311,"utm_N":7409727.488,"h_ortom":558.923,"material":"Concreto","cc_tipo":"Simples","profundidade_cm":123,"inacessivel":false,"posicao":"Meio de quadra","tampa":"Concreto","condicao":"Boa","obstr_sup":"Não","obstr_sup_tipo":"Nenhuma","obstr_fundo":"Não","obstr_fundo_tipo":"Nenhuma","n_tubos":1,"tubos":"40cm NW","area_critica":"AC03 — Ribeirão Morangueiro","entrega":"2026-10-02"},"geometry":{"type":"Point","coordinates":[-51.8957449,-23.4197587]}},
{"type":"Feature","properties":{"id":"B26100208:14001","equipe":"B","num":1,"codigo":"BLO","tipo":"Boca de lobo","utm_E":408646.0097,"utm_N":7409748.584,"h_ortom":566.292,"material":"Concreto","cc_tipo":"Simples","profundidade_cm":98,"inacessivel":false,"posicao":"Meio de quadra","tampa":"Concreto","condicao":"Boa","obstr_sup":"Não","obstr_sup_tipo":"Nenhuma","obstr_fundo":"Parcial","obstr_fundo_tipo":"Resíduo","n_tubos":2,"tubos":"40cm NN; 10cm SW","area_critica":"AC03 — Ribeirão Morangueiro","entrega":"2026-10-02"},"geometry":{"type":"Point","coordinates":[-51.8941818,-23.4195771]}},
{"type":"Feature","properties":{"id":"B26100208:18002","equipe":"B","num":2,"codigo":"ESQUINA","tipo":"Esquina (eixo)","utm_E":408713.0901,"utm_N":7409717.557,"h_ortom":569.855,"material":null,"cc_tipo":null,"profundidade_cm":null,"inacessivel":false,"posicao":null,"tampa":null,"condicao":null,"obstr_sup":null,"obstr_sup_tipo":null,"obstr_fundo":null,"obstr_fundo_tipo":null,"n_tubos":0,"tubos":"","area_critica":"AC03 — Ribeirão Morangueiro","entrega":"2026-10-02"},"geometry":{"type":"Point","coordinates":[-51.8935271,-23.4198611]}},
{"type":"Feature","properties":{"id":"B26100208:20003","equipe":"B","num":3,"codigo":"BLO","tipo":"Boca de lobo","utm_E":408730.8815,"utm_N":7409713.509,"h_ortom":570.527,"material":"Concreto","cc_tipo":"Simples","profundidade_cm":126,"inacessivel":false,"posicao":"Esquina","tampa":"Concreto","condicao":"Boa","obstr_sup":"Não","obstr_sup_tipo":"Nenhuma","obstr_fundo":"Parcial","obstr_fundo_tipo":"Resíduo","n_tubos":2,"tubos":"40cm WW; 40cm SS","area_critica":"AC03 — Ribeirão Morangueiro","entrega":"2026-10-02"},"geometry":{"type":"Point","coordinates":[-51.8933533,-23.4198987]}},
{"type":"Feature","properties":{"id":"B26100208:23004","equipe":"B","num":4,"codigo":"ESQUINA","tipo":"Esquina (eixo)","utm_E":408792.0287,"utm_N":7409673.329,"h_ortom":573.201,"material":null,"cc_tipo":null,"profundidade_cm":null,"inacessivel":false,"posicao":null,"tampa":null,"condicao":null,"obstr_sup":null,"obstr_sup_tipo":null,"obstr_fundo":null,"obstr_fundo_tipo":null,"n_tubos":0,"tubos":"","area_critica":"AC03 — Ribeirão Morangueiro","entrega":"2026-10-02"},"geometry":{"type":"Point","coordinates":[-51.8927572,-23.420265]}},
{"type":"Feature","properties":{"id":"B26100208:23005","equipe":"B","num":5,"codigo":"ESQUINA","tipo":"Esquina (eixo)","utm_E":408804.0196,"utm_N":7409664.488,"h_ortom":573.603,"material":null,"cc_tipo":null,"profundidade_cm":null,"inacessivel":false,"posicao":null,"tampa":null,"condicao":null,"obstr_sup":null,"obstr_sup_tipo":null,"obstr_fundo":null,"obstr_fundo_tipo":null,"n_tubos":0,"tubos":"","area_critica":"AC03 — Ribeirão Morangueiro","entrega":"2026-10-02"},"geometry":{"type":"Point","coordinates":[-51.8926404,-23.4203455]}},
{"type":"Feature","properties":{"id":"B26100208:25006","equipe":"B","num":6,"codigo":"BLO","tipo":"Boca de lobo","utm_E":408798.9862,"utm_N":7409680.548,"h_ortom":573.344,"material":"Concreto","cc_tipo":"Simples","profundidade_cm":86,"inacessivel":false,"posicao":"Esquina","tampa":"Concreto","condicao":"Boa","obstr_sup":"Não","obstr_sup_tipo":"Nenhuma","obstr_fundo":"Parcial","obstr_fundo_tipo":"Resíduo","n_tubos":1,"tubos":"40cm SE","area_critica":"AC03 — Ribeirão Morangueiro","entrega":"2026-10-02"},"geometry":{"type":"Point","coordinates":[-51.8926887,-23.4202002]}},
{"type":"Feature","properties":{"id":"B26100208:26007","equipe":"B","num":7,"codigo":"BLO","tipo":"Boca de lobo","utm_E":408814.9303,"utm_N":7409667.324,"h_ortom":573.956,"material":"Concreto","cc_tipo":"Simples","profundidade_cm":110,"inacessivel":false,"posicao":"Esquina","tampa":"Concreto","condicao":"Boa","obstr_sup":"Não","obstr_sup_tipo":"Nenhuma","obstr_fundo":"Parcial","obstr_fundo_tipo":"Resíduo","n_tubos":2,"tubos":"40cm NW; 40cm SE","area_critica":"AC03 — Ribeirão Morangueiro","entrega":"2026-10-02"},"geometry":{"type":"Point","coordinates":[-51.8925335,-23.4203205]}},
{"type":"Feature","properties":{"id":"B26100208:28008","equipe":"B","num":8,"codigo":"BLO","tipo":"Boca de lobo","utm_E":408806.4748,"utm_N":7409656.099,"h_ortom":573.671,"material":"Concreto","cc_tipo":"Simples","profundidade_cm":132,"inacessivel":false,"posicao":"Esquina","tampa":"Concreto","condicao":"Boa","obstr_sup":"Não","obstr_sup_tipo":"Nenhuma","obstr_fundo":"Não","obstr_fundo_tipo":"Nenhuma","n_tubos":1,"tubos":"40cm NE","area_critica":"AC03 — Ribeirão Morangueiro","entrega":"2026-10-02"},"geometry":{"type":"Point","coordinates":[-51.8926169,-23.4204214]}},
{"type":"Feature","properties":{"id":"B26100208:33009","equipe":"B","num":9,"codigo":"ESQUINA","tipo":"Esquina (eixo)","utm_E":408801.3648,"utm_N":7409660.386,"h_ortom":573.417,"material":null,"cc_tipo":null,"profundidade_cm":null,"inacessivel":false,"posicao":null,"tampa":null,"condicao":null,"obstr_sup":null,"obstr_sup_tipo":null,"obstr_fundo":null,"obstr_fundo_tipo":null,"n_tubos":0,"tubos":"","area_critica":"AC03 — Ribeirão Morangueiro","entrega":"2026-10-02"},"geometry":{"type":"Point","coordinates":[-51.8926666,-23.4203824]}},
{"type":"Feature","properties":{"id":"B26100208:34010","equipe":"B","num":10,"codigo":"PTOALT","tipo":"Ponto alto (eixo)","utm_E":408799.5034,"utm_N":7409657.011,"h_ortom":573.328,"material":null,"cc_tipo":null,"profundidade_cm":null,"inacessivel":false,"posicao":null,"tampa":null,"condicao":null,"obstr_sup":null,"obstr_sup_tipo":null,"obstr_fundo":null,"obstr_fundo_tipo":null,"n_tubos":0,"tubos":"","area_critica":"AC03 — Ribeirão Morangueiro","entrega":"2026-10-02"},"geometry":{"type":"Point","coordinates":[-51.8926851,-23.4204128]}},
{"type":"Feature","properties":{"id":"B26100208:36011","equipe":"B","num":11,"codigo":"PV","tipo":"Poço de visita","utm_E":408796.4029,"utm_N":7409663.144,"h_ortom":573.285,"material":"Concreto","cc_tipo":"Simples","profundidade_cm":178,"inacessivel":false,"posicao":"Esquina","tampa":"Ferro","condicao":"Boa","obstr_sup":"Não","obstr_sup_tipo":"Nenhuma","obstr_fundo":"Sim","obstr_fundo_tipo":"Efluentes","n_tubos":2,"tubos":"60cm EE; 60cm WW","area_critica":"AC03 — Ribeirão Morangueiro","entrega":"2026-10-02"},"geometry":{"type":"Point","coordinates":[-51.892715,-23.4203573]}},
{"type":"Feature","properties":{"id":"B26100208:45012","equipe":"B","num":12,"codigo":"CC","tipo":"Caixa de coleta","utm_E":408792.8659,"utm_N":7409654.994,"h_ortom":573.268,"material":"Concreto","cc_tipo":"Simples","profundidade_cm":null,"inacessivel":true,"posicao":"Esquina","tampa":"Concreto","condicao":"Boa","obstr_sup":"Não","obstr_sup_tipo":"Nenhuma","obstr_fundo":"Não","obstr_fundo_tipo":"Nenhuma","n_tubos":0,"tubos":"","area_critica":"AC03 — Ribeirão Morangueiro","entrega":"2026-10-02"},"geometry":{"type":"Point","coordinates":[-51.8927501,-23.4204307]}},
{"type":"Feature","properties":{"id":"B26100208:48013","equipe":"B","num":13,"codigo":"BLO","tipo":"Boca de lobo","utm_E":408876.1366,"utm_N":7409625.667,"h_ortom":576.666,"material":"Concreto","cc_tipo":"Simples","profundidade_cm":90,"inacessivel":false,"posicao":"Meio de quadra","tampa":"Concreto","condicao":"Boa","obstr_sup":"Não","obstr_sup_tipo":"Nenhuma","obstr_fundo":"Não","obstr_fundo_tipo":"Nenhuma","n_tubos":4,"tubos":"40cm SW; 150cm SE; 7.5cm SE; 7.5cm EE","area_critica":"AC03 — Ribeirão Morangueiro","entrega":"2026-10-02"},"geometry":{"type":"Point","coordinates":[-51.8919369,-23.4207002]}},
{"type":"Feature","properties":{"id":"B26100208:55014","equipe":"B","num":14,"codigo":"ESQUINA","tipo":"Esquina (eixo)","utm_E":408925.3984,"utm_N":7409589.678,"h_ortom":578.905,"material":null,"cc_tipo":null,"profundidade_cm":null,"inacessivel":false,"posicao":null,"tampa":null,"condicao":null,"obstr_sup":null,"obstr_sup_tipo":null,"obstr_fundo":null,"obstr_fundo_tipo":null,"n_tubos":0,"tubos":"","area_critica":"AC03 — Ribeirão Morangueiro","entrega":"2026-10-02"},"geometry":{"type":"Point","coordinates":[-51.891457,-23.421028]}},
{"type":"Feature","properties":{"id":"B26100208:55015","equipe":"B","num":15,"codigo":"PTOBAI","tipo":"Ponto baixo (eixo)","utm_E":408932.1111,"utm_N":7409592.756,"h_ortom":579.247,"material":null,"cc_tipo":null,"profundidade_cm":null,"inacessivel":false,"posicao":null,"tampa":null,"condicao":null,"obstr_sup":null,"obstr_sup_tipo":null,"obstr_fundo":null,"obstr_fundo_tipo":null,"n_tubos":0,"tubos":"","area_critica":"AC03 — Ribeirão Morangueiro","entrega":"2026-10-02"},"geometry":{"type":"Point","coordinates":[-51.8913911,-23.4210006]}},
{"type":"Feature","properties":{"id":"B26100208:55016","equipe":"B","num":16,"codigo":"BLO","tipo":"Boca de lobo","utm_E":408940.7065,"utm_N":7409586.413,"h_ortom":579.49,"material":"Concreto","cc_tipo":"Simples","profundidade_cm":null,"inacessivel":true,"posicao":"Esquina","tampa":"Concreto","condicao":"Boa","obstr_sup":"Total","obstr_sup_tipo":"Solo","obstr_fundo":"Total","obstr_fundo_tipo":"Solo","n_tubos":0,"tubos":"","area_critica":"AC03 — Ribeirão Morangueiro","entrega":"2026-10-02"},"geometry":{"type":"Point","coordinates":[-51.8913073,-23.4210583]}},
{"type":"Feature","properties":{"id":"B26100208:59017","equipe":"B","num":17,"codigo":"ESQUINA","tipo":"Esquina (eixo)","utm_E":409000.5616,"utm_N":7409543.762,"h_ortom":582.09,"material":null,"cc_tipo":null,"profundidade_cm":null,"inacessivel":false,"posicao":null,"tampa":null,"condicao":null,"obstr_sup":null,"obstr_sup_tipo":null,"obstr_fundo":null,"obstr_fundo_tipo":null,"n_tubos":0,"tubos":"","area_critica":"AC03 — Ribeirão Morangueiro","entrega":"2026-10-02"},"geometry":{"type":"Point","coordinates":[-51.8907241,-23.4214469]}},
{"type":"Feature","properties":{"id":"B26100209:01018","equipe":"B","num":18,"codigo":"BLO","tipo":"Boca de lobo","utm_E":408934.8612,"utm_N":7409577.76,"h_ortom":579.299,"material":"Concreto","cc_tipo":"Simples","profundidade_cm":null,"inacessivel":true,"posicao":"Meio de quadra","tampa":"Concreto","condicao":"Boa","obstr_sup":"Total","obstr_sup_tipo":"Solo","obstr_fundo":"Total","obstr_fundo_tipo":"Solo","n_tubos":0,"tubos":"","area_critica":"AC03 — Ribeirão Morangueiro","entrega":"2026-10-02"},"geometry":{"type":"Point","coordinates":[-51.8913651,-23.4211362]}},
{"type":"Feature","properties":{"id":"B26100209:03019","equipe":"B","num":19,"codigo":"BLO","tipo":"Boca de lobo","utm_E":409005.835,"utm_N":7409551.502,"h_ortom":582.363,"material":"Concreto","cc_tipo":"Simples","profundidade_cm":90,"inacessivel":false,"posicao":"Meio de quadra","tampa":"Concreto","condicao":"Ruim","obstr_sup":"Não","obstr_sup_tipo":"Nenhuma","obstr_fundo":"Parcial","obstr_fundo_tipo":"Resíduo","n_tubos":1,"tubos":"40cm SE","area_critica":"AC03 — Ribeirão Morangueiro","entrega":"2026-10-02"},"geometry":{"type":"Point","coordinates":[-51.890672,-23.4213773]}},
{"type":"Feature","properties":{"id":"B26100209:08020","equipe":"B","num":20,"codigo":"PTOBAI","tipo":"Ponto baixo (eixo)","utm_E":409007.9983,"utm_N":7409548.531,"h_ortom":582.338,"material":null,"cc_tipo":null,"profundidade_cm":null,"inacessivel":false,"posicao":null,"tampa":null,"condicao":null,"obstr_sup":null,"obstr_sup_tipo":null,"obstr_fundo":null,"obstr_fundo_tipo":null,"n_tubos":0,"tubos":"","area_critica":"AC03 — Ribeirão Morangueiro","entrega":"2026-10-02"},"geometry":{"type":"Point","coordinates":[-51.890651,-23.4214042]}},
{"type":"Feature","properties":{"id":"B26100209:08021","equipe":"B","num":21,"codigo":"PTOBAI","tipo":"Ponto baixo (eixo)","utm_E":409084.0537,"utm_N":7409500.341,"h_ortom":584.289,"material":null,"cc_tipo":null,"profundidade_cm":null,"inacessivel":false,"posicao":null,"tampa":null,"condicao":null,"obstr_sup":null,"obstr_sup_tipo":null,"obstr_fundo":null,"obstr_fundo_tipo":null,"n_tubos":0,"tubos":"","area_critica":"AC03 — Ribeirão Morangueiro","entrega":"2026-10-02"},"geometry":{"type":"Point","coordinates":[-51.8899096,-23.4218437]}},
{"type":"Feature","properties":{"id":"B26100209:09022","equipe":"B","num":22,"codigo":"ESQUINA","tipo":"Esquina (eixo)","utm_E":409076.9753,"utm_N":7409497.28,"h_ortom":584.147,"material":null,"cc_tipo":null,"profundidade_cm":null,"inacessivel":false,"posicao":null,"tampa":null,"condicao":null,"obstr_sup":null,"obstr_sup_tipo":null,"obstr_fundo":null,"obstr_fundo_tipo":null,"n_tubos":0,"tubos":"","area_critica":"AC03 — Ribeirão Morangueiro","entrega":"2026-10-02"},"geometry":{"type":"Point","coordinates":[-51.889979,-23.421871]}},
{"type":"Feature","properties":{"id":"B26100209:09023","equipe":"B","num":23,"codigo":"BLO","tipo":"Boca de lobo","utm_E":409082.8164,"utm_N":7409504.512,"h_ortom":584.16,"material":"Concreto","cc_tipo":"Simples","profundidade_cm":85,"inacessivel":false,"posicao":"Esquina","tampa":"Concreto","condicao":"Ruim","obstr_sup":"Não","obstr_sup_tipo":"Nenhuma","obstr_fundo":"Parcial","obstr_fundo_tipo":"Resíduo","n_tubos":1,"tubos":"40cm SE","area_critica":"AC03 — Ribeirão Morangueiro","entrega":"2026-10-02"},"geometry":{"type":"Point","coordinates":[-51.8899214,-23.421806]}},
{"type":"Feature","properties":{"id":"B26100209:15024","equipe":"B","num":24,"codigo":"PTOALT","tipo":"Ponto alto (eixo)","utm_E":409115.6844,"utm_N":7409473.667,"h_ortom":584.753,"material":null,"cc_tipo":null,"profundidade_cm":null,"inacessivel":false,"posicao":null,"tampa":null,"condicao":null,"obstr_sup":null,"obstr_sup_tipo":null,"obstr_fundo":null,"obstr_fundo_tipo":null,"n_tubos":0,"tubos":"","area_critica":"","entrega":"2026-10-02"},"geometry":{"type":"Point","coordinates":[-51.8896016,-23.4220864]}},
{"type":"Feature","properties":{"id":"B26100209:18025","equipe":"B","num":25,"codigo":"PTOBAI","tipo":"Ponto baixo (eixo)","utm_E":409119.2605,"utm_N":7409548.988,"h_ortom":586.212,"material":null,"cc_tipo":null,"profundidade_cm":null,"inacessivel":false,"posicao":null,"tampa":null,"condicao":null,"obstr_sup":null,"obstr_sup_tipo":null,"obstr_fundo":null,"obstr_fundo_tipo":null,"n_tubos":0,"tubos":"","area_critica":"","entrega":"2026-10-02"},"geometry":{"type":"Point","coordinates":[-51.889562,-23.4214063]}},
{"type":"Feature","properties":{"id":"B26100209:19026","equipe":"B","num":26,"codigo":"ESQUINA","tipo":"Esquina (eixo)","utm_E":409104.3767,"utm_N":7409592.22,"h_ortom":586.77,"material":null,"cc_tipo":null,"profundidade_cm":null,"inacessivel":false,"posicao":null,"tampa":null,"condicao":null,"obstr_sup":null,"obstr_sup_tipo":null,"obstr_fundo":null,"obstr_fundo_tipo":null,"n_tubos":0,"tubos":"","area_critica":"AC03 — Ribeirão Morangueiro","entrega":"2026-10-02"},"geometry":{"type":"Point","coordinates":[-51.8897051,-23.421015]}},
{"type":"Feature","properties":{"id":"B26100209:20027","equipe":"B","num":27,"codigo":"BLO","tipo":"Boca de lobo","utm_E":409109.4362,"utm_N":7409598.757,"h_ortom":586.834,"material":"Concreto","cc_tipo":"Simples","profundidade_cm":100,"inacessivel":false,"posicao":"Esquina","tampa":"Concreto","condicao":"Boa","obstr_sup":"Não","obstr_sup_tipo":"Nenhuma","obstr_fundo":"Não","obstr_fundo_tipo":"Nenhuma","n_tubos":2,"tubos":"40cm SE; 40cm WW","area_critica":"AC03 — Ribeirão Morangueiro","entrega":"2026-10-02"},"geometry":{"type":"Point","coordinates":[-51.8896552,-23.4209563]}},
{"type":"Feature","properties":{"id":"B26100209:24028","equipe":"B","num":28,"codigo":"BLO","tipo":"Boca de lobo","utm_E":409200.8426,"utm_N":7409631.202,"h_ortom":589.352,"material":"Concreto","cc_tipo":"Simples","profundidade_cm":80,"inacessivel":false,"posicao":"Meio de quadra","tampa":"Concreto","condicao":"Boa","obstr_sup":"Não","obstr_sup_tipo":"Nenhuma","obstr_fundo":"Não","obstr_fundo_tipo":"Nenhuma","n_tubos":1,"tubos":"40cm NW","area_critica":"AC03 — Ribeirão Morangueiro","entrega":"2026-10-02"},"geometry":{"type":"Point","coordinates":[-51.8887586,-23.4206683]}},
{"type":"Feature","properties":{"id":"B26100209:27029","equipe":"B","num":29,"codigo":"BLO","tipo":"Boca de lobo","utm_E":409197.4705,"utm_N":7409638.872,"h_ortom":589.53,"material":"Concreto","cc_tipo":"Simples","profundidade_cm":80,"inacessivel":false,"posicao":"Meio de quadra","tampa":"Concreto","condicao":"Boa","obstr_sup":"Não","obstr_sup_tipo":"Nenhuma","obstr_fundo":"Não","obstr_fundo_tipo":"Nenhuma","n_tubos":1,"tubos":"40cm SE","area_critica":"AC03 — Ribeirão Morangueiro","entrega":"2026-10-02"},"geometry":{"type":"Point","coordinates":[-51.8887912,-23.4205989]}},
{"type":"Feature","properties":{"id":"B26100209:30030","equipe":"B","num":30,"codigo":"PTOALT","tipo":"Ponto alto (eixo)","utm_E":409232.7947,"utm_N":7409650.247,"h_ortom":589.998,"material":null,"cc_tipo":null,"profundidade_cm":null,"inacessivel":false,"posicao":null,"tampa":null,"condicao":null,"obstr_sup":null,"obstr_sup_tipo":null,"obstr_fundo":null,"obstr_fundo_tipo":null,"n_tubos":0,"tubos":"","area_critica":"","entrega":"2026-10-02"},"geometry":{"type":"Point","coordinates":[-51.8884447,-23.4204981]}},
{"type":"Feature","properties":{"id":"B26100209:32031","equipe":"B","num":31,"codigo":"ESQUINA","tipo":"Esquina (eixo)","utm_E":409080.0281,"utm_N":7409660.361,"h_ortom":587.191,"material":null,"cc_tipo":null,"profundidade_cm":null,"inacessivel":false,"posicao":null,"tampa":null,"condicao":null,"obstr_sup":null,"obstr_sup_tipo":null,"obstr_fundo":null,"obstr_fundo_tipo":null,"n_tubos":0,"tubos":"","area_critica":"AC03 — Ribeirão Morangueiro","entrega":"2026-10-02"},"geometry":{"type":"Point","coordinates":[-51.8899393,-23.4203982]}},
{"type":"Feature","properties":{"id":"B26100209:34032","equipe":"B","num":32,"codigo":"PTOALT","tipo":"Ponto alto (eixo)","utm_E":409217.0702,"utm_N":7409722.702,"h_ortom":591.139,"material":null,"cc_tipo":null,"profundidade_cm":null,"inacessivel":false,"posicao":null,"tampa":null,"condicao":null,"obstr_sup":null,"obstr_sup_tipo":null,"obstr_fundo":null,"obstr_fundo_tipo":null,"n_tubos":0,"tubos":"","area_critica":"","entrega":"2026-10-02"},"geometry":{"type":"Point","coordinates":[-51.8885943,-23.4198428]}},
{"type":"Feature","properties":{"id":"B26100209:36033","equipe":"B","num":33,"codigo":"PTOBAI","tipo":"Ponto baixo (eixo)","utm_E":409054.744,"utm_N":7409734.825,"h_ortom":586.554,"material":null,"cc_tipo":null,"profundidade_cm":null,"inacessivel":false,"posicao":null,"tampa":null,"condicao":null,"obstr_sup":null,"obstr_sup_tipo":null,"obstr_fundo":null,"obstr_fundo_tipo":null,"n_tubos":0,"tubos":"","area_critica":"AC03 — Ribeirão Morangueiro","entrega":"2026-10-02"},"geometry":{"type":"Point","coordinates":[-51.8901823,-23.4197243]}},
{"type":"Feature","properties":{"id":"B26100209:36034","equipe":"B","num":34,"codigo":"ESQUINA","tipo":"Esquina (eixo)","utm_E":409054.1237,"utm_N":7409741.007,"h_ortom":586.722,"material":null,"cc_tipo":null,"profundidade_cm":null,"inacessivel":false,"posicao":null,"tampa":null,"condicao":null,"obstr_sup":null,"obstr_sup_tipo":null,"obstr_fundo":null,"obstr_fundo_tipo":null,"n_tubos":0,"tubos":"","area_critica":"AC03 — Ribeirão Morangueiro","entrega":"2026-10-02"},"geometry":{"type":"Point","coordinates":[-51.890188,-23.4196684]}},
{"type":"Feature","properties":{"id":"B26100209:36035","equipe":"B","num":35,"codigo":"ESQUINA","tipo":"Esquina (eixo)","utm_E":409052.5918,"utm_N":7409747.818,"h_ortom":586.717,"material":null,"cc_tipo":null,"profundidade_cm":null,"inacessivel":false,"posicao":null,"tampa":null,"condicao":null,"obstr_sup":null,"obstr_sup_tipo":null,"obstr_fundo":null,"obstr_fundo_tipo":null,"n_tubos":0,"tubos":"","area_critica":"AC03 — Ribeirão Morangueiro","entrega":"2026-10-02"},"geometry":{"type":"Point","coordinates":[-51.8902025,-23.4196068]}},
{"type":"Feature","properties":{"id":"B26100209:36036","equipe":"B","num":36,"codigo":"PTOALT","tipo":"Ponto alto (eixo)","utm_E":409049.8705,"utm_N":7409757.562,"h_ortom":586.804,"material":null,"cc_tipo":null,"profundidade_cm":null,"inacessivel":false,"posicao":null,"tampa":null,"condicao":null,"obstr_sup":null,"obstr_sup_tipo":null,"obstr_fundo":null,"obstr_fundo_tipo":null,"n_tubos":0,"tubos":"","area_critica":"AC03 — Ribeirão Morangueiro","entrega":"2026-10-02"},"geometry":{"type":"Point","coordinates":[-51.8902286,-23.4195186]}},
{"type":"Feature","properties":{"id":"B26100209:37037","equipe":"B","num":37,"codigo":"BLC","tipo":"Boca combinada","utm_E":409060.8177,"utm_N":7409755.64,"h_ortom":586.886,"material":"Concreto","cc_tipo":"Simples","profundidade_cm":105,"inacessivel":false,"posicao":"Esquina","tampa":"Ferro","condicao":"Boa","obstr_sup":"Parcial","obstr_sup_tipo":"Folhagem","obstr_fundo":"Parcial","obstr_fundo_tipo":"Folhagem","n_tubos":1,"tubos":"40cm SE","area_critica":"AC03 — Ribeirão Morangueiro","entrega":"2026-10-02"},"geometry":{"type":"Point","coordinates":[-51.8901216,-23.4195366]}},
{"type":"Feature","properties":{"id":"B26100209:43038","equipe":"B","num":38,"codigo":"BLO","tipo":"Boca de lobo","utm_E":409129.5301,"utm_N":7409775.536,"h_ortom":590.179,"material":"Concreto","cc_tipo":"Simples","profundidade_cm":126,"inacessivel":false,"posicao":"Meio de quadra","tampa":"Concreto","condicao":"Boa","obstr_sup":"Não","obstr_sup_tipo":"Nenhuma","obstr_fundo":"Não","obstr_fundo_tipo":"Nenhuma","n_tubos":1,"tubos":"40cm SS","area_critica":"AC03 — Ribeirão Morangueiro","entrega":"2026-10-02"},"geometry":{"type":"Point","coordinates":[-51.8894479,-23.4193607]}},
{"type":"Feature","properties":{"id":"B26100209:48039","equipe":"B","num":39,"codigo":"PTOALT","tipo":"Ponto alto (eixo)","utm_E":409197.9322,"utm_N":7409789.726,"h_ortom":590.935,"material":null,"cc_tipo":null,"profundidade_cm":null,"inacessivel":false,"posicao":null,"tampa":null,"condicao":null,"obstr_sup":null,"obstr_sup_tipo":null,"obstr_fundo":null,"obstr_fundo_tipo":null,"n_tubos":0,"tubos":"","area_critica":"AC03 — Ribeirão Morangueiro","entrega":"2026-10-02"},"geometry":{"type":"Point","coordinates":[-51.8887775,-23.4192364]}},
{"type":"Feature","properties":{"id":"B26100209:55040","equipe":"B","num":40,"codigo":"ESQUINA","tipo":"Esquina (eixo)","utm_E":408947.7464,"utm_N":7409710.659,"h_ortom":580.465,"material":null,"cc_tipo":null,"profundidade_cm":null,"inacessivel":false,"posicao":null,"tampa":null,"condicao":null,"obstr_sup":null,"obstr_sup_tipo":null,"obstr_fundo":null,"obstr_fundo_tipo":null,"n_tubos":0,"tubos":"","area_critica":"AC03 — Ribeirão Morangueiro","entrega":"2026-10-02"},"geometry":{"type":"Point","coordinates":[-51.8912309,-23.4199366]}},
{"type":"Feature","properties":{"id":"B26100209:55041","equipe":"B","num":41,"codigo":"PTOBAI","tipo":"Ponto baixo (eixo)","utm_E":408950.2002,"utm_N":7409704.942,"h_ortom":580.513,"material":null,"cc_tipo":null,"profundidade_cm":null,"inacessivel":false,"posicao":null,"tampa":null,"condicao":null,"obstr_sup":null,"obstr_sup_tipo":null,"obstr_fundo":null,"obstr_fundo_tipo":null,"n_tubos":0,"tubos":"","area_critica":"AC03 — Ribeirão Morangueiro","entrega":"2026-10-02"},"geometry":{"type":"Point","coordinates":[-51.8912073,-23.4199883]}},
{"type":"Feature","properties":{"id":"B26100209:56042","equipe":"B","num":42,"codigo":"PTOALT","tipo":"Ponto alto (eixo)","utm_E":408978.7189,"utm_N":7409618.249,"h_ortom":581.651,"material":null,"cc_tipo":null,"profundidade_cm":null,"inacessivel":false,"posicao":null,"tampa":null,"condicao":null,"obstr_sup":null,"obstr_sup_tipo":null,"obstr_fundo":null,"obstr_fundo_tipo":null,"n_tubos":0,"tubos":"","area_critica":"AC03 — Ribeirão Morangueiro","entrega":"2026-10-02"},"geometry":{"type":"Point","coordinates":[-51.8909334,-23.4207729]}},
{"type":"Feature","properties":{"id":"B26100209:56043","equipe":"B","num":43,"codigo":"ESQUINA","tipo":"Esquina (eixo)","utm_E":408980.4962,"utm_N":7409614.733,"h_ortom":581.726,"material":null,"cc_tipo":null,"profundidade_cm":null,"inacessivel":false,"posicao":null,"tampa":null,"condicao":null,"obstr_sup":null,"obstr_sup_tipo":null,"obstr_fundo":null,"obstr_fundo_tipo":null,"n_tubos":0,"tubos":"","area_critica":"AC03 — Ribeirão Morangueiro","entrega":"2026-10-02"},"geometry":{"type":"Point","coordinates":[-51.8909162,-23.4208048]}},
{"type":"Feature","properties":{"id":"B26100209:56044","equipe":"B","num":44,"codigo":"BLO","tipo":"Boca de lobo","utm_E":408989.2479,"utm_N":7409614.376,"h_ortom":582.086,"material":"Concreto","cc_tipo":"Simples","profundidade_cm":85,"inacessivel":false,"posicao":"Meio de quadra","tampa":"Concreto","condicao":"Ruim","obstr_sup":"Não","obstr_sup_tipo":"Nenhuma","obstr_fundo":"Parcial","obstr_fundo_tipo":"Resíduo","n_tubos":1,"tubos":"40cm NN","area_critica":"AC03 — Ribeirão Morangueiro","entrega":"2026-10-02"},"geometry":{"type":"Point","coordinates":[-51.8908306,-23.4208085]}},
{"type":"Feature","properties":{"id":"B26100210:00045","equipe":"B","num":45,"codigo":"BLO","tipo":"Boca de lobo","utm_E":408985.1981,"utm_N":7409621.674,"h_ortom":582.014,"material":"Concreto","cc_tipo":"Simples","profundidade_cm":85,"inacessivel":false,"posicao":"Esquina","tampa":"Concreto","condicao":"Boa","obstr_sup":"Não","obstr_sup_tipo":"Nenhuma","obstr_fundo":"Parcial","obstr_fundo_tipo":"Resíduo","n_tubos":1,"tubos":"40cm SS","area_critica":"AC03 — Ribeirão Morangueiro","entrega":"2026-10-02"},"geometry":{"type":"Point","coordinates":[-51.8908698,-23.4207424]}},
{"type":"Feature","properties":{"id":"B26100210:04046","equipe":"B","num":46,"codigo":"BLO","tipo":"Boca de lobo","utm_E":409030.2575,"utm_N":7409642.25,"h_ortom":584.387,"material":"Concreto","cc_tipo":"Simples","profundidade_cm":110,"inacessivel":false,"posicao":"Meio de quadra","tampa":"Concreto","condicao":"Boa","obstr_sup":"Não","obstr_sup_tipo":"Nenhuma","obstr_fundo":"Parcial","obstr_fundo_tipo":"Resíduo","n_tubos":1,"tubos":"40cm SS","area_critica":"AC03 — Ribeirão Morangueiro","entrega":"2026-10-02"},"geometry":{"type":"Point","coordinates":[-51.8904275,-23.420559]}},
{"type":"Feature","properties":{"id":"B26100210:06047","equipe":"B","num":47,"codigo":"BLO","tipo":"Boca de lobo","utm_E":409035.0144,"utm_N":7409635.278,"h_ortom":584.523,"material":"Concreto","cc_tipo":"Simples","profundidade_cm":110,"inacessivel":false,"posicao":"Meio de quadra","tampa":"Concreto","condicao":"Boa","obstr_sup":"Não","obstr_sup_tipo":"Nenhuma","obstr_fundo":"Parcial","obstr_fundo_tipo":"Resíduo","n_tubos":1,"tubos":"40cm NN","area_critica":"AC03 — Ribeirão Morangueiro","entrega":"2026-10-02"},"geometry":{"type":"Point","coordinates":[-51.8903814,-23.4206223]}},
{"type":"Feature","properties":{"id":"B26100210:13048","equipe":"B","num":48,"codigo":"ESQUINA","tipo":"Esquina (eixo)","utm_E":408843.2729,"utm_N":7409687.849,"h_ortom":575.457,"material":null,"cc_tipo":null,"profundidade_cm":null,"inacessivel":false,"posicao":null,"tampa":null,"condicao":null,"obstr_sup":null,"obstr_sup_tipo":null,"obstr_fundo":null,"obstr_fundo_tipo":null,"n_tubos":0,"tubos":"","area_critica":"AC03 — Ribeirão Morangueiro","entrega":"2026-10-02"},"geometry":{"type":"Point","coordinates":[-51.8922548,-23.4201367]}},
{"type":"Feature","properties":{"id":"B26100210:17050","equipe":"B","num":50,"codigo":"PTOBAI","tipo":"Ponto baixo (eixo)","utm_E":408841.6661,"utm_N":7409693.788,"h_ortom":575.493,"material":null,"cc_tipo":null,"profundidade_cm":null,"inacessivel":false,"posicao":null,"tampa":null,"condicao":null,"obstr_sup":null,"obstr_sup_tipo":null,"obstr_fundo":null,"obstr_fundo_tipo":null,"n_tubos":0,"tubos":"","area_critica":"AC03 — Ribeirão Morangueiro","entrega":"2026-10-02"},"geometry":{"type":"Point","coordinates":[-51.8922702,-23.420083]}},
{"type":"Feature","properties":{"id":"B26100210:18052","equipe":"B","num":52,"codigo":"PTOALT","tipo":"Ponto alto (eixo)","utm_E":408825.393,"utm_N":7409749.769,"h_ortom":574.831,"material":null,"cc_tipo":null,"profundidade_cm":null,"inacessivel":false,"posicao":null,"tampa":null,"condicao":null,"obstr_sup":null,"obstr_sup_tipo":null,"obstr_fundo":null,"obstr_fundo_tipo":null,"n_tubos":0,"tubos":"","area_critica":"AC03 — Ribeirão Morangueiro","entrega":"2026-10-02","tambem":"B26100210:18051 (ESQUINA)"},"geometry":{"type":"Point","coordinates":[-51.8924261,-23.4195765]}},
{"type":"Feature","properties":{"id":"B26100210:18053","equipe":"B","num":53,"codigo":"BLO","tipo":"Boca de lobo","utm_E":408823.4066,"utm_N":7409741.769,"h_ortom":574.807,"material":"Concreto","cc_tipo":"Simples","profundidade_cm":145,"inacessivel":false,"posicao":"Esquina","tampa":"Concreto","condicao":"Boa","obstr_sup":"Não","obstr_sup_tipo":"Nenhuma","obstr_fundo":"Parcial","obstr_fundo_tipo":"Resíduo","n_tubos":1,"tubos":"40cm EE","area_critica":"AC03 — Ribeirão Morangueiro","entrega":"2026-10-02"},"geometry":{"type":"Point","coordinates":[-51.892446,-23.4196486]}},
{"type":"Feature","properties":{"id":"B26100210:22054","equipe":"B","num":54,"codigo":"BLO","tipo":"Boca de lobo","utm_E":408831.4229,"utm_N":7409744.012,"h_ortom":574.904,"material":"Concreto","cc_tipo":"Simples","profundidade_cm":135,"inacessivel":false,"posicao":"Esquina","tampa":"Ferro","condicao":"Boa","obstr_sup":"Não","obstr_sup_tipo":"Nenhuma","obstr_fundo":"Não","obstr_fundo_tipo":"Nenhuma","n_tubos":1,"tubos":"40cm WW","area_critica":"AC03 — Ribeirão Morangueiro","entrega":"2026-10-02"},"geometry":{"type":"Point","coordinates":[-51.8923674,-23.4196288]}},
{"type":"Feature","properties":{"id":"B26100210:25055","equipe":"B","num":55,"codigo":"BLO","tipo":"Boca de lobo","utm_E":408833.6541,"utm_N":7409747.74,"h_ortom":575.067,"material":"Concreto","cc_tipo":"Simples","profundidade_cm":135,"inacessivel":false,"posicao":"Esquina","tampa":"Ferro","condicao":"Ruim","obstr_sup":"Não","obstr_sup_tipo":"Nenhuma","obstr_fundo":"Não","obstr_fundo_tipo":"Nenhuma","n_tubos":2,"tubos":"40cm NN; 10cm EE","area_critica":"AC03 — Ribeirão Morangueiro","entrega":"2026-10-02"},"geometry":{"type":"Point","coordinates":[-51.8923453,-23.4195953]}},
{"type":"Feature","properties":{"id":"B26100210:29056","equipe":"B","num":56,"codigo":"BLO","tipo":"Boca de lobo","utm_E":408831.2846,"utm_N":7409755.597,"h_ortom":574.978,"material":"Concreto","cc_tipo":"Simples","profundidade_cm":135,"inacessivel":false,"posicao":"Esquina","tampa":"Concreto","condicao":"Boa","obstr_sup":"Não","obstr_sup_tipo":"Nenhuma","obstr_fundo":"Não","obstr_fundo_tipo":"Nenhuma","n_tubos":1,"tubos":"40cm SS","area_critica":"AC03 — Ribeirão Morangueiro","entrega":"2026-10-02"},"geometry":{"type":"Point","coordinates":[-51.892368,-23.4195242]}},
{"type":"Feature","properties":{"id":"B26100210:35057","equipe":"B","num":57,"codigo":"BLO","tipo":"Boca de lobo","utm_E":408895.0189,"utm_N":7409765.401,"h_ortom":577.956,"material":"Concreto","cc_tipo":"Simples","profundidade_cm":120,"inacessivel":false,"posicao":"Meio de quadra","tampa":"Concreto","condicao":"Boa","obstr_sup":"Não","obstr_sup_tipo":"Nenhuma","obstr_fundo":"Não","obstr_fundo_tipo":"Nenhuma","n_tubos":1,"tubos":"40cm NN","area_critica":"AC03 — Ribeirão Morangueiro","entrega":"2026-10-02"},"geometry":{"type":"Point","coordinates":[-51.8917437,-23.4194392]}},
{"type":"Feature","properties":{"id":"B26100210:38058","equipe":"B","num":58,"codigo":"BLO","tipo":"Boca de lobo","utm_E":408964.635,"utm_N":7409785.42,"h_ortom":581.518,"material":"Concreto","cc_tipo":"Simples","profundidade_cm":null,"inacessivel":true,"posicao":"Meio de quadra","tampa":"Concreto","condicao":"Boa","obstr_sup":"Total","obstr_sup_tipo":"Solo","obstr_fundo":"Total","obstr_fundo_tipo":"Solo","n_tubos":0,"tubos":"","area_critica":"AC03 — Ribeirão Morangueiro","entrega":"2026-10-02"},"geometry":{"type":"Point","coordinates":[-51.8910611,-23.4192623]}},
{"type":"Feature","properties":{"id":"B26100210:40059","equipe":"B","num":59,"codigo":"ESQUINA","tipo":"Esquina (eixo)","utm_E":409034.7686,"utm_N":7409809.94,"h_ortom":586.064,"material":null,"cc_tipo":null,"profundidade_cm":null,"inacessivel":false,"posicao":null,"tampa":null,"condicao":null,"obstr_sup":null,"obstr_sup_tipo":null,"obstr_fundo":null,"obstr_fundo_tipo":null,"n_tubos":0,"tubos":"","area_critica":"AC03 — Ribeirão Morangueiro","entrega":"2026-10-02"},"geometry":{"type":"Point","coordinates":[-51.8903732,-23.4190447]}},
{"type":"Feature","properties":{"id":"B26100210:40060","equipe":"B","num":60,"codigo":"BLO","tipo":"Boca de lobo","utm_E":409032.4788,"utm_N":7409802.646,"h_ortom":586.062,"material":"Concreto","cc_tipo":"Simples","profundidade_cm":155,"inacessivel":false,"posicao":"Esquina","tampa":"Concreto","condicao":"Boa","obstr_sup":"Não","obstr_sup_tipo":"Nenhuma","obstr_fundo":"Não","obstr_fundo_tipo":"Nenhuma","n_tubos":1,"tubos":"40cm EE","area_critica":"AC03 — Ribeirão Morangueiro","entrega":"2026-10-02"},"geometry":{"type":"Point","coordinates":[-51.8903961,-23.4191105]}},
{"type":"Feature","properties":{"id":"B26100210:43061","equipe":"B","num":61,"codigo":"BLO","tipo":"Boca de lobo","utm_E":409042.2827,"utm_N":7409807.782,"h_ortom":586.207,"material":"Concreto","cc_tipo":"Simples","profundidade_cm":135,"inacessivel":false,"posicao":"Esquina","tampa":"Concreto","condicao":"Ruim","obstr_sup":"Não","obstr_sup_tipo":"Nenhuma","obstr_fundo":"Parcial","obstr_fundo_tipo":"Resíduo","n_tubos":1,"tubos":"40cm NN","area_critica":"AC03 — Ribeirão Morangueiro","entrega":"2026-10-02"},"geometry":{"type":"Point","coordinates":[-51.8902998,-23.4190646]}},
{"type":"Feature","properties":{"id":"B26100210:47062","equipe":"B","num":62,"codigo":"BLO","tipo":"Boca de lobo","utm_E":409123.0159,"utm_N":7409839.645,"h_ortom":589.598,"material":"Concreto","cc_tipo":"Simples","profundidade_cm":85,"inacessivel":false,"posicao":"Meio de quadra","tampa":"Concreto","condicao":"Ruim","obstr_sup":"Não","obstr_sup_tipo":"Nenhuma","obstr_fundo":"Parcial","obstr_fundo_tipo":"Resíduo","n_tubos":2,"tubos":"150cm NN; 40cm SS","area_critica":"AC03 — Ribeirão Morangueiro","entrega":"2026-10-02"},"geometry":{"type":"Point","coordinates":[-51.8895077,-23.4187814]}},
{"type":"Feature","properties":{"id":"B26100210:55063","equipe":"B","num":63,"codigo":"BLO","tipo":"Boca de lobo","utm_E":409112.8258,"utm_N":7409893.619,"h_ortom":588.434,"material":"Concreto","cc_tipo":"Simples","profundidade_cm":79,"inacessivel":false,"posicao":"Meio de quadra","tampa":"Concreto","condicao":"Boa","obstr_sup":"Não","obstr_sup_tipo":"Nenhuma","obstr_fundo":"Não","obstr_fundo_tipo":"Nenhuma","n_tubos":1,"tubos":"40cm NN","area_critica":"AC03 — Ribeirão Morangueiro","entrega":"2026-10-02"},"geometry":{"type":"Point","coordinates":[-51.8896042,-23.4182933]}},
{"type":"Feature","properties":{"id":"B26100210:56064","equipe":"B","num":64,"codigo":"ESQUINA","tipo":"Esquina (eixo)","utm_E":409016.9631,"utm_N":7409871.405,"h_ortom":585.191,"material":null,"cc_tipo":null,"profundidade_cm":null,"inacessivel":false,"posicao":null,"tampa":null,"condicao":null,"obstr_sup":null,"obstr_sup_tipo":null,"obstr_fundo":null,"obstr_fundo_tipo":null,"n_tubos":0,"tubos":"","area_critica":"AC03 — Ribeirão Morangueiro","entrega":"2026-10-02"},"geometry":{"type":"Point","coordinates":[-51.8905438,-23.4184886]}},
{"type":"Feature","properties":{"id":"B26100210:58065","equipe":"B","num":65,"codigo":"BLO","tipo":"Boca de lobo","utm_E":409026.2337,"utm_N":7409868.788,"h_ortom":585.143,"material":"Alvenaria tijolo","cc_tipo":"Simples","profundidade_cm":135,"inacessivel":false,"posicao":"Esquina","tampa":"Concreto","condicao":"Ruim","obstr_sup":"Não","obstr_sup_tipo":"Nenhuma","obstr_fundo":"Não","obstr_fundo_tipo":"Nenhuma","n_tubos":1,"tubos":"40cm WW","area_critica":"AC03 — Ribeirão Morangueiro","entrega":"2026-10-02"},"geometry":{"type":"Point","coordinates":[-51.8904532,-23.4185127]}},
{"type":"Feature","properties":{"id":"B26100211:03066","equipe":"B","num":66,"codigo":"BLO","tipo":"Boca de lobo","utm_E":408938.2207,"utm_N":7409843.217,"h_ortom":579.679,"material":"Concreto","cc_tipo":"Simples","profundidade_cm":120,"inacessivel":false,"posicao":"Meio de quadra","tampa":"Concreto","condicao":"Boa","obstr_sup":"Não","obstr_sup_tipo":"Nenhuma","obstr_fundo":"Não","obstr_fundo_tipo":"Nenhuma","n_tubos":1,"tubos":"40cm NN","area_critica":"AC03 — Ribeirão Morangueiro","entrega":"2026-10-02"},"geometry":{"type":"Point","coordinates":[-51.8913161,-23.4187388]}},
{"type":"Feature","properties":{"id":"B26100211:09067","equipe":"B","num":67,"codigo":"BLO","tipo":"Boca de lobo","utm_E":408868.4979,"utm_N":7409823.154,"h_ortom":576.223,"material":"Concreto","cc_tipo":"Simples","profundidade_cm":140,"inacessivel":false,"posicao":"Meio de quadra","tampa":"Concreto","condicao":"Boa","obstr_sup":"Não","obstr_sup_tipo":"Nenhuma","obstr_fundo":"Não","obstr_fundo_tipo":"Nenhuma","n_tubos":1,"tubos":"40cm NN","area_critica":"AC03 — Ribeirão Morangueiro","entrega":"2026-10-02"},"geometry":{"type":"Point","coordinates":[-51.8919997,-23.4189161]}},
{"type":"Feature","properties":{"id":"B26100211:12068","equipe":"B","num":68,"codigo":"ESQUINA","tipo":"Esquina (eixo)","utm_E":408807.6677,"utm_N":7409811.129,"h_ortom":573.497,"material":null,"cc_tipo":null,"profundidade_cm":null,"inacessivel":false,"posicao":null,"tampa":null,"condicao":null,"obstr_sup":null,"obstr_sup_tipo":null,"obstr_fundo":null,"obstr_fundo_tipo":null,"n_tubos":0,"tubos":"","area_critica":"AC03 — Ribeirão Morangueiro","entrega":"2026-10-02"},"geometry":{"type":"Point","coordinates":[-51.8925958,-23.4190213]}},
{"type":"Feature","properties":{"id":"B26100211:13069","equipe":"B","num":69,"codigo":"BLO","tipo":"Boca de lobo","utm_E":408814.2734,"utm_N":7409803.666,"h_ortom":573.574,"material":"Concreto","cc_tipo":"Simples","profundidade_cm":125,"inacessivel":false,"posicao":"Esquina","tampa":"Concreto","condicao":"Boa","obstr_sup":"Não","obstr_sup_tipo":"Nenhuma","obstr_fundo":"Não","obstr_fundo_tipo":"Nenhuma","n_tubos":1,"tubos":"40cm WW","area_critica":"AC03 — Ribeirão Morangueiro","entrega":"2026-10-02"},"geometry":{"type":"Point","coordinates":[-51.8925316,-23.4190891]}},
{"type":"Feature","properties":{"id":"B26100211:17070","equipe":"B","num":70,"codigo":"BLC","tipo":"Boca combinada","utm_E":408717.2092,"utm_N":7409779.829,"h_ortom":569.2,"material":"Concreto","cc_tipo":"Simples","profundidade_cm":85,"inacessivel":false,"posicao":"Meio de quadra","tampa":"Concreto","condicao":"Boa","obstr_sup":"Não","obstr_sup_tipo":"Nenhuma","obstr_fundo":"Não","obstr_fundo_tipo":"Nenhuma","n_tubos":1,"tubos":"40cm NN","area_critica":"AC03 — Ribeirão Morangueiro","entrega":"2026-10-02"},"geometry":{"type":"Point","coordinates":[-51.893483,-23.4192989]}},
{"type":"Feature","properties":{"id":"B26100211:21071","equipe":"B","num":71,"codigo":"PTOBAI","tipo":"Ponto baixo (eixo)","utm_E":408641.1174,"utm_N":7409763.34,"h_ortom":565.859,"material":null,"cc_tipo":null,"profundidade_cm":null,"inacessivel":false,"posicao":null,"tampa":null,"condicao":null,"obstr_sup":null,"obstr_sup_tipo":null,"obstr_fundo":null,"obstr_fundo_tipo":null,"n_tubos":0,"tubos":"","area_critica":"AC03 — Ribeirão Morangueiro","entrega":"2026-10-02"},"geometry":{"type":"Point","coordinates":[-51.8942288,-23.4194436]}},
{"type":"Feature","properties":{"id":"B26100213:15073","equipe":"B","num":73,"codigo":"BLO","tipo":"Boca de lobo","utm_E":408589.6832,"utm_N":7409804.171,"h_ortom":562.983,"material":"Concreto","cc_tipo":"Simples","profundidade_cm":120,"inacessivel":false,"posicao":"Meio de quadra","tampa":"Concreto","condicao":"Boa","obstr_sup":"Não","obstr_sup_tipo":"Nenhuma","obstr_fundo":"Não","obstr_fundo_tipo":"Nenhuma","n_tubos":1,"tubos":"60cm SE","area_critica":"AC03 — Ribeirão Morangueiro","entrega":"2026-10-02"},"geometry":{"type":"Point","coordinates":[-51.8947297,-23.4190719]}},
{"type":"Feature","properties":{"id":"B26100213:18074","equipe":"B","num":74,"codigo":"ESQUINA","tipo":"Esquina (eixo)","utm_E":408602.649,"utm_N":7409819.146,"h_ortom":563.205,"material":null,"cc_tipo":null,"profundidade_cm":null,"inacessivel":false,"posicao":null,"tampa":null,"condicao":null,"obstr_sup":null,"obstr_sup_tipo":null,"obstr_fundo":null,"obstr_fundo_tipo":null,"n_tubos":0,"tubos":"","area_critica":"AC03 — Ribeirão Morangueiro","entrega":"2026-10-02"},"geometry":{"type":"Point","coordinates":[-51.8946019,-23.4189374]}},
{"type":"Feature","properties":{"id":"B26100213:19075","equipe":"B","num":75,"codigo":"PTOBAI","tipo":"Ponto baixo (eixo)","utm_E":408607.0799,"utm_N":7409820.558,"h_ortom":563.306,"material":null,"cc_tipo":null,"profundidade_cm":null,"inacessivel":false,"posicao":null,"tampa":null,"condicao":null,"obstr_sup":null,"obstr_sup_tipo":null,"obstr_fundo":null,"obstr_fundo_tipo":null,"n_tubos":0,"tubos":"","area_critica":"AC03 — Ribeirão Morangueiro","entrega":"2026-10-02"},"geometry":{"type":"Point","coordinates":[-51.8945584,-23.4189249]}},
{"type":"Feature","properties":{"id":"B26100213:19076","equipe":"B","num":76,"codigo":"BLO","tipo":"Boca de lobo","utm_E":408599.8959,"utm_N":7409823.035,"h_ortom":563.102,"material":"Concreto","cc_tipo":"Simples","profundidade_cm":120,"inacessivel":false,"posicao":"Meio de quadra","tampa":"Concreto","condicao":"Boa","obstr_sup":"Não","obstr_sup_tipo":"Nenhuma","obstr_fundo":"Não","obstr_fundo_tipo":"Nenhuma","n_tubos":1,"tubos":"60cm SE","area_critica":"AC03 — Ribeirão Morangueiro","entrega":"2026-10-02"},"geometry":{"type":"Point","coordinates":[-51.8946286,-23.4189021]}},
{"type":"Feature","properties":{"id":"B26100213:22077","equipe":"B","num":77,"codigo":"BLO","tipo":"Boca de lobo","utm_E":408606.2913,"utm_N":7409834.67,"h_ortom":563.188,"material":"Concreto","cc_tipo":"Simples","profundidade_cm":140,"inacessivel":false,"posicao":"Meio de quadra","tampa":"Concreto","condicao":"Boa","obstr_sup":"Não","obstr_sup_tipo":"Nenhuma","obstr_fundo":"Não","obstr_fundo_tipo":"Nenhuma","n_tubos":1,"tubos":"60cm SE","area_critica":"AC03 — Ribeirão Morangueiro","entrega":"2026-10-02"},"geometry":{"type":"Point","coordinates":[-51.8945653,-23.4187974]}},
{"type":"Feature","properties":{"id":"B26100213:26078","equipe":"B","num":78,"codigo":"BLO","tipo":"Boca de lobo","utm_E":408697.7999,"utm_N":7409850.742,"h_ortom":567.378,"material":"Concreto","cc_tipo":"Simples","profundidade_cm":150,"inacessivel":false,"posicao":"Meio de quadra","tampa":"Concreto","condicao":"Boa","obstr_sup":"Não","obstr_sup_tipo":"Nenhuma","obstr_fundo":"Não","obstr_fundo_tipo":"Nenhuma","n_tubos":3,"tubos":"40cm SS; 10cm EE; 10cm EE","area_critica":"AC03 — Ribeirão Morangueiro","entrega":"2026-10-02"},"geometry":{"type":"Point","coordinates":[-51.8936687,-23.4186574]}},
{"type":"Feature","properties":{"id":"B26100213:31079","equipe":"B","num":79,"codigo":"ESQUINA","tipo":"Esquina (eixo)","utm_E":408789.8547,"utm_N":7409872.668,"h_ortom":571.955,"material":null,"cc_tipo":null,"profundidade_cm":null,"inacessivel":false,"posicao":null,"tampa":null,"condicao":null,"obstr_sup":null,"obstr_sup_tipo":null,"obstr_fundo":null,"obstr_fundo_tipo":null,"n_tubos":0,"tubos":"","area_critica":"AC03 — Ribeirão Morangueiro","entrega":"2026-10-02"},"geometry":{"type":"Point","coordinates":[-51.8927664,-23.4184645]}},
{"type":"Feature","properties":{"id":"B26100213:32080","equipe":"B","num":80,"codigo":"BLO","tipo":"Boca de lobo","utm_E":408798.047,"utm_N":7409870.818,"h_ortom":572.148,"material":"Concreto","cc_tipo":"Simples","profundidade_cm":115,"inacessivel":false,"posicao":"Esquina","tampa":"Concreto","condicao":"Boa","obstr_sup":"Parcial","obstr_sup_tipo":"Folhagem","obstr_fundo":"Não","obstr_fundo_tipo":"Nenhuma","n_tubos":1,"tubos":"40cm NN","area_critica":"AC03 — Ribeirão Morangueiro","entrega":"2026-10-02"},"geometry":{"type":"Point","coordinates":[-51.8926864,-23.4184817]}},
{"type":"Feature","properties":{"id":"B26100213:39081","equipe":"B","num":81,"codigo":"BLO","tipo":"Boca de lobo","utm_E":408795.0046,"utm_N":7409878.623,"h_ortom":572.083,"material":"Concreto","cc_tipo":"Simples","profundidade_cm":null,"inacessivel":true,"posicao":"Esquina","tampa":"Concreto","condicao":"Boa","obstr_sup":"Total","obstr_sup_tipo":"Solo","obstr_fundo":"Total","obstr_fundo_tipo":"Solo","n_tubos":0,"tubos":"","area_critica":"AC03 — Ribeirão Morangueiro","entrega":"2026-10-02"},"geometry":{"type":"Point","coordinates":[-51.8927157,-23.418411]}},
{"type":"Feature","properties":{"id":"B26100213:42082","equipe":"B","num":82,"codigo":"BLO","tipo":"Boca de lobo","utm_E":408934.1779,"utm_N":7409918.512,"h_ortom":579.231,"material":"Concreto","cc_tipo":"Múltipla","profundidade_cm":140,"inacessivel":false,"posicao":"Meio de quadra","tampa":"Concreto","condicao":"Ruim","obstr_sup":"Parcial","obstr_sup_tipo":"Folhagem","obstr_fundo":"Parcial","obstr_fundo_tipo":"Resíduo","n_tubos":2,"tubos":"40cm SS; 10cm NN","area_critica":"AC03 — Ribeirão Morangueiro","entrega":"2026-10-02"},"geometry":{"type":"Point","coordinates":[-51.8913511,-23.4180585]}},
{"type":"Feature","properties":{"id":"B26100213:51083","equipe":"B","num":83,"codigo":"ESQUINA","tipo":"Esquina (eixo)","utm_E":408999.5943,"utm_N":7409932.994,"h_ortom":583.982,"material":null,"cc_tipo":null,"profundidade_cm":null,"inacessivel":false,"posicao":null,"tampa":null,"condicao":null,"obstr_sup":null,"obstr_sup_tipo":null,"obstr_fundo":null,"obstr_fundo_tipo":null,"n_tubos":0,"tubos":"","area_critica":"AC03 — Ribeirão Morangueiro","entrega":"2026-10-02"},"geometry":{"type":"Point","coordinates":[-51.89071,-23.4179314]}},
{"type":"Feature","properties":{"id":"B26100213:52084","equipe":"B","num":84,"codigo":"BLO","tipo":"Boca de lobo","utm_E":409006.9381,"utm_N":7409930.848,"h_ortom":584.006,"material":"Concreto","cc_tipo":"Simples","profundidade_cm":140,"inacessivel":false,"posicao":"Esquina","tampa":"Concreto","condicao":"Boa","obstr_sup":"Não","obstr_sup_tipo":"Nenhuma","obstr_fundo":"Não","obstr_fundo_tipo":"Nenhuma","n_tubos":1,"tubos":"40cm NN","area_critica":"AC03 — Ribeirão Morangueiro","entrega":"2026-10-02"},"geometry":{"type":"Point","coordinates":[-51.8906383,-23.4179511]}},
{"type":"Feature","properties":{"id":"B26100213:56085","equipe":"B","num":85,"codigo":"BLO","tipo":"Boca de lobo","utm_E":409004.8598,"utm_N":7409938.827,"h_ortom":583.97,"material":"Concreto","cc_tipo":"Simples","profundidade_cm":160,"inacessivel":false,"posicao":"Esquina","tampa":"Concreto","condicao":"Boa","obstr_sup":"Não","obstr_sup_tipo":"Nenhuma","obstr_fundo":"Não","obstr_fundo_tipo":"Nenhuma","n_tubos":1,"tubos":"40cm SS","area_critica":"AC03 — Ribeirão Morangueiro","entrega":"2026-10-02"},"geometry":{"type":"Point","coordinates":[-51.8906581,-23.417879]}},
{"type":"Feature","properties":{"id":"B26100213:59086","equipe":"B","num":86,"codigo":"BLO","tipo":"Boca de lobo","utm_E":409098.5063,"utm_N":7409965.691,"h_ortom":587.155,"material":"Alvenaria tijolo","cc_tipo":"Simples","profundidade_cm":120,"inacessivel":false,"posicao":"Meio de quadra","tampa":"Concreto","condicao":"Boa","obstr_sup":"Não","obstr_sup_tipo":"Nenhuma","obstr_fundo":"Parcial","obstr_fundo_tipo":"Resíduo","n_tubos":1,"tubos":"40cm SS","area_critica":"AC03 — Ribeirão Morangueiro","entrega":"2026-10-02"},"geometry":{"type":"Point","coordinates":[-51.88974,-23.4176416]}},
{"type":"Feature","properties":{"id":"B26100214:06087","equipe":"B","num":87,"codigo":"BLO","tipo":"Boca de lobo","utm_E":409063.9016,"utm_N":7410020.387,"h_ortom":585.873,"material":"Concreto","cc_tipo":"Simples","profundidade_cm":null,"inacessivel":true,"posicao":"Meio de quadra","tampa":"Concreto","condicao":"Boa","obstr_sup":"Total","obstr_sup_tipo":"Solo","obstr_fundo":"Total","obstr_fundo_tipo":"Solo","n_tubos":0,"tubos":"","area_critica":"AC03 — Ribeirão Morangueiro","entrega":"2026-10-02"},"geometry":{"type":"Point","coordinates":[-51.8900754,-23.4171456]}},
{"type":"Feature","properties":{"id":"B26100214:10088","equipe":"B","num":88,"codigo":"BLO","tipo":"Boca de lobo","utm_E":408987.5161,"utm_N":7409998.425,"h_ortom":582.947,"material":"Concreto","cc_tipo":"Simples","profundidade_cm":135,"inacessivel":false,"posicao":"Esquina","tampa":"Concreto","condicao":"Boa","obstr_sup":"Não","obstr_sup_tipo":"Nenhuma","obstr_fundo":"Parcial","obstr_fundo_tipo":"Resíduo","n_tubos":1,"tubos":"40cm SS","area_critica":"AC03 — Ribeirão Morangueiro","entrega":"2026-10-02"},"geometry":{"type":"Point","coordinates":[-51.8908243,-23.4173397]}},
{"type":"Feature","properties":{"id":"B26100214:13089","equipe":"B","num":89,"codigo":"BLO","tipo":"Boca de lobo","utm_E":408990.1126,"utm_N":7409990.572,"h_ortom":583.073,"material":"Concreto","cc_tipo":"Simples","profundidade_cm":140,"inacessivel":false,"posicao":"Esquina","tampa":"Concreto","condicao":"Boa","obstr_sup":"Não","obstr_sup_tipo":"Nenhuma","obstr_fundo":"Parcial","obstr_fundo_tipo":"Resíduo","n_tubos":1,"tubos":"40cm NN","area_critica":"AC03 — Ribeirão Morangueiro","entrega":"2026-10-02"},"geometry":{"type":"Point","coordinates":[-51.8907993,-23.4174108]}},
{"type":"Feature","properties":{"id":"B26100214:15090","equipe":"B","num":90,"codigo":"ESQUINA","tipo":"Esquina (eixo)","utm_E":408982.1349,"utm_N":7409992.598,"h_ortom":582.809,"material":null,"cc_tipo":null,"profundidade_cm":null,"inacessivel":false,"posicao":null,"tampa":null,"condicao":null,"obstr_sup":null,"obstr_sup_tipo":null,"obstr_fundo":null,"obstr_fundo_tipo":null,"n_tubos":0,"tubos":"","area_critica":"AC03 — Ribeirão Morangueiro","entrega":"2026-10-02"},"geometry":{"type":"Point","coordinates":[-51.8908773,-23.417392]}},
{"type":"Feature","properties":{"id":"B26100214:16091","equipe":"B","num":91,"codigo":"BLO","tipo":"Boca de lobo","utm_E":408910.3556,"utm_N":7409976.34,"h_ortom":577.595,"material":"Concreto","cc_tipo":"Simples","profundidade_cm":140,"inacessivel":false,"posicao":"Meio de quadra","tampa":"Concreto","condicao":"Boa","obstr_sup":"Não","obstr_sup_tipo":"Nenhuma","obstr_fundo":"Parcial","obstr_fundo_tipo":"Resíduo","n_tubos":1,"tubos":"40cm SS","area_critica":"AC03 — Ribeirão Morangueiro","entrega":"2026-10-02"},"geometry":{"type":"Point","coordinates":[-51.8915808,-23.4175349]}},
{"type":"Feature","properties":{"id":"B26100214:20092","equipe":"B","num":92,"codigo":"BLO","tipo":"Boca de lobo","utm_E":408841.94,"utm_N":7409956.664,"h_ortom":573.304,"material":"Alvenaria tijolo","cc_tipo":"Simples","profundidade_cm":135,"inacessivel":false,"posicao":"Esquina","tampa":"Concreto","condicao":"Ruim","obstr_sup":"Não","obstr_sup_tipo":"Nenhuma","obstr_fundo":"Parcial","obstr_fundo_tipo":"Resíduo","n_tubos":1,"tubos":"40cm SS","area_critica":"AC03 — Ribeirão Morangueiro","entrega":"2026-10-02"},"geometry":{"type":"Point","coordinates":[-51.8922516,-23.4177088]}},
{"type":"Feature","properties":{"id":"B26100214:25093","equipe":"B","num":93,"codigo":"BLO","tipo":"Boca de lobo","utm_E":408778.5594,"utm_N":7409938.499,"h_ortom":570.103,"material":"Concreto","cc_tipo":"Simples","profundidade_cm":null,"inacessivel":true,"posicao":"Esquina","tampa":"Concreto","condicao":"Boa","obstr_sup":"Total","obstr_sup_tipo":"Solo","obstr_fundo":"Total","obstr_fundo_tipo":"Solo","n_tubos":0,"tubos":"","area_critica":"AC03 — Ribeirão Morangueiro","entrega":"2026-10-02"},"geometry":{"type":"Point","coordinates":[-51.892873,-23.4178693]}},
{"type":"Feature","properties":{"id":"B26100214:26094","equipe":"B","num":94,"codigo":"ESQUINA","tipo":"Esquina (eixo)","utm_E":408772.5691,"utm_N":7409932.438,"h_ortom":569.953,"material":null,"cc_tipo":null,"profundidade_cm":null,"inacessivel":false,"posicao":null,"tampa":null,"condicao":null,"obstr_sup":null,"obstr_sup_tipo":null,"obstr_fundo":null,"obstr_fundo_tipo":null,"n_tubos":0,"tubos":"","area_critica":"AC03 — Ribeirão Morangueiro","entrega":"2026-10-02"},"geometry":{"type":"Point","coordinates":[-51.892932,-23.4179237]}},
{"type":"Feature","properties":{"id":"B26100214:26095","equipe":"B","num":95,"codigo":"BLO","tipo":"Boca de lobo","utm_E":408770.6664,"utm_N":7409924.661,"h_ortom":570.065,"material":"Concreto","cc_tipo":"Simples","profundidade_cm":null,"inacessivel":true,"posicao":"Esquina","tampa":"Concreto","condicao":"Boa","obstr_sup":"Total","obstr_sup_tipo":"Solo","obstr_fundo":"Total","obstr_fundo_tipo":"Solo","n_tubos":0,"tubos":"","area_critica":"AC03 — Ribeirão Morangueiro","entrega":"2026-10-02"},"geometry":{"type":"Point","coordinates":[-51.8929511,-23.4179938]}},
{"type":"Feature","properties":{"id":"B26100214:30096","equipe":"B","num":96,"codigo":"BLO","tipo":"Boca de lobo","utm_E":408661.5584,"utm_N":7409896.227,"h_ortom":564.327,"material":"Concreto","cc_tipo":"Simples","profundidade_cm":120,"inacessivel":false,"posicao":"Meio de quadra","tampa":"Concreto","condicao":"Boa","obstr_sup":"Não","obstr_sup_tipo":"Nenhuma","obstr_fundo":"Não","obstr_fundo_tipo":"Nenhuma","n_tubos":1,"tubos":"40cm SE","area_critica":"AC03 — Ribeirão Morangueiro","entrega":"2026-10-02"},"geometry":{"type":"Point","coordinates":[-51.8940206,-23.4182445]}},
{"type":"Feature","properties":{"id":"B26100214:33097","equipe":"B","num":97,"codigo":"ESQUINA","tipo":"Esquina (eixo)","utm_E":408643.9828,"utm_N":7409895.509,"h_ortom":563.711,"material":null,"cc_tipo":null,"profundidade_cm":null,"inacessivel":false,"posicao":null,"tampa":null,"condicao":null,"obstr_sup":null,"obstr_sup_tipo":null,"obstr_fundo":null,"obstr_fundo_tipo":null,"n_tubos":0,"tubos":"","area_critica":"AC03 — Ribeirão Morangueiro","entrega":"2026-10-02"},"geometry":{"type":"Point","coordinates":[-51.8941927,-23.41825]}},
{"type":"Feature","properties":{"id":"B26100214:34098","equipe":"B","num":98,"codigo":"PTOBAI","tipo":"Ponto baixo (eixo)","utm_E":408649.5765,"utm_N":7409897.114,"h_ortom":563.775,"material":null,"cc_tipo":null,"profundidade_cm":null,"inacessivel":false,"posicao":null,"tampa":null,"condicao":null,"obstr_sup":null,"obstr_sup_tipo":null,"obstr_fundo":null,"obstr_fundo_tipo":null,"n_tubos":0,"tubos":"","area_critica":"AC03 — Ribeirão Morangueiro","entrega":"2026-10-02"},"geometry":{"type":"Point","coordinates":[-51.8941379,-23.4182358]}},
{"type":"Feature","properties":{"id":"B26100214:34099","equipe":"B","num":99,"codigo":"BLO","tipo":"Boca de lobo","utm_E":408641.5888,"utm_N":7409899.329,"h_ortom":563.747,"material":null,"cc_tipo":null,"profundidade_cm":null,"inacessivel":false,"posicao":null,"tampa":null,"condicao":null,"obstr_sup":null,"obstr_sup_tipo":null,"obstr_fundo":null,"obstr_fundo_tipo":null,"n_tubos":0,"tubos":"","area_critica":"AC03 — Ribeirão Morangueiro","entrega":"2026-10-02"},"geometry":{"type":"Point","coordinates":[-51.8942159,-23.4182154]}},
{"type":"Feature","properties":{"id":"B26100214:39100","equipe":"B","num":100,"codigo":"BLO","tipo":"Boca de lobo","utm_E":408674.0298,"utm_N":7409958.681,"h_ortom":564.523,"material":"Concreto","cc_tipo":"Simples","profundidade_cm":100,"inacessivel":false,"posicao":"Esquina","tampa":"Concreto","condicao":"Boa","obstr_sup":"Não","obstr_sup_tipo":"Nenhuma","obstr_fundo":"Parcial","obstr_fundo_tipo":"Resíduo","n_tubos":1,"tubos":"40cm SE","area_critica":"AC03 — Ribeirão Morangueiro","entrega":"2026-10-02"},"geometry":{"type":"Point","coordinates":[-51.8938948,-23.4176812]}},
{"type":"Feature","properties":{"id":"B26100214:42101","equipe":"B","num":101,"codigo":"BLO","tipo":"Boca de lobo","utm_E":408696.7701,"utm_N":7409983.009,"h_ortom":565.077,"material":"Concreto","cc_tipo":"Simples","profundidade_cm":75,"inacessivel":false,"posicao":"Esquina","tampa":"Concreto","condicao":"Boa","obstr_sup":"Parcial","obstr_sup_tipo":"Folhagem","obstr_fundo":"Parcial","obstr_fundo_tipo":"Resíduo","n_tubos":1,"tubos":"40cm SS","area_critica":"AC03 — Ribeirão Morangueiro","entrega":"2026-10-02"},"geometry":{"type":"Point","coordinates":[-51.8936708,-23.4174627]}},
{"type":"Feature","properties":{"id":"B26100214:48102","equipe":"B","num":102,"codigo":"ESQUINA","tipo":"Esquina (eixo)","utm_E":408755.9935,"utm_N":7409992.083,"h_ortom":568.18,"material":null,"cc_tipo":null,"profundidade_cm":null,"inacessivel":false,"posicao":null,"tampa":null,"condicao":null,"obstr_sup":null,"obstr_sup_tipo":null,"obstr_fundo":null,"obstr_fundo_tipo":null,"n_tubos":0,"tubos":"","area_critica":"AC03 — Ribeirão Morangueiro","entrega":"2026-10-02"},"geometry":{"type":"Point","coordinates":[-51.8930906,-23.4173841]}},
{"type":"Feature","properties":{"id":"B26100214:48103","equipe":"B","num":103,"codigo":"PTOBAI","tipo":"Ponto baixo (eixo)","utm_E":408757.0389,"utm_N":7409986.727,"h_ortom":568.248,"material":null,"cc_tipo":null,"profundidade_cm":null,"inacessivel":false,"posicao":null,"tampa":null,"condicao":null,"obstr_sup":null,"obstr_sup_tipo":null,"obstr_fundo":null,"obstr_fundo_tipo":null,"n_tubos":0,"tubos":"","area_critica":"AC03 — Ribeirão Morangueiro","entrega":"2026-10-02"},"geometry":{"type":"Point","coordinates":[-51.8930807,-23.4174325]}},
{"type":"Feature","properties":{"id":"B26100214:48104","equipe":"B","num":104,"codigo":"BLO","tipo":"Boca de lobo","utm_E":408763.8373,"utm_N":7409990.175,"h_ortom":568.345,"material":"Concreto","cc_tipo":"Simples","profundidade_cm":120,"inacessivel":false,"posicao":"Esquina","tampa":"Concreto","condicao":"Boa","obstr_sup":"Não","obstr_sup_tipo":"Nenhuma","obstr_fundo":"Não","obstr_fundo_tipo":"Nenhuma","n_tubos":1,"tubos":"40cm SS","area_critica":"AC03 — Ribeirão Morangueiro","entrega":"2026-10-02"},"geometry":{"type":"Point","coordinates":[-51.8930139,-23.4174017]}},
{"type":"Feature","properties":{"id":"B26100214:53105","equipe":"B","num":105,"codigo":"BLO","tipo":"Boca de lobo","utm_E":408761.9524,"utm_N":7409998.126,"h_ortom":568.4,"material":"Alvenaria tijolo","cc_tipo":"Simples","profundidade_cm":135,"inacessivel":false,"posicao":"Meio de quadra","tampa":"Concreto","condicao":"Ruim","obstr_sup":"Não","obstr_sup_tipo":"Nenhuma","obstr_fundo":"Parcial","obstr_fundo_tipo":"Resíduo","n_tubos":1,"tubos":"40cm SS","area_critica":"AC03 — Ribeirão Morangueiro","entrega":"2026-10-02"},"geometry":{"type":"Point","coordinates":[-51.8930319,-23.4173298]}},
{"type":"Feature","properties":{"id":"B26100214:56106","equipe":"B","num":106,"codigo":"BLO","tipo":"Boca de lobo","utm_E":408835.5475,"utm_N":7410019.297,"h_ortom":572.679,"material":"Concreto","cc_tipo":"Simples","profundidade_cm":null,"inacessivel":true,"posicao":"Meio de quadra","tampa":"Concreto","condicao":"Boa","obstr_sup":"Não","obstr_sup_tipo":"Nenhuma","obstr_fundo":"Não","obstr_fundo_tipo":"Nenhuma","n_tubos":0,"tubos":"","area_critica":"AC03 — Ribeirão Morangueiro","entrega":"2026-10-02"},"geometry":{"type":"Point","coordinates":[-51.8923103,-23.4171427]}},
{"type":"Feature","properties":{"id":"B26100214:58107","equipe":"B","num":107,"codigo":"BLO","tipo":"Boca de lobo","utm_E":408902.6303,"utm_N":7410038.644,"h_ortom":577.093,"material":"Concreto","cc_tipo":"Simples","profundidade_cm":100,"inacessivel":false,"posicao":"Meio de quadra","tampa":"Concreto","condicao":"Boa","obstr_sup":"Não","obstr_sup_tipo":"Nenhuma","obstr_fundo":"Não","obstr_fundo_tipo":"Nenhuma","n_tubos":1,"tubos":"40cm SS","area_critica":"AC03 — Ribeirão Morangueiro","entrega":"2026-10-02"},"geometry":{"type":"Point","coordinates":[-51.8916526,-23.4169717]}},
{"type":"Feature","properties":{"id":"B26100215:02108","equipe":"B","num":108,"codigo":"ESQUINA","tipo":"Esquina (eixo)","utm_E":408965.0994,"utm_N":7410051.98,"h_ortom":581.842,"material":null,"cc_tipo":null,"profundidade_cm":null,"inacessivel":false,"posicao":null,"tampa":null,"condicao":null,"obstr_sup":null,"obstr_sup_tipo":null,"obstr_fundo":null,"obstr_fundo_tipo":null,"n_tubos":0,"tubos":"","area_critica":"AC03 — Ribeirão Morangueiro","entrega":"2026-10-02"},"geometry":{"type":"Point","coordinates":[-51.8910404,-23.4168548]}},
{"type":"Feature","properties":{"id":"B26100215:02109","equipe":"B","num":109,"codigo":"BLO","tipo":"Boca de lobo","utm_E":408973.0294,"utm_N":7410050.041,"h_ortom":582.138,"material":"Concreto","cc_tipo":"Simples","profundidade_cm":110,"inacessivel":false,"posicao":"Esquina","tampa":"Concreto","condicao":"Boa","obstr_sup":"Parcial","obstr_sup_tipo":"Folhagem","obstr_fundo":"Não","obstr_fundo_tipo":"Nenhuma","n_tubos":1,"tubos":"40cm NN","area_critica":"AC03 — Ribeirão Morangueiro","entrega":"2026-10-02"},"geometry":{"type":"Point","coordinates":[-51.8909629,-23.4168727]}},
{"type":"Feature","properties":{"id":"B26100215:10110","equipe":"B","num":110,"codigo":"BLO","tipo":"Boca de lobo","utm_E":409049.1712,"utm_N":7410071.973,"h_ortom":584.457,"material":"Concreto","cc_tipo":"Simples","profundidade_cm":110,"inacessivel":false,"posicao":"Meio de quadra","tampa":"Concreto","condicao":"Ruim","obstr_sup":"Parcial","obstr_sup_tipo":"Folhagem","obstr_fundo":"Não","obstr_fundo_tipo":"Nenhuma","n_tubos":1,"tubos":"40cm NN","area_critica":"AC03 — Ribeirão Morangueiro","entrega":"2026-10-02"},"geometry":{"type":"Point","coordinates":[-51.8902164,-23.4166789]}},
{"type":"Feature","properties":{"id":"B26100215:16111","equipe":"B","num":111,"codigo":"PTOALT","tipo":"Ponto alto (eixo)","utm_E":409073.211,"utm_N":7410147.713,"h_ortom":583.728,"material":null,"cc_tipo":null,"profundidade_cm":null,"inacessivel":false,"posicao":null,"tampa":null,"condicao":null,"obstr_sup":null,"obstr_sup_tipo":null,"obstr_fundo":null,"obstr_fundo_tipo":null,"n_tubos":0,"tubos":"","area_critica":"AC03 — Ribeirão Morangueiro","entrega":"2026-10-02"},"geometry":{"type":"Point","coordinates":[-51.8899766,-23.4159961]}},
{"type":"Feature","properties":{"id":"B26100215:18112","equipe":"B","num":112,"codigo":"BLO","tipo":"Boca de lobo","utm_E":409024.1023,"utm_N":7410137.733,"h_ortom":582.786,"material":"Concreto","cc_tipo":"Simples","profundidade_cm":150,"inacessivel":false,"posicao":"Meio de quadra","tampa":"Concreto","condicao":"Boa","obstr_sup":"Não","obstr_sup_tipo":"Nenhuma","obstr_fundo":"Não","obstr_fundo_tipo":"Nenhuma","n_tubos":1,"tubos":"40cm NN","area_critica":"AC03 — Ribeirão Morangueiro","entrega":"2026-10-02"},"geometry":{"type":"Point","coordinates":[-51.8904578,-23.4160835]}},
{"type":"Feature","properties":{"id":"B26100215:22113","equipe":"B","num":113,"codigo":"ESQUINA","tipo":"Esquina (eixo)","utm_E":408947.5099,"utm_N":7410111.959,"h_ortom":580.365,"material":null,"cc_tipo":null,"profundidade_cm":null,"inacessivel":false,"posicao":null,"tampa":null,"condicao":null,"obstr_sup":null,"obstr_sup_tipo":null,"obstr_fundo":null,"obstr_fundo_tipo":null,"n_tubos":0,"tubos":"","area_critica":"AC03 — Ribeirão Morangueiro","entrega":"2026-10-02"},"geometry":{"type":"Point","coordinates":[-51.891209,-23.4163121]}},
{"type":"Feature","properties":{"id":"B26100215:22114","equipe":"B","num":114,"codigo":"PTOBAI","tipo":"Ponto baixo (eixo)","utm_E":408948.4456,"utm_N":7410107.817,"h_ortom":580.377,"material":null,"cc_tipo":null,"profundidade_cm":null,"inacessivel":false,"posicao":null,"tampa":null,"condicao":null,"obstr_sup":null,"obstr_sup_tipo":null,"obstr_fundo":null,"obstr_fundo_tipo":null,"n_tubos":0,"tubos":"","area_critica":"AC03 — Ribeirão Morangueiro","entrega":"2026-10-02"},"geometry":{"type":"Point","coordinates":[-51.8912001,-23.4163495]}},
{"type":"Feature","properties":{"id":"B26100215:22115","equipe":"B","num":115,"codigo":"BLO","tipo":"Boca de lobo","utm_E":408953.7159,"utm_N":7410106.108,"h_ortom":580.503,"material":"Concreto","cc_tipo":"Simples","profundidade_cm":160,"inacessivel":false,"posicao":"Esquina","tampa":"Concreto","condicao":"Boa","obstr_sup":"Não","obstr_sup_tipo":"Nenhuma","obstr_fundo":"Não","obstr_fundo_tipo":"Nenhuma","n_tubos":1,"tubos":"40cm WW","area_critica":"AC03 — Ribeirão Morangueiro","entrega":"2026-10-02"},"geometry":{"type":"Point","coordinates":[-51.8911486,-23.4163652]}},
{"type":"Feature","properties":{"id":"B26100215:25116","equipe":"B","num":116,"codigo":"BLO","tipo":"Boca de lobo","utm_E":408954.3509,"utm_N":7410117.996,"h_ortom":580.713,"material":"Concreto","cc_tipo":"Simples","profundidade_cm":160,"inacessivel":false,"posicao":"Meio de quadra","tampa":"Concreto","condicao":"Boa","obstr_sup":"Não","obstr_sup_tipo":"Nenhuma","obstr_fundo":"Não","obstr_fundo_tipo":"Nenhuma","n_tubos":1,"tubos":"40cm SS","area_critica":"AC03 — Ribeirão Morangueiro","entrega":"2026-10-02"},"geometry":{"type":"Point","coordinates":[-51.8911416,-23.4162579]}},
{"type":"Feature","properties":{"id":"B26100215:29117","equipe":"B","num":117,"codigo":"BLO","tipo":"Boca de lobo","utm_E":408877.2766,"utm_N":7410095.819,"h_ortom":575.347,"material":"Concreto","cc_tipo":"Simples","profundidade_cm":190,"inacessivel":false,"posicao":"Meio de quadra","tampa":"Concreto","condicao":"Ruim","obstr_sup":"Parcial","obstr_sup_tipo":"Resíduo","obstr_fundo":"Não","obstr_fundo_tipo":"Nenhuma","n_tubos":1,"tubos":"40cm SS","area_critica":"AC03 — Ribeirão Morangueiro","entrega":"2026-10-02"},"geometry":{"type":"Point","coordinates":[-51.8918973,-23.4164539]}},
{"type":"Feature","properties":{"id":"B26100215:33118","equipe":"B","num":118,"codigo":"BLO","tipo":"Boca de lobo","utm_E":408811.2448,"utm_N":7410068.093,"h_ortom":571.009,"material":"Concreto","cc_tipo":"Simples","profundidade_cm":null,"inacessivel":true,"posicao":"Esquina","tampa":"Concreto","condicao":"Boa","obstr_sup":"Não","obstr_sup_tipo":"Nenhuma","obstr_fundo":"Não","obstr_fundo_tipo":"Nenhuma","n_tubos":0,"tubos":"","area_critica":"AC03 — Ribeirão Morangueiro","entrega":"2026-10-02"},"geometry":{"type":"Point","coordinates":[-51.8925452,-23.4167006]}},
{"type":"Feature","properties":{"id":"B26100215:36119","equipe":"B","num":119,"codigo":"BLO","tipo":"Boca de lobo","utm_E":408747.1647,"utm_N":7410049.699,"h_ortom":567.484,"material":"Concreto","cc_tipo":"Simples","profundidade_cm":140,"inacessivel":false,"posicao":"Esquina","tampa":"Concreto","condicao":"Boa","obstr_sup":"Parcial","obstr_sup_tipo":"Folhagem","obstr_fundo":"Não","obstr_fundo_tipo":"Nenhuma","n_tubos":1,"tubos":"40cm NN","area_critica":"AC03 — Ribeirão Morangueiro","entrega":"2026-10-02"},"geometry":{"type":"Point","coordinates":[-51.8931735,-23.4168632]}},
{"type":"Feature","properties":{"id":"B26100215:39120","equipe":"B","num":120,"codigo":"BLO","tipo":"Boca de lobo","utm_E":408738.1804,"utm_N":7410058.825,"h_ortom":566.781,"material":"Concreto","cc_tipo":"Simples","profundidade_cm":130,"inacessivel":false,"posicao":"Esquina","tampa":"Concreto","condicao":"Boa","obstr_sup":"Não","obstr_sup_tipo":"Nenhuma","obstr_fundo":"Não","obstr_fundo_tipo":"Nenhuma","n_tubos":1,"tubos":"40cm NW","area_critica":"AC03 — Ribeirão Morangueiro","entrega":"2026-10-02"},"geometry":{"type":"Point","coordinates":[-51.8932609,-23.4167803]}},
{"type":"Feature","properties":{"id":"B26100215:46121","equipe":"B","num":121,"codigo":"PTOALT","tipo":"Ponto alto (eixo)","utm_E":408592.1917,"utm_N":7409929.115,"h_ortom":560.891,"material":null,"cc_tipo":null,"profundidade_cm":null,"inacessivel":false,"posicao":null,"tampa":null,"condicao":null,"obstr_sup":null,"obstr_sup_tipo":null,"obstr_fundo":null,"obstr_fundo_tipo":null,"n_tubos":0,"tubos":"","area_critica":"","entrega":"2026-10-02"},"geometry":{"type":"Point","coordinates":[-51.8946975,-23.4179436]}},
{"type":"Feature","properties":{"id":"B26100215:47122","equipe":"B","num":122,"codigo":"BLO","tipo":"Boca de lobo","utm_E":408576.9387,"utm_N":7409892.526,"h_ortom":560.425,"material":"Concreto","cc_tipo":"Simples","profundidade_cm":140,"inacessivel":false,"posicao":"Meio de quadra","tampa":"Concreto","condicao":"Boa","obstr_sup":"Não","obstr_sup_tipo":"Nenhuma","obstr_fundo":"Não","obstr_fundo_tipo":"Nenhuma","n_tubos":2,"tubos":"40cm NW; 150cm SE","area_critica":"AC03 — Ribeirão Morangueiro","entrega":"2026-10-02"},"geometry":{"type":"Point","coordinates":[-51.894849,-23.4182732]}},
{"type":"Feature","properties":{"id":"B26100215:51123","equipe":"B","num":123,"codigo":"PTOBAI","tipo":"Ponto baixo (eixo)","utm_E":408533.7706,"utm_N":7409822.33,"h_ortom":559.477,"material":null,"cc_tipo":null,"profundidade_cm":null,"inacessivel":false,"posicao":null,"tampa":null,"condicao":null,"obstr_sup":null,"obstr_sup_tipo":null,"obstr_fundo":null,"obstr_fundo_tipo":null,"n_tubos":0,"tubos":"","area_critica":"AC03 — Ribeirão Morangueiro","entrega":"2026-10-02"},"geometry":{"type":"Point","coordinates":[-51.8952758,-23.4189048]}},
{"type":"Feature","properties":{"id":"B26100216:19124","equipe":"B","num":124,"codigo":"PTOBAI","tipo":"Ponto baixo (eixo)","utm_E":408481.1367,"utm_N":7409855.636,"h_ortom":556.2,"material":null,"cc_tipo":null,"profundidade_cm":null,"inacessivel":false,"posicao":null,"tampa":null,"condicao":null,"obstr_sup":null,"obstr_sup_tipo":null,"obstr_fundo":null,"obstr_fundo_tipo":null,"n_tubos":0,"tubos":"","area_critica":"AC03 — Ribeirão Morangueiro","entrega":"2026-10-02"},"geometry":{"type":"Point","coordinates":[-51.8957889,-23.418601]}},
{"type":"Feature","properties":{"id":"B26100216:20125","equipe":"B","num":125,"codigo":"BLO","tipo":"Boca de lobo","utm_E":408515.1372,"utm_N":7409926.46,"h_ortom":556.954,"material":"Concreto","cc_tipo":"Simples","profundidade_cm":130,"inacessivel":false,"posicao":"Meio de quadra","tampa":"Concreto","condicao":"Boa","obstr_sup":"Não","obstr_sup_tipo":"Nenhuma","obstr_fundo":"Não","obstr_fundo_tipo":"Nenhuma","n_tubos":1,"tubos":"40cm SE","area_critica":"AC03 — Ribeirão Morangueiro","entrega":"2026-10-02"},"geometry":{"type":"Point","coordinates":[-51.8954518,-23.4179633]}},
{"type":"Feature","properties":{"id":"B26100216:26126","equipe":"B","num":126,"codigo":"PTOALT","tipo":"Ponto alto (eixo)","utm_E":408478.6626,"utm_N":7409983.694,"h_ortom":554.002,"material":null,"cc_tipo":null,"profundidade_cm":null,"inacessivel":false,"posicao":null,"tampa":null,"condicao":null,"obstr_sup":null,"obstr_sup_tipo":null,"obstr_fundo":null,"obstr_fundo_tipo":null,"n_tubos":0,"tubos":"","area_critica":"","entrega":"2026-10-02"},"geometry":{"type":"Point","coordinates":[-51.8958053,-23.4174443]}},
{"type":"Feature","properties":{"id":"B26100216:26127","equipe":"B","num":127,"codigo":"BLO","tipo":"Boca de lobo","utm_E":408458.921,"utm_N":7409956.229,"h_ortom":553.63,"material":"Concreto","cc_tipo":"Simples","profundidade_cm":127,"inacessivel":false,"posicao":"Meio de quadra","tampa":"Concreto","condicao":"Boa","obstr_sup":"Não","obstr_sup_tipo":"Nenhuma","obstr_fundo":"Não","obstr_fundo_tipo":"Nenhuma","n_tubos":4,"tubos":"40cm SE; 10cm SE; 10cm SE; 10cm NE","area_critica":"AC03 — Ribeirão Morangueiro","entrega":"2026-10-02"},"geometry":{"type":"Point","coordinates":[-51.8960002,-23.4176912]}},
{"type":"Feature","properties":{"id":"B26100216:31128","equipe":"B","num":128,"codigo":"PTOBAI","tipo":"Ponto baixo (eixo)","utm_E":408366.5797,"utm_N":7409915.938,"h_ortom":550.142,"material":null,"cc_tipo":null,"profundidade_cm":null,"inacessivel":false,"posicao":null,"tampa":null,"condicao":null,"obstr_sup":null,"obstr_sup_tipo":null,"obstr_fundo":null,"obstr_fundo_tipo":null,"n_tubos":0,"tubos":"","area_critica":"AC03 — Ribeirão Morangueiro","entrega":"2026-10-02"},"geometry":{"type":"Point","coordinates":[-51.8969064,-23.41805]}},
{"type":"Feature","properties":{"id":"B26100216:32129","equipe":"B","num":129,"codigo":"BLO","tipo":"Boca de lobo","utm_E":408401.1337,"utm_N":7409988.145,"h_ortom":550.433,"material":"Concreto","cc_tipo":"Simples","profundidade_cm":null,"inacessivel":true,"posicao":"Meio de quadra","tampa":"Concreto","condicao":"Boa","obstr_sup":"Total","obstr_sup_tipo":"Solo","obstr_fundo":"Total","obstr_fundo_tipo":"Solo","n_tubos":0,"tubos":"","area_critica":"AC03 — Ribeirão Morangueiro","entrega":"2026-10-02"},"geometry":{"type":"Point","coordinates":[-51.8965638,-23.4173997]}},
{"type":"Feature","properties":{"id":"B26100216:37130","equipe":"B","num":130,"codigo":"PTOBAI","tipo":"Ponto baixo (eixo)","utm_E":408360.0071,"utm_N":7409904.123,"h_ortom":550.139,"material":null,"cc_tipo":null,"profundidade_cm":null,"inacessivel":false,"posicao":null,"tampa":null,"condicao":null,"obstr_sup":null,"obstr_sup_tipo":null,"obstr_fundo":null,"obstr_fundo_tipo":null,"n_tubos":0,"tubos":"","area_critica":"AC03 — Ribeirão Morangueiro","entrega":"2026-10-02"},"geometry":{"type":"Point","coordinates":[-51.8969715,-23.4181563]}},
{"type":"Feature","properties":{"id":"B26100216:38131","equipe":"B","num":131,"codigo":"BLO","tipo":"Boca de lobo","utm_E":408325.3282,"utm_N":7409832.112,"h_ortom":550.397,"material":"Concreto","cc_tipo":"Simples","profundidade_cm":null,"inacessivel":true,"posicao":"Meio de quadra","tampa":"Concreto","condicao":"Boa","obstr_sup":"Total","obstr_sup_tipo":"Solo","obstr_fundo":"Total","obstr_fundo_tipo":"Solo","n_tubos":0,"tubos":"","area_critica":"AC03 — Ribeirão Morangueiro","entrega":"2026-10-02"},"geometry":{"type":"Point","coordinates":[-51.8973153,-23.4188047]}},
{"type":"Feature","properties":{"id":"B26100216:41132","equipe":"B","num":132,"codigo":"ESQUINA","tipo":"Esquina (eixo)","utm_E":408273.5638,"utm_N":7409746.383,"h_ortom":551.285,"material":null,"cc_tipo":null,"profundidade_cm":null,"inacessivel":false,"posicao":null,"tampa":null,"condicao":null,"obstr_sup":null,"obstr_sup_tipo":null,"obstr_fundo":null,"obstr_fundo_tipo":null,"n_tubos":0,"tubos":"","area_critica":"AC03 — Ribeirão Morangueiro","entrega":"2026-10-02"},"geometry":{"type":"Point","coordinates":[-51.8978271,-23.4195761]}},
{"type":"Feature","properties":{"id":"B26100216:41133","equipe":"B","num":133,"codigo":"BLO","tipo":"Boca de lobo","utm_E":408282.1122,"utm_N":7409746.281,"h_ortom":551.375,"material":"Concreto","cc_tipo":"Múltipla","profundidade_cm":185,"inacessivel":false,"posicao":"Esquina","tampa":"Concreto","condicao":"Boa","obstr_sup":"Não","obstr_sup_tipo":"Nenhuma","obstr_fundo":"Não","obstr_fundo_tipo":"Nenhuma","n_tubos":1,"tubos":"40cm SW","area_critica":"AC03 — Ribeirão Morangueiro","entrega":"2026-10-02"},"geometry":{"type":"Point","coordinates":[-51.8977434,-23.4195775]}},
{"type":"Feature","properties":{"id":"B26100216:45134","equipe":"B","num":134,"codigo":"BLO","tipo":"Boca de lobo","utm_E":408277.8002,"utm_N":7409739.217,"h_ortom":551.512,"material":"Concreto","cc_tipo":"Simples","profundidade_cm":185,"inacessivel":false,"posicao":"Esquina","tampa":"Concreto","condicao":"Boa","obstr_sup":"Não","obstr_sup_tipo":"Nenhuma","obstr_fundo":"Não","obstr_fundo_tipo":"Nenhuma","n_tubos":1,"tubos":"40cm NE","area_critica":"AC03 — Ribeirão Morangueiro","entrega":"2026-10-02"},"geometry":{"type":"Point","coordinates":[-51.8977861,-23.4196411]}},
{"type":"Feature","properties":{"id":"B26100216:48135","equipe":"B","num":135,"codigo":"BLO","tipo":"Boca de lobo","utm_E":408232.4753,"utm_N":7409662.694,"h_ortom":553.101,"material":"Concreto","cc_tipo":"Simples","profundidade_cm":120,"inacessivel":false,"posicao":"Meio de quadra","tampa":"Concreto","condicao":"Boa","obstr_sup":"Não","obstr_sup_tipo":"Nenhuma","obstr_fundo":"Não","obstr_fundo_tipo":"Nenhuma","n_tubos":1,"tubos":"40cm NW","area_critica":"AC03 — Ribeirão Morangueiro","entrega":"2026-10-02"},"geometry":{"type":"Point","coordinates":[-51.8982344,-23.4203297]}},
{"type":"Feature","properties":{"id":"B26100216:52136","equipe":"B","num":136,"codigo":"BLO","tipo":"Boca de lobo","utm_E":408188.8777,"utm_N":7409578.622,"h_ortom":555.578,"material":"Concreto","cc_tipo":"Simples","profundidade_cm":125,"inacessivel":false,"posicao":"Esquina","tampa":"Concreto","condicao":"Boa","obstr_sup":"Não","obstr_sup_tipo":"Nenhuma","obstr_fundo":"Não","obstr_fundo_tipo":"Nenhuma","n_tubos":1,"tubos":"40cm NE","area_critica":"AC03 — Ribeirão Morangueiro","entrega":"2026-10-02"},"geometry":{"type":"Point","coordinates":[-51.8986662,-23.4210865]}},
{"type":"Feature","properties":{"id":"B26100216:54137","equipe":"B","num":137,"codigo":"BLO","tipo":"Boca de lobo","utm_E":408185.9963,"utm_N":7409577.563,"h_ortom":555.648,"material":"Concreto","cc_tipo":"Simples","profundidade_cm":150,"inacessivel":false,"posicao":"Esquina","tampa":"Concreto","condicao":"Boa","obstr_sup":"Não","obstr_sup_tipo":"Nenhuma","obstr_fundo":"Não","obstr_fundo_tipo":"Nenhuma","n_tubos":1,"tubos":"40cm NW","area_critica":"AC03 — Ribeirão Morangueiro","entrega":"2026-10-02"},"geometry":{"type":"Point","coordinates":[-51.8986944,-23.4210959]}},
{"type":"Feature","properties":{"id":"B26100216:58138","equipe":"B","num":138,"codigo":"BLO","tipo":"Boca de lobo","utm_E":408157.2761,"utm_N":7409525.097,"h_ortom":556.924,"material":"Concreto","cc_tipo":"Simples","profundidade_cm":null,"inacessivel":true,"posicao":"Meio de quadra","tampa":"Concreto","condicao":"Boa","obstr_sup":"Não","obstr_sup_tipo":"Nenhuma","obstr_fundo":"Não","obstr_fundo_tipo":"Nenhuma","n_tubos":0,"tubos":"","area_critica":"AC03 — Ribeirão Morangueiro","entrega":"2026-10-02"},"geometry":{"type":"Point","coordinates":[-51.8989787,-23.4215682]}},
{"type":"Feature","properties":{"id":"B26100217:01139","equipe":"B","num":139,"codigo":"PTOALT","tipo":"Ponto alto (eixo)","utm_E":408128.0742,"utm_N":7409480.407,"h_ortom":558.098,"material":null,"cc_tipo":null,"profundidade_cm":null,"inacessivel":false,"posicao":null,"tampa":null,"condicao":null,"obstr_sup":null,"obstr_sup_tipo":null,"obstr_fundo":null,"obstr_fundo_tipo":null,"n_tubos":0,"tubos":"","area_critica":"AC03 — Ribeirão Morangueiro","entrega":"2026-10-02"},"geometry":{"type":"Point","coordinates":[-51.8992673,-23.4219702]}},
{"type":"Feature","properties":{"id":"B26100217:02140","equipe":"B","num":140,"codigo":"ESQUINA","tipo":"Esquina (eixo)","utm_E":408126.0691,"utm_N":7409476.86,"h_ortom":558.16,"material":null,"cc_tipo":null,"profundidade_cm":null,"inacessivel":false,"posicao":null,"tampa":null,"condicao":null,"obstr_sup":null,"obstr_sup_tipo":null,"obstr_fundo":null,"obstr_fundo_tipo":null,"n_tubos":0,"tubos":"","area_critica":"AC03 — Ribeirão Morangueiro","entrega":"2026-10-02"},"geometry":{"type":"Point","coordinates":[-51.8992871,-23.4220021]}},
{"type":"Feature","properties":{"id":"B26100217:02141","equipe":"B","num":141,"codigo":"BLO","tipo":"Boca de lobo","utm_E":408133.6906,"utm_N":7409470.186,"h_ortom":558.332,"material":"Concreto","cc_tipo":"Múltipla","profundidade_cm":125,"inacessivel":false,"posicao":"Meio de quadra","tampa":"Concreto","condicao":"Boa","obstr_sup":"Não","obstr_sup_tipo":"Nenhuma","obstr_fundo":"Não","obstr_fundo_tipo":"Nenhuma","n_tubos":2,"tubos":"40cm SW; 40cm NE","area_critica":"AC03 — Ribeirão Morangueiro","entrega":"2026-10-02"},"geometry":{"type":"Point","coordinates":[-51.8992129,-23.4220628]}},
{"type":"Feature","properties":{"id":"B26100217:06142","equipe":"B","num":142,"codigo":"ESQUINA","tipo":"Esquina (eixo)","utm_E":408212.2977,"utm_N":7409495.806,"h_ortom":558.572,"material":null,"cc_tipo":null,"profundidade_cm":null,"inacessivel":false,"posicao":null,"tampa":null,"condicao":null,"obstr_sup":null,"obstr_sup_tipo":null,"obstr_fundo":null,"obstr_fundo_tipo":null,"n_tubos":0,"tubos":"","area_critica":"AC03 — Ribeirão Morangueiro","entrega":"2026-10-02"},"geometry":{"type":"Point","coordinates":[-51.898442,-23.4218358]}},
{"type":"Feature","properties":{"id":"B26100217:07143","equipe":"B","num":143,"codigo":"PTOALT","tipo":"Ponto alto (eixo)","utm_E":408214.5377,"utm_N":7409501.25,"h_ortom":558.59,"material":null,"cc_tipo":null,"profundidade_cm":null,"inacessivel":false,"posicao":null,"tampa":null,"condicao":null,"obstr_sup":null,"obstr_sup_tipo":null,"obstr_fundo":null,"obstr_fundo_tipo":null,"n_tubos":0,"tubos":"","area_critica":"AC03 — Ribeirão Morangueiro","entrega":"2026-10-02"},"geometry":{"type":"Point","coordinates":[-51.8984198,-23.4217868]}},
{"type":"Feature","properties":{"id":"B26100217:07144","equipe":"B","num":144,"codigo":"BLO","tipo":"Boca de lobo","utm_E":408222.3999,"utm_N":7409495.079,"h_ortom":558.688,"material":"Concreto","cc_tipo":"Múltipla","profundidade_cm":130,"inacessivel":false,"posicao":"Meio de quadra","tampa":"Concreto","condicao":"Boa","obstr_sup":"Não","obstr_sup_tipo":"Nenhuma","obstr_fundo":"Não","obstr_fundo_tipo":"Nenhuma","n_tubos":2,"tubos":"40cm SW; 40cm NE","area_critica":"AC03 — Ribeirão Morangueiro","entrega":"2026-10-02"},"geometry":{"type":"Point","coordinates":[-51.8983432,-23.421843]}},
{"type":"Feature","properties":{"id":"B26100217:12145","equipe":"B","num":145,"codigo":"ESQUINA","tipo":"Esquina (eixo)","utm_E":408243.2034,"utm_N":7409553.86,"h_ortom":557.061,"material":null,"cc_tipo":null,"profundidade_cm":null,"inacessivel":false,"posicao":null,"tampa":null,"condicao":null,"obstr_sup":null,"obstr_sup_tipo":null,"obstr_fundo":null,"obstr_fundo_tipo":null,"n_tubos":0,"tubos":"","area_critica":"AC03 — Ribeirão Morangueiro","entrega":"2026-10-02"},"geometry":{"type":"Point","coordinates":[-51.898136,-23.4213132]}},
{"type":"Feature","properties":{"id":"B26100217:12146","equipe":"B","num":146,"codigo":"PTOALT","tipo":"Ponto alto (eixo)","utm_E":408238.939,"utm_N":7409555.833,"h_ortom":556.912,"material":null,"cc_tipo":null,"profundidade_cm":null,"inacessivel":false,"posicao":null,"tampa":null,"condicao":null,"obstr_sup":null,"obstr_sup_tipo":null,"obstr_fundo":null,"obstr_fundo_tipo":null,"n_tubos":0,"tubos":"","area_critica":"AC03 — Ribeirão Morangueiro","entrega":"2026-10-02"},"geometry":{"type":"Point","coordinates":[-51.8981776,-23.4212952]}},
{"type":"Feature","properties":{"id":"B26100217:14147","equipe":"B","num":147,"codigo":"BLO","tipo":"Boca de lobo","utm_E":408283.6206,"utm_N":7409636.266,"h_ortom":554.855,"material":"Concreto","cc_tipo":"Simples","profundidade_cm":125,"inacessivel":false,"posicao":"Meio de quadra","tampa":"Concreto","condicao":"Boa","obstr_sup":"Não","obstr_sup_tipo":"Nenhuma","obstr_fundo":"Não","obstr_fundo_tipo":"Nenhuma","n_tubos":1,"tubos":"40cm SE","area_critica":"AC03 — Ribeirão Morangueiro","entrega":"2026-10-02"},"geometry":{"type":"Point","coordinates":[-51.8977354,-23.4205712]}},
{"type":"Feature","properties":{"id":"B26100217:18148","equipe":"B","num":148,"codigo":"ESQUINA","tipo":"Esquina (eixo)","utm_E":408331.2167,"utm_N":7409714.95,"h_ortom":553.274,"material":null,"cc_tipo":null,"profundidade_cm":null,"inacessivel":false,"posicao":null,"tampa":null,"condicao":null,"obstr_sup":null,"obstr_sup_tipo":null,"obstr_fundo":null,"obstr_fundo_tipo":null,"n_tubos":0,"tubos":"","area_critica":"AC03 — Ribeirão Morangueiro","entrega":"2026-10-02"},"geometry":{"type":"Point","coordinates":[-51.8972648,-23.4198633]}},
{"type":"Feature","properties":{"id":"B26100217:18149","equipe":"B","num":149,"codigo":"BLO","tipo":"Boca de lobo","utm_E":408324.534,"utm_N":7409710.964,"h_ortom":553.251,"material":"Concreto","cc_tipo":"Simples","profundidade_cm":140,"inacessivel":false,"posicao":"Esquina","tampa":"Concreto","condicao":"Boa","obstr_sup":"Não","obstr_sup_tipo":"Nenhuma","obstr_fundo":"Não","obstr_fundo_tipo":"Nenhuma","n_tubos":1,"tubos":"40cm SE","area_critica":"AC03 — Ribeirão Morangueiro","entrega":"2026-10-02"},"geometry":{"type":"Point","coordinates":[-51.8973304,-23.4198989]}},
{"type":"Feature","properties":{"id":"B26100217:21150","equipe":"B","num":150,"codigo":"BLO","tipo":"Boca de lobo","utm_E":408339.9053,"utm_N":7409714.862,"h_ortom":553.409,"material":"Concreto","cc_tipo":"Simples","profundidade_cm":155,"inacessivel":false,"posicao":"Esquina","tampa":"Concreto","condicao":"Boa","obstr_sup":"Não","obstr_sup_tipo":"Nenhuma","obstr_fundo":"Não","obstr_fundo_tipo":"Nenhuma","n_tubos":1,"tubos":"40cm SW","area_critica":"AC03 — Ribeirão Morangueiro","entrega":"2026-10-02"},"geometry":{"type":"Point","coordinates":[-51.8971797,-23.4198645]}},
{"type":"Feature","properties":{"id":"B26100217:25151","equipe":"B","num":151,"codigo":"BLO","tipo":"Boca de lobo","utm_E":408346.9315,"utm_N":7409734.661,"h_ortom":553.242,"material":"Concreto","cc_tipo":"Simples","profundidade_cm":78,"inacessivel":false,"posicao":"Meio de quadra","tampa":"Concreto","condicao":"Boa","obstr_sup":"Não","obstr_sup_tipo":"Nenhuma","obstr_fundo":"Não","obstr_fundo_tipo":"Nenhuma","n_tubos":1,"tubos":"40cm NW","area_critica":"AC03 — Ribeirão Morangueiro","entrega":"2026-10-02"},"geometry":{"type":"Point","coordinates":[-51.8971098,-23.4196861]}},
{"type":"Feature","properties":{"id":"B26100217:27152","equipe":"B","num":152,"codigo":"BLO","tipo":"Boca de lobo","utm_E":408354.358,"utm_N":7409765.532,"h_ortom":552.908,"material":"Concreto","cc_tipo":"Simples","profundidade_cm":110,"inacessivel":false,"posicao":"Esquina","tampa":"Concreto","condicao":"Boa","obstr_sup":"Não","obstr_sup_tipo":"Nenhuma","obstr_fundo":"Não","obstr_fundo_tipo":"Nenhuma","n_tubos":1,"tubos":"40cm SE","area_critica":"AC03 — Ribeirão Morangueiro","entrega":"2026-10-02"},"geometry":{"type":"Point","coordinates":[-51.8970352,-23.4194077]}},
{"type":"Feature","properties":{"id":"B26100217:29153","equipe":"B","num":153,"codigo":"BLO","tipo":"Boca de lobo","utm_E":408386.2762,"utm_N":7409806.446,"h_ortom":552.861,"material":"Concreto","cc_tipo":"Múltipla","profundidade_cm":90,"inacessivel":false,"posicao":"Esquina","tampa":"Concreto","condicao":"Boa","obstr_sup":"Não","obstr_sup_tipo":"Nenhuma","obstr_fundo":"Não","obstr_fundo_tipo":"Nenhuma","n_tubos":1,"tubos":"60cm NW","area_critica":"AC03 — Ribeirão Morangueiro","entrega":"2026-10-02"},"geometry":{"type":"Point","coordinates":[-51.8967203,-23.41904]}},
{"type":"Feature","properties":{"id":"B26100217:34154","equipe":"B","num":154,"codigo":"BLO","tipo":"Boca de lobo","utm_E":408403.4868,"utm_N":7409855.383,"h_ortom":553.027,"material":"Concreto","cc_tipo":"Múltipla","profundidade_cm":110,"inacessivel":false,"posicao":"Esquina","tampa":"Concreto","condicao":"Boa","obstr_sup":"Não","obstr_sup_tipo":"Nenhuma","obstr_fundo":"Não","obstr_fundo_tipo":"Nenhuma","n_tubos":1,"tubos":"60cm SE","area_critica":"AC03 — Ribeirão Morangueiro","entrega":"2026-10-02"},"geometry":{"type":"Point","coordinates":[-51.8965489,-23.4185989]}},
{"type":"Feature","properties":{"id":"B26100217:37155","equipe":"B","num":155,"codigo":"PTOBAI","tipo":"Ponto baixo (eixo)","utm_E":408471.0059,"utm_N":7409837.029,"h_ortom":556.176,"material":null,"cc_tipo":null,"profundidade_cm":null,"inacessivel":false,"posicao":null,"tampa":null,"condicao":null,"obstr_sup":null,"obstr_sup_tipo":null,"obstr_fundo":null,"obstr_fundo_tipo":null,"n_tubos":0,"tubos":"","area_critica":"AC03 — Ribeirão Morangueiro","entrega":"2026-10-02"},"geometry":{"type":"Point","coordinates":[-51.8958892,-23.4187685]}},
{"type":"Feature","properties":{"id":"B26100217:39156","equipe":"B","num":156,"codigo":"BLO","tipo":"Boca de lobo","utm_E":408429.6243,"utm_N":7409769.922,"h_ortom":555.839,"material":"Concreto","cc_tipo":"Múltipla","profundidade_cm":117,"inacessivel":false,"posicao":"Meio de quadra","tampa":"Concreto","condicao":"Boa","obstr_sup":"Não","obstr_sup_tipo":"Nenhuma","obstr_fundo":"Não","obstr_fundo_tipo":"Nenhuma","n_tubos":1,"tubos":"40cm SE","area_critica":"AC03 — Ribeirão Morangueiro","entrega":"2026-10-02"},"geometry":{"type":"Point","coordinates":[-51.8962983,-23.4193723]}},
{"type":"Feature","properties":{"id":"B26100217:44158","equipe":"B","num":158,"codigo":"PTOBAI","tipo":"Ponto baixo (eixo)","utm_E":408386.8746,"utm_N":7409684.181,"h_ortom":555.611,"material":null,"cc_tipo":null,"profundidade_cm":null,"inacessivel":false,"posicao":null,"tampa":null,"condicao":null,"obstr_sup":null,"obstr_sup_tipo":null,"obstr_fundo":null,"obstr_fundo_tipo":null,"n_tubos":0,"tubos":"","area_critica":"AC03 — Ribeirão Morangueiro","entrega":"2026-10-02","tambem":"B26100217:44157 (ESQUINA)"},"geometry":{"type":"Point","coordinates":[-51.8967219,-23.4201443]}},
{"type":"Feature","properties":{"id":"B26100217:44159","equipe":"B","num":159,"codigo":"BLO","tipo":"Boca de lobo","utm_E":408386.8963,"utm_N":7409691.743,"h_ortom":555.417,"material":"Concreto","cc_tipo":"Múltipla","profundidade_cm":145,"inacessivel":false,"posicao":"Esquina","tampa":"Concreto","condicao":"Boa","obstr_sup":"Não","obstr_sup_tipo":"Nenhuma","obstr_fundo":"Não","obstr_fundo_tipo":"Nenhuma","n_tubos":1,"tubos":"40cm SE","area_critica":"AC03 — Ribeirão Morangueiro","entrega":"2026-10-02"},"geometry":{"type":"Point","coordinates":[-51.8967212,-23.420076]}},
{"type":"Feature","properties":{"id":"B26100217:48160","equipe":"B","num":160,"codigo":"BLO","tipo":"Boca de lobo","utm_E":408391.4352,"utm_N":7409677.294,"h_ortom":555.879,"material":"Concreto","cc_tipo":"Simples","profundidade_cm":160,"inacessivel":false,"posicao":"Esquina","tampa":"Ferro","condicao":"Boa","obstr_sup":"Não","obstr_sup_tipo":"Nenhuma","obstr_fundo":"Não","obstr_fundo_tipo":"Nenhuma","n_tubos":1,"tubos":"40cm NE","area_critica":"AC03 — Ribeirão Morangueiro","entrega":"2026-10-02"},"geometry":{"type":"Point","coordinates":[-51.8966777,-23.4202067]}},
{"type":"Feature","properties":{"id":"B26100217:50161","equipe":"B","num":161,"codigo":"BLO","tipo":"Boca de lobo","utm_E":408380.3136,"utm_N":7409679.788,"h_ortom":555.563,"material":"Concreto","cc_tipo":"Múltipla","profundidade_cm":170,"inacessivel":false,"posicao":"Esquina","tampa":"Concreto","condicao":"Boa","obstr_sup":"Não","obstr_sup_tipo":"Nenhuma","obstr_fundo":"Não","obstr_fundo_tipo":"Nenhuma","n_tubos":1,"tubos":"40cm SE","area_critica":"AC03 — Ribeirão Morangueiro","entrega":"2026-10-02"},"geometry":{"type":"Point","coordinates":[-51.8967864,-23.4201836]}},
{"type":"Feature","properties":{"id":"B26100217:54162","equipe":"B","num":162,"codigo":"BLO","tipo":"Boca de lobo","utm_E":408350.5178,"utm_N":7409607.712,"h_ortom":557.179,"material":"Concreto","cc_tipo":"Simples","profundidade_cm":null,"inacessivel":true,"posicao":"Meio de quadra","tampa":"Concreto","condicao":"Boa","obstr_sup":"Total","obstr_sup_tipo":"Solo","obstr_fundo":"Total","obstr_fundo_tipo":"Solo","n_tubos":0,"tubos":"","area_critica":"AC03 — Ribeirão Morangueiro","entrega":"2026-10-02"},"geometry":{"type":"Point","coordinates":[-51.8970824,-23.4208329]}},
{"type":"Feature","properties":{"id":"B26100217:57163","equipe":"B","num":163,"codigo":"PTOALT","tipo":"Ponto alto (eixo)","utm_E":408301.3329,"utm_N":7409526.225,"h_ortom":559.163,"material":null,"cc_tipo":null,"profundidade_cm":null,"inacessivel":false,"posicao":null,"tampa":null,"condicao":null,"obstr_sup":null,"obstr_sup_tipo":null,"obstr_fundo":null,"obstr_fundo_tipo":null,"n_tubos":0,"tubos":"","area_critica":"AC03 — Ribeirão Morangueiro","entrega":"2026-10-02"},"geometry":{"type":"Point","coordinates":[-51.8975687,-23.4215661]}},
{"type":"Feature","properties":{"id":"B26100217:57164","equipe":"B","num":164,"codigo":"ESQUINA","tipo":"Esquina (eixo)","utm_E":408298.2181,"utm_N":7409520.376,"h_ortom":559.221,"material":null,"cc_tipo":null,"profundidade_cm":null,"inacessivel":false,"posicao":null,"tampa":null,"condicao":null,"obstr_sup":null,"obstr_sup_tipo":null,"obstr_fundo":null,"obstr_fundo_tipo":null,"n_tubos":0,"tubos":"","area_critica":"AC03 — Ribeirão Morangueiro","entrega":"2026-10-02"},"geometry":{"type":"Point","coordinates":[-51.8975996,-23.4216188]}},
{"type":"Feature","properties":{"id":"B26100217:59165","equipe":"B","num":165,"codigo":"BLO","tipo":"Boca de lobo","utm_E":408316.4688,"utm_N":7409521.155,"h_ortom":559.517,"material":"Concreto","cc_tipo":"Múltipla","profundidade_cm":80,"inacessivel":false,"posicao":"Esquina","tampa":"Concreto","condicao":"Boa","obstr_sup":"Não","obstr_sup_tipo":"Nenhuma","obstr_fundo":"Não","obstr_fundo_tipo":"Nenhuma","n_tubos":1,"tubos":"40cm SS","area_critica":"AC03 — Ribeirão Morangueiro","entrega":"2026-10-02"},"geometry":{"type":"Point","coordinates":[-51.8974209,-23.4216128]}},
{"type":"Feature","properties":{"id":"B26100218:06166","equipe":"B","num":166,"codigo":"BLO","tipo":"Boca de lobo","utm_E":408355.3434,"utm_N":7409532.184,"h_ortom":560.024,"material":"Concreto","cc_tipo":"Múltipla","profundidade_cm":90,"inacessivel":false,"posicao":"Esquina","tampa":"Concreto","condicao":"Boa","obstr_sup":"Não","obstr_sup_tipo":"Nenhuma","obstr_fundo":"Não","obstr_fundo_tipo":"Nenhuma","n_tubos":1,"tubos":"40cm SS","area_critica":"AC03 — Ribeirão Morangueiro","entrega":"2026-10-02"},"geometry":{"type":"Point","coordinates":[-51.8970398,-23.4215153]}},
{"type":"Feature","properties":{"id":"B26100218:09167","equipe":"B","num":167,"codigo":"ESQUINA","tipo":"Esquina (eixo)","utm_E":408381.5459,"utm_N":7409544.09,"h_ortom":560.508,"material":null,"cc_tipo":null,"profundidade_cm":null,"inacessivel":false,"posicao":null,"tampa":null,"condicao":null,"obstr_sup":null,"obstr_sup_tipo":null,"obstr_fundo":null,"obstr_fundo_tipo":null,"n_tubos":0,"tubos":"","area_critica":"AC03 — Ribeirão Morangueiro","entrega":"2026-10-02"},"geometry":{"type":"Point","coordinates":[-51.8967826,-23.4214093]}},
{"type":"Feature","properties":{"id":"B26100218:09168","equipe":"B","num":168,"codigo":"PTOALT","tipo":"Ponto alto (eixo)","utm_E":408384.8621,"utm_N":7409550.357,"h_ortom":560.471,"material":null,"cc_tipo":null,"profundidade_cm":null,"inacessivel":false,"posicao":null,"tampa":null,"condicao":null,"obstr_sup":null,"obstr_sup_tipo":null,"obstr_fundo":null,"obstr_fundo_tipo":null,"n_tubos":0,"tubos":"","area_critica":"AC03 — Ribeirão Morangueiro","entrega":"2026-10-02"},"geometry":{"type":"Point","coordinates":[-51.8967497,-23.4213529]}},
{"type":"Feature","properties":{"id":"B26100218:09169","equipe":"B","num":169,"codigo":"BLO","tipo":"Boca de lobo","utm_E":408404.7745,"utm_N":7409546.106,"h_ortom":560.968,"material":"Concreto","cc_tipo":"Múltipla","profundidade_cm":140,"inacessivel":false,"posicao":"Meio de quadra","tampa":"Concreto","condicao":"Boa","obstr_sup":"Não","obstr_sup_tipo":"Nenhuma","obstr_fundo":"Não","obstr_fundo_tipo":"Nenhuma","n_tubos":3,"tubos":"40cm SS; 40cm EE; 40cm WW","area_critica":"AC03 — Ribeirão Morangueiro","entrega":"2026-10-02"},"geometry":{"type":"Point","coordinates":[-51.8965551,-23.4213924]}},
{"type":"Feature","properties":{"id":"B26100218:14170","equipe":"B","num":170,"codigo":"BLO","tipo":"Boca de lobo","utm_E":408405.0228,"utm_N":7409595.719,"h_ortom":559.399,"material":"Concreto","cc_tipo":"Simples","profundidade_cm":130,"inacessivel":false,"posicao":"Meio de quadra","tampa":"Concreto","condicao":"Boa","obstr_sup":"Não","obstr_sup_tipo":"Nenhuma","obstr_fundo":"Não","obstr_fundo_tipo":"Nenhuma","n_tubos":3,"tubos":"40cm SE; 10cm SE; 10cm NW","area_critica":"AC03 — Ribeirão Morangueiro","entrega":"2026-10-02"},"geometry":{"type":"Point","coordinates":[-51.8965497,-23.4209443]}},
{"type":"Feature","properties":{"id":"B26100218:18171","equipe":"B","num":171,"codigo":"BLO","tipo":"Boca de lobo","utm_E":408434.945,"utm_N":7409650.513,"h_ortom":558.531,"material":"Concreto","cc_tipo":"Simples","profundidade_cm":null,"inacessivel":true,"posicao":"Esquina","tampa":"Concreto","condicao":"Boa","obstr_sup":"Não","obstr_sup_tipo":"Nenhuma","obstr_fundo":"Total","obstr_fundo_tipo":"Solo","n_tubos":0,"tubos":"","area_critica":"AC03 — Ribeirão Morangueiro","entrega":"2026-10-02"},"geometry":{"type":"Point","coordinates":[-51.8962535,-23.4204511]}},
{"type":"Feature","properties":{"id":"B26100218:21172","equipe":"B","num":172,"codigo":"ESQUINA","tipo":"Esquina (eixo)","utm_E":408441.6581,"utm_N":7409654.36,"h_ortom":558.551,"material":null,"cc_tipo":null,"profundidade_cm":null,"inacessivel":false,"posicao":null,"tampa":null,"condicao":null,"obstr_sup":null,"obstr_sup_tipo":null,"obstr_fundo":null,"obstr_fundo_tipo":null,"n_tubos":0,"tubos":"","area_critica":"AC03 — Ribeirão Morangueiro","entrega":"2026-10-02"},"geometry":{"type":"Point","coordinates":[-51.8961875,-23.4204167]}},
{"type":"Feature","properties":{"id":"B26100218:21173","equipe":"B","num":173,"codigo":"PTOBAI","tipo":"Ponto baixo (eixo)","utm_E":408444.2999,"utm_N":7409659.049,"h_ortom":558.469,"material":null,"cc_tipo":null,"profundidade_cm":null,"inacessivel":false,"posicao":null,"tampa":null,"condicao":null,"obstr_sup":null,"obstr_sup_tipo":null,"obstr_fundo":null,"obstr_fundo_tipo":null,"n_tubos":0,"tubos":"","area_critica":"AC03 — Ribeirão Morangueiro","entrega":"2026-10-02"},"geometry":{"type":"Point","coordinates":[-51.8961614,-23.4203745]}},
{"type":"Feature","properties":{"id":"B26100218:21174","equipe":"B","num":174,"codigo":"BLO","tipo":"Boca de lobo","utm_E":408441.4803,"utm_N":7409662.318,"h_ortom":558.343,"material":"Concreto","cc_tipo":"Simples","profundidade_cm":190,"inacessivel":false,"posicao":"Esquina","tampa":"Concreto","condicao":"Boa","obstr_sup":"Não","obstr_sup_tipo":"Nenhuma","obstr_fundo":"Parcial","obstr_fundo_tipo":"Entulho","n_tubos":1,"tubos":"40cm SE","area_critica":"AC03 — Ribeirão Morangueiro","entrega":"2026-10-02"},"geometry":{"type":"Point","coordinates":[-51.8961888,-23.4203448]}},
{"type":"Feature","properties":{"id":"B26100218:26175","equipe":"B","num":175,"codigo":"BLO","tipo":"Boca de lobo","utm_E":408479.046,"utm_N":7409730.911,"h_ortom":558.773,"material":"Concreto","cc_tipo":"Simples","profundidade_cm":null,"inacessivel":true,"posicao":"Esquina","tampa":"Concreto","condicao":"Boa","obstr_sup":"Não","obstr_sup_tipo":"Nenhuma","obstr_fundo":"Total","obstr_fundo_tipo":"Solo","n_tubos":0,"tubos":"","area_critica":"AC03 — Ribeirão Morangueiro","entrega":"2026-10-02"},"geometry":{"type":"Point","coordinates":[-51.895817,-23.4197274]}},
{"type":"Feature","properties":{"id":"B26100218:29176","equipe":"B","num":176,"codigo":"PTOALT","tipo":"Ponto alto (eixo)","utm_E":408525.292,"utm_N":7409807.542,"h_ortom":559.354,"material":null,"cc_tipo":null,"profundidade_cm":null,"inacessivel":false,"posicao":null,"tampa":null,"condicao":null,"obstr_sup":null,"obstr_sup_tipo":null,"obstr_fundo":null,"obstr_fundo_tipo":null,"n_tubos":0,"tubos":"","area_critica":"AC03 — Ribeirão Morangueiro","entrega":"2026-10-02"},"geometry":{"type":"Point","coordinates":[-51.8953597,-23.4190379]}},
{"type":"Feature","properties":{"id":"A26100308:10001","equipe":"A","num":1,"codigo":"BLO","tipo":"Boca de lobo","utm_E":408556.8428,"utm_N":7409726.689,"h_ortom":562.109,"material":"Concreto","cc_tipo":"Simples","profundidade_cm":111,"inacessivel":false,"posicao":"Meio de quadra","tampa":"Concreto","condicao":"Boa","obstr_sup":"Não","obstr_sup_tipo":"Nenhuma","obstr_fundo":"Não","obstr_fundo_tipo":"Nenhuma","n_tubos":1,"tubos":"40cm NW","area_critica":"AC03 — Ribeirão Morangueiro","entrega":"2026-10-03"},"geometry":{"type":"Point","coordinates":[-51.8950558,-23.4197699]}},
{"type":"Feature","properties":{"id":"A26100308:16002","equipe":"A","num":2,"codigo":"BLO","tipo":"Boca de lobo","utm_E":408527.2528,"utm_N":7409672.449,"h_ortom":561.702,"material":"Concreto","cc_tipo":"Simples","profundidade_cm":136,"inacessivel":false,"posicao":"Esquina","tampa":"Concreto","condicao":"Boa","obstr_sup":"Não","obstr_sup_tipo":"Nenhuma","obstr_fundo":"Não","obstr_fundo_tipo":"Nenhuma","n_tubos":1,"tubos":"40cm NW","area_critica":"AC03 — Ribeirão Morangueiro","entrega":"2026-10-03"},"geometry":{"type":"Point","coordinates":[-51.8953487,-23.4202581]}},
{"type":"Feature","properties":{"id":"A26100308:20003","equipe":"A","num":3,"codigo":"BLO","tipo":"Boca de lobo","utm_E":408519.91,"utm_N":7409675.835,"h_ortom":561.603,"material":"Concreto","cc_tipo":"Simples","profundidade_cm":130,"inacessivel":false,"posicao":"Meio de quadra","tampa":"Concreto","condicao":"Boa","obstr_sup":"Não","obstr_sup_tipo":"Nenhuma","obstr_fundo":"Não","obstr_fundo_tipo":"Nenhuma","n_tubos":1,"tubos":"40cm SE","area_critica":"AC03 — Ribeirão Morangueiro","entrega":"2026-10-03"},"geometry":{"type":"Point","coordinates":[-51.8954204,-23.4202271]}},
{"type":"Feature","properties":{"id":"A26100308:22004","equipe":"A","num":4,"codigo":"BLO","tipo":"Boca de lobo","utm_E":408521.5912,"utm_N":7409657.901,"h_ortom":561.63,"material":"Concreto","cc_tipo":"Simples","profundidade_cm":82,"inacessivel":false,"posicao":"Esquina","tampa":"Concreto","condicao":"Boa","obstr_sup":"Não","obstr_sup_tipo":"Nenhuma","obstr_fundo":"Não","obstr_fundo_tipo":"Nenhuma","n_tubos":1,"tubos":"40cm NN","area_critica":"AC03 — Ribeirão Morangueiro","entrega":"2026-10-03"},"geometry":{"type":"Point","coordinates":[-51.895405,-23.4203892]}},
{"type":"Feature","properties":{"id":"A26100308:25005","equipe":"A","num":5,"codigo":"BLO","tipo":"Boca de lobo","utm_E":408496.0623,"utm_N":7409632.124,"h_ortom":561.42,"material":"Concreto","cc_tipo":"Simples","profundidade_cm":170,"inacessivel":false,"posicao":"Esquina","tampa":"Concreto","condicao":"Boa","obstr_sup":"Não","obstr_sup_tipo":"Nenhuma","obstr_fundo":"Não","obstr_fundo_tipo":"Nenhuma","n_tubos":1,"tubos":"40cm SE","area_critica":"AC03 — Ribeirão Morangueiro","entrega":"2026-10-03"},"geometry":{"type":"Point","coordinates":[-51.8956564,-23.4206206]}},
{"type":"Feature","properties":{"id":"A26100308:28006","equipe":"A","num":6,"codigo":"BLO","tipo":"Boca de lobo","utm_E":408489.7125,"utm_N":7409620.542,"h_ortom":561.341,"material":"Concreto","cc_tipo":"Simples","profundidade_cm":null,"inacessivel":true,"posicao":"Esquina","tampa":"Concreto","condicao":"Boa","obstr_sup":"Total","obstr_sup_tipo":"Folhagem","obstr_fundo":"Total","obstr_fundo_tipo":"Folhagem","n_tubos":0,"tubos":"","area_critica":"AC03 — Ribeirão Morangueiro","entrega":"2026-10-03"},"geometry":{"type":"Point","coordinates":[-51.8957193,-23.4207248]}},
{"type":"Feature","properties":{"id":"A26100308:30007","equipe":"A","num":7,"codigo":"BLO","tipo":"Boca de lobo","utm_E":408512.6815,"utm_N":7409608.676,"h_ortom":562.543,"material":"Concreto","cc_tipo":"Simples","profundidade_cm":170,"inacessivel":false,"posicao":"Esquina","tampa":"Concreto","condicao":"Boa","obstr_sup":"Não","obstr_sup_tipo":"Nenhuma","obstr_fundo":"Não","obstr_fundo_tipo":"Nenhuma","n_tubos":1,"tubos":"40cm NE","area_critica":"AC03 — Ribeirão Morangueiro","entrega":"2026-10-03"},"geometry":{"type":"Point","coordinates":[-51.8954952,-23.4208333]}},
{"type":"Feature","properties":{"id":"A26100308:35008","equipe":"A","num":8,"codigo":"BLO","tipo":"Boca de lobo","utm_E":408483.2008,"utm_N":7409562.501,"h_ortom":562.838,"material":"Concreto","cc_tipo":"Simples","profundidade_cm":92,"inacessivel":false,"posicao":"Esquina","tampa":"Concreto","condicao":"Boa","obstr_sup":"Não","obstr_sup_tipo":"Nenhuma","obstr_fundo":"Parcial","obstr_fundo_tipo":"Solo","n_tubos":1,"tubos":"40cm WW","area_critica":"AC03 — Ribeirão Morangueiro","entrega":"2026-10-03"},"geometry":{"type":"Point","coordinates":[-51.8957865,-23.4212487]}},
{"type":"Feature","properties":{"id":"A26100308:48009","equipe":"A","num":9,"codigo":"BLO","tipo":"Boca de lobo","utm_E":408587.9902,"utm_N":7409685.693,"h_ortom":564.496,"material":"Concreto","cc_tipo":"Simples","profundidade_cm":120,"inacessivel":false,"posicao":"Meio de quadra","tampa":"Concreto","condicao":"Boa","obstr_sup":"Parcial","obstr_sup_tipo":"Folhagem","obstr_fundo":"Parcial","obstr_fundo_tipo":"Folhagem","n_tubos":1,"tubos":"40cm SS","area_critica":"AC03 — Ribeirão Morangueiro","entrega":"2026-10-03"},"geometry":{"type":"Point","coordinates":[-51.8947535,-23.4201419]}},
{"type":"Feature","properties":{"id":"A26100308:52010","equipe":"A","num":10,"codigo":"BLO","tipo":"Boca de lobo","utm_E":408655.0346,"utm_N":7409705.163,"h_ortom":567.315,"material":"Concreto","cc_tipo":"Simples","profundidade_cm":100,"inacessivel":false,"posicao":"Meio de quadra","tampa":"Concreto","condicao":"Boa","obstr_sup":"Parcial","obstr_sup_tipo":"Folhagem","obstr_fundo":"Não","obstr_fundo_tipo":"Nenhuma","n_tubos":1,"tubos":"40cm SS","area_critica":"AC03 — Ribeirão Morangueiro","entrega":"2026-10-03"},"geometry":{"type":"Point","coordinates":[-51.8940961,-23.4199698]}},
{"type":"Feature","properties":{"id":"A26100308:57011","equipe":"A","num":11,"codigo":"BLO","tipo":"Boca de lobo","utm_E":408716.7071,"utm_N":7409657.024,"h_ortom":570.262,"material":"Concreto","cc_tipo":"Simples","profundidade_cm":110,"inacessivel":false,"posicao":"Meio de quadra","tampa":"Concreto","condicao":"Boa","obstr_sup":"Não","obstr_sup_tipo":"Nenhuma","obstr_fundo":"Não","obstr_fundo_tipo":"Nenhuma","n_tubos":2,"tubos":"40cm SS; 10cm NE","area_critica":"AC03 — Ribeirão Morangueiro","entrega":"2026-10-03"},"geometry":{"type":"Point","coordinates":[-51.8934954,-23.4204081]}},
{"type":"Feature","properties":{"id":"A26100309:01012","equipe":"A","num":12,"codigo":"BLO","tipo":"Boca de lobo","utm_E":408719.6623,"utm_N":7409649.292,"h_ortom":570.444,"material":"Concreto","cc_tipo":"Múltipla","profundidade_cm":160,"inacessivel":false,"posicao":"Meio de quadra","tampa":"Concreto","condicao":"Boa","obstr_sup":"Não","obstr_sup_tipo":"Nenhuma","obstr_fundo":"Não","obstr_fundo_tipo":"Nenhuma","n_tubos":2,"tubos":"40cm SS; 40cm NN","area_critica":"AC03 — Ribeirão Morangueiro","entrega":"2026-10-03"},"geometry":{"type":"Point","coordinates":[-51.893467,-23.4204781]}},
{"type":"Feature","properties":{"id":"A26100309:03013","equipe":"A","num":13,"codigo":"BLO","tipo":"Boca de lobo","utm_E":408719.583,"utm_N":7409635.673,"h_ortom":570.371,"material":"Concreto","cc_tipo":"Simples","profundidade_cm":80,"inacessivel":false,"posicao":"Esquina","tampa":"Concreto","condicao":"Boa","obstr_sup":"Não","obstr_sup_tipo":"Nenhuma","obstr_fundo":"Não","obstr_fundo_tipo":"Nenhuma","n_tubos":1,"tubos":"40cm WW","area_critica":"AC03 — Ribeirão Morangueiro","entrega":"2026-10-03"},"geometry":{"type":"Point","coordinates":[-51.8934686,-23.4206011]}},
{"type":"Feature","properties":{"id":"A26100309:09014","equipe":"A","num":14,"codigo":"BLO","tipo":"Boca de lobo","utm_E":408773.0238,"utm_N":7409606.553,"h_ortom":572.828,"material":"Concreto","cc_tipo":"Simples","profundidade_cm":120,"inacessivel":false,"posicao":"Esquina","tampa":"Concreto","condicao":"Boa","obstr_sup":"Não","obstr_sup_tipo":"Nenhuma","obstr_fundo":"Não","obstr_fundo_tipo":"Nenhuma","n_tubos":1,"tubos":"40cm NW","area_critica":"AC03 — Ribeirão Morangueiro","entrega":"2026-10-03"},"geometry":{"type":"Point","coordinates":[-51.8929473,-23.4208671]}},
{"type":"Feature","properties":{"id":"A26100309:11015","equipe":"A","num":15,"codigo":"BLO","tipo":"Boca de lobo","utm_E":408773.9045,"utm_N":7409602.465,"h_ortom":573.034,"material":"Concreto","cc_tipo":"Simples","profundidade_cm":135,"inacessivel":false,"posicao":"Esquina","tampa":"Concreto","condicao":"Boa","obstr_sup":"Parcial","obstr_sup_tipo":"Solo","obstr_fundo":"Parcial","obstr_fundo_tipo":"Solo","n_tubos":1,"tubos":"40cm WW","area_critica":"AC03 — Ribeirão Morangueiro","entrega":"2026-10-03"},"geometry":{"type":"Point","coordinates":[-51.8929389,-23.420904]}},
{"type":"Feature","properties":{"id":"A26100309:14016","equipe":"A","num":16,"codigo":"BLO","tipo":"Boca de lobo","utm_E":408769.9329,"utm_N":7409595.681,"h_ortom":572.846,"material":"Concreto","cc_tipo":"Simples","profundidade_cm":135,"inacessivel":false,"posicao":"Esquina","tampa":"Concreto","condicao":"Boa","obstr_sup":"Parcial","obstr_sup_tipo":"Folhagem","obstr_fundo":"Parcial","obstr_fundo_tipo":"Folhagem","n_tubos":1,"tubos":"40cm EE","area_critica":"AC03 — Ribeirão Morangueiro","entrega":"2026-10-03"},"geometry":{"type":"Point","coordinates":[-51.8929782,-23.4209651]}},
{"type":"Feature","properties":{"id":"A26100309:20017","equipe":"A","num":17,"codigo":"BLO","tipo":"Boca de lobo","utm_E":408970.3541,"utm_N":7409485.827,"h_ortom":580.887,"material":"Concreto","cc_tipo":"Simples","profundidade_cm":null,"inacessivel":true,"posicao":"Esquina","tampa":"Concreto","condicao":"Boa","obstr_sup":"Total","obstr_sup_tipo":"Solo","obstr_fundo":"Total","obstr_fundo_tipo":"Solo","n_tubos":0,"tubos":"","area_critica":"AC03 — Ribeirão Morangueiro","entrega":"2026-10-03"},"geometry":{"type":"Point","coordinates":[-51.8910233,-23.4219685]}},
{"type":"Feature","properties":{"id":"A26100309:24018","equipe":"A","num":18,"codigo":"BLO","tipo":"Boca de lobo","utm_E":409116.6728,"utm_N":7409397.005,"h_ortom":584.601,"material":"Concreto","cc_tipo":"Simples","profundidade_cm":null,"inacessivel":true,"posicao":"Esquina","tampa":"Concreto","condicao":"Boa","obstr_sup":"Não","obstr_sup_tipo":"Nenhuma","obstr_fundo":"Não","obstr_fundo_tipo":"Nenhuma","n_tubos":0,"tubos":"","area_critica":"AC03 — Ribeirão Morangueiro","entrega":"2026-10-03"},"geometry":{"type":"Point","coordinates":[-51.8895966,-23.4227789]}},
{"type":"Feature","properties":{"id":"A26100309:26019","equipe":"A","num":19,"codigo":"BLO","tipo":"Boca de lobo","utm_E":409125.3329,"utm_N":7409391.662,"h_ortom":584.729,"material":"Concreto","cc_tipo":"Simples","profundidade_cm":80,"inacessivel":false,"posicao":"Esquina","tampa":"Concreto","condicao":"Boa","obstr_sup":"Não","obstr_sup_tipo":"Nenhuma","obstr_fundo":"Não","obstr_fundo_tipo":"Nenhuma","n_tubos":1,"tubos":"40cm NW","area_critica":"AC03 — Ribeirão Morangueiro","entrega":"2026-10-03"},"geometry":{"type":"Point","coordinates":[-51.8895121,-23.4228276]}},
{"type":"Feature","properties":{"id":"A26100309:30020","equipe":"A","num":20,"codigo":"BLO","tipo":"Boca de lobo","utm_E":409121.7741,"utm_N":7409380.998,"h_ortom":584.725,"material":"Concreto","cc_tipo":"Simples","profundidade_cm":null,"inacessivel":true,"posicao":"Esquina","tampa":"Concreto","condicao":"Boa","obstr_sup":"Total","obstr_sup_tipo":"Resíduo","obstr_fundo":"Total","obstr_fundo_tipo":"Resíduo","n_tubos":0,"tubos":"","area_critica":"AC03 — Ribeirão Morangueiro","entrega":"2026-10-03"},"geometry":{"type":"Point","coordinates":[-51.8895476,-23.4229237]}},
{"type":"Feature","properties":{"id":"A26100309:32021","equipe":"A","num":21,"codigo":"PTOBAI","tipo":"Ponto baixo (eixo)","utm_E":409146.0552,"utm_N":7409435.445,"h_ortom":585.09,"material":null,"cc_tipo":null,"profundidade_cm":null,"inacessivel":false,"posicao":null,"tampa":null,"condicao":null,"obstr_sup":null,"obstr_sup_tipo":null,"obstr_fundo":null,"obstr_fundo_tipo":null,"n_tubos":0,"tubos":"","area_critica":"AC03 — Ribeirão Morangueiro","entrega":"2026-10-03"},"geometry":{"type":"Point","coordinates":[-51.8893067,-23.4224333]}},
{"type":"Feature","properties":{"id":"A26100309:34022","equipe":"A","num":22,"codigo":"PTOBAI","tipo":"Ponto baixo (eixo)","utm_E":409221.4437,"utm_N":7409325.012,"h_ortom":583.157,"material":null,"cc_tipo":null,"profundidade_cm":null,"inacessivel":false,"posicao":null,"tampa":null,"condicao":null,"obstr_sup":null,"obstr_sup_tipo":null,"obstr_fundo":null,"obstr_fundo_tipo":null,"n_tubos":0,"tubos":"","area_critica":"","entrega":"2026-10-03"},"geometry":{"type":"Point","coordinates":[-51.8885755,-23.4234349]}},
{"type":"Feature","properties":{"id":"A26100309:38023","equipe":"A","num":23,"codigo":"BLO","tipo":"Boca de lobo","utm_E":409096.2468,"utm_N":7409333.647,"h_ortom":584.762,"material":"Concreto","cc_tipo":"Simples","profundidade_cm":null,"inacessivel":true,"posicao":"Esquina","tampa":"Concreto","condicao":"Boa","obstr_sup":"Total","obstr_sup_tipo":"Solo","obstr_fundo":"Total","obstr_fundo_tipo":"Solo","n_tubos":0,"tubos":"","area_critica":"AC03 — Ribeirão Morangueiro","entrega":"2026-10-03"},"geometry":{"type":"Point","coordinates":[-51.8898003,-23.42335]}},
{"type":"Feature","properties":{"id":"A26100309:43024","equipe":"A","num":24,"codigo":"BLO","tipo":"Boca de lobo","utm_E":409052.8605,"utm_N":7409292.051,"h_ortom":584.57,"material":"Concreto","cc_tipo":"Simples","profundidade_cm":91,"inacessivel":false,"posicao":"Esquina","tampa":"Concreto","condicao":"Boa","obstr_sup":"Parcial","obstr_sup_tipo":"Resíduo","obstr_fundo":"Não","obstr_fundo_tipo":"Nenhuma","n_tubos":1,"tubos":"40cm SE","area_critica":"AC03 — Ribeirão Morangueiro","entrega":"2026-10-03"},"geometry":{"type":"Point","coordinates":[-51.8902275,-23.4237232]}},
{"type":"Feature","properties":{"id":"A26100309:48025","equipe":"A","num":25,"codigo":"BLO","tipo":"Boca de lobo","utm_E":409044.3631,"utm_N":7409278.084,"h_ortom":584.601,"material":"Concreto","cc_tipo":"Simples","profundidade_cm":104,"inacessivel":false,"posicao":"Esquina","tampa":"Concreto","condicao":"Boa","obstr_sup":"Não","obstr_sup_tipo":"Nenhuma","obstr_fundo":"Parcial","obstr_fundo_tipo":"Solo","n_tubos":1,"tubos":"40cm SE","area_critica":"AC03 — Ribeirão Morangueiro","entrega":"2026-10-03"},"geometry":{"type":"Point","coordinates":[-51.8903115,-23.4238489]}},
{"type":"Feature","properties":{"id":"A26100309:52026","equipe":"A","num":26,"codigo":"BLO","tipo":"Boca de lobo","utm_E":409030.999,"utm_N":7409226.332,"h_ortom":584.857,"material":"Concreto","cc_tipo":"Simples","profundidade_cm":null,"inacessivel":true,"posicao":"Esquina","tampa":"Concreto","condicao":"Boa","obstr_sup":"Total","obstr_sup_tipo":"Solo","obstr_fundo":"Total","obstr_fundo_tipo":"Solo","n_tubos":0,"tubos":"","area_critica":"AC02 — Ribeirão Morangueiro","entrega":"2026-10-03"},"geometry":{"type":"Point","coordinates":[-51.8904454,-23.4243156]}},
{"type":"Feature","properties":{"id":"A26100309:53027","equipe":"A","num":27,"codigo":"BLO","tipo":"Boca de lobo","utm_E":409026.5611,"utm_N":7409219.503,"h_ortom":584.917,"material":"Concreto","cc_tipo":"Simples","profundidade_cm":null,"inacessivel":true,"posicao":"Esquina","tampa":"Concreto","condicao":"Boa","obstr_sup":"Total","obstr_sup_tipo":"Folhagem","obstr_fundo":"Total","obstr_fundo_tipo":"Folhagem","n_tubos":0,"tubos":"","area_critica":"AC02 — Ribeirão Morangueiro","entrega":"2026-10-03"},"geometry":{"type":"Point","coordinates":[-51.8904893,-23.424377]}},
{"type":"Feature","properties":{"id":"A26100309:55028","equipe":"A","num":28,"codigo":"BLE","tipo":"Boca de leão","utm_E":409019.9718,"utm_N":7409218.585,"h_ortom":584.852,"material":"Ferro","cc_tipo":"Simples","profundidade_cm":null,"inacessivel":true,"posicao":"Esquina","tampa":"Ferro","condicao":"Boa","obstr_sup":"Total","obstr_sup_tipo":"Folhagem","obstr_fundo":"Não","obstr_fundo_tipo":"Nenhuma","n_tubos":0,"tubos":"","area_critica":"AC02 — Ribeirão Morangueiro","entrega":"2026-10-03"},"geometry":{"type":"Point","coordinates":[-51.8905538,-23.4243849]}},
{"type":"Feature","properties":{"id":"A26100309:58029","equipe":"A","num":29,"codigo":"BLO","tipo":"Boca de lobo","utm_E":409011.3899,"utm_N":7409224.13,"h_ortom":584.792,"material":"Concreto","cc_tipo":"Simples","profundidade_cm":93,"inacessivel":false,"posicao":"Esquina","tampa":"Concreto","condicao":"Boa","obstr_sup":"Não","obstr_sup_tipo":"Nenhuma","obstr_fundo":"Parcial","obstr_fundo_tipo":"Solo","n_tubos":1,"tubos":"40cm SE","area_critica":"AC02 — Ribeirão Morangueiro","entrega":"2026-10-03"},"geometry":{"type":"Point","coordinates":[-51.8906375,-23.4243344]}},
{"type":"Feature","properties":{"id":"A26100310:00030","equipe":"A","num":30,"codigo":"BLO","tipo":"Boca de lobo","utm_E":408998.3971,"utm_N":7409173.601,"h_ortom":585.192,"material":"Concreto","cc_tipo":"Simples","profundidade_cm":80,"inacessivel":false,"posicao":"Esquina","tampa":"Concreto","condicao":"Boa","obstr_sup":"Não","obstr_sup_tipo":"Nenhuma","obstr_fundo":"Parcial","obstr_fundo_tipo":"Entulho","n_tubos":1,"tubos":"40cm SW","area_critica":"AC02 — Ribeirão Morangueiro","entrega":"2026-10-03"},"geometry":{"type":"Point","coordinates":[-51.8907677,-23.42479]}},
{"type":"Feature","properties":{"id":"A26100310:04031","equipe":"A","num":31,"codigo":"BLO","tipo":"Boca de lobo","utm_E":408964.2668,"utm_N":7409127.088,"h_ortom":584.797,"material":"Concreto","cc_tipo":"Simples","profundidade_cm":56,"inacessivel":false,"posicao":"Esquina","tampa":"Concreto","condicao":"Boa","obstr_sup":"Parcial","obstr_sup_tipo":"Resíduo","obstr_fundo":"Parcial","obstr_fundo_tipo":"Resíduo","n_tubos":1,"tubos":"40cm NW","area_critica":"AC02 — Ribeirão Morangueiro","entrega":"2026-10-03"},"geometry":{"type":"Point","coordinates":[-51.8911046,-23.4252082]}},
{"type":"Feature","properties":{"id":"A26100310:07032","equipe":"A","num":32,"codigo":"BLO","tipo":"Boca de lobo","utm_E":408955.5017,"utm_N":7409132.217,"h_ortom":584.94,"material":"Concreto","cc_tipo":"Simples","profundidade_cm":95,"inacessivel":false,"posicao":"Esquina","tampa":"Concreto","condicao":"Boa","obstr_sup":"Parcial","obstr_sup_tipo":"Resíduo","obstr_fundo":"Não","obstr_fundo_tipo":"Nenhuma","n_tubos":1,"tubos":"40cm SE","area_critica":"AC02 — Ribeirão Morangueiro","entrega":"2026-10-03"},"geometry":{"type":"Point","coordinates":[-51.89119,-23.4251614]}},
{"type":"Feature","properties":{"id":"A26100310:09033","equipe":"A","num":33,"codigo":"BLO","tipo":"Boca de lobo","utm_E":408964.703,"utm_N":7409120.301,"h_ortom":584.972,"material":"Concreto","cc_tipo":"Simples","profundidade_cm":null,"inacessivel":true,"posicao":"Esquina","tampa":"Concreto","condicao":"Boa","obstr_sup":"Total","obstr_sup_tipo":"Solo","obstr_fundo":"Total","obstr_fundo_tipo":"Solo","n_tubos":0,"tubos":"","area_critica":"AC02 — Ribeirão Morangueiro","entrega":"2026-10-03"},"geometry":{"type":"Point","coordinates":[-51.8911007,-23.4252695]}},
{"type":"Feature","properties":{"id":"A26100310:18034","equipe":"A","num":34,"codigo":"BLE","tipo":"Boca de leão","utm_E":409029.8054,"utm_N":7409080.515,"h_ortom":585.639,"material":"Ferro","cc_tipo":"Simples","profundidade_cm":80,"inacessivel":false,"posicao":"Meio de quadra","tampa":"Ferro","condicao":"Boa","obstr_sup":"Não","obstr_sup_tipo":"Nenhuma","obstr_fundo":"Parcial","obstr_fundo_tipo":"Solo","n_tubos":1,"tubos":"40cm SW","area_critica":"AC02 — Ribeirão Morangueiro","entrega":"2026-10-03"},"geometry":{"type":"Point","coordinates":[-51.8904659,-23.4256325]}},
{"type":"Feature","properties":{"id":"A26100310:22035","equipe":"A","num":35,"codigo":"PTOALT","tipo":"Ponto alto (eixo)","utm_E":409043.2956,"utm_N":7409066.423,"h_ortom":586.031,"material":null,"cc_tipo":null,"profundidade_cm":null,"inacessivel":false,"posicao":null,"tampa":null,"condicao":null,"obstr_sup":null,"obstr_sup_tipo":null,"obstr_fundo":null,"obstr_fundo_tipo":null,"n_tubos":0,"tubos":"","area_critica":"","entrega":"2026-10-03","tambem":"B26100310:08048 (PTOALT)"},"geometry":{"type":"Point","coordinates":[-51.8903347,-23.4257605]}},
{"type":"Feature","properties":{"id":"A26100310:22036","equipe":"A","num":36,"codigo":"PTOALT","tipo":"Ponto alto (eixo)","utm_E":409039.6078,"utm_N":7409060.045,"h_ortom":586.028,"material":null,"cc_tipo":null,"profundidade_cm":null,"inacessivel":false,"posicao":null,"tampa":null,"condicao":null,"obstr_sup":null,"obstr_sup_tipo":null,"obstr_fundo":null,"obstr_fundo_tipo":null,"n_tubos":0,"tubos":"","area_critica":"","entrega":"2026-10-03","tambem":"B26100310:07047 (PTOALT)"},"geometry":{"type":"Point","coordinates":[-51.8903712,-23.4258179]}},
{"type":"Feature","properties":{"id":"A26100310:23037","equipe":"A","num":37,"codigo":"BLO","tipo":"Boca de lobo","utm_E":409021.5866,"utm_N":7409065.338,"h_ortom":585.665,"material":"Concreto","cc_tipo":"Simples","profundidade_cm":68,"inacessivel":false,"posicao":"Meio de quadra","tampa":"Concreto","condicao":"Boa","obstr_sup":"Não","obstr_sup_tipo":"Nenhuma","obstr_fundo":"Parcial","obstr_fundo_tipo":"Folhagem","n_tubos":1,"tubos":"40cm NE","area_critica":"AC02 — Ribeirão Morangueiro","entrega":"2026-10-03"},"geometry":{"type":"Point","coordinates":[-51.8905473,-23.4257691]}},
{"type":"Feature","properties":{"id":"A26100310:26038","equipe":"A","num":38,"codigo":"BLO","tipo":"Boca de lobo","utm_E":409025.385,"utm_N":7409072.169,"h_ortom":585.863,"material":"Concreto","cc_tipo":"Múltipla","profundidade_cm":87,"inacessivel":false,"posicao":"Meio de quadra","tampa":"Concreto","condicao":"Ruim","obstr_sup":"Parcial","obstr_sup_tipo":"Folhagem","obstr_fundo":"Parcial","obstr_fundo_tipo":"Folhagem","n_tubos":3,"tubos":"40cm NE; 40cm SW; 40cm NW","area_critica":"AC02 — Ribeirão Morangueiro","entrega":"2026-10-03"},"geometry":{"type":"Point","coordinates":[-51.8905097,-23.4257076]}},
{"type":"Feature","properties":{"id":"A26100310:33039","equipe":"A","num":39,"codigo":"BLO","tipo":"Boca de lobo","utm_E":408908.0483,"utm_N":7409133.688,"h_ortom":584.149,"material":"Concreto","cc_tipo":"Simples","profundidade_cm":60,"inacessivel":false,"posicao":"Esquina","tampa":"Concreto","condicao":"Boa","obstr_sup":"Não","obstr_sup_tipo":"Nenhuma","obstr_fundo":"Parcial","obstr_fundo_tipo":"Solo","n_tubos":1,"tubos":"40cm SW","area_critica":"AC02 — Ribeirão Morangueiro","entrega":"2026-10-03"},"geometry":{"type":"Point","coordinates":[-51.8916544,-23.4251455]}},
{"type":"Feature","properties":{"id":"A26100310:35040","equipe":"A","num":40,"codigo":"BLO","tipo":"Boca de lobo","utm_E":408902.6316,"utm_N":7409131.605,"h_ortom":584.022,"material":"Concreto","cc_tipo":"Simples","profundidade_cm":72,"inacessivel":false,"posicao":"Esquina","tampa":"Concreto","condicao":"Boa","obstr_sup":"Não","obstr_sup_tipo":"Nenhuma","obstr_fundo":"Não","obstr_fundo_tipo":"Nenhuma","n_tubos":4,"tubos":"40cm NN; 40cm SS; 10cm SW; 10cm SW","area_critica":"AC02 — Ribeirão Morangueiro","entrega":"2026-10-03"},"geometry":{"type":"Point","coordinates":[-51.8917075,-23.425164]}},
{"type":"Feature","properties":{"id":"A26100310:41041","equipe":"A","num":41,"codigo":"BLO","tipo":"Boca de lobo","utm_E":408869.5652,"utm_N":7409157.589,"h_ortom":583.17,"material":"Concreto","cc_tipo":"Simples","profundidade_cm":80,"inacessivel":false,"posicao":"Meio de quadra","tampa":"Concreto","condicao":"Boa","obstr_sup":"Não","obstr_sup_tipo":"Nenhuma","obstr_fundo":"Parcial","obstr_fundo_tipo":"Solo","n_tubos":1,"tubos":"40cm NW","area_critica":"AC02 — Ribeirão Morangueiro","entrega":"2026-10-03"},"geometry":{"type":"Point","coordinates":[-51.8920296,-23.4249274]}},
{"type":"Feature","properties":{"id":"A26100310:44042","equipe":"A","num":42,"codigo":"BLO","tipo":"Boca de lobo","utm_E":408876.0074,"utm_N":7409174.302,"h_ortom":583.123,"material":"Concreto","cc_tipo":"Simples","profundidade_cm":80,"inacessivel":false,"posicao":"Meio de quadra","tampa":"Concreto","condicao":"Boa","obstr_sup":"Não","obstr_sup_tipo":"Nenhuma","obstr_fundo":"Não","obstr_fundo_tipo":"Nenhuma","n_tubos":1,"tubos":"40cm NW","area_critica":"AC02 — Ribeirão Morangueiro","entrega":"2026-10-03"},"geometry":{"type":"Point","coordinates":[-51.8919655,-23.4247769]}},
{"type":"Feature","properties":{"id":"A26100310:48043","equipe":"A","num":43,"codigo":"BLO","tipo":"Boca de lobo","utm_E":408810.3849,"utm_N":7409214.366,"h_ortom":581.327,"material":"Concreto","cc_tipo":"Simples","profundidade_cm":null,"inacessivel":true,"posicao":"Esquina","tampa":"Concreto","condicao":"Boa","obstr_sup":"Total","obstr_sup_tipo":"Solo","obstr_fundo":"Total","obstr_fundo_tipo":"Solo","n_tubos":0,"tubos":"","area_critica":"AC02 — Ribeirão Morangueiro","entrega":"2026-10-03","tambem":"B26100310:54055 (BLO)"},"geometry":{"type":"Point","coordinates":[-51.8926054,-23.4244113]}},
{"type":"Feature","properties":{"id":"A26100310:50044","equipe":"A","num":44,"codigo":"BLO","tipo":"Boca de lobo","utm_E":408801.3807,"utm_N":7409199.158,"h_ortom":581.253,"material":"Concreto","cc_tipo":"Simples","profundidade_cm":100,"inacessivel":false,"posicao":"Meio de quadra","tampa":"Concreto","condicao":"Boa","obstr_sup":"Não","obstr_sup_tipo":"Nenhuma","obstr_fundo":"Não","obstr_fundo_tipo":"Nenhuma","n_tubos":4,"tubos":"40cm NE; 20cm WW; 20cm WW; 20cm NW","area_critica":"AC02 — Ribeirão Morangueiro","entrega":"2026-10-03"},"geometry":{"type":"Point","coordinates":[-51.8926944,-23.4245482]}},
{"type":"Feature","properties":{"id":"A26100310:55045","equipe":"A","num":45,"codigo":"BLO","tipo":"Boca de lobo","utm_E":408802.133,"utm_N":7409225.542,"h_ortom":581.176,"material":"Concreto","cc_tipo":"Simples","profundidade_cm":125,"inacessivel":false,"posicao":"Esquina","tampa":"Concreto","condicao":"Ruim","obstr_sup":"Não","obstr_sup_tipo":"Nenhuma","obstr_fundo":"Não","obstr_fundo_tipo":"Nenhuma","n_tubos":1,"tubos":"40cm SE","area_critica":"AC02 — Ribeirão Morangueiro","entrega":"2026-10-03"},"geometry":{"type":"Point","coordinates":[-51.8926855,-23.4243099]}},
{"type":"Feature","properties":{"id":"A26100310:58046","equipe":"A","num":46,"codigo":"BLO","tipo":"Boca de lobo","utm_E":408838.7407,"utm_N":7409261.386,"h_ortom":581.262,"material":"Concreto","cc_tipo":"Simples","profundidade_cm":123,"inacessivel":false,"posicao":"Esquina","tampa":"Concreto","condicao":"Ruim","obstr_sup":"Não","obstr_sup_tipo":"Nenhuma","obstr_fundo":"Parcial","obstr_fundo_tipo":"Resíduo","n_tubos":1,"tubos":"40cm NE","area_critica":"AC02 — Ribeirão Morangueiro","entrega":"2026-10-03"},"geometry":{"type":"Point","coordinates":[-51.892325,-23.4239882]}},
{"type":"Feature","properties":{"id":"A26100311:04047","equipe":"A","num":47,"codigo":"BLO","tipo":"Boca de lobo","utm_E":408857.9258,"utm_N":7409317.078,"h_ortom":581.015,"material":"Concreto","cc_tipo":"Simples","profundidade_cm":110,"inacessivel":false,"posicao":"Esquina","tampa":"Concreto","condicao":"Boa","obstr_sup":"Não","obstr_sup_tipo":"Nenhuma","obstr_fundo":"Parcial","obstr_fundo_tipo":"Solo","n_tubos":1,"tubos":"40cm SE","area_critica":"AC02 — Ribeirão Morangueiro","entrega":"2026-10-03"},"geometry":{"type":"Point","coordinates":[-51.8921339,-23.4234863]}},
{"type":"Feature","properties":{"id":"A26100311:08048","equipe":"A","num":48,"codigo":"BLO","tipo":"Boca de lobo","utm_E":408870.8674,"utm_N":7409314.232,"h_ortom":581.247,"material":"Concreto","cc_tipo":"Simples","profundidade_cm":117,"inacessivel":false,"posicao":"Esquina","tampa":"Concreto","condicao":"Boa","obstr_sup":"Não","obstr_sup_tipo":"Nenhuma","obstr_fundo":"Parcial","obstr_fundo_tipo":"Solo","n_tubos":1,"tubos":"40cm NE","area_critica":"AC02 — Ribeirão Morangueiro","entrega":"2026-10-03"},"geometry":{"type":"Point","coordinates":[-51.8920074,-23.4235127]}},
{"type":"Feature","properties":{"id":"A26100311:11049","equipe":"A","num":49,"codigo":"BLO","tipo":"Boca de lobo","utm_E":408898.0972,"utm_N":7409367.334,"h_ortom":581.0,"material":"Concreto","cc_tipo":"Simples","profundidade_cm":110,"inacessivel":false,"posicao":"Esquina","tampa":"Concreto","condicao":"Boa","obstr_sup":"Não","obstr_sup_tipo":"Nenhuma","obstr_fundo":"Não","obstr_fundo_tipo":"Nenhuma","n_tubos":1,"tubos":"40cm NW","area_critica":"AC03 — Ribeirão Morangueiro","entrega":"2026-10-03"},"geometry":{"type":"Point","coordinates":[-51.8917376,-23.4230346]}},
{"type":"Feature","properties":{"id":"A26100311:14050","equipe":"A","num":50,"codigo":"BLO","tipo":"Boca de lobo","utm_E":408904.1726,"utm_N":7409368.596,"h_ortom":581.169,"material":"Concreto","cc_tipo":"Simples","profundidade_cm":112,"inacessivel":false,"posicao":"Esquina","tampa":"Concreto","condicao":"Boa","obstr_sup":"Não","obstr_sup_tipo":"Nenhuma","obstr_fundo":"Não","obstr_fundo_tipo":"Nenhuma","n_tubos":1,"tubos":"40cm NE","area_critica":"AC03 — Ribeirão Morangueiro","entrega":"2026-10-03"},"geometry":{"type":"Point","coordinates":[-51.8916781,-23.4230236]}},
{"type":"Feature","properties":{"id":"A26100311:18051","equipe":"A","num":51,"codigo":"BLO","tipo":"Boca de lobo","utm_E":408930.2204,"utm_N":7409420.019,"h_ortom":580.845,"material":"Concreto","cc_tipo":"Simples","profundidade_cm":101,"inacessivel":false,"posicao":"Esquina","tampa":"Concreto","condicao":"Boa","obstr_sup":"Não","obstr_sup_tipo":"Nenhuma","obstr_fundo":"Parcial","obstr_fundo_tipo":"Efluentes","n_tubos":1,"tubos":"40cm NW","area_critica":"AC03 — Ribeirão Morangueiro","entrega":"2026-10-03"},"geometry":{"type":"Point","coordinates":[-51.89142,-23.4225606]}},
{"type":"Feature","properties":{"id":"A26100311:21052","equipe":"A","num":52,"codigo":"BLO","tipo":"Boca de lobo","utm_E":408936.286,"utm_N":7409421.555,"h_ortom":581.106,"material":"Concreto","cc_tipo":"Simples","profundidade_cm":96,"inacessivel":false,"posicao":"Esquina","tampa":"Concreto","condicao":"Boa","obstr_sup":"Não","obstr_sup_tipo":"Nenhuma","obstr_fundo":"Não","obstr_fundo_tipo":"Nenhuma","n_tubos":1,"tubos":"40cm NE","area_critica":"AC03 — Ribeirão Morangueiro","entrega":"2026-10-03"},"geometry":{"type":"Point","coordinates":[-51.8913606,-23.4225471]}},
{"type":"Feature","properties":{"id":"A26100313:17053","equipe":"A","num":53,"codigo":"BLO","tipo":"Boca de lobo","utm_E":408601.8233,"utm_N":7409320.836,"h_ortom":573.186,"material":"Concreto","cc_tipo":"Simples","profundidade_cm":100,"inacessivel":false,"posicao":"Meio de quadra","tampa":"Concreto","condicao":"Boa","obstr_sup":"Não","obstr_sup_tipo":"Nenhuma","obstr_fundo":"Não","obstr_fundo_tipo":"Nenhuma","n_tubos":1,"tubos":"40cm NE","area_critica":"AC02 — Ribeirão Morangueiro","entrega":"2026-10-03"},"geometry":{"type":"Point","coordinates":[-51.8946402,-23.423438]}},
{"type":"Feature","properties":{"id":"A26100313:20054","equipe":"A","num":54,"codigo":"PV","tipo":"Poço de visita","utm_E":408619.3405,"utm_N":7409307.444,"h_ortom":574.066,"material":"Concreto","cc_tipo":"Simples","profundidade_cm":182,"inacessivel":false,"posicao":"Meio de quadra","tampa":"Ferro","condicao":"Boa","obstr_sup":"Não","obstr_sup_tipo":"Nenhuma","obstr_fundo":"Parcial","obstr_fundo_tipo":"Efluentes","n_tubos":2,"tubos":"60cm SW; 80cm NE","area_critica":"AC02 — Ribeirão Morangueiro","entrega":"2026-10-03"},"geometry":{"type":"Point","coordinates":[-51.8944696,-23.42356]}},
{"type":"Feature","properties":{"id":"A26100313:31055","equipe":"A","num":55,"codigo":"BLO","tipo":"Boca de lobo","utm_E":408700.3426,"utm_N":7409270.375,"h_ortom":577.357,"material":"Concreto","cc_tipo":"Múltipla","profundidade_cm":140,"inacessivel":false,"posicao":"Meio de quadra","tampa":"Concreto","condicao":"Boa","obstr_sup":"Parcial","obstr_sup_tipo":"Folhagem","obstr_fundo":"Não","obstr_fundo_tipo":"Nenhuma","n_tubos":4,"tubos":"60cm NW; 60cm SE; 40cm NE; 40cm SW","area_critica":"AC02 — Ribeirão Morangueiro","entrega":"2026-10-03"},"geometry":{"type":"Point","coordinates":[-51.893679,-23.4238993]}},
{"type":"Feature","properties":{"id":"A26100313:38056","equipe":"A","num":56,"codigo":"BLO","tipo":"Boca de lobo","utm_E":408603.7428,"utm_N":7409344.689,"h_ortom":573.1,"material":"Concreto","cc_tipo":"Simples","profundidade_cm":90,"inacessivel":false,"posicao":"Esquina","tampa":"Concreto","condicao":"Boa","obstr_sup":"Não","obstr_sup_tipo":"Nenhuma","obstr_fundo":"Parcial","obstr_fundo_tipo":"Resíduo","n_tubos":1,"tubos":"40cm SE","area_critica":"AC02 — Ribeirão Morangueiro","entrega":"2026-10-03"},"geometry":{"type":"Point","coordinates":[-51.89462,-23.4232227]}},
{"type":"Feature","properties":{"id":"A26100313:40057","equipe":"A","num":57,"codigo":"BLO","tipo":"Boca de lobo","utm_E":408610.6256,"utm_N":7409340.541,"h_ortom":573.173,"material":"Concreto","cc_tipo":"Simples","profundidade_cm":100,"inacessivel":false,"posicao":"Esquina","tampa":"Concreto","condicao":"Boa","obstr_sup":"Não","obstr_sup_tipo":"Nenhuma","obstr_fundo":"Parcial","obstr_fundo_tipo":"Resíduo","n_tubos":1,"tubos":"40cm NW","area_critica":"AC02 — Ribeirão Morangueiro","entrega":"2026-10-03"},"geometry":{"type":"Point","coordinates":[-51.8945529,-23.4232606]}},
{"type":"Feature","properties":{"id":"A26100313:44058","equipe":"A","num":58,"codigo":"BLO","tipo":"Boca de lobo","utm_E":408640.6597,"utm_N":7409382.025,"h_ortom":573.306,"material":"Concreto","cc_tipo":"Simples","profundidade_cm":110,"inacessivel":false,"posicao":"Esquina","tampa":"Concreto","condicao":"Boa","obstr_sup":"Não","obstr_sup_tipo":"Nenhuma","obstr_fundo":"Não","obstr_fundo_tipo":"Nenhuma","n_tubos":1,"tubos":"40cm NE","area_critica":"AC02 — Ribeirão Morangueiro","entrega":"2026-10-03"},"geometry":{"type":"Point","coordinates":[-51.8942564,-23.4228876]}},
{"type":"Feature","properties":{"id":"A26100313:46059","equipe":"A","num":59,"codigo":"BLO","tipo":"Boca de lobo","utm_E":408644.8721,"utm_N":7409389.031,"h_ortom":573.268,"material":"Concreto","cc_tipo":"Simples","profundidade_cm":94,"inacessivel":false,"posicao":"Esquina","tampa":"Concreto","condicao":"Boa","obstr_sup":"Não","obstr_sup_tipo":"Nenhuma","obstr_fundo":"Parcial","obstr_fundo_tipo":"Entulho","n_tubos":1,"tubos":"40cm SW","area_critica":"AC02 — Ribeirão Morangueiro","entrega":"2026-10-03"},"geometry":{"type":"Point","coordinates":[-51.8942147,-23.4228245]}},
{"type":"Feature","properties":{"id":"A26100313:48060","equipe":"A","num":60,"codigo":"BLO","tipo":"Boca de lobo","utm_E":408635.7585,"utm_N":7409397.231,"h_ortom":572.887,"material":"Concreto","cc_tipo":"Simples","profundidade_cm":120,"inacessivel":false,"posicao":"Esquina","tampa":"Concreto","condicao":"Boa","obstr_sup":"Não","obstr_sup_tipo":"Nenhuma","obstr_fundo":"Não","obstr_fundo_tipo":"Nenhuma","n_tubos":1,"tubos":"40cm SE","area_critica":"AC02 — Ribeirão Morangueiro","entrega":"2026-10-03"},"geometry":{"type":"Point","coordinates":[-51.8943034,-23.4227499]}},
{"type":"Feature","properties":{"id":"A26100313:52061","equipe":"A","num":61,"codigo":"BLO","tipo":"Boca de lobo","utm_E":408671.7379,"utm_N":7409435.744,"h_ortom":572.63,"material":"Concreto","cc_tipo":"Simples","profundidade_cm":103,"inacessivel":false,"posicao":"Esquina","tampa":"Concreto","condicao":"Boa","obstr_sup":"Não","obstr_sup_tipo":"Nenhuma","obstr_fundo":"Não","obstr_fundo_tipo":"Nenhuma","n_tubos":1,"tubos":"40cm NE","area_critica":"AC02 — Ribeirão Morangueiro","entrega":"2026-10-03"},"geometry":{"type":"Point","coordinates":[-51.893949,-23.4224041]}},
{"type":"Feature","properties":{"id":"A26100313:54062","equipe":"A","num":62,"codigo":"BLO","tipo":"Boca de lobo","utm_E":408676.2595,"utm_N":7409442.448,"h_ortom":572.687,"material":"Concreto","cc_tipo":"Simples","profundidade_cm":110,"inacessivel":false,"posicao":"Esquina","tampa":"Concreto","condicao":"Boa","obstr_sup":"Não","obstr_sup_tipo":"Nenhuma","obstr_fundo":"Não","obstr_fundo_tipo":"Nenhuma","n_tubos":1,"tubos":"40cm SW","area_critica":"AC02 — Ribeirão Morangueiro","entrega":"2026-10-03"},"geometry":{"type":"Point","coordinates":[-51.8939043,-23.4223438]}},
{"type":"Feature","properties":{"id":"A26100313:57063","equipe":"A","num":63,"codigo":"PV","tipo":"Poço de visita","utm_E":408665.1444,"utm_N":7409441.782,"h_ortom":572.517,"material":"Concreto","cc_tipo":"Simples","profundidade_cm":159,"inacessivel":false,"posicao":"Esquina","tampa":"Ferro","condicao":"Boa","obstr_sup":"Não","obstr_sup_tipo":"Nenhuma","obstr_fundo":"Parcial","obstr_fundo_tipo":"Entulho","n_tubos":4,"tubos":"40cm SW; 40cm NE; 40cm NW; 40cm SE","area_critica":"AC02 — Ribeirão Morangueiro","entrega":"2026-10-03"},"geometry":{"type":"Point","coordinates":[-51.8940131,-23.4223492]}},
{"type":"Feature","properties":{"id":"A26100314:17065","equipe":"A","num":65,"codigo":"BLO","tipo":"Boca de lobo","utm_E":408728.7206,"utm_N":7409475.516,"h_ortom":574.353,"material":"Concreto","cc_tipo":"Simples","profundidade_cm":87,"inacessivel":false,"posicao":"Esquina","tampa":"Concreto","condicao":"Boa","obstr_sup":"Não","obstr_sup_tipo":"Nenhuma","obstr_fundo":"Não","obstr_fundo_tipo":"Nenhuma","n_tubos":1,"tubos":"30cm NE","area_critica":"AC03 — Ribeirão Morangueiro","entrega":"2026-10-03"},"geometry":{"type":"Point","coordinates":[-51.8933888,-23.4220481]}},
{"type":"Feature","properties":{"id":"A26100314:19066","equipe":"A","num":66,"codigo":"BLO","tipo":"Boca de lobo","utm_E":408732.7623,"utm_N":7409482.55,"h_ortom":574.361,"material":"Concreto","cc_tipo":"Simples","profundidade_cm":95,"inacessivel":false,"posicao":"Esquina","tampa":"Concreto","condicao":"Boa","obstr_sup":"Não","obstr_sup_tipo":"Nenhuma","obstr_fundo":"Não","obstr_fundo_tipo":"Nenhuma","n_tubos":1,"tubos":"30cm SW","area_critica":"AC03 — Ribeirão Morangueiro","entrega":"2026-10-03"},"geometry":{"type":"Point","coordinates":[-51.8933489,-23.4219848]}},
{"type":"Feature","properties":{"id":"A26100314:22067","equipe":"A","num":67,"codigo":"BLO","tipo":"Boca de lobo","utm_E":408721.3633,"utm_N":7409521.83,"h_ortom":572.796,"material":"Concreto","cc_tipo":"Simples","profundidade_cm":90,"inacessivel":false,"posicao":"Esquina","tampa":"Concreto","condicao":"Boa","obstr_sup":"Não","obstr_sup_tipo":"Nenhuma","obstr_fundo":"Não","obstr_fundo_tipo":"Nenhuma","n_tubos":1,"tubos":"40cm NW","area_critica":"AC03 — Ribeirão Morangueiro","entrega":"2026-10-03"},"geometry":{"type":"Point","coordinates":[-51.893458,-23.4216294]}},
{"type":"Feature","properties":{"id":"A26100314:25068","equipe":"A","num":68,"codigo":"BLO","tipo":"Boca de lobo","utm_E":408714.6309,"utm_N":7409526.501,"h_ortom":572.748,"material":"Concreto","cc_tipo":"Simples","profundidade_cm":100,"inacessivel":false,"posicao":"Esquina","tampa":"Concreto","condicao":"Boa","obstr_sup":"Não","obstr_sup_tipo":"Nenhuma","obstr_fundo":"Não","obstr_fundo_tipo":"Nenhuma","n_tubos":1,"tubos":"40cm SE","area_critica":"AC03 — Ribeirão Morangueiro","entrega":"2026-10-03"},"geometry":{"type":"Point","coordinates":[-51.8935236,-23.4215868]}},
{"type":"Feature","properties":{"id":"A26100314:33069","equipe":"A","num":69,"codigo":"BLO","tipo":"Boca de lobo","utm_E":408680.674,"utm_N":7409517.665,"h_ortom":571.46,"material":"Concreto","cc_tipo":"Simples","profundidade_cm":92,"inacessivel":false,"posicao":"Esquina","tampa":"Concreto","condicao":"Boa","obstr_sup":"Não","obstr_sup_tipo":"Nenhuma","obstr_fundo":"Não","obstr_fundo_tipo":"Nenhuma","n_tubos":1,"tubos":"40cm SE","area_critica":"AC03 — Ribeirão Morangueiro","entrega":"2026-10-03"},"geometry":{"type":"Point","coordinates":[-51.8938565,-23.4216647]}},
{"type":"Feature","properties":{"id":"A26100314:38070","equipe":"A","num":70,"codigo":"BLO","tipo":"Boca de lobo","utm_E":408737.4149,"utm_N":7409542.863,"h_ortom":573.021,"material":"Concreto","cc_tipo":"Simples","profundidade_cm":120,"inacessivel":false,"posicao":"Esquina","tampa":"Concreto","condicao":"Boa","obstr_sup":"Não","obstr_sup_tipo":"Nenhuma","obstr_fundo":"Não","obstr_fundo_tipo":"Nenhuma","n_tubos":1,"tubos":"40cm NE","area_critica":"AC03 — Ribeirão Morangueiro","entrega":"2026-10-03"},"geometry":{"type":"Point","coordinates":[-51.8932997,-23.4214403]}},
{"type":"Feature","properties":{"id":"A26100314:40071","equipe":"A","num":71,"codigo":"BLO","tipo":"Boca de lobo","utm_E":408741.0914,"utm_N":7409550.06,"h_ortom":573.093,"material":"Concreto","cc_tipo":"Simples","profundidade_cm":77,"inacessivel":false,"posicao":"Esquina","tampa":"Concreto","condicao":"Boa","obstr_sup":"Não","obstr_sup_tipo":"Nenhuma","obstr_fundo":"Não","obstr_fundo_tipo":"Nenhuma","n_tubos":1,"tubos":"40cm WW","area_critica":"AC03 — Ribeirão Morangueiro","entrega":"2026-10-03"},"geometry":{"type":"Point","coordinates":[-51.8932632,-23.4213755]}},
{"type":"Feature","properties":{"id":"A26100314:44072","equipe":"A","num":72,"codigo":"BLO","tipo":"Boca de lobo","utm_E":408639.4492,"utm_N":7409612.335,"h_ortom":567.86,"material":"Concreto","cc_tipo":"Simples","profundidade_cm":130,"inacessivel":false,"posicao":"Esquina","tampa":"Concreto","condicao":"Boa","obstr_sup":"Não","obstr_sup_tipo":"Nenhuma","obstr_fundo":"Não","obstr_fundo_tipo":"Nenhuma","n_tubos":1,"tubos":"40cm WW","area_critica":"AC03 — Ribeirão Morangueiro","entrega":"2026-10-03"},"geometry":{"type":"Point","coordinates":[-51.8942543,-23.4208074]}},
{"type":"Feature","properties":{"id":"A26100314:47073","equipe":"A","num":73,"codigo":"BLO","tipo":"Boca de lobo","utm_E":408640.3627,"utm_N":7409617.457,"h_ortom":567.682,"material":"Concreto","cc_tipo":"Simples","profundidade_cm":105,"inacessivel":false,"posicao":"Esquina","tampa":"Concreto","condicao":"Boa","obstr_sup":"Não","obstr_sup_tipo":"Nenhuma","obstr_fundo":"Parcial","obstr_fundo_tipo":"Resíduo","n_tubos":1,"tubos":"40cm NN","area_critica":"AC03 — Ribeirão Morangueiro","entrega":"2026-10-03"},"geometry":{"type":"Point","coordinates":[-51.894245,-23.4207612]}},
{"type":"Feature","properties":{"id":"A26100314:50074","equipe":"A","num":74,"codigo":"BLO","tipo":"Boca de lobo","utm_E":408634.3245,"utm_N":7409633.494,"h_ortom":567.349,"material":"Concreto","cc_tipo":"Simples","profundidade_cm":116,"inacessivel":false,"posicao":"Meio de quadra","tampa":"Concreto","condicao":"Boa","obstr_sup":"Não","obstr_sup_tipo":"Nenhuma","obstr_fundo":"Não","obstr_fundo_tipo":"Nenhuma","n_tubos":1,"tubos":"40cm SS","area_critica":"AC03 — Ribeirão Morangueiro","entrega":"2026-10-03"},"geometry":{"type":"Point","coordinates":[-51.8943031,-23.420616]}},
{"type":"Feature","properties":{"id":"A26100315:02075","equipe":"A","num":75,"codigo":"BLO","tipo":"Boca de lobo","utm_E":408541.6366,"utm_N":7409607.138,"h_ortom":563.968,"material":"Concreto","cc_tipo":"Múltipla","profundidade_cm":80,"inacessivel":false,"posicao":"Esquina","tampa":"Concreto","condicao":"Boa","obstr_sup":"Não","obstr_sup_tipo":"Nenhuma","obstr_fundo":"Não","obstr_fundo_tipo":"Nenhuma","n_tubos":1,"tubos":"40cm NW","area_critica":"AC03 — Ribeirão Morangueiro","entrega":"2026-10-03"},"geometry":{"type":"Point","coordinates":[-51.8952119,-23.4208488]}},
{"type":"Feature","properties":{"id":"A26100315:06076","equipe":"A","num":76,"codigo":"BLO","tipo":"Boca de lobo","utm_E":408557.9822,"utm_N":7409589.189,"h_ortom":564.954,"material":"Concreto","cc_tipo":"Múltipla","profundidade_cm":73,"inacessivel":false,"posicao":"Esquina","tampa":"Concreto","condicao":"Boa","obstr_sup":"Não","obstr_sup_tipo":"Nenhuma","obstr_fundo":"Não","obstr_fundo_tipo":"Nenhuma","n_tubos":1,"tubos":"40cm SW","area_critica":"AC03 — Ribeirão Morangueiro","entrega":"2026-10-03"},"geometry":{"type":"Point","coordinates":[-51.895053,-23.4210118]}},
{"type":"Feature","properties":{"id":"A26100315:09077","equipe":"A","num":77,"codigo":"BLO","tipo":"Boca de lobo","utm_E":408554.3689,"utm_N":7409581.831,"h_ortom":565.127,"material":"Concreto","cc_tipo":"Simples","profundidade_cm":90,"inacessivel":false,"posicao":"Esquina","tampa":"Concreto","condicao":"Boa","obstr_sup":"Não","obstr_sup_tipo":"Nenhuma","obstr_fundo":"Não","obstr_fundo_tipo":"Nenhuma","n_tubos":1,"tubos":"40cm NE","area_critica":"AC03 — Ribeirão Morangueiro","entrega":"2026-10-03"},"geometry":{"type":"Point","coordinates":[-51.8950888,-23.4210781]}},
{"type":"Feature","properties":{"id":"A26100315:13078","equipe":"A","num":78,"codigo":"BLO","tipo":"Boca de lobo","utm_E":408525.586,"utm_N":7409579.752,"h_ortom":564.389,"material":"Concreto","cc_tipo":"Simples","profundidade_cm":112,"inacessivel":false,"posicao":"Esquina","tampa":"Concreto","condicao":"Boa","obstr_sup":"Não","obstr_sup_tipo":"Nenhuma","obstr_fundo":"Não","obstr_fundo_tipo":"Nenhuma","n_tubos":1,"tubos":"40cm SE","area_critica":"AC03 — Ribeirão Morangueiro","entrega":"2026-10-03"},"geometry":{"type":"Point","coordinates":[-51.8953707,-23.4210953]}},
{"type":"Feature","properties":{"id":"A26100315:26079","equipe":"A","num":79,"codigo":"BLO","tipo":"Boca de lobo","utm_E":408516.4783,"utm_N":7409539.866,"h_ortom":564.614,"material":"Concreto","cc_tipo":"Simples","profundidade_cm":68,"inacessivel":false,"posicao":"Esquina","tampa":"Concreto","condicao":"Boa","obstr_sup":"Não","obstr_sup_tipo":"Nenhuma","obstr_fundo":"Não","obstr_fundo_tipo":"Nenhuma","n_tubos":1,"tubos":"40cm SW","area_critica":"AC03 — Ribeirão Morangueiro","entrega":"2026-10-03"},"geometry":{"type":"Point","coordinates":[-51.8954622,-23.421455]}},
{"type":"Feature","properties":{"id":"A26100315:29080","equipe":"A","num":80,"codigo":"BLO","tipo":"Boca de lobo","utm_E":408508.8147,"utm_N":7409532.437,"h_ortom":564.48,"material":"Concreto","cc_tipo":"Simples","profundidade_cm":null,"inacessivel":true,"posicao":"Esquina","tampa":"Concreto","condicao":"Boa","obstr_sup":"Total","obstr_sup_tipo":"Solo","obstr_fundo":"Total","obstr_fundo_tipo":"Solo","n_tubos":0,"tubos":"","area_critica":"AC03 — Ribeirão Morangueiro","entrega":"2026-10-03"},"geometry":{"type":"Point","coordinates":[-51.8955377,-23.4215217]}},
{"type":"Feature","properties":{"id":"A26100315:31081","equipe":"A","num":81,"codigo":"BLO","tipo":"Boca de lobo","utm_E":408485.2271,"utm_N":7409486.295,"h_ortom":565.149,"material":"Concreto","cc_tipo":"Simples","profundidade_cm":70,"inacessivel":false,"posicao":"Esquina","tampa":"Concreto","condicao":"Boa","obstr_sup":"Não","obstr_sup_tipo":"Nenhuma","obstr_fundo":"Não","obstr_fundo_tipo":"Nenhuma","n_tubos":1,"tubos":"40cm SW","area_critica":"AC03 — Ribeirão Morangueiro","entrega":"2026-10-03"},"geometry":{"type":"Point","coordinates":[-51.8957713,-23.4219371]}},
{"type":"Feature","properties":{"id":"A26100315:34082","equipe":"A","num":82,"codigo":"BLO","tipo":"Boca de lobo","utm_E":408476.6725,"utm_N":7409479.352,"h_ortom":564.977,"material":"Concreto","cc_tipo":"Simples","profundidade_cm":52,"inacessivel":false,"posicao":"Esquina","tampa":"Concreto","condicao":"Boa","obstr_sup":"Não","obstr_sup_tipo":"Nenhuma","obstr_fundo":"Não","obstr_fundo_tipo":"Nenhuma","n_tubos":1,"tubos":"40cm EE","area_critica":"AC03 — Ribeirão Morangueiro","entrega":"2026-10-03"},"geometry":{"type":"Point","coordinates":[-51.8958555,-23.4219993]}},
{"type":"Feature","properties":{"id":"A26100315:38083","equipe":"A","num":83,"codigo":"BLO","tipo":"Boca de lobo","utm_E":408442.6094,"utm_N":7409417.909,"h_ortom":565.701,"material":"Concreto","cc_tipo":"Simples","profundidade_cm":125,"inacessivel":false,"posicao":"Meio de quadra","tampa":"Concreto","condicao":"Boa","obstr_sup":"Não","obstr_sup_tipo":"Nenhuma","obstr_fundo":"Parcial","obstr_fundo_tipo":"Resíduo","n_tubos":6,"tubos":"40cm NE; 30cm NW; 10cm WW; 10cm WW; 10cm WW; 10cm WW","area_critica":"AC03 — Ribeirão Morangueiro","entrega":"2026-10-03"},"geometry":{"type":"Point","coordinates":[-51.8961926,-23.4225523]}},
{"type":"Feature","properties":{"id":"A26100315:42084","equipe":"A","num":84,"codigo":"BLO","tipo":"Boca de lobo","utm_E":408447.5876,"utm_N":7409426.043,"h_ortom":565.685,"material":"Concreto","cc_tipo":"Múltipla","profundidade_cm":null,"inacessivel":true,"posicao":"Esquina","tampa":"Concreto","condicao":"Boa","obstr_sup":"Total","obstr_sup_tipo":"Solo","obstr_fundo":"Total","obstr_fundo_tipo":"Solo","n_tubos":0,"tubos":"","area_critica":"AC03 — Ribeirão Morangueiro","entrega":"2026-10-03"},"geometry":{"type":"Point","coordinates":[-51.8961434,-23.4224792]}},
{"type":"Feature","properties":{"id":"A26100315:44085","equipe":"A","num":85,"codigo":"BLO","tipo":"Boca de lobo","utm_E":408452.3688,"utm_N":7409432.627,"h_ortom":565.785,"material":"Concreto","cc_tipo":"Múltipla","profundidade_cm":null,"inacessivel":true,"posicao":"Esquina","tampa":"Concreto","condicao":"Boa","obstr_sup":"Total","obstr_sup_tipo":"Solo","obstr_fundo":"Total","obstr_fundo_tipo":"Solo","n_tubos":0,"tubos":"","area_critica":"AC03 — Ribeirão Morangueiro","entrega":"2026-10-03"},"geometry":{"type":"Point","coordinates":[-51.8960962,-23.42242]}},
{"type":"Feature","properties":{"id":"A26100315:50086","equipe":"A","num":86,"codigo":"BLO","tipo":"Boca de lobo","utm_E":408520.7711,"utm_N":7409370.189,"h_ortom":569.45,"material":"Concreto","cc_tipo":"Simples","profundidade_cm":115,"inacessivel":false,"posicao":"Meio de quadra","tampa":"Concreto","condicao":"Boa","obstr_sup":"Não","obstr_sup_tipo":"Nenhuma","obstr_fundo":"Não","obstr_fundo_tipo":"Nenhuma","n_tubos":2,"tubos":"40cm NE; 30cm SS","area_critica":"AC03 — Ribeirão Morangueiro","entrega":"2026-10-03"},"geometry":{"type":"Point","coordinates":[-51.8954305,-23.4229877]}},
{"type":"Feature","properties":{"id":"A26100315:54087","equipe":"A","num":87,"codigo":"BLO","tipo":"Boca de lobo","utm_E":408524.7981,"utm_N":7409377.329,"h_ortom":569.435,"material":"Concreto","cc_tipo":"Múltipla","profundidade_cm":150,"inacessivel":false,"posicao":"Meio de quadra","tampa":"Concreto","condicao":"Boa","obstr_sup":"Parcial","obstr_sup_tipo":"Folhagem","obstr_fundo":"Parcial","obstr_fundo_tipo":"Folhagem","n_tubos":2,"tubos":"30cm NE; 30cm SW","area_critica":"AC03 — Ribeirão Morangueiro","entrega":"2026-10-03"},"geometry":{"type":"Point","coordinates":[-51.8953907,-23.4229235]}},
{"type":"Feature","properties":{"id":"A26100315:59088","equipe":"A","num":88,"codigo":"BLO","tipo":"Boca de lobo","utm_E":408529.6741,"utm_N":7409385.578,"h_ortom":569.49,"material":"Concreto","cc_tipo":"Simples","profundidade_cm":120,"inacessivel":false,"posicao":"Meio de quadra","tampa":"Concreto","condicao":"Boa","obstr_sup":"Não","obstr_sup_tipo":"Nenhuma","obstr_fundo":"Não","obstr_fundo_tipo":"Nenhuma","n_tubos":1,"tubos":"30cm SW","area_critica":"AC03 — Ribeirão Morangueiro","entrega":"2026-10-03"},"geometry":{"type":"Point","coordinates":[-51.8953424,-23.4228492]}},
{"type":"Feature","properties":{"id":"A26100316:04089","equipe":"A","num":89,"codigo":"BLO","tipo":"Boca de lobo","utm_E":408566.5117,"utm_N":7409336.958,"h_ortom":571.84,"material":"Concreto","cc_tipo":"Simples","profundidade_cm":127,"inacessivel":false,"posicao":"Esquina","tampa":"Concreto","condicao":"Boa","obstr_sup":"Não","obstr_sup_tipo":"Nenhuma","obstr_fundo":"Parcial","obstr_fundo_tipo":"Solo","n_tubos":1,"tubos":"40cm SE","area_critica":"AC02 — Ribeirão Morangueiro","entrega":"2026-10-03"},"geometry":{"type":"Point","coordinates":[-51.8949849,-23.4232904]}},
{"type":"Feature","properties":{"id":"A26100316:08090","equipe":"A","num":90,"codigo":"BLO","tipo":"Boca de lobo","utm_E":408525.5835,"utm_N":7409272.566,"h_ortom":572.22,"material":"Concreto","cc_tipo":"Simples","profundidade_cm":75,"inacessivel":false,"posicao":"Meio de quadra","tampa":"Concreto","condicao":"Boa","obstr_sup":"Não","obstr_sup_tipo":"Nenhuma","obstr_fundo":"Parcial","obstr_fundo_tipo":"Solo","n_tubos":1,"tubos":"40cm SE","area_critica":"AC02 — Ribeirão Morangueiro","entrega":"2026-10-03"},"geometry":{"type":"Point","coordinates":[-51.8953894,-23.4238697]}},
{"type":"Feature","properties":{"id":"A26100316:28091","equipe":"A","num":91,"codigo":"PV","tipo":"Poço de visita","utm_E":408528.5056,"utm_N":7409260.375,"h_ortom":572.344,"material":"Concreto","cc_tipo":"Simples","profundidade_cm":200,"inacessivel":false,"posicao":"Meio de quadra","tampa":"Ferro","condicao":"Boa","obstr_sup":"Não","obstr_sup_tipo":"Nenhuma","obstr_fundo":"Parcial","obstr_fundo_tipo":"Resíduo","n_tubos":2,"tubos":"40cm NW; 40cm SE","area_critica":"AC02 — Ribeirão Morangueiro","entrega":"2026-10-03"},"geometry":{"type":"Point","coordinates":[-51.8953615,-23.42398]}},
{"type":"Feature","properties":{"id":"A26100316:34092","equipe":"A","num":92,"codigo":"BLO","tipo":"Boca de lobo","utm_E":408382.4987,"utm_N":7409031.984,"h_ortom":570.57,"material":"Concreto","cc_tipo":"Simples","profundidade_cm":130,"inacessivel":false,"posicao":"Esquina","tampa":"Concreto","condicao":"Boa","obstr_sup":"Não","obstr_sup_tipo":"Nenhuma","obstr_fundo":"Não","obstr_fundo_tipo":"Nenhuma","n_tubos":1,"tubos":"40cm NW","area_critica":"AC02 — Ribeirão Morangueiro","entrega":"2026-10-03"},"geometry":{"type":"Point","coordinates":[-51.8968045,-23.4260346]}},
{"type":"Feature","properties":{"id":"A26100316:37093","equipe":"A","num":93,"codigo":"BLC","tipo":"Boca combinada","utm_E":408382.8975,"utm_N":7409026.26,"h_ortom":570.695,"material":"Concreto","cc_tipo":"Simples","profundidade_cm":137,"inacessivel":false,"posicao":"Esquina","tampa":"Ferro","condicao":"Boa","obstr_sup":"Parcial","obstr_sup_tipo":"Folhagem","obstr_fundo":"Não","obstr_fundo_tipo":"Nenhuma","n_tubos":1,"tubos":"40cm SW","area_critica":"AC02 — Ribeirão Morangueiro","entrega":"2026-10-03"},"geometry":{"type":"Point","coordinates":[-51.8968009,-23.4260863]}},
{"type":"Feature","properties":{"id":"A26100316:40094","equipe":"A","num":94,"codigo":"BLO","tipo":"Boca de lobo","utm_E":408378.5197,"utm_N":7409019.292,"h_ortom":570.577,"material":"Concreto","cc_tipo":"Simples","profundidade_cm":140,"inacessivel":false,"posicao":"Meio de quadra","tampa":"Concreto","condicao":"Boa","obstr_sup":"Não","obstr_sup_tipo":"Nenhuma","obstr_fundo":"Não","obstr_fundo_tipo":"Nenhuma","n_tubos":1,"tubos":"40cm NE","area_critica":"AC02 — Ribeirão Morangueiro","entrega":"2026-10-03"},"geometry":{"type":"Point","coordinates":[-51.8968442,-23.426149]}},
{"type":"Feature","properties":{"id":"B26100309:05016","equipe":"B","num":16,"codigo":"ESQUINA","tipo":"Esquina (eixo)","utm_E":408703.9606,"utm_N":7409641.019,"h_ortom":569.856,"material":null,"cc_tipo":null,"profundidade_cm":null,"inacessivel":false,"posicao":null,"tampa":null,"condicao":null,"obstr_sup":null,"obstr_sup_tipo":null,"obstr_fundo":null,"obstr_fundo_tipo":null,"n_tubos":0,"tubos":"","area_critica":"AC03 — Ribeirão Morangueiro","entrega":"2026-10-03"},"geometry":{"type":"Point","coordinates":[-51.8936211,-23.4205519]}},
{"type":"Feature","properties":{"id":"B26100309:06017","equipe":"B","num":17,"codigo":"BLO","tipo":"Boca de lobo","utm_E":408722.6167,"utm_N":7409640.917,"h_ortom":570.569,"material":"Concreto","cc_tipo":"Simples","profundidade_cm":98,"inacessivel":false,"posicao":"Esquina","tampa":"Concreto","condicao":"Boa","obstr_sup":"Não","obstr_sup_tipo":"Nenhuma","obstr_fundo":"Não","obstr_fundo_tipo":"Nenhuma","n_tubos":1,"tubos":"40cm NN","area_critica":"AC03 — Ribeirão Morangueiro","entrega":"2026-10-03"},"geometry":{"type":"Point","coordinates":[-51.8934385,-23.4205539]}},
{"type":"Feature","properties":{"id":"B26100309:09018","equipe":"B","num":18,"codigo":"PTOBAI","tipo":"Ponto baixo (eixo)","utm_E":408710.8486,"utm_N":7409636.303,"h_ortom":570.073,"material":null,"cc_tipo":null,"profundidade_cm":null,"inacessivel":false,"posicao":null,"tampa":null,"condicao":null,"obstr_sup":null,"obstr_sup_tipo":null,"obstr_fundo":null,"obstr_fundo_tipo":null,"n_tubos":0,"tubos":"","area_critica":"AC03 — Ribeirão Morangueiro","entrega":"2026-10-03"},"geometry":{"type":"Point","coordinates":[-51.893554,-23.4205949]}},
{"type":"Feature","properties":{"id":"B26100309:10019","equipe":"B","num":19,"codigo":"ESQUINA","tipo":"Esquina (eixo)","utm_E":408766.1194,"utm_N":7409602.72,"h_ortom":572.89,"material":null,"cc_tipo":null,"profundidade_cm":null,"inacessivel":false,"posicao":null,"tampa":null,"condicao":null,"obstr_sup":null,"obstr_sup_tipo":null,"obstr_fundo":null,"obstr_fundo_tipo":null,"n_tubos":0,"tubos":"","area_critica":"AC03 — Ribeirão Morangueiro","entrega":"2026-10-03"},"geometry":{"type":"Point","coordinates":[-51.8930151,-23.4209013]}},
{"type":"Feature","properties":{"id":"B26100309:11020","equipe":"B","num":20,"codigo":"BLO","tipo":"Boca de lobo","utm_E":408765.8263,"utm_N":7409610.694,"h_ortom":572.795,"material":"Concreto","cc_tipo":"Simples","profundidade_cm":155,"inacessivel":false,"posicao":"Esquina","tampa":"Concreto","condicao":"Boa","obstr_sup":"Não","obstr_sup_tipo":"Nenhuma","obstr_fundo":"Não","obstr_fundo_tipo":"Nenhuma","n_tubos":1,"tubos":"40cm SE","area_critica":"AC03 — Ribeirão Morangueiro","entrega":"2026-10-03"},"geometry":{"type":"Point","coordinates":[-51.8930175,-23.4208293]}},
{"type":"Feature","properties":{"id":"B26100309:14021","equipe":"B","num":21,"codigo":"BLO","tipo":"Boca de lobo","utm_E":408765.7443,"utm_N":7409594.436,"h_ortom":572.875,"material":"Concreto","cc_tipo":"Simples","profundidade_cm":null,"inacessivel":true,"posicao":"Esquina","tampa":"Concreto","condicao":"Boa","obstr_sup":"Total","obstr_sup_tipo":"Solo","obstr_fundo":"Total","obstr_fundo_tipo":"Solo","n_tubos":0,"tubos":"","area_critica":"AC03 — Ribeirão Morangueiro","entrega":"2026-10-03"},"geometry":{"type":"Point","coordinates":[-51.8930193,-23.4209761]}},
{"type":"Feature","properties":{"id":"B26100309:16022","equipe":"B","num":22,"codigo":"BLO","tipo":"Boca de lobo","utm_E":408758.4521,"utm_N":7409598.42,"h_ortom":572.723,"material":"Concreto","cc_tipo":"Simples","profundidade_cm":null,"inacessivel":true,"posicao":"Esquina","tampa":"Concreto","condicao":"Boa","obstr_sup":"Total","obstr_sup_tipo":"Solo","obstr_fundo":"Total","obstr_fundo_tipo":"Solo","n_tubos":0,"tubos":"","area_critica":"AC03 — Ribeirão Morangueiro","entrega":"2026-10-03"},"geometry":{"type":"Point","coordinates":[-51.8930904,-23.4209397]}},
{"type":"Feature","properties":{"id":"B26100309:21023","equipe":"B","num":23,"codigo":"ESQUINA","tipo":"Esquina (eixo)","utm_E":408964.0205,"utm_N":7409482.07,"h_ortom":580.713,"material":null,"cc_tipo":null,"profundidade_cm":null,"inacessivel":false,"posicao":null,"tampa":null,"condicao":null,"obstr_sup":null,"obstr_sup_tipo":null,"obstr_fundo":null,"obstr_fundo_tipo":null,"n_tubos":0,"tubos":"","area_critica":"AC03 — Ribeirão Morangueiro","entrega":"2026-10-03"},"geometry":{"type":"Point","coordinates":[-51.8910855,-23.4220021]}},
{"type":"Feature","properties":{"id":"B26100309:21024","equipe":"B","num":24,"codigo":"BLO","tipo":"Boca de lobo","utm_E":408963.3856,"utm_N":7409474.361,"h_ortom":580.688,"material":"Alvenaria tijolo","cc_tipo":"Simples","profundidade_cm":55,"inacessivel":false,"posicao":"Esquina","tampa":"Concreto","condicao":"Boa","obstr_sup":"Não","obstr_sup_tipo":"Nenhuma","obstr_fundo":"Não","obstr_fundo_tipo":"Nenhuma","n_tubos":1,"tubos":"40cm NE","area_critica":"AC03 — Ribeirão Morangueiro","entrega":"2026-10-03"},"geometry":{"type":"Point","coordinates":[-51.8910922,-23.4220716]}},
{"type":"Feature","properties":{"id":"B26100309:26026","equipe":"B","num":26,"codigo":"PTOALT","tipo":"Ponto alto (eixo)","utm_E":409117.4056,"utm_N":7409388.604,"h_ortom":584.857,"material":null,"cc_tipo":null,"profundidade_cm":null,"inacessivel":false,"posicao":null,"tampa":null,"condicao":null,"obstr_sup":null,"obstr_sup_tipo":null,"obstr_fundo":null,"obstr_fundo_tipo":null,"n_tubos":0,"tubos":"","area_critica":"AC03 — Ribeirão Morangueiro","entrega":"2026-10-03","tambem":"B26100309:26025 (ESQUINA)"},"geometry":{"type":"Point","coordinates":[-51.8895899,-23.4228548]}},
{"type":"Feature","properties":{"id":"B26100309:27027","equipe":"B","num":27,"codigo":"BLO","tipo":"Boca de lobo","utm_E":409109.2385,"utm_N":7409385.378,"h_ortom":584.678,"material":"Concreto","cc_tipo":"Simples","profundidade_cm":90,"inacessivel":false,"posicao":"Esquina","tampa":"Concreto","condicao":"Boa","obstr_sup":"Não","obstr_sup_tipo":"Nenhuma","obstr_fundo":"Não","obstr_fundo_tipo":"Nenhuma","n_tubos":1,"tubos":"40cm SE","area_critica":"AC03 — Ribeirão Morangueiro","entrega":"2026-10-03"},"geometry":{"type":"Point","coordinates":[-51.88967,-23.4228835]}},
{"type":"Feature","properties":{"id":"B26100309:32028","equipe":"B","num":28,"codigo":"BLO","tipo":"Boca de lobo","utm_E":409118.3805,"utm_N":7409380.018,"h_ortom":584.709,"material":"Concreto","cc_tipo":"Simples","profundidade_cm":null,"inacessivel":true,"posicao":"Esquina","tampa":"Concreto","condicao":"Boa","obstr_sup":"Total","obstr_sup_tipo":"Solo","obstr_fundo":"Total","obstr_fundo_tipo":"Solo","n_tubos":0,"tubos":"","area_critica":"AC03 — Ribeirão Morangueiro","entrega":"2026-10-03"},"geometry":{"type":"Point","coordinates":[-51.8895809,-23.4229324]}},
{"type":"Feature","properties":{"id":"B26100309:36029","equipe":"B","num":29,"codigo":"PTOBAI","tipo":"Ponto baixo (eixo)","utm_E":409190.7101,"utm_N":7409271.241,"h_ortom":583.453,"material":null,"cc_tipo":null,"profundidade_cm":null,"inacessivel":false,"posicao":null,"tampa":null,"condicao":null,"obstr_sup":null,"obstr_sup_tipo":null,"obstr_fundo":null,"obstr_fundo_tipo":null,"n_tubos":0,"tubos":"","area_critica":"AC03 — Ribeirão Morangueiro","entrega":"2026-10-03"},"geometry":{"type":"Point","coordinates":[-51.8888795,-23.4239189]}},
{"type":"Feature","properties":{"id":"B26100309:38031","equipe":"B","num":31,"codigo":"PTOALT","tipo":"Ponto alto (eixo)","utm_E":409085.2408,"utm_N":7409335.653,"h_ortom":585.121,"material":null,"cc_tipo":null,"profundidade_cm":null,"inacessivel":false,"posicao":null,"tampa":null,"condicao":null,"obstr_sup":null,"obstr_sup_tipo":null,"obstr_fundo":null,"obstr_fundo_tipo":null,"n_tubos":0,"tubos":"","area_critica":"AC03 — Ribeirão Morangueiro","entrega":"2026-10-03","tambem":"B26100309:38030 (ESQUINA)"},"geometry":{"type":"Point","coordinates":[-51.8899079,-23.4233312]}},
{"type":"Feature","properties":{"id":"B26100309:43032","equipe":"B","num":32,"codigo":"ESQUINA","tipo":"Esquina (eixo)","utm_E":409053.0496,"utm_N":7409282.555,"h_ortom":584.846,"material":null,"cc_tipo":null,"profundidade_cm":null,"inacessivel":false,"posicao":null,"tampa":null,"condicao":null,"obstr_sup":null,"obstr_sup_tipo":null,"obstr_fundo":null,"obstr_fundo_tipo":null,"n_tubos":0,"tubos":"","area_critica":"AC03 — Ribeirão Morangueiro","entrega":"2026-10-03"},"geometry":{"type":"Point","coordinates":[-51.8902262,-23.423809]}},
{"type":"Feature","properties":{"id":"B26100309:44033","equipe":"B","num":33,"codigo":"PTOBAI","tipo":"Ponto baixo (eixo)","utm_E":409162.2021,"utm_N":7409216.099,"h_ortom":584.039,"material":null,"cc_tipo":null,"profundidade_cm":null,"inacessivel":false,"posicao":null,"tampa":null,"condicao":null,"obstr_sup":null,"obstr_sup_tipo":null,"obstr_fundo":null,"obstr_fundo_tipo":null,"n_tubos":0,"tubos":"","area_critica":"","entrega":"2026-10-03"},"geometry":{"type":"Point","coordinates":[-51.8891619,-23.4244153]}},
{"type":"Feature","properties":{"id":"B26100309:46034","equipe":"B","num":34,"codigo":"BLO","tipo":"Boca de lobo","utm_E":409061.7225,"utm_N":7409286.842,"h_ortom":584.671,"material":"Concreto","cc_tipo":"Simples","profundidade_cm":null,"inacessivel":true,"posicao":"Esquina","tampa":"Concreto","condicao":"Boa","obstr_sup":"Total","obstr_sup_tipo":"Solo","obstr_fundo":"Total","obstr_fundo_tipo":"Solo","n_tubos":0,"tubos":"","area_critica":"AC03 — Ribeirão Morangueiro","entrega":"2026-10-03"},"geometry":{"type":"Point","coordinates":[-51.890141,-23.4237708]}},
{"type":"Feature","properties":{"id":"B26100309:47035","equipe":"B","num":35,"codigo":"BLO","tipo":"Boca de lobo","utm_E":409063.8042,"utm_N":7409280.924,"h_ortom":584.604,"material":"Concreto","cc_tipo":"Simples","profundidade_cm":90,"inacessivel":false,"posicao":"Esquina","tampa":"Concreto","condicao":"Boa","obstr_sup":"Não","obstr_sup_tipo":"Nenhuma","obstr_fundo":"Não","obstr_fundo_tipo":"Nenhuma","n_tubos":1,"tubos":"40cm SW","area_critica":"AC03 — Ribeirão Morangueiro","entrega":"2026-10-03"},"geometry":{"type":"Point","coordinates":[-51.890121,-23.4238243]}},
{"type":"Feature","properties":{"id":"B26100309:50036","equipe":"B","num":36,"codigo":"BLO","tipo":"Boca de lobo","utm_E":409059.5746,"utm_N":7409273.708,"h_ortom":584.566,"material":"Concreto","cc_tipo":"Simples","profundidade_cm":100,"inacessivel":false,"posicao":"Esquina","tampa":"Concreto","condicao":"Boa","obstr_sup":"Não","obstr_sup_tipo":"Nenhuma","obstr_fundo":"Parcial","obstr_fundo_tipo":"Folhagem","n_tubos":1,"tubos":"40cm NE","area_critica":"AC03 — Ribeirão Morangueiro","entrega":"2026-10-03"},"geometry":{"type":"Point","coordinates":[-51.8901629,-23.4238893]}},
{"type":"Feature","properties":{"id":"B26100309:53037","equipe":"B","num":37,"codigo":"BLO","tipo":"Boca de lobo","utm_E":409053.1486,"utm_N":7409272.642,"h_ortom":584.53,"material":"Concreto","cc_tipo":"Simples","profundidade_cm":120,"inacessivel":false,"posicao":"Esquina","tampa":"Concreto","condicao":"Boa","obstr_sup":"Não","obstr_sup_tipo":"Nenhuma","obstr_fundo":"Não","obstr_fundo_tipo":"Nenhuma","n_tubos":1,"tubos":"40cm NW","area_critica":"AC03 — Ribeirão Morangueiro","entrega":"2026-10-03"},"geometry":{"type":"Point","coordinates":[-51.8902258,-23.4238986]}},
{"type":"Feature","properties":{"id":"B26100309:56038","equipe":"B","num":38,"codigo":"ESQUINA","tipo":"Esquina (eixo)","utm_E":409020.0245,"utm_N":7409228.047,"h_ortom":585.013,"material":null,"cc_tipo":null,"profundidade_cm":null,"inacessivel":false,"posicao":null,"tampa":null,"condicao":null,"obstr_sup":null,"obstr_sup_tipo":null,"obstr_fundo":null,"obstr_fundo_tipo":null,"n_tubos":0,"tubos":"","area_critica":"AC02 — Ribeirão Morangueiro","entrega":"2026-10-03"},"geometry":{"type":"Point","coordinates":[-51.8905527,-23.4242995]}},
{"type":"Feature","properties":{"id":"B26100309:58039","equipe":"B","num":39,"codigo":"PTOALT","tipo":"Ponto alto (eixo)","utm_E":409108.3099,"utm_N":7409174.318,"h_ortom":585.169,"material":null,"cc_tipo":null,"profundidade_cm":null,"inacessivel":false,"posicao":null,"tampa":null,"condicao":null,"obstr_sup":null,"obstr_sup_tipo":null,"obstr_fundo":null,"obstr_fundo_tipo":null,"n_tubos":0,"tubos":"","area_critica":"","entrega":"2026-10-03"},"geometry":{"type":"Point","coordinates":[-51.8896919,-23.4247897]}},
{"type":"Feature","properties":{"id":"B26100309:59040","equipe":"B","num":40,"codigo":"PTOBAI","tipo":"Ponto baixo (eixo)","utm_E":409025.3358,"utm_N":7409225.105,"h_ortom":584.918,"material":null,"cc_tipo":null,"profundidade_cm":null,"inacessivel":false,"posicao":null,"tampa":null,"condicao":null,"obstr_sup":null,"obstr_sup_tipo":null,"obstr_fundo":null,"obstr_fundo_tipo":null,"n_tubos":0,"tubos":"","area_critica":"AC02 — Ribeirão Morangueiro","entrega":"2026-10-03"},"geometry":{"type":"Point","coordinates":[-51.8905009,-23.4243264]}},
{"type":"Feature","properties":{"id":"B26100310:00041","equipe":"B","num":41,"codigo":"ESQUINA","tipo":"Esquina (eixo)","utm_E":408987.6033,"utm_N":7409175.534,"h_ortom":585.322,"material":null,"cc_tipo":null,"profundidade_cm":null,"inacessivel":false,"posicao":null,"tampa":null,"condicao":null,"obstr_sup":null,"obstr_sup_tipo":null,"obstr_fundo":null,"obstr_fundo_tipo":null,"n_tubos":0,"tubos":"","area_critica":"AC02 — Ribeirão Morangueiro","entrega":"2026-10-03"},"geometry":{"type":"Point","coordinates":[-51.8908732,-23.424772]}},
{"type":"Feature","properties":{"id":"B26100310:01042","equipe":"B","num":42,"codigo":"PTOALT","tipo":"Ponto alto (eixo)","utm_E":409077.3462,"utm_N":7409120.723,"h_ortom":585.744,"material":null,"cc_tipo":null,"profundidade_cm":null,"inacessivel":false,"posicao":null,"tampa":null,"condicao":null,"obstr_sup":null,"obstr_sup_tipo":null,"obstr_fundo":null,"obstr_fundo_tipo":null,"n_tubos":0,"tubos":"","area_critica":"","entrega":"2026-10-03"},"geometry":{"type":"Point","coordinates":[-51.8899982,-23.425272]}},
{"type":"Feature","properties":{"id":"B26100310:02043","equipe":"B","num":43,"codigo":"BLO","tipo":"Boca de lobo","utm_E":408994.3359,"utm_N":7409166.387,"h_ortom":585.076,"material":"Concreto","cc_tipo":"Simples","profundidade_cm":null,"inacessivel":true,"posicao":"Esquina","tampa":"Concreto","condicao":"Boa","obstr_sup":"Parcial","obstr_sup_tipo":"Folhagem","obstr_fundo":"Total","obstr_fundo_tipo":"Solo","n_tubos":0,"tubos":"","area_critica":"AC02 — Ribeirão Morangueiro","entrega":"2026-10-03"},"geometry":{"type":"Point","coordinates":[-51.8908079,-23.424855]}},
{"type":"Feature","properties":{"id":"B26100310:05044","equipe":"B","num":44,"codigo":"PTOBAI","tipo":"Ponto baixo (eixo)","utm_E":408957.4366,"utm_N":7409125.924,"h_ortom":585.02,"material":null,"cc_tipo":null,"profundidade_cm":null,"inacessivel":false,"posicao":null,"tampa":null,"condicao":null,"obstr_sup":null,"obstr_sup_tipo":null,"obstr_fundo":null,"obstr_fundo_tipo":null,"n_tubos":0,"tubos":"","area_critica":"AC02 — Ribeirão Morangueiro","entrega":"2026-10-03"},"geometry":{"type":"Point","coordinates":[-51.8911715,-23.4252184]}},
{"type":"Feature","properties":{"id":"B26100310:05045","equipe":"B","num":45,"codigo":"ESQUINA","tipo":"Esquina (eixo)","utm_E":408954.3787,"utm_N":7409120.432,"h_ortom":584.981,"material":null,"cc_tipo":null,"profundidade_cm":null,"inacessivel":false,"posicao":null,"tampa":null,"condicao":null,"obstr_sup":null,"obstr_sup_tipo":null,"obstr_fundo":null,"obstr_fundo_tipo":null,"n_tubos":0,"tubos":"","area_critica":"AC02 — Ribeirão Morangueiro","entrega":"2026-10-03"},"geometry":{"type":"Point","coordinates":[-51.8912017,-23.4252678]}},
{"type":"Feature","properties":{"id":"B26100310:06046","equipe":"B","num":46,"codigo":"PTOBAI","tipo":"Ponto baixo (eixo)","utm_E":408948.0281,"utm_N":7409109.99,"h_ortom":584.757,"material":null,"cc_tipo":null,"profundidade_cm":null,"inacessivel":false,"posicao":null,"tampa":null,"condicao":null,"obstr_sup":null,"obstr_sup_tipo":null,"obstr_fundo":null,"obstr_fundo_tipo":null,"n_tubos":0,"tubos":"","area_critica":"AC02 — Ribeirão Morangueiro","entrega":"2026-10-03"},"geometry":{"type":"Point","coordinates":[-51.8912645,-23.4253617]}},
{"type":"Feature","properties":{"id":"B26100310:19049","equipe":"B","num":49,"codigo":"BLO","tipo":"Boca de lobo","utm_E":408960.1234,"utm_N":7409112.79,"h_ortom":585.063,"material":"Concreto","cc_tipo":"Simples","profundidade_cm":83,"inacessivel":false,"posicao":"Esquina","tampa":"Concreto","condicao":"Boa","obstr_sup":"Não","obstr_sup_tipo":"Nenhuma","obstr_fundo":"Parcial","obstr_fundo_tipo":"Solo","n_tubos":3,"tubos":"40cm SE; 40cm NW; 60cm SW","area_critica":"AC02 — Ribeirão Morangueiro","entrega":"2026-10-03"},"geometry":{"type":"Point","coordinates":[-51.891146,-23.4253371]}},
{"type":"Feature","properties":{"id":"B26100310:28050","equipe":"B","num":50,"codigo":"BLO","tipo":"Boca de lobo","utm_E":409019.54,"utm_N":7409076.54,"h_ortom":585.793,"material":"Concreto","cc_tipo":"Simples","profundidade_cm":83,"inacessivel":false,"posicao":"Esquina","tampa":"Concreto","condicao":"Boa","obstr_sup":"Não","obstr_sup_tipo":"Nenhuma","obstr_fundo":"Parcial","obstr_fundo_tipo":"Solo","n_tubos":2,"tubos":"40cm SE; 40cm NW","area_critica":"AC02 — Ribeirão Morangueiro","entrega":"2026-10-03"},"geometry":{"type":"Point","coordinates":[-51.8905666,-23.4256678]}},
{"type":"Feature","properties":{"id":"B26100310:33051","equipe":"B","num":51,"codigo":"BLO","tipo":"Boca de lobo","utm_E":408912.669,"utm_N":7409141.206,"h_ortom":584.279,"material":"Concreto","cc_tipo":"Simples","profundidade_cm":90,"inacessivel":false,"posicao":"Esquina","tampa":"Concreto","condicao":"Ruim","obstr_sup":"Não","obstr_sup_tipo":"Nenhuma","obstr_fundo":"Parcial","obstr_fundo_tipo":"Solo","n_tubos":2,"tubos":"40cm SE; 40cm NW","area_critica":"AC02 — Ribeirão Morangueiro","entrega":"2026-10-03"},"geometry":{"type":"Point","coordinates":[-51.8916087,-23.4250778]}},
{"type":"Feature","properties":{"id":"B26100310:36052","equipe":"B","num":52,"codigo":"BLO","tipo":"Boca de lobo","utm_E":408895.7409,"utm_N":7409136.121,"h_ortom":583.99,"material":"Alvenaria tijolo","cc_tipo":"Simples","profundidade_cm":75,"inacessivel":false,"posicao":"Esquina","tampa":"Ferro","condicao":"Boa","obstr_sup":"Não","obstr_sup_tipo":"Nenhuma","obstr_fundo":"Parcial","obstr_fundo_tipo":"Solo","n_tubos":1,"tubos":"40cm SE","area_critica":"AC02 — Ribeirão Morangueiro","entrega":"2026-10-03"},"geometry":{"type":"Point","coordinates":[-51.8917747,-23.4251228]}},
{"type":"Feature","properties":{"id":"B26100310:41053","equipe":"B","num":53,"codigo":"BLO","tipo":"Boca de lobo","utm_E":408871.4161,"utm_N":7409166.856,"h_ortom":583.257,"material":"Concreto","cc_tipo":"Simples","profundidade_cm":130,"inacessivel":false,"posicao":"Esquina","tampa":"Concreto","condicao":"Boa","obstr_sup":"Não","obstr_sup_tipo":"Nenhuma","obstr_fundo":"Parcial","obstr_fundo_tipo":"Solo","n_tubos":2,"tubos":"40cm SE; 40cm NW","area_critica":"AC02 — Ribeirão Morangueiro","entrega":"2026-10-03"},"geometry":{"type":"Point","coordinates":[-51.8920109,-23.4248438]}},
{"type":"Feature","properties":{"id":"B26100310:50054","equipe":"B","num":54,"codigo":"BLO","tipo":"Boca de lobo","utm_E":408805.8354,"utm_N":7409207.004,"h_ortom":581.407,"material":"Concreto","cc_tipo":"Múltipla","profundidade_cm":8130,"inacessivel":false,"posicao":"Esquina","tampa":"Concreto","condicao":"Boa","obstr_sup":"Não","obstr_sup_tipo":"Nenhuma","obstr_fundo":"Parcial","obstr_fundo_tipo":"Solo","n_tubos":3,"tubos":"40cm SE; 40cm NW; 40cm SW","area_critica":"AC02 — Ribeirão Morangueiro","entrega":"2026-10-03"},"geometry":{"type":"Point","coordinates":[-51.8926504,-23.4244776]}},
{"type":"Feature","properties":{"id":"B26100310:56056","equipe":"B","num":56,"codigo":"ESQUINA","tipo":"Esquina (eixo)","utm_E":408800.2399,"utm_N":7409214.753,"h_ortom":581.198,"material":null,"cc_tipo":null,"profundidade_cm":null,"inacessivel":false,"posicao":null,"tampa":null,"condicao":null,"obstr_sup":null,"obstr_sup_tipo":null,"obstr_fundo":null,"obstr_fundo_tipo":null,"n_tubos":0,"tubos":"","area_critica":"AC02 — Ribeirão Morangueiro","entrega":"2026-10-03"},"geometry":{"type":"Point","coordinates":[-51.8927047,-23.4244073]}},
{"type":"Feature","properties":{"id":"B26100310:56057","equipe":"B","num":57,"codigo":"PTOALT","tipo":"Ponto alto (eixo)","utm_E":408803.3731,"utm_N":7409219.8,"h_ortom":581.267,"material":null,"cc_tipo":null,"profundidade_cm":null,"inacessivel":false,"posicao":null,"tampa":null,"condicao":null,"obstr_sup":null,"obstr_sup_tipo":null,"obstr_fundo":null,"obstr_fundo_tipo":null,"n_tubos":0,"tubos":"","area_critica":"AC02 — Ribeirão Morangueiro","entrega":"2026-10-03"},"geometry":{"type":"Point","coordinates":[-51.8926737,-23.4243619]}},
{"type":"Feature","properties":{"id":"B26100310:56058","equipe":"B","num":58,"codigo":"BLO","tipo":"Boca de lobo","utm_E":408809.2864,"utm_N":7409221.257,"h_ortom":581.101,"material":"Concreto","cc_tipo":"Simples","profundidade_cm":100,"inacessivel":false,"posicao":"Esquina","tampa":"Concreto","condicao":"Boa","obstr_sup":"Não","obstr_sup_tipo":"Nenhuma","obstr_fundo":"Não","obstr_fundo_tipo":"Nenhuma","n_tubos":1,"tubos":"40cm NW","area_critica":"AC02 — Ribeirão Morangueiro","entrega":"2026-10-03"},"geometry":{"type":"Point","coordinates":[-51.8926157,-23.424349]}},
{"type":"Feature","properties":{"id":"B26100311:00059","equipe":"B","num":59,"codigo":"ESQUINA","tipo":"Esquina (eixo)","utm_E":408833.5859,"utm_N":7409269.239,"h_ortom":581.345,"material":null,"cc_tipo":null,"profundidade_cm":null,"inacessivel":false,"posicao":null,"tampa":null,"condicao":null,"obstr_sup":null,"obstr_sup_tipo":null,"obstr_fundo":null,"obstr_fundo_tipo":null,"n_tubos":0,"tubos":"","area_critica":"AC02 — Ribeirão Morangueiro","entrega":"2026-10-03"},"geometry":{"type":"Point","coordinates":[-51.892375,-23.423917]}},
{"type":"Feature","properties":{"id":"B26100311:00060","equipe":"B","num":60,"codigo":"BLO","tipo":"Boca de lobo","utm_E":408843.0936,"utm_N":7409268.319,"h_ortom":581.36,"material":"Concreto","cc_tipo":"Simples","profundidade_cm":120,"inacessivel":false,"posicao":"Esquina","tampa":"Concreto","condicao":"Boa","obstr_sup":"Não","obstr_sup_tipo":"Nenhuma","obstr_fundo":"Não","obstr_fundo_tipo":"Nenhuma","n_tubos":1,"tubos":"40cm SW","area_critica":"AC02 — Ribeirão Morangueiro","entrega":"2026-10-03"},"geometry":{"type":"Point","coordinates":[-51.892282,-23.4239259]}},
{"type":"Feature","properties":{"id":"B26100311:04061","equipe":"B","num":61,"codigo":"BLE","tipo":"Boca de leão","utm_E":408864.6563,"utm_N":7409313.04,"h_ortom":580.967,"material":"Concreto","cc_tipo":"Simples","profundidade_cm":null,"inacessivel":true,"posicao":"Esquina","tampa":"Concreto","condicao":"Boa","obstr_sup":"Total","obstr_sup_tipo":"Solo","obstr_fundo":"Total","obstr_fundo_tipo":"Solo","n_tubos":0,"tubos":"","area_critica":"AC02 — Ribeirão Morangueiro","entrega":"2026-10-03"},"geometry":{"type":"Point","coordinates":[-51.8920682,-23.4235232]}},
{"type":"Feature","properties":{"id":"B26100311:07062","equipe":"B","num":62,"codigo":"ESQUINA","tipo":"Esquina (eixo)","utm_E":408865.9306,"utm_N":7409322.189,"h_ortom":581.215,"material":null,"cc_tipo":null,"profundidade_cm":null,"inacessivel":false,"posicao":null,"tampa":null,"condicao":null,"obstr_sup":null,"obstr_sup_tipo":null,"obstr_fundo":null,"obstr_fundo_tipo":null,"n_tubos":0,"tubos":"","area_critica":"AC02 — Ribeirão Morangueiro","entrega":"2026-10-03"},"geometry":{"type":"Point","coordinates":[-51.8920552,-23.4234406]}},
{"type":"Feature","properties":{"id":"B26100311:07063","equipe":"B","num":63,"codigo":"BLO","tipo":"Boca de lobo","utm_E":408875.107,"utm_N":7409321.23,"h_ortom":581.279,"material":"Concreto","cc_tipo":"Simples","profundidade_cm":130,"inacessivel":false,"posicao":"Esquina","tampa":"Concreto","condicao":"Boa","obstr_sup":"Não","obstr_sup_tipo":"Nenhuma","obstr_fundo":"Não","obstr_fundo_tipo":"Nenhuma","n_tubos":1,"tubos":"40cm SW","area_critica":"AC02 — Ribeirão Morangueiro","entrega":"2026-10-03"},"geometry":{"type":"Point","coordinates":[-51.8919655,-23.4234498]}},
{"type":"Feature","properties":{"id":"B26100311:11064","equipe":"B","num":64,"codigo":"ESQUINA","tipo":"Esquina (eixo)","utm_E":408899.3894,"utm_N":7409376.172,"h_ortom":581.017,"material":null,"cc_tipo":null,"profundidade_cm":null,"inacessivel":false,"posicao":null,"tampa":null,"condicao":null,"obstr_sup":null,"obstr_sup_tipo":null,"obstr_fundo":null,"obstr_fundo_tipo":null,"n_tubos":0,"tubos":"","area_critica":"AC03 — Ribeirão Morangueiro","entrega":"2026-10-03"},"geometry":{"type":"Point","coordinates":[-51.8917245,-23.4229549]}},
{"type":"Feature","properties":{"id":"B26100311:12065","equipe":"B","num":65,"codigo":"BLO","tipo":"Boca de lobo","utm_E":408890.9923,"utm_N":7409371.564,"h_ortom":580.842,"material":"Concreto","cc_tipo":"Simples","profundidade_cm":110,"inacessivel":false,"posicao":"Esquina","tampa":"Concreto","condicao":"Ruim","obstr_sup":"Não","obstr_sup_tipo":"Nenhuma","obstr_fundo":"Não","obstr_fundo_tipo":"Nenhuma","n_tubos":1,"tubos":"40cm SE","area_critica":"AC03 — Ribeirão Morangueiro","entrega":"2026-10-03"},"geometry":{"type":"Point","coordinates":[-51.8918069,-23.422996]}},
{"type":"Feature","properties":{"id":"B26100311:15066","equipe":"B","num":66,"codigo":"BLO","tipo":"Boca de lobo","utm_E":408908.2682,"utm_N":7409375.664,"h_ortom":581.093,"material":"Concreto","cc_tipo":"Simples","profundidade_cm":120,"inacessivel":false,"posicao":"Esquina","tampa":"Concreto","condicao":"Boa","obstr_sup":"Não","obstr_sup_tipo":"Nenhuma","obstr_fundo":"Não","obstr_fundo_tipo":"Nenhuma","n_tubos":1,"tubos":"40cm SW","area_critica":"AC03 — Ribeirão Morangueiro","entrega":"2026-10-03"},"geometry":{"type":"Point","coordinates":[-51.8916376,-23.42296]}},
{"type":"Feature","properties":{"id":"B26100311:18067","equipe":"B","num":67,"codigo":"PTOBAI","tipo":"Ponto baixo (eixo)","utm_E":408903.1563,"utm_N":7409373.923,"h_ortom":581.071,"material":null,"cc_tipo":null,"profundidade_cm":null,"inacessivel":false,"posicao":null,"tampa":null,"condicao":null,"obstr_sup":null,"obstr_sup_tipo":null,"obstr_fundo":null,"obstr_fundo_tipo":null,"n_tubos":0,"tubos":"","area_critica":"AC03 — Ribeirão Morangueiro","entrega":"2026-10-03"},"geometry":{"type":"Point","coordinates":[-51.8916877,-23.4229754]}},
{"type":"Feature","properties":{"id":"B26100311:19069","equipe":"B","num":69,"codigo":"PTOBAI","tipo":"Ponto baixo (eixo)","utm_E":408931.3229,"utm_N":7409429.546,"h_ortom":580.874,"material":null,"cc_tipo":null,"profundidade_cm":null,"inacessivel":false,"posicao":null,"tampa":null,"condicao":null,"obstr_sup":null,"obstr_sup_tipo":null,"obstr_fundo":null,"obstr_fundo_tipo":null,"n_tubos":0,"tubos":"","area_critica":"AC03 — Ribeirão Morangueiro","entrega":"2026-10-03","tambem":"B26100311:19068 (ESQUINA)"},"geometry":{"type":"Point","coordinates":[-51.8914087,-23.4224746]}},
{"type":"Feature","properties":{"id":"B26100311:19070","equipe":"B","num":70,"codigo":"BLO","tipo":"Boca de lobo","utm_E":408923.3016,"utm_N":7409424.545,"h_ortom":580.685,"material":"Concreto","cc_tipo":"Simples","profundidade_cm":100,"inacessivel":false,"posicao":"Esquina","tampa":"Concreto","condicao":"Boa","obstr_sup":"Não","obstr_sup_tipo":"Nenhuma","obstr_fundo":"Não","obstr_fundo_tipo":"Nenhuma","n_tubos":1,"tubos":"40cm SE","area_critica":"AC03 — Ribeirão Morangueiro","entrega":"2026-10-03"},"geometry":{"type":"Point","coordinates":[-51.8914875,-23.4225193]}},
{"type":"Feature","properties":{"id":"B26100311:21071","equipe":"B","num":71,"codigo":"BLO","tipo":"Boca de lobo","utm_E":408940.438,"utm_N":7409428.631,"h_ortom":580.956,"material":"Concreto","cc_tipo":"Simples","profundidade_cm":90,"inacessivel":false,"posicao":"Esquina","tampa":"Concreto","condicao":"Boa","obstr_sup":"Não","obstr_sup_tipo":"Nenhuma","obstr_fundo":"Não","obstr_fundo_tipo":"Nenhuma","n_tubos":1,"tubos":"40cm SW","area_critica":"AC03 — Ribeirão Morangueiro","entrega":"2026-10-03"},"geometry":{"type":"Point","coordinates":[-51.8913195,-23.4224834]}},
{"type":"Feature","properties":{"id":"B26100313:31072","equipe":"B","num":72,"codigo":"BLO","tipo":"Boca de lobo","utm_E":408696.2646,"utm_N":7409262.935,"h_ortom":577.336,"material":"Concreto","cc_tipo":"Simples","profundidade_cm":120,"inacessivel":false,"posicao":"Meio de quadra","tampa":"Concreto","condicao":"Boa","obstr_sup":"Não","obstr_sup_tipo":"Nenhuma","obstr_fundo":"Não","obstr_fundo_tipo":"Nenhuma","n_tubos":2,"tubos":"40cm SE; 40cm NE","area_critica":"AC02 — Ribeirão Morangueiro","entrega":"2026-10-03"},"geometry":{"type":"Point","coordinates":[-51.8937194,-23.4239663]}},
{"type":"Feature","properties":{"id":"B26100313:35073","equipe":"B","num":73,"codigo":"BLO","tipo":"Boca de lobo","utm_E":408705.0329,"utm_N":7409278.614,"h_ortom":577.308,"material":"Concreto","cc_tipo":"Simples","profundidade_cm":null,"inacessivel":true,"posicao":"Meio de quadra","tampa":"Concreto","condicao":"Boa","obstr_sup":"Não","obstr_sup_tipo":"Nenhuma","obstr_fundo":"Total","obstr_fundo_tipo":"Resíduo","n_tubos":2,"tubos":"40cm SW; 10cm NE","area_critica":"AC02 — Ribeirão Morangueiro","entrega":"2026-10-03"},"geometry":{"type":"Point","coordinates":[-51.8936326,-23.4238252]}},
{"type":"Feature","properties":{"id":"B26100313:40074","equipe":"B","num":74,"codigo":"BLO","tipo":"Boca de lobo","utm_E":408611.3982,"utm_N":7409335.722,"h_ortom":573.239,"material":"Concreto","cc_tipo":"Simples","profundidade_cm":120,"inacessivel":false,"posicao":"Esquina","tampa":"Concreto","condicao":"Boa","obstr_sup":"Parcial","obstr_sup_tipo":"Folhagem","obstr_fundo":"Não","obstr_fundo_tipo":"Nenhuma","n_tubos":1,"tubos":"40cm SW","area_critica":"AC02 — Ribeirão Morangueiro","entrega":"2026-10-03"},"geometry":{"type":"Point","coordinates":[-51.8945456,-23.4233041]}},
{"type":"Feature","properties":{"id":"B26100313:43075","equipe":"B","num":75,"codigo":"BLO","tipo":"Boca de lobo","utm_E":408606.4318,"utm_N":7409328.231,"h_ortom":573.215,"material":"Concreto","cc_tipo":"Múltipla","profundidade_cm":130,"inacessivel":false,"posicao":"Meio de quadra","tampa":"Concreto","condicao":"Ruim","obstr_sup":"Não","obstr_sup_tipo":"Nenhuma","obstr_fundo":"Parcial","obstr_fundo_tipo":"Resíduo","n_tubos":2,"tubos":"40cm SE; 40cm NW","area_critica":"AC02 — Ribeirão Morangueiro","entrega":"2026-10-03"},"geometry":{"type":"Point","coordinates":[-51.8945947,-23.4233715]}},
{"type":"Feature","properties":{"id":"B26100313:46076","equipe":"B","num":76,"codigo":"ESQUINA","tipo":"Esquina (eixo)","utm_E":408601.9517,"utm_N":7409335.445,"h_ortom":572.978,"material":null,"cc_tipo":null,"profundidade_cm":null,"inacessivel":false,"posicao":null,"tampa":null,"condicao":null,"obstr_sup":null,"obstr_sup_tipo":null,"obstr_fundo":null,"obstr_fundo_tipo":null,"n_tubos":0,"tubos":"","area_critica":"AC02 — Ribeirão Morangueiro","entrega":"2026-10-03"},"geometry":{"type":"Point","coordinates":[-51.8946381,-23.4233061]}},
{"type":"Feature","properties":{"id":"B26100313:47077","equipe":"B","num":77,"codigo":"PTOALT","tipo":"Ponto alto (eixo)","utm_E":408607.9226,"utm_N":7409343.612,"h_ortom":573.168,"material":null,"cc_tipo":null,"profundidade_cm":null,"inacessivel":false,"posicao":null,"tampa":null,"condicao":null,"obstr_sup":null,"obstr_sup_tipo":null,"obstr_fundo":null,"obstr_fundo_tipo":null,"n_tubos":0,"tubos":"","area_critica":"AC02 — Ribeirão Morangueiro","entrega":"2026-10-03"},"geometry":{"type":"Point","coordinates":[-51.8945791,-23.4232327]}},
{"type":"Feature","properties":{"id":"B26100313:47078","equipe":"B","num":78,"codigo":"ESQUINA","tipo":"Esquina (eixo)","utm_E":408636.0759,"utm_N":7409389.746,"h_ortom":573.079,"material":null,"cc_tipo":null,"profundidade_cm":null,"inacessivel":false,"posicao":null,"tampa":null,"condicao":null,"obstr_sup":null,"obstr_sup_tipo":null,"obstr_fundo":null,"obstr_fundo_tipo":null,"n_tubos":0,"tubos":"","area_critica":"AC02 — Ribeirão Morangueiro","entrega":"2026-10-03"},"geometry":{"type":"Point","coordinates":[-51.8943008,-23.4228176]}},
{"type":"Feature","properties":{"id":"B26100313:47079","equipe":"B","num":79,"codigo":"BLO","tipo":"Boca de lobo","utm_E":408642.6731,"utm_N":7409392.977,"h_ortom":572.947,"material":"Concreto","cc_tipo":"Simples","profundidade_cm":85,"inacessivel":false,"posicao":"Esquina","tampa":"Concreto","condicao":"Boa","obstr_sup":"Não","obstr_sup_tipo":"Nenhuma","obstr_fundo":"Parcial","obstr_fundo_tipo":"Resíduo","n_tubos":1,"tubos":"40cm NW","area_critica":"AC02 — Ribeirão Morangueiro","entrega":"2026-10-03"},"geometry":{"type":"Point","coordinates":[-51.894236,-23.4227888]}},
{"type":"Feature","properties":{"id":"B26100313:51080","equipe":"B","num":80,"codigo":"BLO","tipo":"Boca de lobo","utm_E":408737.8498,"utm_N":7409332.506,"h_ortom":577.333,"material":"Concreto","cc_tipo":"Simples","profundidade_cm":null,"inacessivel":true,"posicao":"Meio de quadra","tampa":"Concreto","condicao":"Boa","obstr_sup":"Total","obstr_sup_tipo":"Solo","obstr_fundo":"Total","obstr_fundo_tipo":"Solo","n_tubos":0,"tubos":"","area_critica":"AC02 — Ribeirão Morangueiro","entrega":"2026-10-03"},"geometry":{"type":"Point","coordinates":[-51.8933082,-23.4233403]}},
{"type":"Feature","properties":{"id":"B26100313:54081","equipe":"B","num":81,"codigo":"BLO","tipo":"Boca de lobo","utm_E":408733.4122,"utm_N":7409325.274,"h_ortom":577.412,"material":"Concreto","cc_tipo":"Simples","profundidade_cm":null,"inacessivel":true,"posicao":"Meio de quadra","tampa":"Concreto","condicao":"Boa","obstr_sup":"Total","obstr_sup_tipo":"Solo","obstr_fundo":"Total","obstr_fundo_tipo":"Solo","n_tubos":0,"tubos":"","area_critica":"AC02 — Ribeirão Morangueiro","entrega":"2026-10-03"},"geometry":{"type":"Point","coordinates":[-51.893352,-23.4234053]}},
{"type":"Feature","properties":{"id":"B26100313:57083","equipe":"B","num":83,"codigo":"BLO","tipo":"Boca de lobo","utm_E":408675.1948,"utm_N":7409445.849,"h_ortom":572.549,"material":"Concreto","cc_tipo":"Simples","profundidade_cm":null,"inacessivel":true,"posicao":"Esquina","tampa":"Concreto","condicao":"Boa","obstr_sup":"Total","obstr_sup_tipo":"Solo","obstr_fundo":"Total","obstr_fundo_tipo":"Solo","n_tubos":0,"tubos":"","area_critica":"AC02 — Ribeirão Morangueiro","entrega":"2026-10-03"},"geometry":{"type":"Point","coordinates":[-51.8939145,-23.422313]}},
{"type":"Feature","properties":{"id":"B26100313:58084","equipe":"B","num":84,"codigo":"BLO","tipo":"Boca de lobo","utm_E":408668.0299,"utm_N":7409450.364,"h_ortom":572.455,"material":"Concreto","cc_tipo":"Simples","profundidade_cm":90,"inacessivel":false,"posicao":"Esquina","tampa":"Concreto","condicao":"Boa","obstr_sup":"Não","obstr_sup_tipo":"Nenhuma","obstr_fundo":"Não","obstr_fundo_tipo":"Nenhuma","n_tubos":1,"tubos":"40cm SE","area_critica":"AC02 — Ribeirão Morangueiro","entrega":"2026-10-03"},"geometry":{"type":"Point","coordinates":[-51.8939844,-23.4222719]}},
{"type":"Feature","properties":{"id":"B26100314:14085","equipe":"B","num":85,"codigo":"BLO","tipo":"Boca de lobo","utm_E":408765.5818,"utm_N":7409378.194,"h_ortom":577.422,"material":"Concreto","cc_tipo":"Simples","profundidade_cm":null,"inacessivel":true,"posicao":"Meio de quadra","tampa":"Concreto","condicao":"Boa","obstr_sup":"Total","obstr_sup_tipo":"Solo","obstr_fundo":"Total","obstr_fundo_tipo":"Solo","n_tubos":0,"tubos":"","area_critica":"AC02 — Ribeirão Morangueiro","entrega":"2026-10-03"},"geometry":{"type":"Point","coordinates":[-51.893034,-23.4229292]}},
{"type":"Feature","properties":{"id":"B26100314:20086","equipe":"B","num":86,"codigo":"PTOALT","tipo":"Ponto alto (eixo)","utm_E":408685.8778,"utm_N":7409471.55,"h_ortom":572.708,"material":null,"cc_tipo":null,"profundidade_cm":null,"inacessivel":false,"posicao":null,"tampa":null,"condicao":null,"obstr_sup":null,"obstr_sup_tipo":null,"obstr_fundo":null,"obstr_fundo_tipo":null,"n_tubos":0,"tubos":"","area_critica":"","entrega":"2026-10-03"},"geometry":{"type":"Point","coordinates":[-51.8938084,-23.4220815]}},
{"type":"Feature","properties":{"id":"B26100314:20087","equipe":"B","num":87,"codigo":"PTOBAI","tipo":"Ponto baixo (eixo)","utm_E":408668.3576,"utm_N":7409442.801,"h_ortom":572.635,"material":null,"cc_tipo":null,"profundidade_cm":null,"inacessivel":false,"posicao":null,"tampa":null,"condicao":null,"obstr_sup":null,"obstr_sup_tipo":null,"obstr_fundo":null,"obstr_fundo_tipo":null,"n_tubos":0,"tubos":"","area_critica":"AC02 — Ribeirão Morangueiro","entrega":"2026-10-03","tambem":"B26100313:56082 (ESQUINA)"},"geometry":{"type":"Point","coordinates":[-51.8939816,-23.4223402]}},
{"type":"Feature","properties":{"id":"B26100314:20088","equipe":"B","num":88,"codigo":"ESQUINA","tipo":"Esquina (eixo)","utm_E":408688.4489,"utm_N":7409475.869,"h_ortom":572.806,"material":null,"cc_tipo":null,"profundidade_cm":null,"inacessivel":false,"posicao":null,"tampa":null,"condicao":null,"obstr_sup":null,"obstr_sup_tipo":null,"obstr_fundo":null,"obstr_fundo_tipo":null,"n_tubos":0,"tubos":"","area_critica":"","entrega":"2026-10-03"},"geometry":{"type":"Point","coordinates":[-51.893783,-23.4220426]}},
{"type":"Feature","properties":{"id":"B26100314:21089","equipe":"B","num":89,"codigo":"PTOBAI","tipo":"Ponto baixo (eixo)","utm_E":408668.6628,"utm_N":7409489.608,"h_ortom":571.925,"material":null,"cc_tipo":null,"profundidade_cm":null,"inacessivel":false,"posicao":null,"tampa":null,"condicao":null,"obstr_sup":null,"obstr_sup_tipo":null,"obstr_fundo":null,"obstr_fundo_tipo":null,"n_tubos":0,"tubos":"","area_critica":"","entrega":"2026-10-03"},"geometry":{"type":"Point","coordinates":[-51.8939758,-23.4219175]}},
{"type":"Feature","properties":{"id":"B26100314:21090","equipe":"B","num":90,"codigo":"PTOALT","tipo":"Ponto alto (eixo)","utm_E":408709.3618,"utm_N":7409464.244,"h_ortom":573.755,"material":null,"cc_tipo":null,"profundidade_cm":null,"inacessivel":false,"posicao":null,"tampa":null,"condicao":null,"obstr_sup":null,"obstr_sup_tipo":null,"obstr_fundo":null,"obstr_fundo_tipo":null,"n_tubos":0,"tubos":"","area_critica":"","entrega":"2026-10-03"},"geometry":{"type":"Point","coordinates":[-51.893579,-23.4221488]}},
{"type":"Feature","properties":{"id":"B26100314:22091","equipe":"B","num":91,"codigo":"ESQUINA","tipo":"Esquina (eixo)","utm_E":408721.96,"utm_N":7409484.743,"h_ortom":573.986,"material":null,"cc_tipo":null,"profundidade_cm":null,"inacessivel":false,"posicao":null,"tampa":null,"condicao":null,"obstr_sup":null,"obstr_sup_tipo":null,"obstr_fundo":null,"obstr_fundo_tipo":null,"n_tubos":0,"tubos":"","area_critica":"AC03 — Ribeirão Morangueiro","entrega":"2026-10-03"},"geometry":{"type":"Point","coordinates":[-51.8934544,-23.4219644]}},
{"type":"Feature","properties":{"id":"B26100314:22092","equipe":"B","num":92,"codigo":"PTOBAI","tipo":"Ponto baixo (eixo)","utm_E":408726.3263,"utm_N":7409481.744,"h_ortom":574.227,"material":null,"cc_tipo":null,"profundidade_cm":null,"inacessivel":false,"posicao":null,"tampa":null,"condicao":null,"obstr_sup":null,"obstr_sup_tipo":null,"obstr_fundo":null,"obstr_fundo_tipo":null,"n_tubos":0,"tubos":"","area_critica":"AC03 — Ribeirão Morangueiro","entrega":"2026-10-03"},"geometry":{"type":"Point","coordinates":[-51.8934119,-23.4219917]}},
{"type":"Feature","properties":{"id":"B26100314:23093","equipe":"B","num":93,"codigo":"BLO","tipo":"Boca de lobo","utm_E":408805.2448,"utm_N":7409438.511,"h_ortom":577.38,"material":"Concreto","cc_tipo":"Simples","profundidade_cm":null,"inacessivel":true,"posicao":"Meio de quadra","tampa":"Concreto","condicao":"Boa","obstr_sup":"Total","obstr_sup_tipo":"Solo","obstr_fundo":"Total","obstr_fundo_tipo":"Solo","n_tubos":0,"tubos":"","area_critica":"AC03 — Ribeirão Morangueiro","entrega":"2026-10-03"},"geometry":{"type":"Point","coordinates":[-51.8926421,-23.4223866]}},
{"type":"Feature","properties":{"id":"B26100314:25094","equipe":"B","num":94,"codigo":"BLO","tipo":"Boca de lobo","utm_E":408800.6769,"utm_N":7409431.376,"h_ortom":577.372,"material":"Concreto","cc_tipo":"Simples","profundidade_cm":null,"inacessivel":true,"posicao":"Meio de quadra","tampa":"Concreto","condicao":"Boa","obstr_sup":"Total","obstr_sup_tipo":"Solo","obstr_fundo":"Total","obstr_fundo_tipo":"Solo","n_tubos":0,"tubos":"","area_critica":"AC03 — Ribeirão Morangueiro","entrega":"2026-10-03"},"geometry":{"type":"Point","coordinates":[-51.8926873,-23.4224508]}},
{"type":"Feature","properties":{"id":"B26100314:27095","equipe":"B","num":95,"codigo":"PTOALT","tipo":"Ponto alto (eixo)","utm_E":408732.8879,"utm_N":7409504.279,"h_ortom":573.778,"material":null,"cc_tipo":null,"profundidade_cm":null,"inacessivel":false,"posicao":null,"tampa":null,"condicao":null,"obstr_sup":null,"obstr_sup_tipo":null,"obstr_fundo":null,"obstr_fundo_tipo":null,"n_tubos":0,"tubos":"","area_critica":"AC03 — Ribeirão Morangueiro","entrega":"2026-10-03"},"geometry":{"type":"Point","coordinates":[-51.8933463,-23.4217885]}},
{"type":"Feature","properties":{"id":"B26100314:28096","equipe":"B","num":96,"codigo":"ESQUINA","tipo":"Esquina (eixo)","utm_E":408713.7544,"utm_N":7409517.71,"h_ortom":572.886,"material":null,"cc_tipo":null,"profundidade_cm":null,"inacessivel":false,"posicao":null,"tampa":null,"condicao":null,"obstr_sup":null,"obstr_sup_tipo":null,"obstr_fundo":null,"obstr_fundo_tipo":null,"n_tubos":0,"tubos":"","area_critica":"AC03 — Ribeirão Morangueiro","entrega":"2026-10-03"},"geometry":{"type":"Point","coordinates":[-51.8935328,-23.4216662]}},
{"type":"Feature","properties":{"id":"B26100314:28097","equipe":"B","num":97,"codigo":"PTOBAI","tipo":"Ponto baixo (eixo)","utm_E":408693.6251,"utm_N":7409529.1,"h_ortom":571.856,"material":null,"cc_tipo":null,"profundidade_cm":null,"inacessivel":false,"posicao":null,"tampa":null,"condicao":null,"obstr_sup":null,"obstr_sup_tipo":null,"obstr_fundo":null,"obstr_fundo_tipo":null,"n_tubos":0,"tubos":"","area_critica":"AC03 — Ribeirão Morangueiro","entrega":"2026-10-03"},"geometry":{"type":"Point","coordinates":[-51.8937291,-23.4215622]}},
{"type":"Feature","properties":{"id":"B26100314:33098","equipe":"B","num":98,"codigo":"BLO","tipo":"Boca de lobo","utm_E":408673.3586,"utm_N":7409506.388,"h_ortom":571.4,"material":"Concreto","cc_tipo":"Simples","profundidade_cm":120,"inacessivel":false,"posicao":"Esquina","tampa":"Concreto","condicao":"Boa","obstr_sup":"Não","obstr_sup_tipo":"Nenhuma","obstr_fundo":"Parcial","obstr_fundo_tipo":"Resíduo","n_tubos":1,"tubos":"40cm SE","area_critica":"AC03 — Ribeirão Morangueiro","entrega":"2026-10-03"},"geometry":{"type":"Point","coordinates":[-51.8939288,-23.4217662]}},
{"type":"Feature","properties":{"id":"B26100314:35099","equipe":"B","num":99,"codigo":"BLO","tipo":"Boca de lobo","utm_E":408682.3456,"utm_N":7409505.077,"h_ortom":571.719,"material":"Concreto","cc_tipo":"Simples","profundidade_cm":153,"inacessivel":false,"posicao":"Meio de quadra","tampa":"Concreto","condicao":"Boa","obstr_sup":"Não","obstr_sup_tipo":"Nenhuma","obstr_fundo":"Não","obstr_fundo_tipo":"Nenhuma","n_tubos":1,"tubos":"60cm NW","area_critica":"AC03 — Ribeirão Morangueiro","entrega":"2026-10-03"},"geometry":{"type":"Point","coordinates":[-51.8938409,-23.4217785]}},
{"type":"Feature","properties":{"id":"B26100314:38100","equipe":"B","num":100,"codigo":"ESQUINA","tipo":"Esquina (eixo)","utm_E":408680.2282,"utm_N":7409509.849,"h_ortom":571.624,"material":null,"cc_tipo":null,"profundidade_cm":null,"inacessivel":false,"posicao":null,"tampa":null,"condicao":null,"obstr_sup":null,"obstr_sup_tipo":null,"obstr_fundo":null,"obstr_fundo_tipo":null,"n_tubos":0,"tubos":"","area_critica":"AC03 — Ribeirão Morangueiro","entrega":"2026-10-03"},"geometry":{"type":"Point","coordinates":[-51.8938614,-23.4217353]}},
{"type":"Feature","properties":{"id":"B26100314:38101","equipe":"B","num":101,"codigo":"PTOALT","tipo":"Ponto alto (eixo)","utm_E":408677.2532,"utm_N":7409511.561,"h_ortom":571.473,"material":null,"cc_tipo":null,"profundidade_cm":null,"inacessivel":false,"posicao":null,"tampa":null,"condicao":null,"obstr_sup":null,"obstr_sup_tipo":null,"obstr_fundo":null,"obstr_fundo_tipo":null,"n_tubos":0,"tubos":"","area_critica":"AC03 — Ribeirão Morangueiro","entrega":"2026-10-03"},"geometry":{"type":"Point","coordinates":[-51.8938904,-23.4217197]}},
{"type":"Feature","properties":{"id":"B26100314:39102","equipe":"B","num":102,"codigo":"BLE","tipo":"Boca de leão","utm_E":408601.1117,"utm_N":7409553.19,"h_ortom":567.559,"material":"Concreto","cc_tipo":"Simples","profundidade_cm":null,"inacessivel":true,"posicao":"Meio de quadra","tampa":"Concreto","condicao":"Boa","obstr_sup":"Não","obstr_sup_tipo":"Nenhuma","obstr_fundo":"Não","obstr_fundo_tipo":"Nenhuma","n_tubos":0,"tubos":"","area_critica":"AC03 — Ribeirão Morangueiro","entrega":"2026-10-03"},"geometry":{"type":"Point","coordinates":[-51.8946331,-23.4213394]}},
{"type":"Feature","properties":{"id":"B26100314:42103","equipe":"B","num":103,"codigo":"BLE","tipo":"Boca de leão","utm_E":408605.389,"utm_N":7409560.434,"h_ortom":567.411,"material":"Concreto","cc_tipo":"Simples","profundidade_cm":null,"inacessivel":true,"posicao":"Meio de quadra","tampa":"Concreto","condicao":"Boa","obstr_sup":"Total","obstr_sup_tipo":"Solo","obstr_fundo":"Total","obstr_fundo_tipo":"Solo","n_tubos":0,"tubos":"","area_critica":"AC03 — Ribeirão Morangueiro","entrega":"2026-10-03"},"geometry":{"type":"Point","coordinates":[-51.8945908,-23.4212742]}},
{"type":"Feature","properties":{"id":"B26100314:44104","equipe":"B","num":104,"codigo":"PTOBAI","tipo":"Ponto baixo (eixo)","utm_E":408551.1089,"utm_N":7409589.139,"h_ortom":564.844,"material":null,"cc_tipo":null,"profundidade_cm":null,"inacessivel":false,"posicao":null,"tampa":null,"condicao":null,"obstr_sup":null,"obstr_sup_tipo":null,"obstr_fundo":null,"obstr_fundo_tipo":null,"n_tubos":0,"tubos":"","area_critica":"AC03 — Ribeirão Morangueiro","entrega":"2026-10-03"},"geometry":{"type":"Point","coordinates":[-51.8951203,-23.4210119]}},
{"type":"Feature","properties":{"id":"B26100314:45105","equipe":"B","num":105,"codigo":"PTOBAI","tipo":"Ponto baixo (eixo)","utm_E":408629.5336,"utm_N":7409613.515,"h_ortom":567.441,"material":null,"cc_tipo":null,"profundidade_cm":null,"inacessivel":false,"posicao":null,"tampa":null,"condicao":null,"obstr_sup":null,"obstr_sup_tipo":null,"obstr_fundo":null,"obstr_fundo_tipo":null,"n_tubos":0,"tubos":"","area_critica":"AC03 — Ribeirão Morangueiro","entrega":"2026-10-03"},"geometry":{"type":"Point","coordinates":[-51.8943512,-23.4207961]}},
{"type":"Feature","properties":{"id":"B26100314:47106","equipe":"B","num":106,"codigo":"ESQUINA","tipo":"Esquina (eixo)","utm_E":408734.1781,"utm_N":7409549.828,"h_ortom":572.995,"material":null,"cc_tipo":null,"profundidade_cm":null,"inacessivel":false,"posicao":null,"tampa":null,"condicao":null,"obstr_sup":null,"obstr_sup_tipo":null,"obstr_fundo":null,"obstr_fundo_tipo":null,"n_tubos":0,"tubos":"","area_critica":"AC03 — Ribeirão Morangueiro","entrega":"2026-10-03"},"geometry":{"type":"Point","coordinates":[-51.8933309,-23.4213772]}},
{"type":"Feature","properties":{"id":"B26100314:49107","equipe":"B","num":107,"codigo":"BLO","tipo":"Boca de lobo","utm_E":408636.8499,"utm_N":7409625.318,"h_ortom":567.456,"material":"Concreto","cc_tipo":"Múltipla","profundidade_cm":185,"inacessivel":false,"posicao":"Esquina","tampa":"Concreto","condicao":"Boa","obstr_sup":"Não","obstr_sup_tipo":"Nenhuma","obstr_fundo":"Não","obstr_fundo_tipo":"Nenhuma","n_tubos":4,"tubos":"60cm WW; 60cm EE; 40cm SS; 40cm NN","area_critica":"AC03 — Ribeirão Morangueiro","entrega":"2026-10-03"},"geometry":{"type":"Point","coordinates":[-51.8942789,-23.42069]}},
{"type":"Feature","properties":{"id":"B26100315:02108","equipe":"B","num":108,"codigo":"ESQUINA","tipo":"Esquina (eixo)","utm_E":408623.1193,"utm_N":7409617.876,"h_ortom":567.048,"material":null,"cc_tipo":null,"profundidade_cm":null,"inacessivel":false,"posicao":null,"tampa":null,"condicao":null,"obstr_sup":null,"obstr_sup_tipo":null,"obstr_fundo":null,"obstr_fundo_tipo":null,"n_tubos":0,"tubos":"","area_critica":"AC03 — Ribeirão Morangueiro","entrega":"2026-10-03"},"geometry":{"type":"Point","coordinates":[-51.8944138,-23.4207564]}},
{"type":"Feature","properties":{"id":"B26100315:03109","equipe":"B","num":109,"codigo":"BLO","tipo":"Boca de lobo","utm_E":408551.7037,"utm_N":7409601.435,"h_ortom":564.524,"material":"Concreto","cc_tipo":"Múltipla","profundidade_cm":165,"inacessivel":false,"posicao":"Esquina","tampa":"Concreto","condicao":"Boa","obstr_sup":"Não","obstr_sup_tipo":"Nenhuma","obstr_fundo":"Não","obstr_fundo_tipo":"Nenhuma","n_tubos":2,"tubos":"60cm WW; 60cm EE","area_critica":"AC03 — Ribeirão Morangueiro","entrega":"2026-10-03"},"geometry":{"type":"Point","coordinates":[-51.8951137,-23.4209009]}},
{"type":"Feature","properties":{"id":"B26100315:06110","equipe":"B","num":110,"codigo":"ESQUINA","tipo":"Esquina (eixo)","utm_E":408543.7587,"utm_N":7409593.14,"h_ortom":564.447,"material":null,"cc_tipo":null,"profundidade_cm":null,"inacessivel":false,"posicao":null,"tampa":null,"condicao":null,"obstr_sup":null,"obstr_sup_tipo":null,"obstr_fundo":null,"obstr_fundo_tipo":null,"n_tubos":0,"tubos":"","area_critica":"AC03 — Ribeirão Morangueiro","entrega":"2026-10-03"},"geometry":{"type":"Point","coordinates":[-51.895192,-23.4209754]}},
{"type":"Feature","properties":{"id":"B26100315:06112","equipe":"B","num":112,"codigo":"PTOALT","tipo":"Ponto alto (eixo)","utm_E":408532.7755,"utm_N":7409602.267,"h_ortom":563.806,"material":null,"cc_tipo":null,"profundidade_cm":null,"inacessivel":false,"posicao":null,"tampa":null,"condicao":null,"obstr_sup":null,"obstr_sup_tipo":null,"obstr_fundo":null,"obstr_fundo_tipo":null,"n_tubos":0,"tubos":"","area_critica":"AC03 — Ribeirão Morangueiro","entrega":"2026-10-03","tambem":"B26100315:06111 (ESQUINA)"},"geometry":{"type":"Point","coordinates":[-51.8952989,-23.4208923]}},
{"type":"Feature","properties":{"id":"B26100315:06113","equipe":"B","num":113,"codigo":"PTOBAI","tipo":"Ponto baixo (eixo)","utm_E":408549.0671,"utm_N":7409603.825,"h_ortom":564.417,"material":null,"cc_tipo":null,"profundidade_cm":null,"inacessivel":false,"posicao":null,"tampa":null,"condicao":null,"obstr_sup":null,"obstr_sup_tipo":null,"obstr_fundo":null,"obstr_fundo_tipo":null,"n_tubos":0,"tubos":"","area_critica":"AC03 — Ribeirão Morangueiro","entrega":"2026-10-03"},"geometry":{"type":"Point","coordinates":[-51.8951394,-23.4208792]}},
{"type":"Feature","properties":{"id":"B26100315:06114","equipe":"B","num":114,"codigo":"PTOBAI","tipo":"Ponto baixo (eixo)","utm_E":408553.0014,"utm_N":7409597.198,"h_ortom":564.61,"material":null,"cc_tipo":null,"profundidade_cm":null,"inacessivel":false,"posicao":null,"tampa":null,"condicao":null,"obstr_sup":null,"obstr_sup_tipo":null,"obstr_fundo":null,"obstr_fundo_tipo":null,"n_tubos":0,"tubos":"","area_critica":"AC03 — Ribeirão Morangueiro","entrega":"2026-10-03"},"geometry":{"type":"Point","coordinates":[-51.8951013,-23.4209392]}},
{"type":"Feature","properties":{"id":"B26100315:06115","equipe":"B","num":115,"codigo":"BLO","tipo":"Boca de lobo","utm_E":408559.7991,"utm_N":7409594.434,"h_ortom":564.783,"material":"Concreto","cc_tipo":"Simples","profundidade_cm":100,"inacessivel":false,"posicao":"Esquina","tampa":"Concreto","condicao":"Boa","obstr_sup":"Não","obstr_sup_tipo":"Nenhuma","obstr_fundo":"Não","obstr_fundo_tipo":"Nenhuma","n_tubos":1,"tubos":"40cm NN","area_critica":"AC03 — Ribeirão Morangueiro","entrega":"2026-10-03"},"geometry":{"type":"Point","coordinates":[-51.8950349,-23.4209646]}},
{"type":"Feature","properties":{"id":"B26100315:09116","equipe":"B","num":116,"codigo":"BLO","tipo":"Boca de lobo","utm_E":408546.7396,"utm_N":7409586.448,"h_ortom":564.592,"material":"Concreto","cc_tipo":"Simples","profundidade_cm":90,"inacessivel":false,"posicao":"Esquina","tampa":"Concreto","condicao":"Boa","obstr_sup":"Não","obstr_sup_tipo":"Nenhuma","obstr_fundo":"Não","obstr_fundo_tipo":"Nenhuma","n_tubos":2,"tubos":"40cm NE; 8cm SW","area_critica":"AC03 — Ribeirão Morangueiro","entrega":"2026-10-03"},"geometry":{"type":"Point","coordinates":[-51.8951632,-23.421036]}},
{"type":"Feature","properties":{"id":"B26100315:12117","equipe":"B","num":117,"codigo":"BLO","tipo":"Boca de lobo","utm_E":408541.2426,"utm_N":7409585.726,"h_ortom":564.386,"material":"Alvenaria tijolo","cc_tipo":"Simples","profundidade_cm":95,"inacessivel":false,"posicao":"Esquina","tampa":"Concreto","condicao":"Ruim","obstr_sup":"Não","obstr_sup_tipo":"Nenhuma","obstr_fundo":"Não","obstr_fundo_tipo":"Nenhuma","n_tubos":1,"tubos":"40cm NW","area_critica":"AC03 — Ribeirão Morangueiro","entrega":"2026-10-03"},"geometry":{"type":"Point","coordinates":[-51.8952171,-23.4210422]}},
{"type":"Feature","properties":{"id":"B26100315:27118","equipe":"B","num":118,"codigo":"BLO","tipo":"Boca de lobo","utm_E":408512.1763,"utm_N":7409532.911,"h_ortom":564.649,"material":"Concreto","cc_tipo":"Simples","profundidade_cm":100,"inacessivel":false,"posicao":"Esquina","tampa":"Concreto","condicao":"Boa","obstr_sup":"Não","obstr_sup_tipo":"Nenhuma","obstr_fundo":"Não","obstr_fundo_tipo":"Nenhuma","n_tubos":2,"tubos":"40cm NE; 40cm NW","area_critica":"AC03 — Ribeirão Morangueiro","entrega":"2026-10-03"},"geometry":{"type":"Point","coordinates":[-51.8955047,-23.4215176]}},
{"type":"Feature","properties":{"id":"B26100315:31119","equipe":"B","num":119,"codigo":"BLO","tipo":"Boca de lobo","utm_E":408480.4972,"utm_N":7409479.454,"h_ortom":565.169,"material":"Concreto","cc_tipo":"Simples","profundidade_cm":90,"inacessivel":false,"posicao":"Esquina","tampa":"Concreto","condicao":"Boa","obstr_sup":"Não","obstr_sup_tipo":"Nenhuma","obstr_fundo":"Não","obstr_fundo_tipo":"Nenhuma","n_tubos":2,"tubos":"40cm NE; 40cm NW","area_critica":"AC03 — Ribeirão Morangueiro","entrega":"2026-10-03"},"geometry":{"type":"Point","coordinates":[-51.8958181,-23.4219986]}},
{"type":"Feature","properties":{"id":"B26100315:34120","equipe":"B","num":120,"codigo":"ESQUINA","tipo":"Esquina (eixo)","utm_E":408476.4956,"utm_N":7409486.894,"h_ortom":564.98,"material":null,"cc_tipo":null,"profundidade_cm":null,"inacessivel":false,"posicao":null,"tampa":null,"condicao":null,"obstr_sup":null,"obstr_sup_tipo":null,"obstr_fundo":null,"obstr_fundo_tipo":null,"n_tubos":0,"tubos":"","area_critica":"AC03 — Ribeirão Morangueiro","entrega":"2026-10-03"},"geometry":{"type":"Point","coordinates":[-51.8958568,-23.4219312]}},
{"type":"Feature","properties":{"id":"B26100315:35121","equipe":"B","num":121,"codigo":"PTOBAI","tipo":"Ponto baixo (eixo)","utm_E":408505.9789,"utm_N":7409535.855,"h_ortom":564.608,"material":null,"cc_tipo":null,"profundidade_cm":null,"inacessivel":false,"posicao":null,"tampa":null,"condicao":null,"obstr_sup":null,"obstr_sup_tipo":null,"obstr_fundo":null,"obstr_fundo_tipo":null,"n_tubos":0,"tubos":"","area_critica":"AC03 — Ribeirão Morangueiro","entrega":"2026-10-03"},"geometry":{"type":"Point","coordinates":[-51.8955652,-23.4214906]}},
{"type":"Feature","properties":{"id":"B26100315:35122","equipe":"B","num":122,"codigo":"ESQUINA","tipo":"Esquina (eixo)","utm_E":408508.2757,"utm_N":7409541.317,"h_ortom":564.657,"material":null,"cc_tipo":null,"profundidade_cm":null,"inacessivel":false,"posicao":null,"tampa":null,"condicao":null,"obstr_sup":null,"obstr_sup_tipo":null,"obstr_fundo":null,"obstr_fundo_tipo":null,"n_tubos":0,"tubos":"","area_critica":"AC03 — Ribeirão Morangueiro","entrega":"2026-10-03"},"geometry":{"type":"Point","coordinates":[-51.8955424,-23.4214414]}},
{"type":"Feature","properties":{"id":"B26100315:39123","equipe":"B","num":123,"codigo":"BLO","tipo":"Boca de lobo","utm_E":408559.3638,"utm_N":7409441.243,"h_ortom":568.793,"material":"Concreto","cc_tipo":"Simples","profundidade_cm":80,"inacessivel":false,"posicao":"Esquina","tampa":"Concreto","condicao":"Boa","obstr_sup":"Não","obstr_sup_tipo":"Nenhuma","obstr_fundo":"Não","obstr_fundo_tipo":"Nenhuma","n_tubos":1,"tubos":"40cm SW","area_critica":"AC03 — Ribeirão Morangueiro","entrega":"2026-10-03"},"geometry":{"type":"Point","coordinates":[-51.8950485,-23.4223482]}},
{"type":"Feature","properties":{"id":"B26100315:41124","equipe":"B","num":124,"codigo":"BLO","tipo":"Boca de lobo","utm_E":408554.8406,"utm_N":7409433.965,"h_ortom":568.843,"material":"Concreto","cc_tipo":"Simples","profundidade_cm":80,"inacessivel":false,"posicao":"Esquina","tampa":"Concreto","condicao":"Boa","obstr_sup":"Não","obstr_sup_tipo":"Nenhuma","obstr_fundo":"Não","obstr_fundo_tipo":"Nenhuma","n_tubos":1,"tubos":"40cm NE","area_critica":"AC03 — Ribeirão Morangueiro","entrega":"2026-10-03"},"geometry":{"type":"Point","coordinates":[-51.8950932,-23.4224136]}},
{"type":"Feature","properties":{"id":"B26100315:44125","equipe":"B","num":125,"codigo":"PTOALT","tipo":"Ponto alto (eixo)","utm_E":408569.336,"utm_N":7409429.805,"h_ortom":569.525,"material":null,"cc_tipo":null,"profundidade_cm":null,"inacessivel":false,"posicao":null,"tampa":null,"condicao":null,"obstr_sup":null,"obstr_sup_tipo":null,"obstr_fundo":null,"obstr_fundo_tipo":null,"n_tubos":0,"tubos":"","area_critica":"","entrega":"2026-10-03"},"geometry":{"type":"Point","coordinates":[-51.8949516,-23.422452]}},
{"type":"Feature","properties":{"id":"B26100315:51126","equipe":"B","num":126,"codigo":"BLO","tipo":"Boca de lobo","utm_E":408587.5293,"utm_N":7409486.865,"h_ortom":568.562,"material":"Concreto","cc_tipo":"Simples","profundidade_cm":110,"inacessivel":false,"posicao":"Meio de quadra","tampa":"Concreto","condicao":"Boa","obstr_sup":"Não","obstr_sup_tipo":"Nenhuma","obstr_fundo":"Não","obstr_fundo_tipo":"Nenhuma","n_tubos":1,"tubos":"40cm NE","area_critica":"","entrega":"2026-10-03"},"geometry":{"type":"Point","coordinates":[-51.89477,-23.4219377]}},
{"type":"Feature","properties":{"id":"B26100316:03127","equipe":"B","num":127,"codigo":"PTOBAI","tipo":"Ponto baixo (eixo)","utm_E":408571.5144,"utm_N":7409337.806,"h_ortom":571.937,"material":null,"cc_tipo":null,"profundidade_cm":null,"inacessivel":false,"posicao":null,"tampa":null,"condicao":null,"obstr_sup":null,"obstr_sup_tipo":null,"obstr_fundo":null,"obstr_fundo_tipo":null,"n_tubos":0,"tubos":"","area_critica":"AC02 — Ribeirão Morangueiro","entrega":"2026-10-03"},"geometry":{"type":"Point","coordinates":[-51.8949358,-23.4232831]}},
{"type":"Feature","properties":{"id":"B26100316:04128","equipe":"B","num":128,"codigo":"ESQUINA","tipo":"Esquina (eixo)","utm_E":408576.2388,"utm_N":7409342.515,"h_ortom":571.99,"material":null,"cc_tipo":null,"profundidade_cm":null,"inacessivel":false,"posicao":null,"tampa":null,"condicao":null,"obstr_sup":null,"obstr_sup_tipo":null,"obstr_fundo":null,"obstr_fundo_tipo":null,"n_tubos":0,"tubos":"","area_critica":"AC02 — Ribeirão Morangueiro","entrega":"2026-10-03"},"geometry":{"type":"Point","coordinates":[-51.8948893,-23.4232408]}},
{"type":"Feature","properties":{"id":"B26100316:04129","equipe":"B","num":129,"codigo":"BLO","tipo":"Boca de lobo","utm_E":408573.456,"utm_N":7409332.608,"h_ortom":571.95,"material":"Concreto","cc_tipo":"Simples","profundidade_cm":120,"inacessivel":false,"posicao":"Esquina","tampa":"Concreto","condicao":"Boa","obstr_sup":"Não","obstr_sup_tipo":"Nenhuma","obstr_fundo":"Não","obstr_fundo_tipo":"Nenhuma","n_tubos":1,"tubos":"40cm NW","area_critica":"AC02 — Ribeirão Morangueiro","entrega":"2026-10-03"},"geometry":{"type":"Point","coordinates":[-51.8949172,-23.4233301]}},
{"type":"Feature","properties":{"id":"B26100316:08130","equipe":"B","num":130,"codigo":"BLO","tipo":"Boca de lobo","utm_E":408532.5601,"utm_N":7409268.067,"h_ortom":572.264,"material":"Concreto","cc_tipo":"Simples","profundidade_cm":null,"inacessivel":true,"posicao":"Meio de quadra","tampa":"Concreto","condicao":"Boa","obstr_sup":"Total","obstr_sup_tipo":"Solo","obstr_fundo":"Total","obstr_fundo_tipo":"Solo","n_tubos":0,"tubos":"","area_critica":"AC02 — Ribeirão Morangueiro","entrega":"2026-10-03"},"geometry":{"type":"Point","coordinates":[-51.8953213,-23.4239108]}},
{"type":"Feature","properties":{"id":"B26100316:12131","equipe":"B","num":131,"codigo":"BLE","tipo":"Boca de leão","utm_E":408494.9252,"utm_N":7409209.396,"h_ortom":572.057,"material":"Concreto","cc_tipo":"Simples","profundidade_cm":120,"inacessivel":false,"posicao":"Meio de quadra","tampa":"Ferro","condicao":"Boa","obstr_sup":"Total","obstr_sup_tipo":"Solo","obstr_fundo":"Não","obstr_fundo_tipo":"Nenhuma","n_tubos":0,"tubos":"","area_critica":"AC02 — Ribeirão Morangueiro","entrega":"2026-10-03"},"geometry":{"type":"Point","coordinates":[-51.8956933,-23.4244385]}},
{"type":"Feature","properties":{"id":"B26100316:14132","equipe":"B","num":132,"codigo":"BLO","tipo":"Boca de lobo","utm_E":408487.9913,"utm_N":7409213.543,"h_ortom":572.217,"material":"Concreto","cc_tipo":"Simples","profundidade_cm":165,"inacessivel":false,"posicao":"Meio de quadra","tampa":"Concreto","condicao":"Boa","obstr_sup":"Parcial","obstr_sup_tipo":"Folhagem","obstr_fundo":"Parcial","obstr_fundo_tipo":"Entulho","n_tubos":1,"tubos":"40cm SE","area_critica":"AC02 — Ribeirão Morangueiro","entrega":"2026-10-03"},"geometry":{"type":"Point","coordinates":[-51.8957609,-23.4244007]}},
{"type":"Feature","properties":{"id":"B26100316:21133","equipe":"B","num":133,"codigo":"BLO","tipo":"Boca de lobo","utm_E":408450.6398,"utm_N":7409154.863,"h_ortom":571.767,"material":"Concreto","cc_tipo":"Simples","profundidade_cm":130,"inacessivel":false,"posicao":"Meio de quadra","tampa":"Concreto","condicao":"Boa","obstr_sup":"Não","obstr_sup_tipo":"Nenhuma","obstr_fundo":"Não","obstr_fundo_tipo":"Nenhuma","n_tubos":5,"tubos":"40cm NW; 15cm SE; 15cm SE; 15cm SE; 15cm SE","area_critica":"AC02 — Ribeirão Morangueiro","entrega":"2026-10-03"},"geometry":{"type":"Point","coordinates":[-51.89613,-23.4249286]}},
{"type":"Feature","properties":{"id":"B26100316:24134","equipe":"B","num":134,"codigo":"BLO","tipo":"Boca de lobo","utm_E":408457.8574,"utm_N":7409150.483,"h_ortom":571.895,"material":null,"cc_tipo":null,"profundidade_cm":null,"inacessivel":false,"posicao":null,"tampa":null,"condicao":null,"obstr_sup":null,"obstr_sup_tipo":null,"obstr_fundo":null,"obstr_fundo_tipo":null,"n_tubos":0,"tubos":"","area_critica":"AC02 — Ribeirão Morangueiro","entrega":"2026-10-03"},"geometry":{"type":"Point","coordinates":[-51.8960597,-23.4249686]}},
{"type":"Feature","properties":{"id":"B26100316:33135","equipe":"B","num":135,"codigo":"BLO","tipo":"Boca de lobo","utm_E":408415.237,"utm_N":7409099.07,"h_ortom":571.363,"material":"Concreto","cc_tipo":"Simples","profundidade_cm":null,"inacessivel":true,"posicao":"Meio de quadra","tampa":"Concreto","condicao":"Boa","obstr_sup":"Não","obstr_sup_tipo":"Nenhuma","obstr_fundo":"Total","obstr_fundo_tipo":"Solo","n_tubos":0,"tubos":"","area_critica":"AC02 — Ribeirão Morangueiro","entrega":"2026-10-03"},"geometry":{"type":"Point","coordinates":[-51.8964799,-23.4254305]}},
{"type":"Feature","properties":{"id":"B26100316:35136","equipe":"B","num":136,"codigo":"BLO","tipo":"Boca de lobo","utm_E":408375.4397,"utm_N":7409036.359,"h_ortom":570.421,"material":"Concreto","cc_tipo":"Simples","profundidade_cm":150,"inacessivel":false,"posicao":"Esquina","tampa":"Concreto","condicao":"Boa","obstr_sup":"Não","obstr_sup_tipo":"Nenhuma","obstr_fundo":"Parcial","obstr_fundo_tipo":"Efluentes","n_tubos":1,"tubos":"40cm SE","area_critica":"AC02 — Ribeirão Morangueiro","entrega":"2026-10-03"},"geometry":{"type":"Point","coordinates":[-51.8968733,-23.4259947]}},
{"type":"Feature","properties":{"id":"B26100316:40137","equipe":"B","num":137,"codigo":"PTOBAI","tipo":"Ponto baixo (eixo)","utm_E":408376.662,"utm_N":7409029.846,"h_ortom":570.518,"material":null,"cc_tipo":null,"profundidade_cm":null,"inacessivel":false,"posicao":null,"tampa":null,"condicao":null,"obstr_sup":null,"obstr_sup_tipo":null,"obstr_fundo":null,"obstr_fundo_tipo":null,"n_tubos":0,"tubos":"","area_critica":"AC02 — Ribeirão Morangueiro","entrega":"2026-10-03"},"geometry":{"type":"Point","coordinates":[-51.8968617,-23.4260536]}},
{"type":"Feature","properties":{"id":"B26100316:40138","equipe":"B","num":138,"codigo":"ESQUINA","tipo":"Esquina (eixo)","utm_E":408372.533,"utm_N":7409026.795,"h_ortom":570.523,"material":null,"cc_tipo":null,"profundidade_cm":null,"inacessivel":false,"posicao":null,"tampa":null,"condicao":null,"obstr_sup":null,"obstr_sup_tipo":null,"obstr_fundo":null,"obstr_fundo_tipo":null,"n_tubos":0,"tubos":"","area_critica":"AC02 — Ribeirão Morangueiro","entrega":"2026-10-03"},"geometry":{"type":"Point","coordinates":[-51.8969023,-23.4260809]}}
]}
